filename,Caption,filename_neg,Caption_neg
/home/woojye2020/decs_jupyter_lab/MedCLIP-SAMv2/UDIAT/Benign/000001.png,"A medical breast mammogram showing a well-defined, round mass suggestive of a benign breast tumor.",/home/woojye2020/decs_jupyter_lab/MedCLIP-SAMv2/UDIAT/Benign/000001.png,A medical breast mammogram showing normal breast tissue with no evidence of tumor.
/home/woojye2020/decs_jupyter_lab/MedCLIP-SAMv2/generated_neg_output/udiat_clip_image2prompt_closedform/000001.png,A medical breast mammogram showing normal breast tissue with no evidence of tumor.,/home/woojye2020/decs_jupyter_lab/MedCLIP-SAMv2/generated_neg_output/udiat_clip_image2prompt_closedform/000001.png,"A medical breast mammogram showing a well-defined, round mass suggestive of a benign breast tumor."
/home/woojye2020/decs_jupyter_lab/MedCLIP-SAMv2/UDIAT/Benign/000001.png,"A medical breast mammogram showing a smooth, well-circumscribed mass suggestive of a benign breast tumor.",/home/woojye2020/decs_jupyter_lab/MedCLIP-SAMv2/UDIAT/Benign/000001.png,"A mammogram with no suspicious masses or malignant findings, indicating a normal scan."
/home/woojye2020/decs_jupyter_lab/MedCLIP-SAMv2/generated_neg_output/udiat_clip_image2prompt_closedform/000001.png,"A mammogram with no suspicious masses or malignant findings, indicating a normal scan.",/home/woojye2020/decs_jupyter_lab/MedCLIP-SAMv2/generated_neg_output/udiat_clip_image2prompt_closedform/000001.png,"A medical breast mammogram showing a smooth, well-circumscribed mass suggestive of a benign breast tumor."
/home/woojye2020/decs_jupyter_lab/MedCLIP-SAMv2/UDIAT/Benign/000001.png,"A mammogram displaying a round, homogeneous mass indicative of a benign breast tumor.",/home/woojye2020/decs_jupyter_lab/MedCLIP-SAMv2/UDIAT/Benign/000001.png,A breast imaging study revealing no signs of benign or malignant tumors.
/home/woojye2020/decs_jupyter_lab/MedCLIP-SAMv2/generated_neg_output/udiat_clip_image2prompt_closedform/000001.png,A breast imaging study revealing no signs of benign or malignant tumors.,/home/woojye2020/decs_jupyter_lab/MedCLIP-SAMv2/generated_neg_output/udiat_clip_image2prompt_closedform/000001.png,"A mammogram displaying a round, homogeneous mass indicative of a benign breast tumor."
/home/woojye2020/decs_jupyter_lab/MedCLIP-SAMv2/UDIAT/Benign/000001.png,"A breast imaging study revealing a well-defined, encapsulated mass likely representing a benign breast tumor.",/home/woojye2020/decs_jupyter_lab/MedCLIP-SAMv2/UDIAT/Benign/000001.png,A mammogram showing symmetrical breast tissue with no focal masses or clinical findings.
/home/woojye2020/decs_jupyter_lab/MedCLIP-SAMv2/generated_neg_output/udiat_clip_image2prompt_closedform/000001.png,A mammogram showing symmetrical breast tissue with no focal masses or clinical findings.,/home/woojye2020/decs_jupyter_lab/MedCLIP-SAMv2/generated_neg_output/udiat_clip_image2prompt_closedform/000001.png,"A breast imaging study revealing a well-defined, encapsulated mass likely representing a benign breast tumor."
/home/woojye2020/decs_jupyter_lab/MedCLIP-SAMv2/UDIAT/Benign/000001.png,"A mammogram showing a sharply marginated, round mass suggestive of a benign breast tumor.",/home/woojye2020/decs_jupyter_lab/MedCLIP-SAMv2/UDIAT/Benign/000001.png,A diagnostic mammogram displaying normal glandular tissue without any detectable lesions.
/home/woojye2020/decs_jupyter_lab/MedCLIP-SAMv2/generated_neg_output/udiat_clip_image2prompt_closedform/000001.png,A diagnostic mammogram displaying normal glandular tissue without any detectable lesions.,/home/woojye2020/decs_jupyter_lab/MedCLIP-SAMv2/generated_neg_output/udiat_clip_image2prompt_closedform/000001.png,"A mammogram showing a sharply marginated, round mass suggestive of a benign breast tumor."
/home/woojye2020/decs_jupyter_lab/MedCLIP-SAMv2/UDIAT/Benign/000002.png,"A medical breast mammogram showing a well-defined, round mass suggestive of a benign breast tumor.",/home/woojye2020/decs_jupyter_lab/MedCLIP-SAMv2/UDIAT/Benign/000002.png,A medical breast mammogram showing normal breast tissue with no evidence of tumor.
/home/woojye2020/decs_jupyter_lab/MedCLIP-SAMv2/generated_neg_output/udiat_clip_image2prompt_closedform/000002.png,A medical breast mammogram showing normal breast tissue with no evidence of tumor.,/home/woojye2020/decs_jupyter_lab/MedCLIP-SAMv2/generated_neg_output/udiat_clip_image2prompt_closedform/000002.png,"A medical breast mammogram showing a well-defined, round mass suggestive of a benign breast tumor."
/home/woojye2020/decs_jupyter_lab/MedCLIP-SAMv2/UDIAT/Benign/000002.png,"A medical breast mammogram showing a smooth, well-circumscribed mass suggestive of a benign breast tumor.",/home/woojye2020/decs_jupyter_lab/MedCLIP-SAMv2/UDIAT/Benign/000002.png,"A mammogram with no suspicious masses or malignant findings, indicating a normal scan."
/home/woojye2020/decs_jupyter_lab/MedCLIP-SAMv2/generated_neg_output/udiat_clip_image2prompt_closedform/000002.png,"A mammogram with no suspicious masses or malignant findings, indicating a normal scan.",/home/woojye2020/decs_jupyter_lab/MedCLIP-SAMv2/generated_neg_output/udiat_clip_image2prompt_closedform/000002.png,"A medical breast mammogram showing a smooth, well-circumscribed mass suggestive of a benign breast tumor."
/home/woojye2020/decs_jupyter_lab/MedCLIP-SAMv2/UDIAT/Benign/000002.png,"A mammogram displaying a round, homogeneous mass indicative of a benign breast tumor.",/home/woojye2020/decs_jupyter_lab/MedCLIP-SAMv2/UDIAT/Benign/000002.png,A breast imaging study revealing no signs of benign or malignant tumors.
/home/woojye2020/decs_jupyter_lab/MedCLIP-SAMv2/generated_neg_output/udiat_clip_image2prompt_closedform/000002.png,A breast imaging study revealing no signs of benign or malignant tumors.,/home/woojye2020/decs_jupyter_lab/MedCLIP-SAMv2/generated_neg_output/udiat_clip_image2prompt_closedform/000002.png,"A mammogram displaying a round, homogeneous mass indicative of a benign breast tumor."
/home/woojye2020/decs_jupyter_lab/MedCLIP-SAMv2/UDIAT/Benign/000002.png,"A breast imaging study revealing a well-defined, encapsulated mass likely representing a benign breast tumor.",/home/woojye2020/decs_jupyter_lab/MedCLIP-SAMv2/UDIAT/Benign/000002.png,A mammogram showing symmetrical breast tissue with no focal masses or clinical findings.
/home/woojye2020/decs_jupyter_lab/MedCLIP-SAMv2/generated_neg_output/udiat_clip_image2prompt_closedform/000002.png,A mammogram showing symmetrical breast tissue with no focal masses or clinical findings.,/home/woojye2020/decs_jupyter_lab/MedCLIP-SAMv2/generated_neg_output/udiat_clip_image2prompt_closedform/000002.png,"A breast imaging study revealing a well-defined, encapsulated mass likely representing a benign breast tumor."
/home/woojye2020/decs_jupyter_lab/MedCLIP-SAMv2/UDIAT/Benign/000002.png,"A mammogram showing a sharply marginated, round mass suggestive of a benign breast tumor.",/home/woojye2020/decs_jupyter_lab/MedCLIP-SAMv2/UDIAT/Benign/000002.png,A diagnostic mammogram displaying normal glandular tissue without any detectable lesions.
/home/woojye2020/decs_jupyter_lab/MedCLIP-SAMv2/generated_neg_output/udiat_clip_image2prompt_closedform/000002.png,A diagnostic mammogram displaying normal glandular tissue without any detectable lesions.,/home/woojye2020/decs_jupyter_lab/MedCLIP-SAMv2/generated_neg_output/udiat_clip_image2prompt_closedform/000002.png,"A mammogram showing a sharply marginated, round mass suggestive of a benign breast tumor."
/home/woojye2020/decs_jupyter_lab/MedCLIP-SAMv2/UDIAT/Benign/000003.png,"A medical breast mammogram showing a well-defined, round mass suggestive of a benign breast tumor.",/home/woojye2020/decs_jupyter_lab/MedCLIP-SAMv2/UDIAT/Benign/000003.png,A medical breast mammogram showing normal breast tissue with no evidence of tumor.
/home/woojye2020/decs_jupyter_lab/MedCLIP-SAMv2/generated_neg_output/udiat_clip_image2prompt_closedform/000003.png,A medical breast mammogram showing normal breast tissue with no evidence of tumor.,/home/woojye2020/decs_jupyter_lab/MedCLIP-SAMv2/generated_neg_output/udiat_clip_image2prompt_closedform/000003.png,"A medical breast mammogram showing a well-defined, round mass suggestive of a benign breast tumor."
/home/woojye2020/decs_jupyter_lab/MedCLIP-SAMv2/UDIAT/Benign/000003.png,"A medical breast mammogram showing a smooth, well-circumscribed mass suggestive of a benign breast tumor.",/home/woojye2020/decs_jupyter_lab/MedCLIP-SAMv2/UDIAT/Benign/000003.png,"A mammogram with no suspicious masses or malignant findings, indicating a normal scan."
/home/woojye2020/decs_jupyter_lab/MedCLIP-SAMv2/generated_neg_output/udiat_clip_image2prompt_closedform/000003.png,"A mammogram with no suspicious masses or malignant findings, indicating a normal scan.",/home/woojye2020/decs_jupyter_lab/MedCLIP-SAMv2/generated_neg_output/udiat_clip_image2prompt_closedform/000003.png,"A medical breast mammogram showing a smooth, well-circumscribed mass suggestive of a benign breast tumor."
/home/woojye2020/decs_jupyter_lab/MedCLIP-SAMv2/UDIAT/Benign/000003.png,"A mammogram displaying a round, homogeneous mass indicative of a benign breast tumor.",/home/woojye2020/decs_jupyter_lab/MedCLIP-SAMv2/UDIAT/Benign/000003.png,A breast imaging study revealing no signs of benign or malignant tumors.
/home/woojye2020/decs_jupyter_lab/MedCLIP-SAMv2/generated_neg_output/udiat_clip_image2prompt_closedform/000003.png,A breast imaging study revealing no signs of benign or malignant tumors.,/home/woojye2020/decs_jupyter_lab/MedCLIP-SAMv2/generated_neg_output/udiat_clip_image2prompt_closedform/000003.png,"A mammogram displaying a round, homogeneous mass indicative of a benign breast tumor."
/home/woojye2020/decs_jupyter_lab/MedCLIP-SAMv2/UDIAT/Benign/000003.png,"A breast imaging study revealing a well-defined, encapsulated mass likely representing a benign breast tumor.",/home/woojye2020/decs_jupyter_lab/MedCLIP-SAMv2/UDIAT/Benign/000003.png,A mammogram showing symmetrical breast tissue with no focal masses or clinical findings.
/home/woojye2020/decs_jupyter_lab/MedCLIP-SAMv2/generated_neg_output/udiat_clip_image2prompt_closedform/000003.png,A mammogram showing symmetrical breast tissue with no focal masses or clinical findings.,/home/woojye2020/decs_jupyter_lab/MedCLIP-SAMv2/generated_neg_output/udiat_clip_image2prompt_closedform/000003.png,"A breast imaging study revealing a well-defined, encapsulated mass likely representing a benign breast tumor."
/home/woojye2020/decs_jupyter_lab/MedCLIP-SAMv2/UDIAT/Benign/000003.png,"A mammogram showing a sharply marginated, round mass suggestive of a benign breast tumor.",/home/woojye2020/decs_jupyter_lab/MedCLIP-SAMv2/UDIAT/Benign/000003.png,A diagnostic mammogram displaying normal glandular tissue without any detectable lesions.
/home/woojye2020/decs_jupyter_lab/MedCLIP-SAMv2/generated_neg_output/udiat_clip_image2prompt_closedform/000003.png,A diagnostic mammogram displaying normal glandular tissue without any detectable lesions.,/home/woojye2020/decs_jupyter_lab/MedCLIP-SAMv2/generated_neg_output/udiat_clip_image2prompt_closedform/000003.png,"A mammogram showing a sharply marginated, round mass suggestive of a benign breast tumor."
/home/woojye2020/decs_jupyter_lab/MedCLIP-SAMv2/UDIAT/Benign/000004.png,"A medical breast mammogram showing a well-defined, round mass suggestive of a benign breast tumor.",/home/woojye2020/decs_jupyter_lab/MedCLIP-SAMv2/UDIAT/Benign/000004.png,A medical breast mammogram showing normal breast tissue with no evidence of tumor.
/home/woojye2020/decs_jupyter_lab/MedCLIP-SAMv2/generated_neg_output/udiat_clip_image2prompt_closedform/000004.png,A medical breast mammogram showing normal breast tissue with no evidence of tumor.,/home/woojye2020/decs_jupyter_lab/MedCLIP-SAMv2/generated_neg_output/udiat_clip_image2prompt_closedform/000004.png,"A medical breast mammogram showing a well-defined, round mass suggestive of a benign breast tumor."
/home/woojye2020/decs_jupyter_lab/MedCLIP-SAMv2/UDIAT/Benign/000004.png,"A medical breast mammogram showing a smooth, well-circumscribed mass suggestive of a benign breast tumor.",/home/woojye2020/decs_jupyter_lab/MedCLIP-SAMv2/UDIAT/Benign/000004.png,"A mammogram with no suspicious masses or malignant findings, indicating a normal scan."
/home/woojye2020/decs_jupyter_lab/MedCLIP-SAMv2/generated_neg_output/udiat_clip_image2prompt_closedform/000004.png,"A mammogram with no suspicious masses or malignant findings, indicating a normal scan.",/home/woojye2020/decs_jupyter_lab/MedCLIP-SAMv2/generated_neg_output/udiat_clip_image2prompt_closedform/000004.png,"A medical breast mammogram showing a smooth, well-circumscribed mass suggestive of a benign breast tumor."
/home/woojye2020/decs_jupyter_lab/MedCLIP-SAMv2/UDIAT/Benign/000004.png,"A mammogram displaying a round, homogeneous mass indicative of a benign breast tumor.",/home/woojye2020/decs_jupyter_lab/MedCLIP-SAMv2/UDIAT/Benign/000004.png,A breast imaging study revealing no signs of benign or malignant tumors.
/home/woojye2020/decs_jupyter_lab/MedCLIP-SAMv2/generated_neg_output/udiat_clip_image2prompt_closedform/000004.png,A breast imaging study revealing no signs of benign or malignant tumors.,/home/woojye2020/decs_jupyter_lab/MedCLIP-SAMv2/generated_neg_output/udiat_clip_image2prompt_closedform/000004.png,"A mammogram displaying a round, homogeneous mass indicative of a benign breast tumor."
/home/woojye2020/decs_jupyter_lab/MedCLIP-SAMv2/UDIAT/Benign/000004.png,"A breast imaging study revealing a well-defined, encapsulated mass likely representing a benign breast tumor.",/home/woojye2020/decs_jupyter_lab/MedCLIP-SAMv2/UDIAT/Benign/000004.png,A mammogram showing symmetrical breast tissue with no focal masses or clinical findings.
/home/woojye2020/decs_jupyter_lab/MedCLIP-SAMv2/generated_neg_output/udiat_clip_image2prompt_closedform/000004.png,A mammogram showing symmetrical breast tissue with no focal masses or clinical findings.,/home/woojye2020/decs_jupyter_lab/MedCLIP-SAMv2/generated_neg_output/udiat_clip_image2prompt_closedform/000004.png,"A breast imaging study revealing a well-defined, encapsulated mass likely representing a benign breast tumor."
/home/woojye2020/decs_jupyter_lab/MedCLIP-SAMv2/UDIAT/Benign/000004.png,"A mammogram showing a sharply marginated, round mass suggestive of a benign breast tumor.",/home/woojye2020/decs_jupyter_lab/MedCLIP-SAMv2/UDIAT/Benign/000004.png,A diagnostic mammogram displaying normal glandular tissue without any detectable lesions.
/home/woojye2020/decs_jupyter_lab/MedCLIP-SAMv2/generated_neg_output/udiat_clip_image2prompt_closedform/000004.png,A diagnostic mammogram displaying normal glandular tissue without any detectable lesions.,/home/woojye2020/decs_jupyter_lab/MedCLIP-SAMv2/generated_neg_output/udiat_clip_image2prompt_closedform/000004.png,"A mammogram showing a sharply marginated, round mass suggestive of a benign breast tumor."
/home/woojye2020/decs_jupyter_lab/MedCLIP-SAMv2/UDIAT/Benign/000005.png,"A medical breast mammogram showing a well-defined, round mass suggestive of a benign breast tumor.",/home/woojye2020/decs_jupyter_lab/MedCLIP-SAMv2/UDIAT/Benign/000005.png,A medical breast mammogram showing normal breast tissue with no evidence of tumor.
/home/woojye2020/decs_jupyter_lab/MedCLIP-SAMv2/generated_neg_output/udiat_clip_image2prompt_closedform/000005.png,A medical breast mammogram showing normal breast tissue with no evidence of tumor.,/home/woojye2020/decs_jupyter_lab/MedCLIP-SAMv2/generated_neg_output/udiat_clip_image2prompt_closedform/000005.png,"A medical breast mammogram showing a well-defined, round mass suggestive of a benign breast tumor."
/home/woojye2020/decs_jupyter_lab/MedCLIP-SAMv2/UDIAT/Benign/000005.png,"A medical breast mammogram showing a smooth, well-circumscribed mass suggestive of a benign breast tumor.",/home/woojye2020/decs_jupyter_lab/MedCLIP-SAMv2/UDIAT/Benign/000005.png,"A mammogram with no suspicious masses or malignant findings, indicating a normal scan."
/home/woojye2020/decs_jupyter_lab/MedCLIP-SAMv2/generated_neg_output/udiat_clip_image2prompt_closedform/000005.png,"A mammogram with no suspicious masses or malignant findings, indicating a normal scan.",/home/woojye2020/decs_jupyter_lab/MedCLIP-SAMv2/generated_neg_output/udiat_clip_image2prompt_closedform/000005.png,"A medical breast mammogram showing a smooth, well-circumscribed mass suggestive of a benign breast tumor."
/home/woojye2020/decs_jupyter_lab/MedCLIP-SAMv2/UDIAT/Benign/000005.png,"A mammogram displaying a round, homogeneous mass indicative of a benign breast tumor.",/home/woojye2020/decs_jupyter_lab/MedCLIP-SAMv2/UDIAT/Benign/000005.png,A breast imaging study revealing no signs of benign or malignant tumors.
/home/woojye2020/decs_jupyter_lab/MedCLIP-SAMv2/generated_neg_output/udiat_clip_image2prompt_closedform/000005.png,A breast imaging study revealing no signs of benign or malignant tumors.,/home/woojye2020/decs_jupyter_lab/MedCLIP-SAMv2/generated_neg_output/udiat_clip_image2prompt_closedform/000005.png,"A mammogram displaying a round, homogeneous mass indicative of a benign breast tumor."
/home/woojye2020/decs_jupyter_lab/MedCLIP-SAMv2/UDIAT/Benign/000005.png,"A breast imaging study revealing a well-defined, encapsulated mass likely representing a benign breast tumor.",/home/woojye2020/decs_jupyter_lab/MedCLIP-SAMv2/UDIAT/Benign/000005.png,A mammogram showing symmetrical breast tissue with no focal masses or clinical findings.
/home/woojye2020/decs_jupyter_lab/MedCLIP-SAMv2/generated_neg_output/udiat_clip_image2prompt_closedform/000005.png,A mammogram showing symmetrical breast tissue with no focal masses or clinical findings.,/home/woojye2020/decs_jupyter_lab/MedCLIP-SAMv2/generated_neg_output/udiat_clip_image2prompt_closedform/000005.png,"A breast imaging study revealing a well-defined, encapsulated mass likely representing a benign breast tumor."
/home/woojye2020/decs_jupyter_lab/MedCLIP-SAMv2/UDIAT/Benign/000005.png,"A mammogram showing a sharply marginated, round mass suggestive of a benign breast tumor.",/home/woojye2020/decs_jupyter_lab/MedCLIP-SAMv2/UDIAT/Benign/000005.png,A diagnostic mammogram displaying normal glandular tissue without any detectable lesions.
/home/woojye2020/decs_jupyter_lab/MedCLIP-SAMv2/generated_neg_output/udiat_clip_image2prompt_closedform/000005.png,A diagnostic mammogram displaying normal glandular tissue without any detectable lesions.,/home/woojye2020/decs_jupyter_lab/MedCLIP-SAMv2/generated_neg_output/udiat_clip_image2prompt_closedform/000005.png,"A mammogram showing a sharply marginated, round mass suggestive of a benign breast tumor."
/home/woojye2020/decs_jupyter_lab/MedCLIP-SAMv2/UDIAT/Benign/000006.png,"A medical breast mammogram showing a well-defined, round mass suggestive of a benign breast tumor.",/home/woojye2020/decs_jupyter_lab/MedCLIP-SAMv2/UDIAT/Benign/000006.png,A medical breast mammogram showing normal breast tissue with no evidence of tumor.
/home/woojye2020/decs_jupyter_lab/MedCLIP-SAMv2/generated_neg_output/udiat_clip_image2prompt_closedform/000006.png,A medical breast mammogram showing normal breast tissue with no evidence of tumor.,/home/woojye2020/decs_jupyter_lab/MedCLIP-SAMv2/generated_neg_output/udiat_clip_image2prompt_closedform/000006.png,"A medical breast mammogram showing a well-defined, round mass suggestive of a benign breast tumor."
/home/woojye2020/decs_jupyter_lab/MedCLIP-SAMv2/UDIAT/Benign/000006.png,"A medical breast mammogram showing a smooth, well-circumscribed mass suggestive of a benign breast tumor.",/home/woojye2020/decs_jupyter_lab/MedCLIP-SAMv2/UDIAT/Benign/000006.png,"A mammogram with no suspicious masses or malignant findings, indicating a normal scan."
/home/woojye2020/decs_jupyter_lab/MedCLIP-SAMv2/generated_neg_output/udiat_clip_image2prompt_closedform/000006.png,"A mammogram with no suspicious masses or malignant findings, indicating a normal scan.",/home/woojye2020/decs_jupyter_lab/MedCLIP-SAMv2/generated_neg_output/udiat_clip_image2prompt_closedform/000006.png,"A medical breast mammogram showing a smooth, well-circumscribed mass suggestive of a benign breast tumor."
/home/woojye2020/decs_jupyter_lab/MedCLIP-SAMv2/UDIAT/Benign/000006.png,"A mammogram displaying a round, homogeneous mass indicative of a benign breast tumor.",/home/woojye2020/decs_jupyter_lab/MedCLIP-SAMv2/UDIAT/Benign/000006.png,A breast imaging study revealing no signs of benign or malignant tumors.
/home/woojye2020/decs_jupyter_lab/MedCLIP-SAMv2/generated_neg_output/udiat_clip_image2prompt_closedform/000006.png,A breast imaging study revealing no signs of benign or malignant tumors.,/home/woojye2020/decs_jupyter_lab/MedCLIP-SAMv2/generated_neg_output/udiat_clip_image2prompt_closedform/000006.png,"A mammogram displaying a round, homogeneous mass indicative of a benign breast tumor."
/home/woojye2020/decs_jupyter_lab/MedCLIP-SAMv2/UDIAT/Benign/000006.png,"A breast imaging study revealing a well-defined, encapsulated mass likely representing a benign breast tumor.",/home/woojye2020/decs_jupyter_lab/MedCLIP-SAMv2/UDIAT/Benign/000006.png,A mammogram showing symmetrical breast tissue with no focal masses or clinical findings.
/home/woojye2020/decs_jupyter_lab/MedCLIP-SAMv2/generated_neg_output/udiat_clip_image2prompt_closedform/000006.png,A mammogram showing symmetrical breast tissue with no focal masses or clinical findings.,/home/woojye2020/decs_jupyter_lab/MedCLIP-SAMv2/generated_neg_output/udiat_clip_image2prompt_closedform/000006.png,"A breast imaging study revealing a well-defined, encapsulated mass likely representing a benign breast tumor."
/home/woojye2020/decs_jupyter_lab/MedCLIP-SAMv2/UDIAT/Benign/000006.png,"A mammogram showing a sharply marginated, round mass suggestive of a benign breast tumor.",/home/woojye2020/decs_jupyter_lab/MedCLIP-SAMv2/UDIAT/Benign/000006.png,A diagnostic mammogram displaying normal glandular tissue without any detectable lesions.
/home/woojye2020/decs_jupyter_lab/MedCLIP-SAMv2/generated_neg_output/udiat_clip_image2prompt_closedform/000006.png,A diagnostic mammogram displaying normal glandular tissue without any detectable lesions.,/home/woojye2020/decs_jupyter_lab/MedCLIP-SAMv2/generated_neg_output/udiat_clip_image2prompt_closedform/000006.png,"A mammogram showing a sharply marginated, round mass suggestive of a benign breast tumor."
/home/woojye2020/decs_jupyter_lab/MedCLIP-SAMv2/UDIAT/Benign/000007.png,"A medical breast mammogram showing a well-defined, round mass suggestive of a benign breast tumor.",/home/woojye2020/decs_jupyter_lab/MedCLIP-SAMv2/UDIAT/Benign/000007.png,A medical breast mammogram showing normal breast tissue with no evidence of tumor.
/home/woojye2020/decs_jupyter_lab/MedCLIP-SAMv2/generated_neg_output/udiat_clip_image2prompt_closedform/000007.png,A medical breast mammogram showing normal breast tissue with no evidence of tumor.,/home/woojye2020/decs_jupyter_lab/MedCLIP-SAMv2/generated_neg_output/udiat_clip_image2prompt_closedform/000007.png,"A medical breast mammogram showing a well-defined, round mass suggestive of a benign breast tumor."
/home/woojye2020/decs_jupyter_lab/MedCLIP-SAMv2/UDIAT/Benign/000007.png,"A medical breast mammogram showing a smooth, well-circumscribed mass suggestive of a benign breast tumor.",/home/woojye2020/decs_jupyter_lab/MedCLIP-SAMv2/UDIAT/Benign/000007.png,"A mammogram with no suspicious masses or malignant findings, indicating a normal scan."
/home/woojye2020/decs_jupyter_lab/MedCLIP-SAMv2/generated_neg_output/udiat_clip_image2prompt_closedform/000007.png,"A mammogram with no suspicious masses or malignant findings, indicating a normal scan.",/home/woojye2020/decs_jupyter_lab/MedCLIP-SAMv2/generated_neg_output/udiat_clip_image2prompt_closedform/000007.png,"A medical breast mammogram showing a smooth, well-circumscribed mass suggestive of a benign breast tumor."
/home/woojye2020/decs_jupyter_lab/MedCLIP-SAMv2/UDIAT/Benign/000007.png,"A mammogram displaying a round, homogeneous mass indicative of a benign breast tumor.",/home/woojye2020/decs_jupyter_lab/MedCLIP-SAMv2/UDIAT/Benign/000007.png,A breast imaging study revealing no signs of benign or malignant tumors.
/home/woojye2020/decs_jupyter_lab/MedCLIP-SAMv2/generated_neg_output/udiat_clip_image2prompt_closedform/000007.png,A breast imaging study revealing no signs of benign or malignant tumors.,/home/woojye2020/decs_jupyter_lab/MedCLIP-SAMv2/generated_neg_output/udiat_clip_image2prompt_closedform/000007.png,"A mammogram displaying a round, homogeneous mass indicative of a benign breast tumor."
/home/woojye2020/decs_jupyter_lab/MedCLIP-SAMv2/UDIAT/Benign/000007.png,"A breast imaging study revealing a well-defined, encapsulated mass likely representing a benign breast tumor.",/home/woojye2020/decs_jupyter_lab/MedCLIP-SAMv2/UDIAT/Benign/000007.png,A mammogram showing symmetrical breast tissue with no focal masses or clinical findings.
/home/woojye2020/decs_jupyter_lab/MedCLIP-SAMv2/generated_neg_output/udiat_clip_image2prompt_closedform/000007.png,A mammogram showing symmetrical breast tissue with no focal masses or clinical findings.,/home/woojye2020/decs_jupyter_lab/MedCLIP-SAMv2/generated_neg_output/udiat_clip_image2prompt_closedform/000007.png,"A breast imaging study revealing a well-defined, encapsulated mass likely representing a benign breast tumor."
/home/woojye2020/decs_jupyter_lab/MedCLIP-SAMv2/UDIAT/Benign/000007.png,"A mammogram showing a sharply marginated, round mass suggestive of a benign breast tumor.",/home/woojye2020/decs_jupyter_lab/MedCLIP-SAMv2/UDIAT/Benign/000007.png,A diagnostic mammogram displaying normal glandular tissue without any detectable lesions.
/home/woojye2020/decs_jupyter_lab/MedCLIP-SAMv2/generated_neg_output/udiat_clip_image2prompt_closedform/000007.png,A diagnostic mammogram displaying normal glandular tissue without any detectable lesions.,/home/woojye2020/decs_jupyter_lab/MedCLIP-SAMv2/generated_neg_output/udiat_clip_image2prompt_closedform/000007.png,"A mammogram showing a sharply marginated, round mass suggestive of a benign breast tumor."
/home/woojye2020/decs_jupyter_lab/MedCLIP-SAMv2/UDIAT/Benign/000008.png,"A medical breast mammogram showing a well-defined, round mass suggestive of a benign breast tumor.",/home/woojye2020/decs_jupyter_lab/MedCLIP-SAMv2/UDIAT/Benign/000008.png,A medical breast mammogram showing normal breast tissue with no evidence of tumor.
/home/woojye2020/decs_jupyter_lab/MedCLIP-SAMv2/generated_neg_output/udiat_clip_image2prompt_closedform/000008.png,A medical breast mammogram showing normal breast tissue with no evidence of tumor.,/home/woojye2020/decs_jupyter_lab/MedCLIP-SAMv2/generated_neg_output/udiat_clip_image2prompt_closedform/000008.png,"A medical breast mammogram showing a well-defined, round mass suggestive of a benign breast tumor."
/home/woojye2020/decs_jupyter_lab/MedCLIP-SAMv2/UDIAT/Benign/000008.png,"A medical breast mammogram showing a smooth, well-circumscribed mass suggestive of a benign breast tumor.",/home/woojye2020/decs_jupyter_lab/MedCLIP-SAMv2/UDIAT/Benign/000008.png,"A mammogram with no suspicious masses or malignant findings, indicating a normal scan."
/home/woojye2020/decs_jupyter_lab/MedCLIP-SAMv2/generated_neg_output/udiat_clip_image2prompt_closedform/000008.png,"A mammogram with no suspicious masses or malignant findings, indicating a normal scan.",/home/woojye2020/decs_jupyter_lab/MedCLIP-SAMv2/generated_neg_output/udiat_clip_image2prompt_closedform/000008.png,"A medical breast mammogram showing a smooth, well-circumscribed mass suggestive of a benign breast tumor."
/home/woojye2020/decs_jupyter_lab/MedCLIP-SAMv2/UDIAT/Benign/000008.png,"A mammogram displaying a round, homogeneous mass indicative of a benign breast tumor.",/home/woojye2020/decs_jupyter_lab/MedCLIP-SAMv2/UDIAT/Benign/000008.png,A breast imaging study revealing no signs of benign or malignant tumors.
/home/woojye2020/decs_jupyter_lab/MedCLIP-SAMv2/generated_neg_output/udiat_clip_image2prompt_closedform/000008.png,A breast imaging study revealing no signs of benign or malignant tumors.,/home/woojye2020/decs_jupyter_lab/MedCLIP-SAMv2/generated_neg_output/udiat_clip_image2prompt_closedform/000008.png,"A mammogram displaying a round, homogeneous mass indicative of a benign breast tumor."
/home/woojye2020/decs_jupyter_lab/MedCLIP-SAMv2/UDIAT/Benign/000008.png,"A breast imaging study revealing a well-defined, encapsulated mass likely representing a benign breast tumor.",/home/woojye2020/decs_jupyter_lab/MedCLIP-SAMv2/UDIAT/Benign/000008.png,A mammogram showing symmetrical breast tissue with no focal masses or clinical findings.
/home/woojye2020/decs_jupyter_lab/MedCLIP-SAMv2/generated_neg_output/udiat_clip_image2prompt_closedform/000008.png,A mammogram showing symmetrical breast tissue with no focal masses or clinical findings.,/home/woojye2020/decs_jupyter_lab/MedCLIP-SAMv2/generated_neg_output/udiat_clip_image2prompt_closedform/000008.png,"A breast imaging study revealing a well-defined, encapsulated mass likely representing a benign breast tumor."
/home/woojye2020/decs_jupyter_lab/MedCLIP-SAMv2/UDIAT/Benign/000008.png,"A mammogram showing a sharply marginated, round mass suggestive of a benign breast tumor.",/home/woojye2020/decs_jupyter_lab/MedCLIP-SAMv2/UDIAT/Benign/000008.png,A diagnostic mammogram displaying normal glandular tissue without any detectable lesions.
/home/woojye2020/decs_jupyter_lab/MedCLIP-SAMv2/generated_neg_output/udiat_clip_image2prompt_closedform/000008.png,A diagnostic mammogram displaying normal glandular tissue without any detectable lesions.,/home/woojye2020/decs_jupyter_lab/MedCLIP-SAMv2/generated_neg_output/udiat_clip_image2prompt_closedform/000008.png,"A mammogram showing a sharply marginated, round mass suggestive of a benign breast tumor."
/home/woojye2020/decs_jupyter_lab/MedCLIP-SAMv2/UDIAT/Benign/000009.png,"A medical breast mammogram showing a well-defined, round mass suggestive of a benign breast tumor.",/home/woojye2020/decs_jupyter_lab/MedCLIP-SAMv2/UDIAT/Benign/000009.png,A medical breast mammogram showing normal breast tissue with no evidence of tumor.
/home/woojye2020/decs_jupyter_lab/MedCLIP-SAMv2/generated_neg_output/udiat_clip_image2prompt_closedform/000009.png,A medical breast mammogram showing normal breast tissue with no evidence of tumor.,/home/woojye2020/decs_jupyter_lab/MedCLIP-SAMv2/generated_neg_output/udiat_clip_image2prompt_closedform/000009.png,"A medical breast mammogram showing a well-defined, round mass suggestive of a benign breast tumor."
/home/woojye2020/decs_jupyter_lab/MedCLIP-SAMv2/UDIAT/Benign/000009.png,"A medical breast mammogram showing a smooth, well-circumscribed mass suggestive of a benign breast tumor.",/home/woojye2020/decs_jupyter_lab/MedCLIP-SAMv2/UDIAT/Benign/000009.png,"A mammogram with no suspicious masses or malignant findings, indicating a normal scan."
/home/woojye2020/decs_jupyter_lab/MedCLIP-SAMv2/generated_neg_output/udiat_clip_image2prompt_closedform/000009.png,"A mammogram with no suspicious masses or malignant findings, indicating a normal scan.",/home/woojye2020/decs_jupyter_lab/MedCLIP-SAMv2/generated_neg_output/udiat_clip_image2prompt_closedform/000009.png,"A medical breast mammogram showing a smooth, well-circumscribed mass suggestive of a benign breast tumor."
/home/woojye2020/decs_jupyter_lab/MedCLIP-SAMv2/UDIAT/Benign/000009.png,"A mammogram displaying a round, homogeneous mass indicative of a benign breast tumor.",/home/woojye2020/decs_jupyter_lab/MedCLIP-SAMv2/UDIAT/Benign/000009.png,A breast imaging study revealing no signs of benign or malignant tumors.
/home/woojye2020/decs_jupyter_lab/MedCLIP-SAMv2/generated_neg_output/udiat_clip_image2prompt_closedform/000009.png,A breast imaging study revealing no signs of benign or malignant tumors.,/home/woojye2020/decs_jupyter_lab/MedCLIP-SAMv2/generated_neg_output/udiat_clip_image2prompt_closedform/000009.png,"A mammogram displaying a round, homogeneous mass indicative of a benign breast tumor."
/home/woojye2020/decs_jupyter_lab/MedCLIP-SAMv2/UDIAT/Benign/000009.png,"A breast imaging study revealing a well-defined, encapsulated mass likely representing a benign breast tumor.",/home/woojye2020/decs_jupyter_lab/MedCLIP-SAMv2/UDIAT/Benign/000009.png,A mammogram showing symmetrical breast tissue with no focal masses or clinical findings.
/home/woojye2020/decs_jupyter_lab/MedCLIP-SAMv2/generated_neg_output/udiat_clip_image2prompt_closedform/000009.png,A mammogram showing symmetrical breast tissue with no focal masses or clinical findings.,/home/woojye2020/decs_jupyter_lab/MedCLIP-SAMv2/generated_neg_output/udiat_clip_image2prompt_closedform/000009.png,"A breast imaging study revealing a well-defined, encapsulated mass likely representing a benign breast tumor."
/home/woojye2020/decs_jupyter_lab/MedCLIP-SAMv2/UDIAT/Benign/000009.png,"A mammogram showing a sharply marginated, round mass suggestive of a benign breast tumor.",/home/woojye2020/decs_jupyter_lab/MedCLIP-SAMv2/UDIAT/Benign/000009.png,A diagnostic mammogram displaying normal glandular tissue without any detectable lesions.
/home/woojye2020/decs_jupyter_lab/MedCLIP-SAMv2/generated_neg_output/udiat_clip_image2prompt_closedform/000009.png,A diagnostic mammogram displaying normal glandular tissue without any detectable lesions.,/home/woojye2020/decs_jupyter_lab/MedCLIP-SAMv2/generated_neg_output/udiat_clip_image2prompt_closedform/000009.png,"A mammogram showing a sharply marginated, round mass suggestive of a benign breast tumor."
/home/woojye2020/decs_jupyter_lab/MedCLIP-SAMv2/UDIAT/Benign/000010.png,"A medical breast mammogram showing a well-defined, round mass suggestive of a benign breast tumor.",/home/woojye2020/decs_jupyter_lab/MedCLIP-SAMv2/UDIAT/Benign/000010.png,A medical breast mammogram showing normal breast tissue with no evidence of tumor.
/home/woojye2020/decs_jupyter_lab/MedCLIP-SAMv2/generated_neg_output/udiat_clip_image2prompt_closedform/000010.png,A medical breast mammogram showing normal breast tissue with no evidence of tumor.,/home/woojye2020/decs_jupyter_lab/MedCLIP-SAMv2/generated_neg_output/udiat_clip_image2prompt_closedform/000010.png,"A medical breast mammogram showing a well-defined, round mass suggestive of a benign breast tumor."
/home/woojye2020/decs_jupyter_lab/MedCLIP-SAMv2/UDIAT/Benign/000010.png,"A medical breast mammogram showing a smooth, well-circumscribed mass suggestive of a benign breast tumor.",/home/woojye2020/decs_jupyter_lab/MedCLIP-SAMv2/UDIAT/Benign/000010.png,"A mammogram with no suspicious masses or malignant findings, indicating a normal scan."
/home/woojye2020/decs_jupyter_lab/MedCLIP-SAMv2/generated_neg_output/udiat_clip_image2prompt_closedform/000010.png,"A mammogram with no suspicious masses or malignant findings, indicating a normal scan.",/home/woojye2020/decs_jupyter_lab/MedCLIP-SAMv2/generated_neg_output/udiat_clip_image2prompt_closedform/000010.png,"A medical breast mammogram showing a smooth, well-circumscribed mass suggestive of a benign breast tumor."
/home/woojye2020/decs_jupyter_lab/MedCLIP-SAMv2/UDIAT/Benign/000010.png,"A mammogram displaying a round, homogeneous mass indicative of a benign breast tumor.",/home/woojye2020/decs_jupyter_lab/MedCLIP-SAMv2/UDIAT/Benign/000010.png,A breast imaging study revealing no signs of benign or malignant tumors.
/home/woojye2020/decs_jupyter_lab/MedCLIP-SAMv2/generated_neg_output/udiat_clip_image2prompt_closedform/000010.png,A breast imaging study revealing no signs of benign or malignant tumors.,/home/woojye2020/decs_jupyter_lab/MedCLIP-SAMv2/generated_neg_output/udiat_clip_image2prompt_closedform/000010.png,"A mammogram displaying a round, homogeneous mass indicative of a benign breast tumor."
/home/woojye2020/decs_jupyter_lab/MedCLIP-SAMv2/UDIAT/Benign/000010.png,"A breast imaging study revealing a well-defined, encapsulated mass likely representing a benign breast tumor.",/home/woojye2020/decs_jupyter_lab/MedCLIP-SAMv2/UDIAT/Benign/000010.png,A mammogram showing symmetrical breast tissue with no focal masses or clinical findings.
/home/woojye2020/decs_jupyter_lab/MedCLIP-SAMv2/generated_neg_output/udiat_clip_image2prompt_closedform/000010.png,A mammogram showing symmetrical breast tissue with no focal masses or clinical findings.,/home/woojye2020/decs_jupyter_lab/MedCLIP-SAMv2/generated_neg_output/udiat_clip_image2prompt_closedform/000010.png,"A breast imaging study revealing a well-defined, encapsulated mass likely representing a benign breast tumor."
/home/woojye2020/decs_jupyter_lab/MedCLIP-SAMv2/UDIAT/Benign/000010.png,"A mammogram showing a sharply marginated, round mass suggestive of a benign breast tumor.",/home/woojye2020/decs_jupyter_lab/MedCLIP-SAMv2/UDIAT/Benign/000010.png,A diagnostic mammogram displaying normal glandular tissue without any detectable lesions.
/home/woojye2020/decs_jupyter_lab/MedCLIP-SAMv2/generated_neg_output/udiat_clip_image2prompt_closedform/000010.png,A diagnostic mammogram displaying normal glandular tissue without any detectable lesions.,/home/woojye2020/decs_jupyter_lab/MedCLIP-SAMv2/generated_neg_output/udiat_clip_image2prompt_closedform/000010.png,"A mammogram showing a sharply marginated, round mass suggestive of a benign breast tumor."
/home/woojye2020/decs_jupyter_lab/MedCLIP-SAMv2/UDIAT/Benign/000011.png,"A medical breast mammogram showing a well-defined, round mass suggestive of a benign breast tumor.",/home/woojye2020/decs_jupyter_lab/MedCLIP-SAMv2/UDIAT/Benign/000011.png,A medical breast mammogram showing normal breast tissue with no evidence of tumor.
/home/woojye2020/decs_jupyter_lab/MedCLIP-SAMv2/generated_neg_output/udiat_clip_image2prompt_closedform/000011.png,A medical breast mammogram showing normal breast tissue with no evidence of tumor.,/home/woojye2020/decs_jupyter_lab/MedCLIP-SAMv2/generated_neg_output/udiat_clip_image2prompt_closedform/000011.png,"A medical breast mammogram showing a well-defined, round mass suggestive of a benign breast tumor."
/home/woojye2020/decs_jupyter_lab/MedCLIP-SAMv2/UDIAT/Benign/000011.png,"A medical breast mammogram showing a smooth, well-circumscribed mass suggestive of a benign breast tumor.",/home/woojye2020/decs_jupyter_lab/MedCLIP-SAMv2/UDIAT/Benign/000011.png,"A mammogram with no suspicious masses or malignant findings, indicating a normal scan."
/home/woojye2020/decs_jupyter_lab/MedCLIP-SAMv2/generated_neg_output/udiat_clip_image2prompt_closedform/000011.png,"A mammogram with no suspicious masses or malignant findings, indicating a normal scan.",/home/woojye2020/decs_jupyter_lab/MedCLIP-SAMv2/generated_neg_output/udiat_clip_image2prompt_closedform/000011.png,"A medical breast mammogram showing a smooth, well-circumscribed mass suggestive of a benign breast tumor."
/home/woojye2020/decs_jupyter_lab/MedCLIP-SAMv2/UDIAT/Benign/000011.png,"A mammogram displaying a round, homogeneous mass indicative of a benign breast tumor.",/home/woojye2020/decs_jupyter_lab/MedCLIP-SAMv2/UDIAT/Benign/000011.png,A breast imaging study revealing no signs of benign or malignant tumors.
/home/woojye2020/decs_jupyter_lab/MedCLIP-SAMv2/generated_neg_output/udiat_clip_image2prompt_closedform/000011.png,A breast imaging study revealing no signs of benign or malignant tumors.,/home/woojye2020/decs_jupyter_lab/MedCLIP-SAMv2/generated_neg_output/udiat_clip_image2prompt_closedform/000011.png,"A mammogram displaying a round, homogeneous mass indicative of a benign breast tumor."
/home/woojye2020/decs_jupyter_lab/MedCLIP-SAMv2/UDIAT/Benign/000011.png,"A breast imaging study revealing a well-defined, encapsulated mass likely representing a benign breast tumor.",/home/woojye2020/decs_jupyter_lab/MedCLIP-SAMv2/UDIAT/Benign/000011.png,A mammogram showing symmetrical breast tissue with no focal masses or clinical findings.
/home/woojye2020/decs_jupyter_lab/MedCLIP-SAMv2/generated_neg_output/udiat_clip_image2prompt_closedform/000011.png,A mammogram showing symmetrical breast tissue with no focal masses or clinical findings.,/home/woojye2020/decs_jupyter_lab/MedCLIP-SAMv2/generated_neg_output/udiat_clip_image2prompt_closedform/000011.png,"A breast imaging study revealing a well-defined, encapsulated mass likely representing a benign breast tumor."
/home/woojye2020/decs_jupyter_lab/MedCLIP-SAMv2/UDIAT/Benign/000011.png,"A mammogram showing a sharply marginated, round mass suggestive of a benign breast tumor.",/home/woojye2020/decs_jupyter_lab/MedCLIP-SAMv2/UDIAT/Benign/000011.png,A diagnostic mammogram displaying normal glandular tissue without any detectable lesions.
/home/woojye2020/decs_jupyter_lab/MedCLIP-SAMv2/generated_neg_output/udiat_clip_image2prompt_closedform/000011.png,A diagnostic mammogram displaying normal glandular tissue without any detectable lesions.,/home/woojye2020/decs_jupyter_lab/MedCLIP-SAMv2/generated_neg_output/udiat_clip_image2prompt_closedform/000011.png,"A mammogram showing a sharply marginated, round mass suggestive of a benign breast tumor."
/home/woojye2020/decs_jupyter_lab/MedCLIP-SAMv2/UDIAT/Benign/000012.png,"A medical breast mammogram showing a well-defined, round mass suggestive of a benign breast tumor.",/home/woojye2020/decs_jupyter_lab/MedCLIP-SAMv2/UDIAT/Benign/000012.png,A medical breast mammogram showing normal breast tissue with no evidence of tumor.
/home/woojye2020/decs_jupyter_lab/MedCLIP-SAMv2/generated_neg_output/udiat_clip_image2prompt_closedform/000012.png,A medical breast mammogram showing normal breast tissue with no evidence of tumor.,/home/woojye2020/decs_jupyter_lab/MedCLIP-SAMv2/generated_neg_output/udiat_clip_image2prompt_closedform/000012.png,"A medical breast mammogram showing a well-defined, round mass suggestive of a benign breast tumor."
/home/woojye2020/decs_jupyter_lab/MedCLIP-SAMv2/UDIAT/Benign/000012.png,"A medical breast mammogram showing a smooth, well-circumscribed mass suggestive of a benign breast tumor.",/home/woojye2020/decs_jupyter_lab/MedCLIP-SAMv2/UDIAT/Benign/000012.png,"A mammogram with no suspicious masses or malignant findings, indicating a normal scan."
/home/woojye2020/decs_jupyter_lab/MedCLIP-SAMv2/generated_neg_output/udiat_clip_image2prompt_closedform/000012.png,"A mammogram with no suspicious masses or malignant findings, indicating a normal scan.",/home/woojye2020/decs_jupyter_lab/MedCLIP-SAMv2/generated_neg_output/udiat_clip_image2prompt_closedform/000012.png,"A medical breast mammogram showing a smooth, well-circumscribed mass suggestive of a benign breast tumor."
/home/woojye2020/decs_jupyter_lab/MedCLIP-SAMv2/UDIAT/Benign/000012.png,"A mammogram displaying a round, homogeneous mass indicative of a benign breast tumor.",/home/woojye2020/decs_jupyter_lab/MedCLIP-SAMv2/UDIAT/Benign/000012.png,A breast imaging study revealing no signs of benign or malignant tumors.
/home/woojye2020/decs_jupyter_lab/MedCLIP-SAMv2/generated_neg_output/udiat_clip_image2prompt_closedform/000012.png,A breast imaging study revealing no signs of benign or malignant tumors.,/home/woojye2020/decs_jupyter_lab/MedCLIP-SAMv2/generated_neg_output/udiat_clip_image2prompt_closedform/000012.png,"A mammogram displaying a round, homogeneous mass indicative of a benign breast tumor."
/home/woojye2020/decs_jupyter_lab/MedCLIP-SAMv2/UDIAT/Benign/000012.png,"A breast imaging study revealing a well-defined, encapsulated mass likely representing a benign breast tumor.",/home/woojye2020/decs_jupyter_lab/MedCLIP-SAMv2/UDIAT/Benign/000012.png,A mammogram showing symmetrical breast tissue with no focal masses or clinical findings.
/home/woojye2020/decs_jupyter_lab/MedCLIP-SAMv2/generated_neg_output/udiat_clip_image2prompt_closedform/000012.png,A mammogram showing symmetrical breast tissue with no focal masses or clinical findings.,/home/woojye2020/decs_jupyter_lab/MedCLIP-SAMv2/generated_neg_output/udiat_clip_image2prompt_closedform/000012.png,"A breast imaging study revealing a well-defined, encapsulated mass likely representing a benign breast tumor."
/home/woojye2020/decs_jupyter_lab/MedCLIP-SAMv2/UDIAT/Benign/000012.png,"A mammogram showing a sharply marginated, round mass suggestive of a benign breast tumor.",/home/woojye2020/decs_jupyter_lab/MedCLIP-SAMv2/UDIAT/Benign/000012.png,A diagnostic mammogram displaying normal glandular tissue without any detectable lesions.
/home/woojye2020/decs_jupyter_lab/MedCLIP-SAMv2/generated_neg_output/udiat_clip_image2prompt_closedform/000012.png,A diagnostic mammogram displaying normal glandular tissue without any detectable lesions.,/home/woojye2020/decs_jupyter_lab/MedCLIP-SAMv2/generated_neg_output/udiat_clip_image2prompt_closedform/000012.png,"A mammogram showing a sharply marginated, round mass suggestive of a benign breast tumor."
/home/woojye2020/decs_jupyter_lab/MedCLIP-SAMv2/UDIAT/Benign/000013.png,"A medical breast mammogram showing a well-defined, round mass suggestive of a benign breast tumor.",/home/woojye2020/decs_jupyter_lab/MedCLIP-SAMv2/UDIAT/Benign/000013.png,A medical breast mammogram showing normal breast tissue with no evidence of tumor.
/home/woojye2020/decs_jupyter_lab/MedCLIP-SAMv2/generated_neg_output/udiat_clip_image2prompt_closedform/000013.png,A medical breast mammogram showing normal breast tissue with no evidence of tumor.,/home/woojye2020/decs_jupyter_lab/MedCLIP-SAMv2/generated_neg_output/udiat_clip_image2prompt_closedform/000013.png,"A medical breast mammogram showing a well-defined, round mass suggestive of a benign breast tumor."
/home/woojye2020/decs_jupyter_lab/MedCLIP-SAMv2/UDIAT/Benign/000013.png,"A medical breast mammogram showing a smooth, well-circumscribed mass suggestive of a benign breast tumor.",/home/woojye2020/decs_jupyter_lab/MedCLIP-SAMv2/UDIAT/Benign/000013.png,"A mammogram with no suspicious masses or malignant findings, indicating a normal scan."
/home/woojye2020/decs_jupyter_lab/MedCLIP-SAMv2/generated_neg_output/udiat_clip_image2prompt_closedform/000013.png,"A mammogram with no suspicious masses or malignant findings, indicating a normal scan.",/home/woojye2020/decs_jupyter_lab/MedCLIP-SAMv2/generated_neg_output/udiat_clip_image2prompt_closedform/000013.png,"A medical breast mammogram showing a smooth, well-circumscribed mass suggestive of a benign breast tumor."
/home/woojye2020/decs_jupyter_lab/MedCLIP-SAMv2/UDIAT/Benign/000013.png,"A mammogram displaying a round, homogeneous mass indicative of a benign breast tumor.",/home/woojye2020/decs_jupyter_lab/MedCLIP-SAMv2/UDIAT/Benign/000013.png,A breast imaging study revealing no signs of benign or malignant tumors.
/home/woojye2020/decs_jupyter_lab/MedCLIP-SAMv2/generated_neg_output/udiat_clip_image2prompt_closedform/000013.png,A breast imaging study revealing no signs of benign or malignant tumors.,/home/woojye2020/decs_jupyter_lab/MedCLIP-SAMv2/generated_neg_output/udiat_clip_image2prompt_closedform/000013.png,"A mammogram displaying a round, homogeneous mass indicative of a benign breast tumor."
/home/woojye2020/decs_jupyter_lab/MedCLIP-SAMv2/UDIAT/Benign/000013.png,"A breast imaging study revealing a well-defined, encapsulated mass likely representing a benign breast tumor.",/home/woojye2020/decs_jupyter_lab/MedCLIP-SAMv2/UDIAT/Benign/000013.png,A mammogram showing symmetrical breast tissue with no focal masses or clinical findings.
/home/woojye2020/decs_jupyter_lab/MedCLIP-SAMv2/generated_neg_output/udiat_clip_image2prompt_closedform/000013.png,A mammogram showing symmetrical breast tissue with no focal masses or clinical findings.,/home/woojye2020/decs_jupyter_lab/MedCLIP-SAMv2/generated_neg_output/udiat_clip_image2prompt_closedform/000013.png,"A breast imaging study revealing a well-defined, encapsulated mass likely representing a benign breast tumor."
/home/woojye2020/decs_jupyter_lab/MedCLIP-SAMv2/UDIAT/Benign/000013.png,"A mammogram showing a sharply marginated, round mass suggestive of a benign breast tumor.",/home/woojye2020/decs_jupyter_lab/MedCLIP-SAMv2/UDIAT/Benign/000013.png,A diagnostic mammogram displaying normal glandular tissue without any detectable lesions.
/home/woojye2020/decs_jupyter_lab/MedCLIP-SAMv2/generated_neg_output/udiat_clip_image2prompt_closedform/000013.png,A diagnostic mammogram displaying normal glandular tissue without any detectable lesions.,/home/woojye2020/decs_jupyter_lab/MedCLIP-SAMv2/generated_neg_output/udiat_clip_image2prompt_closedform/000013.png,"A mammogram showing a sharply marginated, round mass suggestive of a benign breast tumor."
/home/woojye2020/decs_jupyter_lab/MedCLIP-SAMv2/UDIAT/Benign/000014.png,"A medical breast mammogram showing a well-defined, round mass suggestive of a benign breast tumor.",/home/woojye2020/decs_jupyter_lab/MedCLIP-SAMv2/UDIAT/Benign/000014.png,A medical breast mammogram showing normal breast tissue with no evidence of tumor.
/home/woojye2020/decs_jupyter_lab/MedCLIP-SAMv2/generated_neg_output/udiat_clip_image2prompt_closedform/000014.png,A medical breast mammogram showing normal breast tissue with no evidence of tumor.,/home/woojye2020/decs_jupyter_lab/MedCLIP-SAMv2/generated_neg_output/udiat_clip_image2prompt_closedform/000014.png,"A medical breast mammogram showing a well-defined, round mass suggestive of a benign breast tumor."
/home/woojye2020/decs_jupyter_lab/MedCLIP-SAMv2/UDIAT/Benign/000014.png,"A medical breast mammogram showing a smooth, well-circumscribed mass suggestive of a benign breast tumor.",/home/woojye2020/decs_jupyter_lab/MedCLIP-SAMv2/UDIAT/Benign/000014.png,"A mammogram with no suspicious masses or malignant findings, indicating a normal scan."
/home/woojye2020/decs_jupyter_lab/MedCLIP-SAMv2/generated_neg_output/udiat_clip_image2prompt_closedform/000014.png,"A mammogram with no suspicious masses or malignant findings, indicating a normal scan.",/home/woojye2020/decs_jupyter_lab/MedCLIP-SAMv2/generated_neg_output/udiat_clip_image2prompt_closedform/000014.png,"A medical breast mammogram showing a smooth, well-circumscribed mass suggestive of a benign breast tumor."
/home/woojye2020/decs_jupyter_lab/MedCLIP-SAMv2/UDIAT/Benign/000014.png,"A mammogram displaying a round, homogeneous mass indicative of a benign breast tumor.",/home/woojye2020/decs_jupyter_lab/MedCLIP-SAMv2/UDIAT/Benign/000014.png,A breast imaging study revealing no signs of benign or malignant tumors.
/home/woojye2020/decs_jupyter_lab/MedCLIP-SAMv2/generated_neg_output/udiat_clip_image2prompt_closedform/000014.png,A breast imaging study revealing no signs of benign or malignant tumors.,/home/woojye2020/decs_jupyter_lab/MedCLIP-SAMv2/generated_neg_output/udiat_clip_image2prompt_closedform/000014.png,"A mammogram displaying a round, homogeneous mass indicative of a benign breast tumor."
/home/woojye2020/decs_jupyter_lab/MedCLIP-SAMv2/UDIAT/Benign/000014.png,"A breast imaging study revealing a well-defined, encapsulated mass likely representing a benign breast tumor.",/home/woojye2020/decs_jupyter_lab/MedCLIP-SAMv2/UDIAT/Benign/000014.png,A mammogram showing symmetrical breast tissue with no focal masses or clinical findings.
/home/woojye2020/decs_jupyter_lab/MedCLIP-SAMv2/generated_neg_output/udiat_clip_image2prompt_closedform/000014.png,A mammogram showing symmetrical breast tissue with no focal masses or clinical findings.,/home/woojye2020/decs_jupyter_lab/MedCLIP-SAMv2/generated_neg_output/udiat_clip_image2prompt_closedform/000014.png,"A breast imaging study revealing a well-defined, encapsulated mass likely representing a benign breast tumor."
/home/woojye2020/decs_jupyter_lab/MedCLIP-SAMv2/UDIAT/Benign/000014.png,"A mammogram showing a sharply marginated, round mass suggestive of a benign breast tumor.",/home/woojye2020/decs_jupyter_lab/MedCLIP-SAMv2/UDIAT/Benign/000014.png,A diagnostic mammogram displaying normal glandular tissue without any detectable lesions.
/home/woojye2020/decs_jupyter_lab/MedCLIP-SAMv2/generated_neg_output/udiat_clip_image2prompt_closedform/000014.png,A diagnostic mammogram displaying normal glandular tissue without any detectable lesions.,/home/woojye2020/decs_jupyter_lab/MedCLIP-SAMv2/generated_neg_output/udiat_clip_image2prompt_closedform/000014.png,"A mammogram showing a sharply marginated, round mass suggestive of a benign breast tumor."
/home/woojye2020/decs_jupyter_lab/MedCLIP-SAMv2/UDIAT/Benign/000015.png,"A medical breast mammogram showing a well-defined, round mass suggestive of a benign breast tumor.",/home/woojye2020/decs_jupyter_lab/MedCLIP-SAMv2/UDIAT/Benign/000015.png,A medical breast mammogram showing normal breast tissue with no evidence of tumor.
/home/woojye2020/decs_jupyter_lab/MedCLIP-SAMv2/generated_neg_output/udiat_clip_image2prompt_closedform/000015.png,A medical breast mammogram showing normal breast tissue with no evidence of tumor.,/home/woojye2020/decs_jupyter_lab/MedCLIP-SAMv2/generated_neg_output/udiat_clip_image2prompt_closedform/000015.png,"A medical breast mammogram showing a well-defined, round mass suggestive of a benign breast tumor."
/home/woojye2020/decs_jupyter_lab/MedCLIP-SAMv2/UDIAT/Benign/000015.png,"A medical breast mammogram showing a smooth, well-circumscribed mass suggestive of a benign breast tumor.",/home/woojye2020/decs_jupyter_lab/MedCLIP-SAMv2/UDIAT/Benign/000015.png,"A mammogram with no suspicious masses or malignant findings, indicating a normal scan."
/home/woojye2020/decs_jupyter_lab/MedCLIP-SAMv2/generated_neg_output/udiat_clip_image2prompt_closedform/000015.png,"A mammogram with no suspicious masses or malignant findings, indicating a normal scan.",/home/woojye2020/decs_jupyter_lab/MedCLIP-SAMv2/generated_neg_output/udiat_clip_image2prompt_closedform/000015.png,"A medical breast mammogram showing a smooth, well-circumscribed mass suggestive of a benign breast tumor."
/home/woojye2020/decs_jupyter_lab/MedCLIP-SAMv2/UDIAT/Benign/000015.png,"A mammogram displaying a round, homogeneous mass indicative of a benign breast tumor.",/home/woojye2020/decs_jupyter_lab/MedCLIP-SAMv2/UDIAT/Benign/000015.png,A breast imaging study revealing no signs of benign or malignant tumors.
/home/woojye2020/decs_jupyter_lab/MedCLIP-SAMv2/generated_neg_output/udiat_clip_image2prompt_closedform/000015.png,A breast imaging study revealing no signs of benign or malignant tumors.,/home/woojye2020/decs_jupyter_lab/MedCLIP-SAMv2/generated_neg_output/udiat_clip_image2prompt_closedform/000015.png,"A mammogram displaying a round, homogeneous mass indicative of a benign breast tumor."
/home/woojye2020/decs_jupyter_lab/MedCLIP-SAMv2/UDIAT/Benign/000015.png,"A breast imaging study revealing a well-defined, encapsulated mass likely representing a benign breast tumor.",/home/woojye2020/decs_jupyter_lab/MedCLIP-SAMv2/UDIAT/Benign/000015.png,A mammogram showing symmetrical breast tissue with no focal masses or clinical findings.
/home/woojye2020/decs_jupyter_lab/MedCLIP-SAMv2/generated_neg_output/udiat_clip_image2prompt_closedform/000015.png,A mammogram showing symmetrical breast tissue with no focal masses or clinical findings.,/home/woojye2020/decs_jupyter_lab/MedCLIP-SAMv2/generated_neg_output/udiat_clip_image2prompt_closedform/000015.png,"A breast imaging study revealing a well-defined, encapsulated mass likely representing a benign breast tumor."
/home/woojye2020/decs_jupyter_lab/MedCLIP-SAMv2/UDIAT/Benign/000015.png,"A mammogram showing a sharply marginated, round mass suggestive of a benign breast tumor.",/home/woojye2020/decs_jupyter_lab/MedCLIP-SAMv2/UDIAT/Benign/000015.png,A diagnostic mammogram displaying normal glandular tissue without any detectable lesions.
/home/woojye2020/decs_jupyter_lab/MedCLIP-SAMv2/generated_neg_output/udiat_clip_image2prompt_closedform/000015.png,A diagnostic mammogram displaying normal glandular tissue without any detectable lesions.,/home/woojye2020/decs_jupyter_lab/MedCLIP-SAMv2/generated_neg_output/udiat_clip_image2prompt_closedform/000015.png,"A mammogram showing a sharply marginated, round mass suggestive of a benign breast tumor."
/home/woojye2020/decs_jupyter_lab/MedCLIP-SAMv2/UDIAT/Benign/000016.png,"A medical breast mammogram showing a well-defined, round mass suggestive of a benign breast tumor.",/home/woojye2020/decs_jupyter_lab/MedCLIP-SAMv2/UDIAT/Benign/000016.png,A medical breast mammogram showing normal breast tissue with no evidence of tumor.
/home/woojye2020/decs_jupyter_lab/MedCLIP-SAMv2/generated_neg_output/udiat_clip_image2prompt_closedform/000016.png,A medical breast mammogram showing normal breast tissue with no evidence of tumor.,/home/woojye2020/decs_jupyter_lab/MedCLIP-SAMv2/generated_neg_output/udiat_clip_image2prompt_closedform/000016.png,"A medical breast mammogram showing a well-defined, round mass suggestive of a benign breast tumor."
/home/woojye2020/decs_jupyter_lab/MedCLIP-SAMv2/UDIAT/Benign/000016.png,"A medical breast mammogram showing a smooth, well-circumscribed mass suggestive of a benign breast tumor.",/home/woojye2020/decs_jupyter_lab/MedCLIP-SAMv2/UDIAT/Benign/000016.png,"A mammogram with no suspicious masses or malignant findings, indicating a normal scan."
/home/woojye2020/decs_jupyter_lab/MedCLIP-SAMv2/generated_neg_output/udiat_clip_image2prompt_closedform/000016.png,"A mammogram with no suspicious masses or malignant findings, indicating a normal scan.",/home/woojye2020/decs_jupyter_lab/MedCLIP-SAMv2/generated_neg_output/udiat_clip_image2prompt_closedform/000016.png,"A medical breast mammogram showing a smooth, well-circumscribed mass suggestive of a benign breast tumor."
/home/woojye2020/decs_jupyter_lab/MedCLIP-SAMv2/UDIAT/Benign/000016.png,"A mammogram displaying a round, homogeneous mass indicative of a benign breast tumor.",/home/woojye2020/decs_jupyter_lab/MedCLIP-SAMv2/UDIAT/Benign/000016.png,A breast imaging study revealing no signs of benign or malignant tumors.
/home/woojye2020/decs_jupyter_lab/MedCLIP-SAMv2/generated_neg_output/udiat_clip_image2prompt_closedform/000016.png,A breast imaging study revealing no signs of benign or malignant tumors.,/home/woojye2020/decs_jupyter_lab/MedCLIP-SAMv2/generated_neg_output/udiat_clip_image2prompt_closedform/000016.png,"A mammogram displaying a round, homogeneous mass indicative of a benign breast tumor."
/home/woojye2020/decs_jupyter_lab/MedCLIP-SAMv2/UDIAT/Benign/000016.png,"A breast imaging study revealing a well-defined, encapsulated mass likely representing a benign breast tumor.",/home/woojye2020/decs_jupyter_lab/MedCLIP-SAMv2/UDIAT/Benign/000016.png,A mammogram showing symmetrical breast tissue with no focal masses or clinical findings.
/home/woojye2020/decs_jupyter_lab/MedCLIP-SAMv2/generated_neg_output/udiat_clip_image2prompt_closedform/000016.png,A mammogram showing symmetrical breast tissue with no focal masses or clinical findings.,/home/woojye2020/decs_jupyter_lab/MedCLIP-SAMv2/generated_neg_output/udiat_clip_image2prompt_closedform/000016.png,"A breast imaging study revealing a well-defined, encapsulated mass likely representing a benign breast tumor."
/home/woojye2020/decs_jupyter_lab/MedCLIP-SAMv2/UDIAT/Benign/000016.png,"A mammogram showing a sharply marginated, round mass suggestive of a benign breast tumor.",/home/woojye2020/decs_jupyter_lab/MedCLIP-SAMv2/UDIAT/Benign/000016.png,A diagnostic mammogram displaying normal glandular tissue without any detectable lesions.
/home/woojye2020/decs_jupyter_lab/MedCLIP-SAMv2/generated_neg_output/udiat_clip_image2prompt_closedform/000016.png,A diagnostic mammogram displaying normal glandular tissue without any detectable lesions.,/home/woojye2020/decs_jupyter_lab/MedCLIP-SAMv2/generated_neg_output/udiat_clip_image2prompt_closedform/000016.png,"A mammogram showing a sharply marginated, round mass suggestive of a benign breast tumor."
/home/woojye2020/decs_jupyter_lab/MedCLIP-SAMv2/UDIAT/Benign/000017.png,"A medical breast mammogram showing a well-defined, round mass suggestive of a benign breast tumor.",/home/woojye2020/decs_jupyter_lab/MedCLIP-SAMv2/UDIAT/Benign/000017.png,A medical breast mammogram showing normal breast tissue with no evidence of tumor.
/home/woojye2020/decs_jupyter_lab/MedCLIP-SAMv2/generated_neg_output/udiat_clip_image2prompt_closedform/000017.png,A medical breast mammogram showing normal breast tissue with no evidence of tumor.,/home/woojye2020/decs_jupyter_lab/MedCLIP-SAMv2/generated_neg_output/udiat_clip_image2prompt_closedform/000017.png,"A medical breast mammogram showing a well-defined, round mass suggestive of a benign breast tumor."
/home/woojye2020/decs_jupyter_lab/MedCLIP-SAMv2/UDIAT/Benign/000017.png,"A medical breast mammogram showing a smooth, well-circumscribed mass suggestive of a benign breast tumor.",/home/woojye2020/decs_jupyter_lab/MedCLIP-SAMv2/UDIAT/Benign/000017.png,"A mammogram with no suspicious masses or malignant findings, indicating a normal scan."
/home/woojye2020/decs_jupyter_lab/MedCLIP-SAMv2/generated_neg_output/udiat_clip_image2prompt_closedform/000017.png,"A mammogram with no suspicious masses or malignant findings, indicating a normal scan.",/home/woojye2020/decs_jupyter_lab/MedCLIP-SAMv2/generated_neg_output/udiat_clip_image2prompt_closedform/000017.png,"A medical breast mammogram showing a smooth, well-circumscribed mass suggestive of a benign breast tumor."
/home/woojye2020/decs_jupyter_lab/MedCLIP-SAMv2/UDIAT/Benign/000017.png,"A mammogram displaying a round, homogeneous mass indicative of a benign breast tumor.",/home/woojye2020/decs_jupyter_lab/MedCLIP-SAMv2/UDIAT/Benign/000017.png,A breast imaging study revealing no signs of benign or malignant tumors.
/home/woojye2020/decs_jupyter_lab/MedCLIP-SAMv2/generated_neg_output/udiat_clip_image2prompt_closedform/000017.png,A breast imaging study revealing no signs of benign or malignant tumors.,/home/woojye2020/decs_jupyter_lab/MedCLIP-SAMv2/generated_neg_output/udiat_clip_image2prompt_closedform/000017.png,"A mammogram displaying a round, homogeneous mass indicative of a benign breast tumor."
/home/woojye2020/decs_jupyter_lab/MedCLIP-SAMv2/UDIAT/Benign/000017.png,"A breast imaging study revealing a well-defined, encapsulated mass likely representing a benign breast tumor.",/home/woojye2020/decs_jupyter_lab/MedCLIP-SAMv2/UDIAT/Benign/000017.png,A mammogram showing symmetrical breast tissue with no focal masses or clinical findings.
/home/woojye2020/decs_jupyter_lab/MedCLIP-SAMv2/generated_neg_output/udiat_clip_image2prompt_closedform/000017.png,A mammogram showing symmetrical breast tissue with no focal masses or clinical findings.,/home/woojye2020/decs_jupyter_lab/MedCLIP-SAMv2/generated_neg_output/udiat_clip_image2prompt_closedform/000017.png,"A breast imaging study revealing a well-defined, encapsulated mass likely representing a benign breast tumor."
/home/woojye2020/decs_jupyter_lab/MedCLIP-SAMv2/UDIAT/Benign/000017.png,"A mammogram showing a sharply marginated, round mass suggestive of a benign breast tumor.",/home/woojye2020/decs_jupyter_lab/MedCLIP-SAMv2/UDIAT/Benign/000017.png,A diagnostic mammogram displaying normal glandular tissue without any detectable lesions.
/home/woojye2020/decs_jupyter_lab/MedCLIP-SAMv2/generated_neg_output/udiat_clip_image2prompt_closedform/000017.png,A diagnostic mammogram displaying normal glandular tissue without any detectable lesions.,/home/woojye2020/decs_jupyter_lab/MedCLIP-SAMv2/generated_neg_output/udiat_clip_image2prompt_closedform/000017.png,"A mammogram showing a sharply marginated, round mass suggestive of a benign breast tumor."
/home/woojye2020/decs_jupyter_lab/MedCLIP-SAMv2/UDIAT/Malignant/000018.png,"A medical breast mammogram showing an irregularly shaped, spiculated mass suggestive of a malignant breast tumor.",/home/woojye2020/decs_jupyter_lab/MedCLIP-SAMv2/UDIAT/Malignant/000018.png,A medical breast mammogram showing normal breast tissue with no evidence of tumor.
/home/woojye2020/decs_jupyter_lab/MedCLIP-SAMv2/generated_neg_output/udiat_clip_image2prompt_closedform/000018.png,A medical breast mammogram showing normal breast tissue with no evidence of tumor.,/home/woojye2020/decs_jupyter_lab/MedCLIP-SAMv2/generated_neg_output/udiat_clip_image2prompt_closedform/000018.png,"A medical breast mammogram showing an irregularly shaped, spiculated mass suggestive of a malignant breast tumor."
/home/woojye2020/decs_jupyter_lab/MedCLIP-SAMv2/UDIAT/Malignant/000018.png,"A medical breast mammogram showing an irregular, spiculated mass suggestive of a malignant breast tumor.",/home/woojye2020/decs_jupyter_lab/MedCLIP-SAMv2/UDIAT/Malignant/000018.png,"A mammogram with no suspicious masses or malignant findings, indicating a normal scan."
/home/woojye2020/decs_jupyter_lab/MedCLIP-SAMv2/generated_neg_output/udiat_clip_image2prompt_closedform/000018.png,"A mammogram with no suspicious masses or malignant findings, indicating a normal scan.",/home/woojye2020/decs_jupyter_lab/MedCLIP-SAMv2/generated_neg_output/udiat_clip_image2prompt_closedform/000018.png,"A medical breast mammogram showing an irregular, spiculated mass suggestive of a malignant breast tumor."
/home/woojye2020/decs_jupyter_lab/MedCLIP-SAMv2/UDIAT/Malignant/000018.png,"A mammogram displaying a poorly defined, lobulated mass indicative of a malignant breast tumor.",/home/woojye2020/decs_jupyter_lab/MedCLIP-SAMv2/UDIAT/Malignant/000018.png,A breast imaging study revealing no signs of benign or malignant tumors.
/home/woojye2020/decs_jupyter_lab/MedCLIP-SAMv2/generated_neg_output/udiat_clip_image2prompt_closedform/000018.png,A breast imaging study revealing no signs of benign or malignant tumors.,/home/woojye2020/decs_jupyter_lab/MedCLIP-SAMv2/generated_neg_output/udiat_clip_image2prompt_closedform/000018.png,"A mammogram displaying a poorly defined, lobulated mass indicative of a malignant breast tumor."
/home/woojye2020/decs_jupyter_lab/MedCLIP-SAMv2/UDIAT/Malignant/000018.png,"A breast imaging study revealing an irregularly shaped, invasive mass likely representing a malignant breast tumor.",/home/woojye2020/decs_jupyter_lab/MedCLIP-SAMv2/UDIAT/Malignant/000018.png,A mammogram showing symmetrical breast tissue with no focal masses or clinical findings.
/home/woojye2020/decs_jupyter_lab/MedCLIP-SAMv2/generated_neg_output/udiat_clip_image2prompt_closedform/000018.png,A mammogram showing symmetrical breast tissue with no focal masses or clinical findings.,/home/woojye2020/decs_jupyter_lab/MedCLIP-SAMv2/generated_neg_output/udiat_clip_image2prompt_closedform/000018.png,"A breast imaging study revealing an irregularly shaped, invasive mass likely representing a malignant breast tumor."
/home/woojye2020/decs_jupyter_lab/MedCLIP-SAMv2/UDIAT/Malignant/000018.png,"A mammogram showing a dense, spiculated mass suggestive of a malignant breast tumor.",/home/woojye2020/decs_jupyter_lab/MedCLIP-SAMv2/UDIAT/Malignant/000018.png,A diagnostic mammogram displaying normal glandular tissue without any detectable lesions.
/home/woojye2020/decs_jupyter_lab/MedCLIP-SAMv2/generated_neg_output/udiat_clip_image2prompt_closedform/000018.png,A diagnostic mammogram displaying normal glandular tissue without any detectable lesions.,/home/woojye2020/decs_jupyter_lab/MedCLIP-SAMv2/generated_neg_output/udiat_clip_image2prompt_closedform/000018.png,"A mammogram showing a dense, spiculated mass suggestive of a malignant breast tumor."
/home/woojye2020/decs_jupyter_lab/MedCLIP-SAMv2/UDIAT/Benign/000019.png,"A medical breast mammogram showing a well-defined, round mass suggestive of a benign breast tumor.",/home/woojye2020/decs_jupyter_lab/MedCLIP-SAMv2/UDIAT/Benign/000019.png,A medical breast mammogram showing normal breast tissue with no evidence of tumor.
/home/woojye2020/decs_jupyter_lab/MedCLIP-SAMv2/generated_neg_output/udiat_clip_image2prompt_closedform/000019.png,A medical breast mammogram showing normal breast tissue with no evidence of tumor.,/home/woojye2020/decs_jupyter_lab/MedCLIP-SAMv2/generated_neg_output/udiat_clip_image2prompt_closedform/000019.png,"A medical breast mammogram showing a well-defined, round mass suggestive of a benign breast tumor."
/home/woojye2020/decs_jupyter_lab/MedCLIP-SAMv2/UDIAT/Benign/000019.png,"A medical breast mammogram showing a smooth, well-circumscribed mass suggestive of a benign breast tumor.",/home/woojye2020/decs_jupyter_lab/MedCLIP-SAMv2/UDIAT/Benign/000019.png,"A mammogram with no suspicious masses or malignant findings, indicating a normal scan."
/home/woojye2020/decs_jupyter_lab/MedCLIP-SAMv2/generated_neg_output/udiat_clip_image2prompt_closedform/000019.png,"A mammogram with no suspicious masses or malignant findings, indicating a normal scan.",/home/woojye2020/decs_jupyter_lab/MedCLIP-SAMv2/generated_neg_output/udiat_clip_image2prompt_closedform/000019.png,"A medical breast mammogram showing a smooth, well-circumscribed mass suggestive of a benign breast tumor."
/home/woojye2020/decs_jupyter_lab/MedCLIP-SAMv2/UDIAT/Benign/000019.png,"A mammogram displaying a round, homogeneous mass indicative of a benign breast tumor.",/home/woojye2020/decs_jupyter_lab/MedCLIP-SAMv2/UDIAT/Benign/000019.png,A breast imaging study revealing no signs of benign or malignant tumors.
/home/woojye2020/decs_jupyter_lab/MedCLIP-SAMv2/generated_neg_output/udiat_clip_image2prompt_closedform/000019.png,A breast imaging study revealing no signs of benign or malignant tumors.,/home/woojye2020/decs_jupyter_lab/MedCLIP-SAMv2/generated_neg_output/udiat_clip_image2prompt_closedform/000019.png,"A mammogram displaying a round, homogeneous mass indicative of a benign breast tumor."
/home/woojye2020/decs_jupyter_lab/MedCLIP-SAMv2/UDIAT/Benign/000019.png,"A breast imaging study revealing a well-defined, encapsulated mass likely representing a benign breast tumor.",/home/woojye2020/decs_jupyter_lab/MedCLIP-SAMv2/UDIAT/Benign/000019.png,A mammogram showing symmetrical breast tissue with no focal masses or clinical findings.
/home/woojye2020/decs_jupyter_lab/MedCLIP-SAMv2/generated_neg_output/udiat_clip_image2prompt_closedform/000019.png,A mammogram showing symmetrical breast tissue with no focal masses or clinical findings.,/home/woojye2020/decs_jupyter_lab/MedCLIP-SAMv2/generated_neg_output/udiat_clip_image2prompt_closedform/000019.png,"A breast imaging study revealing a well-defined, encapsulated mass likely representing a benign breast tumor."
/home/woojye2020/decs_jupyter_lab/MedCLIP-SAMv2/UDIAT/Benign/000019.png,"A mammogram showing a sharply marginated, round mass suggestive of a benign breast tumor.",/home/woojye2020/decs_jupyter_lab/MedCLIP-SAMv2/UDIAT/Benign/000019.png,A diagnostic mammogram displaying normal glandular tissue without any detectable lesions.
/home/woojye2020/decs_jupyter_lab/MedCLIP-SAMv2/generated_neg_output/udiat_clip_image2prompt_closedform/000019.png,A diagnostic mammogram displaying normal glandular tissue without any detectable lesions.,/home/woojye2020/decs_jupyter_lab/MedCLIP-SAMv2/generated_neg_output/udiat_clip_image2prompt_closedform/000019.png,"A mammogram showing a sharply marginated, round mass suggestive of a benign breast tumor."
/home/woojye2020/decs_jupyter_lab/MedCLIP-SAMv2/UDIAT/Benign/000020.png,"A medical breast mammogram showing a well-defined, round mass suggestive of a benign breast tumor.",/home/woojye2020/decs_jupyter_lab/MedCLIP-SAMv2/UDIAT/Benign/000020.png,A medical breast mammogram showing normal breast tissue with no evidence of tumor.
/home/woojye2020/decs_jupyter_lab/MedCLIP-SAMv2/generated_neg_output/udiat_clip_image2prompt_closedform/000020.png,A medical breast mammogram showing normal breast tissue with no evidence of tumor.,/home/woojye2020/decs_jupyter_lab/MedCLIP-SAMv2/generated_neg_output/udiat_clip_image2prompt_closedform/000020.png,"A medical breast mammogram showing a well-defined, round mass suggestive of a benign breast tumor."
/home/woojye2020/decs_jupyter_lab/MedCLIP-SAMv2/UDIAT/Benign/000020.png,"A medical breast mammogram showing a smooth, well-circumscribed mass suggestive of a benign breast tumor.",/home/woojye2020/decs_jupyter_lab/MedCLIP-SAMv2/UDIAT/Benign/000020.png,"A mammogram with no suspicious masses or malignant findings, indicating a normal scan."
/home/woojye2020/decs_jupyter_lab/MedCLIP-SAMv2/generated_neg_output/udiat_clip_image2prompt_closedform/000020.png,"A mammogram with no suspicious masses or malignant findings, indicating a normal scan.",/home/woojye2020/decs_jupyter_lab/MedCLIP-SAMv2/generated_neg_output/udiat_clip_image2prompt_closedform/000020.png,"A medical breast mammogram showing a smooth, well-circumscribed mass suggestive of a benign breast tumor."
/home/woojye2020/decs_jupyter_lab/MedCLIP-SAMv2/UDIAT/Benign/000020.png,"A mammogram displaying a round, homogeneous mass indicative of a benign breast tumor.",/home/woojye2020/decs_jupyter_lab/MedCLIP-SAMv2/UDIAT/Benign/000020.png,A breast imaging study revealing no signs of benign or malignant tumors.
/home/woojye2020/decs_jupyter_lab/MedCLIP-SAMv2/generated_neg_output/udiat_clip_image2prompt_closedform/000020.png,A breast imaging study revealing no signs of benign or malignant tumors.,/home/woojye2020/decs_jupyter_lab/MedCLIP-SAMv2/generated_neg_output/udiat_clip_image2prompt_closedform/000020.png,"A mammogram displaying a round, homogeneous mass indicative of a benign breast tumor."
/home/woojye2020/decs_jupyter_lab/MedCLIP-SAMv2/UDIAT/Benign/000020.png,"A breast imaging study revealing a well-defined, encapsulated mass likely representing a benign breast tumor.",/home/woojye2020/decs_jupyter_lab/MedCLIP-SAMv2/UDIAT/Benign/000020.png,A mammogram showing symmetrical breast tissue with no focal masses or clinical findings.
/home/woojye2020/decs_jupyter_lab/MedCLIP-SAMv2/generated_neg_output/udiat_clip_image2prompt_closedform/000020.png,A mammogram showing symmetrical breast tissue with no focal masses or clinical findings.,/home/woojye2020/decs_jupyter_lab/MedCLIP-SAMv2/generated_neg_output/udiat_clip_image2prompt_closedform/000020.png,"A breast imaging study revealing a well-defined, encapsulated mass likely representing a benign breast tumor."
/home/woojye2020/decs_jupyter_lab/MedCLIP-SAMv2/UDIAT/Benign/000020.png,"A mammogram showing a sharply marginated, round mass suggestive of a benign breast tumor.",/home/woojye2020/decs_jupyter_lab/MedCLIP-SAMv2/UDIAT/Benign/000020.png,A diagnostic mammogram displaying normal glandular tissue without any detectable lesions.
/home/woojye2020/decs_jupyter_lab/MedCLIP-SAMv2/generated_neg_output/udiat_clip_image2prompt_closedform/000020.png,A diagnostic mammogram displaying normal glandular tissue without any detectable lesions.,/home/woojye2020/decs_jupyter_lab/MedCLIP-SAMv2/generated_neg_output/udiat_clip_image2prompt_closedform/000020.png,"A mammogram showing a sharply marginated, round mass suggestive of a benign breast tumor."
/home/woojye2020/decs_jupyter_lab/MedCLIP-SAMv2/UDIAT/Benign/000021.png,"A medical breast mammogram showing a well-defined, round mass suggestive of a benign breast tumor.",/home/woojye2020/decs_jupyter_lab/MedCLIP-SAMv2/UDIAT/Benign/000021.png,A medical breast mammogram showing normal breast tissue with no evidence of tumor.
/home/woojye2020/decs_jupyter_lab/MedCLIP-SAMv2/generated_neg_output/udiat_clip_image2prompt_closedform/000021.png,A medical breast mammogram showing normal breast tissue with no evidence of tumor.,/home/woojye2020/decs_jupyter_lab/MedCLIP-SAMv2/generated_neg_output/udiat_clip_image2prompt_closedform/000021.png,"A medical breast mammogram showing a well-defined, round mass suggestive of a benign breast tumor."
/home/woojye2020/decs_jupyter_lab/MedCLIP-SAMv2/UDIAT/Benign/000021.png,"A medical breast mammogram showing a smooth, well-circumscribed mass suggestive of a benign breast tumor.",/home/woojye2020/decs_jupyter_lab/MedCLIP-SAMv2/UDIAT/Benign/000021.png,"A mammogram with no suspicious masses or malignant findings, indicating a normal scan."
/home/woojye2020/decs_jupyter_lab/MedCLIP-SAMv2/generated_neg_output/udiat_clip_image2prompt_closedform/000021.png,"A mammogram with no suspicious masses or malignant findings, indicating a normal scan.",/home/woojye2020/decs_jupyter_lab/MedCLIP-SAMv2/generated_neg_output/udiat_clip_image2prompt_closedform/000021.png,"A medical breast mammogram showing a smooth, well-circumscribed mass suggestive of a benign breast tumor."
/home/woojye2020/decs_jupyter_lab/MedCLIP-SAMv2/UDIAT/Benign/000021.png,"A mammogram displaying a round, homogeneous mass indicative of a benign breast tumor.",/home/woojye2020/decs_jupyter_lab/MedCLIP-SAMv2/UDIAT/Benign/000021.png,A breast imaging study revealing no signs of benign or malignant tumors.
/home/woojye2020/decs_jupyter_lab/MedCLIP-SAMv2/generated_neg_output/udiat_clip_image2prompt_closedform/000021.png,A breast imaging study revealing no signs of benign or malignant tumors.,/home/woojye2020/decs_jupyter_lab/MedCLIP-SAMv2/generated_neg_output/udiat_clip_image2prompt_closedform/000021.png,"A mammogram displaying a round, homogeneous mass indicative of a benign breast tumor."
/home/woojye2020/decs_jupyter_lab/MedCLIP-SAMv2/UDIAT/Benign/000021.png,"A breast imaging study revealing a well-defined, encapsulated mass likely representing a benign breast tumor.",/home/woojye2020/decs_jupyter_lab/MedCLIP-SAMv2/UDIAT/Benign/000021.png,A mammogram showing symmetrical breast tissue with no focal masses or clinical findings.
/home/woojye2020/decs_jupyter_lab/MedCLIP-SAMv2/generated_neg_output/udiat_clip_image2prompt_closedform/000021.png,A mammogram showing symmetrical breast tissue with no focal masses or clinical findings.,/home/woojye2020/decs_jupyter_lab/MedCLIP-SAMv2/generated_neg_output/udiat_clip_image2prompt_closedform/000021.png,"A breast imaging study revealing a well-defined, encapsulated mass likely representing a benign breast tumor."
/home/woojye2020/decs_jupyter_lab/MedCLIP-SAMv2/UDIAT/Benign/000021.png,"A mammogram showing a sharply marginated, round mass suggestive of a benign breast tumor.",/home/woojye2020/decs_jupyter_lab/MedCLIP-SAMv2/UDIAT/Benign/000021.png,A diagnostic mammogram displaying normal glandular tissue without any detectable lesions.
/home/woojye2020/decs_jupyter_lab/MedCLIP-SAMv2/generated_neg_output/udiat_clip_image2prompt_closedform/000021.png,A diagnostic mammogram displaying normal glandular tissue without any detectable lesions.,/home/woojye2020/decs_jupyter_lab/MedCLIP-SAMv2/generated_neg_output/udiat_clip_image2prompt_closedform/000021.png,"A mammogram showing a sharply marginated, round mass suggestive of a benign breast tumor."
/home/woojye2020/decs_jupyter_lab/MedCLIP-SAMv2/UDIAT/Benign/000022.png,"A medical breast mammogram showing a well-defined, round mass suggestive of a benign breast tumor.",/home/woojye2020/decs_jupyter_lab/MedCLIP-SAMv2/UDIAT/Benign/000022.png,A medical breast mammogram showing normal breast tissue with no evidence of tumor.
/home/woojye2020/decs_jupyter_lab/MedCLIP-SAMv2/generated_neg_output/udiat_clip_image2prompt_closedform/000022.png,A medical breast mammogram showing normal breast tissue with no evidence of tumor.,/home/woojye2020/decs_jupyter_lab/MedCLIP-SAMv2/generated_neg_output/udiat_clip_image2prompt_closedform/000022.png,"A medical breast mammogram showing a well-defined, round mass suggestive of a benign breast tumor."
/home/woojye2020/decs_jupyter_lab/MedCLIP-SAMv2/UDIAT/Benign/000022.png,"A medical breast mammogram showing a smooth, well-circumscribed mass suggestive of a benign breast tumor.",/home/woojye2020/decs_jupyter_lab/MedCLIP-SAMv2/UDIAT/Benign/000022.png,"A mammogram with no suspicious masses or malignant findings, indicating a normal scan."
/home/woojye2020/decs_jupyter_lab/MedCLIP-SAMv2/generated_neg_output/udiat_clip_image2prompt_closedform/000022.png,"A mammogram with no suspicious masses or malignant findings, indicating a normal scan.",/home/woojye2020/decs_jupyter_lab/MedCLIP-SAMv2/generated_neg_output/udiat_clip_image2prompt_closedform/000022.png,"A medical breast mammogram showing a smooth, well-circumscribed mass suggestive of a benign breast tumor."
/home/woojye2020/decs_jupyter_lab/MedCLIP-SAMv2/UDIAT/Benign/000022.png,"A mammogram displaying a round, homogeneous mass indicative of a benign breast tumor.",/home/woojye2020/decs_jupyter_lab/MedCLIP-SAMv2/UDIAT/Benign/000022.png,A breast imaging study revealing no signs of benign or malignant tumors.
/home/woojye2020/decs_jupyter_lab/MedCLIP-SAMv2/generated_neg_output/udiat_clip_image2prompt_closedform/000022.png,A breast imaging study revealing no signs of benign or malignant tumors.,/home/woojye2020/decs_jupyter_lab/MedCLIP-SAMv2/generated_neg_output/udiat_clip_image2prompt_closedform/000022.png,"A mammogram displaying a round, homogeneous mass indicative of a benign breast tumor."
/home/woojye2020/decs_jupyter_lab/MedCLIP-SAMv2/UDIAT/Benign/000022.png,"A breast imaging study revealing a well-defined, encapsulated mass likely representing a benign breast tumor.",/home/woojye2020/decs_jupyter_lab/MedCLIP-SAMv2/UDIAT/Benign/000022.png,A mammogram showing symmetrical breast tissue with no focal masses or clinical findings.
/home/woojye2020/decs_jupyter_lab/MedCLIP-SAMv2/generated_neg_output/udiat_clip_image2prompt_closedform/000022.png,A mammogram showing symmetrical breast tissue with no focal masses or clinical findings.,/home/woojye2020/decs_jupyter_lab/MedCLIP-SAMv2/generated_neg_output/udiat_clip_image2prompt_closedform/000022.png,"A breast imaging study revealing a well-defined, encapsulated mass likely representing a benign breast tumor."
/home/woojye2020/decs_jupyter_lab/MedCLIP-SAMv2/UDIAT/Benign/000022.png,"A mammogram showing a sharply marginated, round mass suggestive of a benign breast tumor.",/home/woojye2020/decs_jupyter_lab/MedCLIP-SAMv2/UDIAT/Benign/000022.png,A diagnostic mammogram displaying normal glandular tissue without any detectable lesions.
/home/woojye2020/decs_jupyter_lab/MedCLIP-SAMv2/generated_neg_output/udiat_clip_image2prompt_closedform/000022.png,A diagnostic mammogram displaying normal glandular tissue without any detectable lesions.,/home/woojye2020/decs_jupyter_lab/MedCLIP-SAMv2/generated_neg_output/udiat_clip_image2prompt_closedform/000022.png,"A mammogram showing a sharply marginated, round mass suggestive of a benign breast tumor."
/home/woojye2020/decs_jupyter_lab/MedCLIP-SAMv2/UDIAT/Malignant/000023.png,"A medical breast mammogram showing an irregularly shaped, spiculated mass suggestive of a malignant breast tumor.",/home/woojye2020/decs_jupyter_lab/MedCLIP-SAMv2/UDIAT/Malignant/000023.png,A medical breast mammogram showing normal breast tissue with no evidence of tumor.
/home/woojye2020/decs_jupyter_lab/MedCLIP-SAMv2/generated_neg_output/udiat_clip_image2prompt_closedform/000023.png,A medical breast mammogram showing normal breast tissue with no evidence of tumor.,/home/woojye2020/decs_jupyter_lab/MedCLIP-SAMv2/generated_neg_output/udiat_clip_image2prompt_closedform/000023.png,"A medical breast mammogram showing an irregularly shaped, spiculated mass suggestive of a malignant breast tumor."
/home/woojye2020/decs_jupyter_lab/MedCLIP-SAMv2/UDIAT/Malignant/000023.png,"A medical breast mammogram showing an irregular, spiculated mass suggestive of a malignant breast tumor.",/home/woojye2020/decs_jupyter_lab/MedCLIP-SAMv2/UDIAT/Malignant/000023.png,"A mammogram with no suspicious masses or malignant findings, indicating a normal scan."
/home/woojye2020/decs_jupyter_lab/MedCLIP-SAMv2/generated_neg_output/udiat_clip_image2prompt_closedform/000023.png,"A mammogram with no suspicious masses or malignant findings, indicating a normal scan.",/home/woojye2020/decs_jupyter_lab/MedCLIP-SAMv2/generated_neg_output/udiat_clip_image2prompt_closedform/000023.png,"A medical breast mammogram showing an irregular, spiculated mass suggestive of a malignant breast tumor."
/home/woojye2020/decs_jupyter_lab/MedCLIP-SAMv2/UDIAT/Malignant/000023.png,"A mammogram displaying a poorly defined, lobulated mass indicative of a malignant breast tumor.",/home/woojye2020/decs_jupyter_lab/MedCLIP-SAMv2/UDIAT/Malignant/000023.png,A breast imaging study revealing no signs of benign or malignant tumors.
/home/woojye2020/decs_jupyter_lab/MedCLIP-SAMv2/generated_neg_output/udiat_clip_image2prompt_closedform/000023.png,A breast imaging study revealing no signs of benign or malignant tumors.,/home/woojye2020/decs_jupyter_lab/MedCLIP-SAMv2/generated_neg_output/udiat_clip_image2prompt_closedform/000023.png,"A mammogram displaying a poorly defined, lobulated mass indicative of a malignant breast tumor."
/home/woojye2020/decs_jupyter_lab/MedCLIP-SAMv2/UDIAT/Malignant/000023.png,"A breast imaging study revealing an irregularly shaped, invasive mass likely representing a malignant breast tumor.",/home/woojye2020/decs_jupyter_lab/MedCLIP-SAMv2/UDIAT/Malignant/000023.png,A mammogram showing symmetrical breast tissue with no focal masses or clinical findings.
/home/woojye2020/decs_jupyter_lab/MedCLIP-SAMv2/generated_neg_output/udiat_clip_image2prompt_closedform/000023.png,A mammogram showing symmetrical breast tissue with no focal masses or clinical findings.,/home/woojye2020/decs_jupyter_lab/MedCLIP-SAMv2/generated_neg_output/udiat_clip_image2prompt_closedform/000023.png,"A breast imaging study revealing an irregularly shaped, invasive mass likely representing a malignant breast tumor."
/home/woojye2020/decs_jupyter_lab/MedCLIP-SAMv2/UDIAT/Malignant/000023.png,"A mammogram showing a dense, spiculated mass suggestive of a malignant breast tumor.",/home/woojye2020/decs_jupyter_lab/MedCLIP-SAMv2/UDIAT/Malignant/000023.png,A diagnostic mammogram displaying normal glandular tissue without any detectable lesions.
/home/woojye2020/decs_jupyter_lab/MedCLIP-SAMv2/generated_neg_output/udiat_clip_image2prompt_closedform/000023.png,A diagnostic mammogram displaying normal glandular tissue without any detectable lesions.,/home/woojye2020/decs_jupyter_lab/MedCLIP-SAMv2/generated_neg_output/udiat_clip_image2prompt_closedform/000023.png,"A mammogram showing a dense, spiculated mass suggestive of a malignant breast tumor."
/home/woojye2020/decs_jupyter_lab/MedCLIP-SAMv2/UDIAT/Malignant/000024.png,"A medical breast mammogram showing an irregularly shaped, spiculated mass suggestive of a malignant breast tumor.",/home/woojye2020/decs_jupyter_lab/MedCLIP-SAMv2/UDIAT/Malignant/000024.png,A medical breast mammogram showing normal breast tissue with no evidence of tumor.
/home/woojye2020/decs_jupyter_lab/MedCLIP-SAMv2/generated_neg_output/udiat_clip_image2prompt_closedform/000024.png,A medical breast mammogram showing normal breast tissue with no evidence of tumor.,/home/woojye2020/decs_jupyter_lab/MedCLIP-SAMv2/generated_neg_output/udiat_clip_image2prompt_closedform/000024.png,"A medical breast mammogram showing an irregularly shaped, spiculated mass suggestive of a malignant breast tumor."
/home/woojye2020/decs_jupyter_lab/MedCLIP-SAMv2/UDIAT/Malignant/000024.png,"A medical breast mammogram showing an irregular, spiculated mass suggestive of a malignant breast tumor.",/home/woojye2020/decs_jupyter_lab/MedCLIP-SAMv2/UDIAT/Malignant/000024.png,"A mammogram with no suspicious masses or malignant findings, indicating a normal scan."
/home/woojye2020/decs_jupyter_lab/MedCLIP-SAMv2/generated_neg_output/udiat_clip_image2prompt_closedform/000024.png,"A mammogram with no suspicious masses or malignant findings, indicating a normal scan.",/home/woojye2020/decs_jupyter_lab/MedCLIP-SAMv2/generated_neg_output/udiat_clip_image2prompt_closedform/000024.png,"A medical breast mammogram showing an irregular, spiculated mass suggestive of a malignant breast tumor."
/home/woojye2020/decs_jupyter_lab/MedCLIP-SAMv2/UDIAT/Malignant/000024.png,"A mammogram displaying a poorly defined, lobulated mass indicative of a malignant breast tumor.",/home/woojye2020/decs_jupyter_lab/MedCLIP-SAMv2/UDIAT/Malignant/000024.png,A breast imaging study revealing no signs of benign or malignant tumors.
/home/woojye2020/decs_jupyter_lab/MedCLIP-SAMv2/generated_neg_output/udiat_clip_image2prompt_closedform/000024.png,A breast imaging study revealing no signs of benign or malignant tumors.,/home/woojye2020/decs_jupyter_lab/MedCLIP-SAMv2/generated_neg_output/udiat_clip_image2prompt_closedform/000024.png,"A mammogram displaying a poorly defined, lobulated mass indicative of a malignant breast tumor."
/home/woojye2020/decs_jupyter_lab/MedCLIP-SAMv2/UDIAT/Malignant/000024.png,"A breast imaging study revealing an irregularly shaped, invasive mass likely representing a malignant breast tumor.",/home/woojye2020/decs_jupyter_lab/MedCLIP-SAMv2/UDIAT/Malignant/000024.png,A mammogram showing symmetrical breast tissue with no focal masses or clinical findings.
/home/woojye2020/decs_jupyter_lab/MedCLIP-SAMv2/generated_neg_output/udiat_clip_image2prompt_closedform/000024.png,A mammogram showing symmetrical breast tissue with no focal masses or clinical findings.,/home/woojye2020/decs_jupyter_lab/MedCLIP-SAMv2/generated_neg_output/udiat_clip_image2prompt_closedform/000024.png,"A breast imaging study revealing an irregularly shaped, invasive mass likely representing a malignant breast tumor."
/home/woojye2020/decs_jupyter_lab/MedCLIP-SAMv2/UDIAT/Malignant/000024.png,"A mammogram showing a dense, spiculated mass suggestive of a malignant breast tumor.",/home/woojye2020/decs_jupyter_lab/MedCLIP-SAMv2/UDIAT/Malignant/000024.png,A diagnostic mammogram displaying normal glandular tissue without any detectable lesions.
/home/woojye2020/decs_jupyter_lab/MedCLIP-SAMv2/generated_neg_output/udiat_clip_image2prompt_closedform/000024.png,A diagnostic mammogram displaying normal glandular tissue without any detectable lesions.,/home/woojye2020/decs_jupyter_lab/MedCLIP-SAMv2/generated_neg_output/udiat_clip_image2prompt_closedform/000024.png,"A mammogram showing a dense, spiculated mass suggestive of a malignant breast tumor."
/home/woojye2020/decs_jupyter_lab/MedCLIP-SAMv2/UDIAT/Malignant/000025.png,"A medical breast mammogram showing an irregularly shaped, spiculated mass suggestive of a malignant breast tumor.",/home/woojye2020/decs_jupyter_lab/MedCLIP-SAMv2/UDIAT/Malignant/000025.png,A medical breast mammogram showing normal breast tissue with no evidence of tumor.
/home/woojye2020/decs_jupyter_lab/MedCLIP-SAMv2/generated_neg_output/udiat_clip_image2prompt_closedform/000025.png,A medical breast mammogram showing normal breast tissue with no evidence of tumor.,/home/woojye2020/decs_jupyter_lab/MedCLIP-SAMv2/generated_neg_output/udiat_clip_image2prompt_closedform/000025.png,"A medical breast mammogram showing an irregularly shaped, spiculated mass suggestive of a malignant breast tumor."
/home/woojye2020/decs_jupyter_lab/MedCLIP-SAMv2/UDIAT/Malignant/000025.png,"A medical breast mammogram showing an irregular, spiculated mass suggestive of a malignant breast tumor.",/home/woojye2020/decs_jupyter_lab/MedCLIP-SAMv2/UDIAT/Malignant/000025.png,"A mammogram with no suspicious masses or malignant findings, indicating a normal scan."
/home/woojye2020/decs_jupyter_lab/MedCLIP-SAMv2/generated_neg_output/udiat_clip_image2prompt_closedform/000025.png,"A mammogram with no suspicious masses or malignant findings, indicating a normal scan.",/home/woojye2020/decs_jupyter_lab/MedCLIP-SAMv2/generated_neg_output/udiat_clip_image2prompt_closedform/000025.png,"A medical breast mammogram showing an irregular, spiculated mass suggestive of a malignant breast tumor."
/home/woojye2020/decs_jupyter_lab/MedCLIP-SAMv2/UDIAT/Malignant/000025.png,"A mammogram displaying a poorly defined, lobulated mass indicative of a malignant breast tumor.",/home/woojye2020/decs_jupyter_lab/MedCLIP-SAMv2/UDIAT/Malignant/000025.png,A breast imaging study revealing no signs of benign or malignant tumors.
/home/woojye2020/decs_jupyter_lab/MedCLIP-SAMv2/generated_neg_output/udiat_clip_image2prompt_closedform/000025.png,A breast imaging study revealing no signs of benign or malignant tumors.,/home/woojye2020/decs_jupyter_lab/MedCLIP-SAMv2/generated_neg_output/udiat_clip_image2prompt_closedform/000025.png,"A mammogram displaying a poorly defined, lobulated mass indicative of a malignant breast tumor."
/home/woojye2020/decs_jupyter_lab/MedCLIP-SAMv2/UDIAT/Malignant/000025.png,"A breast imaging study revealing an irregularly shaped, invasive mass likely representing a malignant breast tumor.",/home/woojye2020/decs_jupyter_lab/MedCLIP-SAMv2/UDIAT/Malignant/000025.png,A mammogram showing symmetrical breast tissue with no focal masses or clinical findings.
/home/woojye2020/decs_jupyter_lab/MedCLIP-SAMv2/generated_neg_output/udiat_clip_image2prompt_closedform/000025.png,A mammogram showing symmetrical breast tissue with no focal masses or clinical findings.,/home/woojye2020/decs_jupyter_lab/MedCLIP-SAMv2/generated_neg_output/udiat_clip_image2prompt_closedform/000025.png,"A breast imaging study revealing an irregularly shaped, invasive mass likely representing a malignant breast tumor."
/home/woojye2020/decs_jupyter_lab/MedCLIP-SAMv2/UDIAT/Malignant/000025.png,"A mammogram showing a dense, spiculated mass suggestive of a malignant breast tumor.",/home/woojye2020/decs_jupyter_lab/MedCLIP-SAMv2/UDIAT/Malignant/000025.png,A diagnostic mammogram displaying normal glandular tissue without any detectable lesions.
/home/woojye2020/decs_jupyter_lab/MedCLIP-SAMv2/generated_neg_output/udiat_clip_image2prompt_closedform/000025.png,A diagnostic mammogram displaying normal glandular tissue without any detectable lesions.,/home/woojye2020/decs_jupyter_lab/MedCLIP-SAMv2/generated_neg_output/udiat_clip_image2prompt_closedform/000025.png,"A mammogram showing a dense, spiculated mass suggestive of a malignant breast tumor."
/home/woojye2020/decs_jupyter_lab/MedCLIP-SAMv2/UDIAT/Benign/000026.png,"A medical breast mammogram showing a well-defined, round mass suggestive of a benign breast tumor.",/home/woojye2020/decs_jupyter_lab/MedCLIP-SAMv2/UDIAT/Benign/000026.png,A medical breast mammogram showing normal breast tissue with no evidence of tumor.
/home/woojye2020/decs_jupyter_lab/MedCLIP-SAMv2/generated_neg_output/udiat_clip_image2prompt_closedform/000026.png,A medical breast mammogram showing normal breast tissue with no evidence of tumor.,/home/woojye2020/decs_jupyter_lab/MedCLIP-SAMv2/generated_neg_output/udiat_clip_image2prompt_closedform/000026.png,"A medical breast mammogram showing a well-defined, round mass suggestive of a benign breast tumor."
/home/woojye2020/decs_jupyter_lab/MedCLIP-SAMv2/UDIAT/Benign/000026.png,"A medical breast mammogram showing a smooth, well-circumscribed mass suggestive of a benign breast tumor.",/home/woojye2020/decs_jupyter_lab/MedCLIP-SAMv2/UDIAT/Benign/000026.png,"A mammogram with no suspicious masses or malignant findings, indicating a normal scan."
/home/woojye2020/decs_jupyter_lab/MedCLIP-SAMv2/generated_neg_output/udiat_clip_image2prompt_closedform/000026.png,"A mammogram with no suspicious masses or malignant findings, indicating a normal scan.",/home/woojye2020/decs_jupyter_lab/MedCLIP-SAMv2/generated_neg_output/udiat_clip_image2prompt_closedform/000026.png,"A medical breast mammogram showing a smooth, well-circumscribed mass suggestive of a benign breast tumor."
/home/woojye2020/decs_jupyter_lab/MedCLIP-SAMv2/UDIAT/Benign/000026.png,"A mammogram displaying a round, homogeneous mass indicative of a benign breast tumor.",/home/woojye2020/decs_jupyter_lab/MedCLIP-SAMv2/UDIAT/Benign/000026.png,A breast imaging study revealing no signs of benign or malignant tumors.
/home/woojye2020/decs_jupyter_lab/MedCLIP-SAMv2/generated_neg_output/udiat_clip_image2prompt_closedform/000026.png,A breast imaging study revealing no signs of benign or malignant tumors.,/home/woojye2020/decs_jupyter_lab/MedCLIP-SAMv2/generated_neg_output/udiat_clip_image2prompt_closedform/000026.png,"A mammogram displaying a round, homogeneous mass indicative of a benign breast tumor."
/home/woojye2020/decs_jupyter_lab/MedCLIP-SAMv2/UDIAT/Benign/000026.png,"A breast imaging study revealing a well-defined, encapsulated mass likely representing a benign breast tumor.",/home/woojye2020/decs_jupyter_lab/MedCLIP-SAMv2/UDIAT/Benign/000026.png,A mammogram showing symmetrical breast tissue with no focal masses or clinical findings.
/home/woojye2020/decs_jupyter_lab/MedCLIP-SAMv2/generated_neg_output/udiat_clip_image2prompt_closedform/000026.png,A mammogram showing symmetrical breast tissue with no focal masses or clinical findings.,/home/woojye2020/decs_jupyter_lab/MedCLIP-SAMv2/generated_neg_output/udiat_clip_image2prompt_closedform/000026.png,"A breast imaging study revealing a well-defined, encapsulated mass likely representing a benign breast tumor."
/home/woojye2020/decs_jupyter_lab/MedCLIP-SAMv2/UDIAT/Benign/000026.png,"A mammogram showing a sharply marginated, round mass suggestive of a benign breast tumor.",/home/woojye2020/decs_jupyter_lab/MedCLIP-SAMv2/UDIAT/Benign/000026.png,A diagnostic mammogram displaying normal glandular tissue without any detectable lesions.
/home/woojye2020/decs_jupyter_lab/MedCLIP-SAMv2/generated_neg_output/udiat_clip_image2prompt_closedform/000026.png,A diagnostic mammogram displaying normal glandular tissue without any detectable lesions.,/home/woojye2020/decs_jupyter_lab/MedCLIP-SAMv2/generated_neg_output/udiat_clip_image2prompt_closedform/000026.png,"A mammogram showing a sharply marginated, round mass suggestive of a benign breast tumor."
/home/woojye2020/decs_jupyter_lab/MedCLIP-SAMv2/UDIAT/Malignant/000027.png,"A medical breast mammogram showing an irregularly shaped, spiculated mass suggestive of a malignant breast tumor.",/home/woojye2020/decs_jupyter_lab/MedCLIP-SAMv2/UDIAT/Malignant/000027.png,A medical breast mammogram showing normal breast tissue with no evidence of tumor.
/home/woojye2020/decs_jupyter_lab/MedCLIP-SAMv2/generated_neg_output/udiat_clip_image2prompt_closedform/000027.png,A medical breast mammogram showing normal breast tissue with no evidence of tumor.,/home/woojye2020/decs_jupyter_lab/MedCLIP-SAMv2/generated_neg_output/udiat_clip_image2prompt_closedform/000027.png,"A medical breast mammogram showing an irregularly shaped, spiculated mass suggestive of a malignant breast tumor."
/home/woojye2020/decs_jupyter_lab/MedCLIP-SAMv2/UDIAT/Malignant/000027.png,"A medical breast mammogram showing an irregular, spiculated mass suggestive of a malignant breast tumor.",/home/woojye2020/decs_jupyter_lab/MedCLIP-SAMv2/UDIAT/Malignant/000027.png,"A mammogram with no suspicious masses or malignant findings, indicating a normal scan."
/home/woojye2020/decs_jupyter_lab/MedCLIP-SAMv2/generated_neg_output/udiat_clip_image2prompt_closedform/000027.png,"A mammogram with no suspicious masses or malignant findings, indicating a normal scan.",/home/woojye2020/decs_jupyter_lab/MedCLIP-SAMv2/generated_neg_output/udiat_clip_image2prompt_closedform/000027.png,"A medical breast mammogram showing an irregular, spiculated mass suggestive of a malignant breast tumor."
/home/woojye2020/decs_jupyter_lab/MedCLIP-SAMv2/UDIAT/Malignant/000027.png,"A mammogram displaying a poorly defined, lobulated mass indicative of a malignant breast tumor.",/home/woojye2020/decs_jupyter_lab/MedCLIP-SAMv2/UDIAT/Malignant/000027.png,A breast imaging study revealing no signs of benign or malignant tumors.
/home/woojye2020/decs_jupyter_lab/MedCLIP-SAMv2/generated_neg_output/udiat_clip_image2prompt_closedform/000027.png,A breast imaging study revealing no signs of benign or malignant tumors.,/home/woojye2020/decs_jupyter_lab/MedCLIP-SAMv2/generated_neg_output/udiat_clip_image2prompt_closedform/000027.png,"A mammogram displaying a poorly defined, lobulated mass indicative of a malignant breast tumor."
/home/woojye2020/decs_jupyter_lab/MedCLIP-SAMv2/UDIAT/Malignant/000027.png,"A breast imaging study revealing an irregularly shaped, invasive mass likely representing a malignant breast tumor.",/home/woojye2020/decs_jupyter_lab/MedCLIP-SAMv2/UDIAT/Malignant/000027.png,A mammogram showing symmetrical breast tissue with no focal masses or clinical findings.
/home/woojye2020/decs_jupyter_lab/MedCLIP-SAMv2/generated_neg_output/udiat_clip_image2prompt_closedform/000027.png,A mammogram showing symmetrical breast tissue with no focal masses or clinical findings.,/home/woojye2020/decs_jupyter_lab/MedCLIP-SAMv2/generated_neg_output/udiat_clip_image2prompt_closedform/000027.png,"A breast imaging study revealing an irregularly shaped, invasive mass likely representing a malignant breast tumor."
/home/woojye2020/decs_jupyter_lab/MedCLIP-SAMv2/UDIAT/Malignant/000027.png,"A mammogram showing a dense, spiculated mass suggestive of a malignant breast tumor.",/home/woojye2020/decs_jupyter_lab/MedCLIP-SAMv2/UDIAT/Malignant/000027.png,A diagnostic mammogram displaying normal glandular tissue without any detectable lesions.
/home/woojye2020/decs_jupyter_lab/MedCLIP-SAMv2/generated_neg_output/udiat_clip_image2prompt_closedform/000027.png,A diagnostic mammogram displaying normal glandular tissue without any detectable lesions.,/home/woojye2020/decs_jupyter_lab/MedCLIP-SAMv2/generated_neg_output/udiat_clip_image2prompt_closedform/000027.png,"A mammogram showing a dense, spiculated mass suggestive of a malignant breast tumor."
/home/woojye2020/decs_jupyter_lab/MedCLIP-SAMv2/UDIAT/Malignant/000028.png,"A medical breast mammogram showing an irregularly shaped, spiculated mass suggestive of a malignant breast tumor.",/home/woojye2020/decs_jupyter_lab/MedCLIP-SAMv2/UDIAT/Malignant/000028.png,A medical breast mammogram showing normal breast tissue with no evidence of tumor.
/home/woojye2020/decs_jupyter_lab/MedCLIP-SAMv2/generated_neg_output/udiat_clip_image2prompt_closedform/000028.png,A medical breast mammogram showing normal breast tissue with no evidence of tumor.,/home/woojye2020/decs_jupyter_lab/MedCLIP-SAMv2/generated_neg_output/udiat_clip_image2prompt_closedform/000028.png,"A medical breast mammogram showing an irregularly shaped, spiculated mass suggestive of a malignant breast tumor."
/home/woojye2020/decs_jupyter_lab/MedCLIP-SAMv2/UDIAT/Malignant/000028.png,"A medical breast mammogram showing an irregular, spiculated mass suggestive of a malignant breast tumor.",/home/woojye2020/decs_jupyter_lab/MedCLIP-SAMv2/UDIAT/Malignant/000028.png,"A mammogram with no suspicious masses or malignant findings, indicating a normal scan."
/home/woojye2020/decs_jupyter_lab/MedCLIP-SAMv2/generated_neg_output/udiat_clip_image2prompt_closedform/000028.png,"A mammogram with no suspicious masses or malignant findings, indicating a normal scan.",/home/woojye2020/decs_jupyter_lab/MedCLIP-SAMv2/generated_neg_output/udiat_clip_image2prompt_closedform/000028.png,"A medical breast mammogram showing an irregular, spiculated mass suggestive of a malignant breast tumor."
/home/woojye2020/decs_jupyter_lab/MedCLIP-SAMv2/UDIAT/Malignant/000028.png,"A mammogram displaying a poorly defined, lobulated mass indicative of a malignant breast tumor.",/home/woojye2020/decs_jupyter_lab/MedCLIP-SAMv2/UDIAT/Malignant/000028.png,A breast imaging study revealing no signs of benign or malignant tumors.
/home/woojye2020/decs_jupyter_lab/MedCLIP-SAMv2/generated_neg_output/udiat_clip_image2prompt_closedform/000028.png,A breast imaging study revealing no signs of benign or malignant tumors.,/home/woojye2020/decs_jupyter_lab/MedCLIP-SAMv2/generated_neg_output/udiat_clip_image2prompt_closedform/000028.png,"A mammogram displaying a poorly defined, lobulated mass indicative of a malignant breast tumor."
/home/woojye2020/decs_jupyter_lab/MedCLIP-SAMv2/UDIAT/Malignant/000028.png,"A breast imaging study revealing an irregularly shaped, invasive mass likely representing a malignant breast tumor.",/home/woojye2020/decs_jupyter_lab/MedCLIP-SAMv2/UDIAT/Malignant/000028.png,A mammogram showing symmetrical breast tissue with no focal masses or clinical findings.
/home/woojye2020/decs_jupyter_lab/MedCLIP-SAMv2/generated_neg_output/udiat_clip_image2prompt_closedform/000028.png,A mammogram showing symmetrical breast tissue with no focal masses or clinical findings.,/home/woojye2020/decs_jupyter_lab/MedCLIP-SAMv2/generated_neg_output/udiat_clip_image2prompt_closedform/000028.png,"A breast imaging study revealing an irregularly shaped, invasive mass likely representing a malignant breast tumor."
/home/woojye2020/decs_jupyter_lab/MedCLIP-SAMv2/UDIAT/Malignant/000028.png,"A mammogram showing a dense, spiculated mass suggestive of a malignant breast tumor.",/home/woojye2020/decs_jupyter_lab/MedCLIP-SAMv2/UDIAT/Malignant/000028.png,A diagnostic mammogram displaying normal glandular tissue without any detectable lesions.
/home/woojye2020/decs_jupyter_lab/MedCLIP-SAMv2/generated_neg_output/udiat_clip_image2prompt_closedform/000028.png,A diagnostic mammogram displaying normal glandular tissue without any detectable lesions.,/home/woojye2020/decs_jupyter_lab/MedCLIP-SAMv2/generated_neg_output/udiat_clip_image2prompt_closedform/000028.png,"A mammogram showing a dense, spiculated mass suggestive of a malignant breast tumor."
/home/woojye2020/decs_jupyter_lab/MedCLIP-SAMv2/UDIAT/Malignant/000029.png,"A medical breast mammogram showing an irregularly shaped, spiculated mass suggestive of a malignant breast tumor.",/home/woojye2020/decs_jupyter_lab/MedCLIP-SAMv2/UDIAT/Malignant/000029.png,A medical breast mammogram showing normal breast tissue with no evidence of tumor.
/home/woojye2020/decs_jupyter_lab/MedCLIP-SAMv2/generated_neg_output/udiat_clip_image2prompt_closedform/000029.png,A medical breast mammogram showing normal breast tissue with no evidence of tumor.,/home/woojye2020/decs_jupyter_lab/MedCLIP-SAMv2/generated_neg_output/udiat_clip_image2prompt_closedform/000029.png,"A medical breast mammogram showing an irregularly shaped, spiculated mass suggestive of a malignant breast tumor."
/home/woojye2020/decs_jupyter_lab/MedCLIP-SAMv2/UDIAT/Malignant/000029.png,"A medical breast mammogram showing an irregular, spiculated mass suggestive of a malignant breast tumor.",/home/woojye2020/decs_jupyter_lab/MedCLIP-SAMv2/UDIAT/Malignant/000029.png,"A mammogram with no suspicious masses or malignant findings, indicating a normal scan."
/home/woojye2020/decs_jupyter_lab/MedCLIP-SAMv2/generated_neg_output/udiat_clip_image2prompt_closedform/000029.png,"A mammogram with no suspicious masses or malignant findings, indicating a normal scan.",/home/woojye2020/decs_jupyter_lab/MedCLIP-SAMv2/generated_neg_output/udiat_clip_image2prompt_closedform/000029.png,"A medical breast mammogram showing an irregular, spiculated mass suggestive of a malignant breast tumor."
/home/woojye2020/decs_jupyter_lab/MedCLIP-SAMv2/UDIAT/Malignant/000029.png,"A mammogram displaying a poorly defined, lobulated mass indicative of a malignant breast tumor.",/home/woojye2020/decs_jupyter_lab/MedCLIP-SAMv2/UDIAT/Malignant/000029.png,A breast imaging study revealing no signs of benign or malignant tumors.
/home/woojye2020/decs_jupyter_lab/MedCLIP-SAMv2/generated_neg_output/udiat_clip_image2prompt_closedform/000029.png,A breast imaging study revealing no signs of benign or malignant tumors.,/home/woojye2020/decs_jupyter_lab/MedCLIP-SAMv2/generated_neg_output/udiat_clip_image2prompt_closedform/000029.png,"A mammogram displaying a poorly defined, lobulated mass indicative of a malignant breast tumor."
/home/woojye2020/decs_jupyter_lab/MedCLIP-SAMv2/UDIAT/Malignant/000029.png,"A breast imaging study revealing an irregularly shaped, invasive mass likely representing a malignant breast tumor.",/home/woojye2020/decs_jupyter_lab/MedCLIP-SAMv2/UDIAT/Malignant/000029.png,A mammogram showing symmetrical breast tissue with no focal masses or clinical findings.
/home/woojye2020/decs_jupyter_lab/MedCLIP-SAMv2/generated_neg_output/udiat_clip_image2prompt_closedform/000029.png,A mammogram showing symmetrical breast tissue with no focal masses or clinical findings.,/home/woojye2020/decs_jupyter_lab/MedCLIP-SAMv2/generated_neg_output/udiat_clip_image2prompt_closedform/000029.png,"A breast imaging study revealing an irregularly shaped, invasive mass likely representing a malignant breast tumor."
/home/woojye2020/decs_jupyter_lab/MedCLIP-SAMv2/UDIAT/Malignant/000029.png,"A mammogram showing a dense, spiculated mass suggestive of a malignant breast tumor.",/home/woojye2020/decs_jupyter_lab/MedCLIP-SAMv2/UDIAT/Malignant/000029.png,A diagnostic mammogram displaying normal glandular tissue without any detectable lesions.
/home/woojye2020/decs_jupyter_lab/MedCLIP-SAMv2/generated_neg_output/udiat_clip_image2prompt_closedform/000029.png,A diagnostic mammogram displaying normal glandular tissue without any detectable lesions.,/home/woojye2020/decs_jupyter_lab/MedCLIP-SAMv2/generated_neg_output/udiat_clip_image2prompt_closedform/000029.png,"A mammogram showing a dense, spiculated mass suggestive of a malignant breast tumor."
/home/woojye2020/decs_jupyter_lab/MedCLIP-SAMv2/UDIAT/Malignant/000030.png,"A medical breast mammogram showing an irregularly shaped, spiculated mass suggestive of a malignant breast tumor.",/home/woojye2020/decs_jupyter_lab/MedCLIP-SAMv2/UDIAT/Malignant/000030.png,A medical breast mammogram showing normal breast tissue with no evidence of tumor.
/home/woojye2020/decs_jupyter_lab/MedCLIP-SAMv2/generated_neg_output/udiat_clip_image2prompt_closedform/000030.png,A medical breast mammogram showing normal breast tissue with no evidence of tumor.,/home/woojye2020/decs_jupyter_lab/MedCLIP-SAMv2/generated_neg_output/udiat_clip_image2prompt_closedform/000030.png,"A medical breast mammogram showing an irregularly shaped, spiculated mass suggestive of a malignant breast tumor."
/home/woojye2020/decs_jupyter_lab/MedCLIP-SAMv2/UDIAT/Malignant/000030.png,"A medical breast mammogram showing an irregular, spiculated mass suggestive of a malignant breast tumor.",/home/woojye2020/decs_jupyter_lab/MedCLIP-SAMv2/UDIAT/Malignant/000030.png,"A mammogram with no suspicious masses or malignant findings, indicating a normal scan."
/home/woojye2020/decs_jupyter_lab/MedCLIP-SAMv2/generated_neg_output/udiat_clip_image2prompt_closedform/000030.png,"A mammogram with no suspicious masses or malignant findings, indicating a normal scan.",/home/woojye2020/decs_jupyter_lab/MedCLIP-SAMv2/generated_neg_output/udiat_clip_image2prompt_closedform/000030.png,"A medical breast mammogram showing an irregular, spiculated mass suggestive of a malignant breast tumor."
/home/woojye2020/decs_jupyter_lab/MedCLIP-SAMv2/UDIAT/Malignant/000030.png,"A mammogram displaying a poorly defined, lobulated mass indicative of a malignant breast tumor.",/home/woojye2020/decs_jupyter_lab/MedCLIP-SAMv2/UDIAT/Malignant/000030.png,A breast imaging study revealing no signs of benign or malignant tumors.
/home/woojye2020/decs_jupyter_lab/MedCLIP-SAMv2/generated_neg_output/udiat_clip_image2prompt_closedform/000030.png,A breast imaging study revealing no signs of benign or malignant tumors.,/home/woojye2020/decs_jupyter_lab/MedCLIP-SAMv2/generated_neg_output/udiat_clip_image2prompt_closedform/000030.png,"A mammogram displaying a poorly defined, lobulated mass indicative of a malignant breast tumor."
/home/woojye2020/decs_jupyter_lab/MedCLIP-SAMv2/UDIAT/Malignant/000030.png,"A breast imaging study revealing an irregularly shaped, invasive mass likely representing a malignant breast tumor.",/home/woojye2020/decs_jupyter_lab/MedCLIP-SAMv2/UDIAT/Malignant/000030.png,A mammogram showing symmetrical breast tissue with no focal masses or clinical findings.
/home/woojye2020/decs_jupyter_lab/MedCLIP-SAMv2/generated_neg_output/udiat_clip_image2prompt_closedform/000030.png,A mammogram showing symmetrical breast tissue with no focal masses or clinical findings.,/home/woojye2020/decs_jupyter_lab/MedCLIP-SAMv2/generated_neg_output/udiat_clip_image2prompt_closedform/000030.png,"A breast imaging study revealing an irregularly shaped, invasive mass likely representing a malignant breast tumor."
/home/woojye2020/decs_jupyter_lab/MedCLIP-SAMv2/UDIAT/Malignant/000030.png,"A mammogram showing a dense, spiculated mass suggestive of a malignant breast tumor.",/home/woojye2020/decs_jupyter_lab/MedCLIP-SAMv2/UDIAT/Malignant/000030.png,A diagnostic mammogram displaying normal glandular tissue without any detectable lesions.
/home/woojye2020/decs_jupyter_lab/MedCLIP-SAMv2/generated_neg_output/udiat_clip_image2prompt_closedform/000030.png,A diagnostic mammogram displaying normal glandular tissue without any detectable lesions.,/home/woojye2020/decs_jupyter_lab/MedCLIP-SAMv2/generated_neg_output/udiat_clip_image2prompt_closedform/000030.png,"A mammogram showing a dense, spiculated mass suggestive of a malignant breast tumor."
/home/woojye2020/decs_jupyter_lab/MedCLIP-SAMv2/UDIAT/Malignant/000031.png,"A medical breast mammogram showing an irregularly shaped, spiculated mass suggestive of a malignant breast tumor.",/home/woojye2020/decs_jupyter_lab/MedCLIP-SAMv2/UDIAT/Malignant/000031.png,A medical breast mammogram showing normal breast tissue with no evidence of tumor.
/home/woojye2020/decs_jupyter_lab/MedCLIP-SAMv2/generated_neg_output/udiat_clip_image2prompt_closedform/000031.png,A medical breast mammogram showing normal breast tissue with no evidence of tumor.,/home/woojye2020/decs_jupyter_lab/MedCLIP-SAMv2/generated_neg_output/udiat_clip_image2prompt_closedform/000031.png,"A medical breast mammogram showing an irregularly shaped, spiculated mass suggestive of a malignant breast tumor."
/home/woojye2020/decs_jupyter_lab/MedCLIP-SAMv2/UDIAT/Malignant/000031.png,"A medical breast mammogram showing an irregular, spiculated mass suggestive of a malignant breast tumor.",/home/woojye2020/decs_jupyter_lab/MedCLIP-SAMv2/UDIAT/Malignant/000031.png,"A mammogram with no suspicious masses or malignant findings, indicating a normal scan."
/home/woojye2020/decs_jupyter_lab/MedCLIP-SAMv2/generated_neg_output/udiat_clip_image2prompt_closedform/000031.png,"A mammogram with no suspicious masses or malignant findings, indicating a normal scan.",/home/woojye2020/decs_jupyter_lab/MedCLIP-SAMv2/generated_neg_output/udiat_clip_image2prompt_closedform/000031.png,"A medical breast mammogram showing an irregular, spiculated mass suggestive of a malignant breast tumor."
/home/woojye2020/decs_jupyter_lab/MedCLIP-SAMv2/UDIAT/Malignant/000031.png,"A mammogram displaying a poorly defined, lobulated mass indicative of a malignant breast tumor.",/home/woojye2020/decs_jupyter_lab/MedCLIP-SAMv2/UDIAT/Malignant/000031.png,A breast imaging study revealing no signs of benign or malignant tumors.
/home/woojye2020/decs_jupyter_lab/MedCLIP-SAMv2/generated_neg_output/udiat_clip_image2prompt_closedform/000031.png,A breast imaging study revealing no signs of benign or malignant tumors.,/home/woojye2020/decs_jupyter_lab/MedCLIP-SAMv2/generated_neg_output/udiat_clip_image2prompt_closedform/000031.png,"A mammogram displaying a poorly defined, lobulated mass indicative of a malignant breast tumor."
/home/woojye2020/decs_jupyter_lab/MedCLIP-SAMv2/UDIAT/Malignant/000031.png,"A breast imaging study revealing an irregularly shaped, invasive mass likely representing a malignant breast tumor.",/home/woojye2020/decs_jupyter_lab/MedCLIP-SAMv2/UDIAT/Malignant/000031.png,A mammogram showing symmetrical breast tissue with no focal masses or clinical findings.
/home/woojye2020/decs_jupyter_lab/MedCLIP-SAMv2/generated_neg_output/udiat_clip_image2prompt_closedform/000031.png,A mammogram showing symmetrical breast tissue with no focal masses or clinical findings.,/home/woojye2020/decs_jupyter_lab/MedCLIP-SAMv2/generated_neg_output/udiat_clip_image2prompt_closedform/000031.png,"A breast imaging study revealing an irregularly shaped, invasive mass likely representing a malignant breast tumor."
/home/woojye2020/decs_jupyter_lab/MedCLIP-SAMv2/UDIAT/Malignant/000031.png,"A mammogram showing a dense, spiculated mass suggestive of a malignant breast tumor.",/home/woojye2020/decs_jupyter_lab/MedCLIP-SAMv2/UDIAT/Malignant/000031.png,A diagnostic mammogram displaying normal glandular tissue without any detectable lesions.
/home/woojye2020/decs_jupyter_lab/MedCLIP-SAMv2/generated_neg_output/udiat_clip_image2prompt_closedform/000031.png,A diagnostic mammogram displaying normal glandular tissue without any detectable lesions.,/home/woojye2020/decs_jupyter_lab/MedCLIP-SAMv2/generated_neg_output/udiat_clip_image2prompt_closedform/000031.png,"A mammogram showing a dense, spiculated mass suggestive of a malignant breast tumor."
/home/woojye2020/decs_jupyter_lab/MedCLIP-SAMv2/UDIAT/Benign/000032.png,"A medical breast mammogram showing a well-defined, round mass suggestive of a benign breast tumor.",/home/woojye2020/decs_jupyter_lab/MedCLIP-SAMv2/UDIAT/Benign/000032.png,A medical breast mammogram showing normal breast tissue with no evidence of tumor.
/home/woojye2020/decs_jupyter_lab/MedCLIP-SAMv2/generated_neg_output/udiat_clip_image2prompt_closedform/000032.png,A medical breast mammogram showing normal breast tissue with no evidence of tumor.,/home/woojye2020/decs_jupyter_lab/MedCLIP-SAMv2/generated_neg_output/udiat_clip_image2prompt_closedform/000032.png,"A medical breast mammogram showing a well-defined, round mass suggestive of a benign breast tumor."
/home/woojye2020/decs_jupyter_lab/MedCLIP-SAMv2/UDIAT/Benign/000032.png,"A medical breast mammogram showing a smooth, well-circumscribed mass suggestive of a benign breast tumor.",/home/woojye2020/decs_jupyter_lab/MedCLIP-SAMv2/UDIAT/Benign/000032.png,"A mammogram with no suspicious masses or malignant findings, indicating a normal scan."
/home/woojye2020/decs_jupyter_lab/MedCLIP-SAMv2/generated_neg_output/udiat_clip_image2prompt_closedform/000032.png,"A mammogram with no suspicious masses or malignant findings, indicating a normal scan.",/home/woojye2020/decs_jupyter_lab/MedCLIP-SAMv2/generated_neg_output/udiat_clip_image2prompt_closedform/000032.png,"A medical breast mammogram showing a smooth, well-circumscribed mass suggestive of a benign breast tumor."
/home/woojye2020/decs_jupyter_lab/MedCLIP-SAMv2/UDIAT/Benign/000032.png,"A mammogram displaying a round, homogeneous mass indicative of a benign breast tumor.",/home/woojye2020/decs_jupyter_lab/MedCLIP-SAMv2/UDIAT/Benign/000032.png,A breast imaging study revealing no signs of benign or malignant tumors.
/home/woojye2020/decs_jupyter_lab/MedCLIP-SAMv2/generated_neg_output/udiat_clip_image2prompt_closedform/000032.png,A breast imaging study revealing no signs of benign or malignant tumors.,/home/woojye2020/decs_jupyter_lab/MedCLIP-SAMv2/generated_neg_output/udiat_clip_image2prompt_closedform/000032.png,"A mammogram displaying a round, homogeneous mass indicative of a benign breast tumor."
/home/woojye2020/decs_jupyter_lab/MedCLIP-SAMv2/UDIAT/Benign/000032.png,"A breast imaging study revealing a well-defined, encapsulated mass likely representing a benign breast tumor.",/home/woojye2020/decs_jupyter_lab/MedCLIP-SAMv2/UDIAT/Benign/000032.png,A mammogram showing symmetrical breast tissue with no focal masses or clinical findings.
/home/woojye2020/decs_jupyter_lab/MedCLIP-SAMv2/generated_neg_output/udiat_clip_image2prompt_closedform/000032.png,A mammogram showing symmetrical breast tissue with no focal masses or clinical findings.,/home/woojye2020/decs_jupyter_lab/MedCLIP-SAMv2/generated_neg_output/udiat_clip_image2prompt_closedform/000032.png,"A breast imaging study revealing a well-defined, encapsulated mass likely representing a benign breast tumor."
/home/woojye2020/decs_jupyter_lab/MedCLIP-SAMv2/UDIAT/Benign/000032.png,"A mammogram showing a sharply marginated, round mass suggestive of a benign breast tumor.",/home/woojye2020/decs_jupyter_lab/MedCLIP-SAMv2/UDIAT/Benign/000032.png,A diagnostic mammogram displaying normal glandular tissue without any detectable lesions.
/home/woojye2020/decs_jupyter_lab/MedCLIP-SAMv2/generated_neg_output/udiat_clip_image2prompt_closedform/000032.png,A diagnostic mammogram displaying normal glandular tissue without any detectable lesions.,/home/woojye2020/decs_jupyter_lab/MedCLIP-SAMv2/generated_neg_output/udiat_clip_image2prompt_closedform/000032.png,"A mammogram showing a sharply marginated, round mass suggestive of a benign breast tumor."
/home/woojye2020/decs_jupyter_lab/MedCLIP-SAMv2/UDIAT/Benign/000033.png,"A medical breast mammogram showing a well-defined, round mass suggestive of a benign breast tumor.",/home/woojye2020/decs_jupyter_lab/MedCLIP-SAMv2/UDIAT/Benign/000033.png,A medical breast mammogram showing normal breast tissue with no evidence of tumor.
/home/woojye2020/decs_jupyter_lab/MedCLIP-SAMv2/generated_neg_output/udiat_clip_image2prompt_closedform/000033.png,A medical breast mammogram showing normal breast tissue with no evidence of tumor.,/home/woojye2020/decs_jupyter_lab/MedCLIP-SAMv2/generated_neg_output/udiat_clip_image2prompt_closedform/000033.png,"A medical breast mammogram showing a well-defined, round mass suggestive of a benign breast tumor."
/home/woojye2020/decs_jupyter_lab/MedCLIP-SAMv2/UDIAT/Benign/000033.png,"A medical breast mammogram showing a smooth, well-circumscribed mass suggestive of a benign breast tumor.",/home/woojye2020/decs_jupyter_lab/MedCLIP-SAMv2/UDIAT/Benign/000033.png,"A mammogram with no suspicious masses or malignant findings, indicating a normal scan."
/home/woojye2020/decs_jupyter_lab/MedCLIP-SAMv2/generated_neg_output/udiat_clip_image2prompt_closedform/000033.png,"A mammogram with no suspicious masses or malignant findings, indicating a normal scan.",/home/woojye2020/decs_jupyter_lab/MedCLIP-SAMv2/generated_neg_output/udiat_clip_image2prompt_closedform/000033.png,"A medical breast mammogram showing a smooth, well-circumscribed mass suggestive of a benign breast tumor."
/home/woojye2020/decs_jupyter_lab/MedCLIP-SAMv2/UDIAT/Benign/000033.png,"A mammogram displaying a round, homogeneous mass indicative of a benign breast tumor.",/home/woojye2020/decs_jupyter_lab/MedCLIP-SAMv2/UDIAT/Benign/000033.png,A breast imaging study revealing no signs of benign or malignant tumors.
/home/woojye2020/decs_jupyter_lab/MedCLIP-SAMv2/generated_neg_output/udiat_clip_image2prompt_closedform/000033.png,A breast imaging study revealing no signs of benign or malignant tumors.,/home/woojye2020/decs_jupyter_lab/MedCLIP-SAMv2/generated_neg_output/udiat_clip_image2prompt_closedform/000033.png,"A mammogram displaying a round, homogeneous mass indicative of a benign breast tumor."
/home/woojye2020/decs_jupyter_lab/MedCLIP-SAMv2/UDIAT/Benign/000033.png,"A breast imaging study revealing a well-defined, encapsulated mass likely representing a benign breast tumor.",/home/woojye2020/decs_jupyter_lab/MedCLIP-SAMv2/UDIAT/Benign/000033.png,A mammogram showing symmetrical breast tissue with no focal masses or clinical findings.
/home/woojye2020/decs_jupyter_lab/MedCLIP-SAMv2/generated_neg_output/udiat_clip_image2prompt_closedform/000033.png,A mammogram showing symmetrical breast tissue with no focal masses or clinical findings.,/home/woojye2020/decs_jupyter_lab/MedCLIP-SAMv2/generated_neg_output/udiat_clip_image2prompt_closedform/000033.png,"A breast imaging study revealing a well-defined, encapsulated mass likely representing a benign breast tumor."
/home/woojye2020/decs_jupyter_lab/MedCLIP-SAMv2/UDIAT/Benign/000033.png,"A mammogram showing a sharply marginated, round mass suggestive of a benign breast tumor.",/home/woojye2020/decs_jupyter_lab/MedCLIP-SAMv2/UDIAT/Benign/000033.png,A diagnostic mammogram displaying normal glandular tissue without any detectable lesions.
/home/woojye2020/decs_jupyter_lab/MedCLIP-SAMv2/generated_neg_output/udiat_clip_image2prompt_closedform/000033.png,A diagnostic mammogram displaying normal glandular tissue without any detectable lesions.,/home/woojye2020/decs_jupyter_lab/MedCLIP-SAMv2/generated_neg_output/udiat_clip_image2prompt_closedform/000033.png,"A mammogram showing a sharply marginated, round mass suggestive of a benign breast tumor."
/home/woojye2020/decs_jupyter_lab/MedCLIP-SAMv2/UDIAT/Benign/000034.png,"A medical breast mammogram showing a well-defined, round mass suggestive of a benign breast tumor.",/home/woojye2020/decs_jupyter_lab/MedCLIP-SAMv2/UDIAT/Benign/000034.png,A medical breast mammogram showing normal breast tissue with no evidence of tumor.
/home/woojye2020/decs_jupyter_lab/MedCLIP-SAMv2/generated_neg_output/udiat_clip_image2prompt_closedform/000034.png,A medical breast mammogram showing normal breast tissue with no evidence of tumor.,/home/woojye2020/decs_jupyter_lab/MedCLIP-SAMv2/generated_neg_output/udiat_clip_image2prompt_closedform/000034.png,"A medical breast mammogram showing a well-defined, round mass suggestive of a benign breast tumor."
/home/woojye2020/decs_jupyter_lab/MedCLIP-SAMv2/UDIAT/Benign/000034.png,"A medical breast mammogram showing a smooth, well-circumscribed mass suggestive of a benign breast tumor.",/home/woojye2020/decs_jupyter_lab/MedCLIP-SAMv2/UDIAT/Benign/000034.png,"A mammogram with no suspicious masses or malignant findings, indicating a normal scan."
/home/woojye2020/decs_jupyter_lab/MedCLIP-SAMv2/generated_neg_output/udiat_clip_image2prompt_closedform/000034.png,"A mammogram with no suspicious masses or malignant findings, indicating a normal scan.",/home/woojye2020/decs_jupyter_lab/MedCLIP-SAMv2/generated_neg_output/udiat_clip_image2prompt_closedform/000034.png,"A medical breast mammogram showing a smooth, well-circumscribed mass suggestive of a benign breast tumor."
/home/woojye2020/decs_jupyter_lab/MedCLIP-SAMv2/UDIAT/Benign/000034.png,"A mammogram displaying a round, homogeneous mass indicative of a benign breast tumor.",/home/woojye2020/decs_jupyter_lab/MedCLIP-SAMv2/UDIAT/Benign/000034.png,A breast imaging study revealing no signs of benign or malignant tumors.
/home/woojye2020/decs_jupyter_lab/MedCLIP-SAMv2/generated_neg_output/udiat_clip_image2prompt_closedform/000034.png,A breast imaging study revealing no signs of benign or malignant tumors.,/home/woojye2020/decs_jupyter_lab/MedCLIP-SAMv2/generated_neg_output/udiat_clip_image2prompt_closedform/000034.png,"A mammogram displaying a round, homogeneous mass indicative of a benign breast tumor."
/home/woojye2020/decs_jupyter_lab/MedCLIP-SAMv2/UDIAT/Benign/000034.png,"A breast imaging study revealing a well-defined, encapsulated mass likely representing a benign breast tumor.",/home/woojye2020/decs_jupyter_lab/MedCLIP-SAMv2/UDIAT/Benign/000034.png,A mammogram showing symmetrical breast tissue with no focal masses or clinical findings.
/home/woojye2020/decs_jupyter_lab/MedCLIP-SAMv2/generated_neg_output/udiat_clip_image2prompt_closedform/000034.png,A mammogram showing symmetrical breast tissue with no focal masses or clinical findings.,/home/woojye2020/decs_jupyter_lab/MedCLIP-SAMv2/generated_neg_output/udiat_clip_image2prompt_closedform/000034.png,"A breast imaging study revealing a well-defined, encapsulated mass likely representing a benign breast tumor."
/home/woojye2020/decs_jupyter_lab/MedCLIP-SAMv2/UDIAT/Benign/000034.png,"A mammogram showing a sharply marginated, round mass suggestive of a benign breast tumor.",/home/woojye2020/decs_jupyter_lab/MedCLIP-SAMv2/UDIAT/Benign/000034.png,A diagnostic mammogram displaying normal glandular tissue without any detectable lesions.
/home/woojye2020/decs_jupyter_lab/MedCLIP-SAMv2/generated_neg_output/udiat_clip_image2prompt_closedform/000034.png,A diagnostic mammogram displaying normal glandular tissue without any detectable lesions.,/home/woojye2020/decs_jupyter_lab/MedCLIP-SAMv2/generated_neg_output/udiat_clip_image2prompt_closedform/000034.png,"A mammogram showing a sharply marginated, round mass suggestive of a benign breast tumor."
/home/woojye2020/decs_jupyter_lab/MedCLIP-SAMv2/UDIAT/Benign/000035.png,"A medical breast mammogram showing a well-defined, round mass suggestive of a benign breast tumor.",/home/woojye2020/decs_jupyter_lab/MedCLIP-SAMv2/UDIAT/Benign/000035.png,A medical breast mammogram showing normal breast tissue with no evidence of tumor.
/home/woojye2020/decs_jupyter_lab/MedCLIP-SAMv2/generated_neg_output/udiat_clip_image2prompt_closedform/000035.png,A medical breast mammogram showing normal breast tissue with no evidence of tumor.,/home/woojye2020/decs_jupyter_lab/MedCLIP-SAMv2/generated_neg_output/udiat_clip_image2prompt_closedform/000035.png,"A medical breast mammogram showing a well-defined, round mass suggestive of a benign breast tumor."
/home/woojye2020/decs_jupyter_lab/MedCLIP-SAMv2/UDIAT/Benign/000035.png,"A medical breast mammogram showing a smooth, well-circumscribed mass suggestive of a benign breast tumor.",/home/woojye2020/decs_jupyter_lab/MedCLIP-SAMv2/UDIAT/Benign/000035.png,"A mammogram with no suspicious masses or malignant findings, indicating a normal scan."
/home/woojye2020/decs_jupyter_lab/MedCLIP-SAMv2/generated_neg_output/udiat_clip_image2prompt_closedform/000035.png,"A mammogram with no suspicious masses or malignant findings, indicating a normal scan.",/home/woojye2020/decs_jupyter_lab/MedCLIP-SAMv2/generated_neg_output/udiat_clip_image2prompt_closedform/000035.png,"A medical breast mammogram showing a smooth, well-circumscribed mass suggestive of a benign breast tumor."
/home/woojye2020/decs_jupyter_lab/MedCLIP-SAMv2/UDIAT/Benign/000035.png,"A mammogram displaying a round, homogeneous mass indicative of a benign breast tumor.",/home/woojye2020/decs_jupyter_lab/MedCLIP-SAMv2/UDIAT/Benign/000035.png,A breast imaging study revealing no signs of benign or malignant tumors.
/home/woojye2020/decs_jupyter_lab/MedCLIP-SAMv2/generated_neg_output/udiat_clip_image2prompt_closedform/000035.png,A breast imaging study revealing no signs of benign or malignant tumors.,/home/woojye2020/decs_jupyter_lab/MedCLIP-SAMv2/generated_neg_output/udiat_clip_image2prompt_closedform/000035.png,"A mammogram displaying a round, homogeneous mass indicative of a benign breast tumor."
/home/woojye2020/decs_jupyter_lab/MedCLIP-SAMv2/UDIAT/Benign/000035.png,"A breast imaging study revealing a well-defined, encapsulated mass likely representing a benign breast tumor.",/home/woojye2020/decs_jupyter_lab/MedCLIP-SAMv2/UDIAT/Benign/000035.png,A mammogram showing symmetrical breast tissue with no focal masses or clinical findings.
/home/woojye2020/decs_jupyter_lab/MedCLIP-SAMv2/generated_neg_output/udiat_clip_image2prompt_closedform/000035.png,A mammogram showing symmetrical breast tissue with no focal masses or clinical findings.,/home/woojye2020/decs_jupyter_lab/MedCLIP-SAMv2/generated_neg_output/udiat_clip_image2prompt_closedform/000035.png,"A breast imaging study revealing a well-defined, encapsulated mass likely representing a benign breast tumor."
/home/woojye2020/decs_jupyter_lab/MedCLIP-SAMv2/UDIAT/Benign/000035.png,"A mammogram showing a sharply marginated, round mass suggestive of a benign breast tumor.",/home/woojye2020/decs_jupyter_lab/MedCLIP-SAMv2/UDIAT/Benign/000035.png,A diagnostic mammogram displaying normal glandular tissue without any detectable lesions.
/home/woojye2020/decs_jupyter_lab/MedCLIP-SAMv2/generated_neg_output/udiat_clip_image2prompt_closedform/000035.png,A diagnostic mammogram displaying normal glandular tissue without any detectable lesions.,/home/woojye2020/decs_jupyter_lab/MedCLIP-SAMv2/generated_neg_output/udiat_clip_image2prompt_closedform/000035.png,"A mammogram showing a sharply marginated, round mass suggestive of a benign breast tumor."
/home/woojye2020/decs_jupyter_lab/MedCLIP-SAMv2/UDIAT/Benign/000036.png,"A medical breast mammogram showing a well-defined, round mass suggestive of a benign breast tumor.",/home/woojye2020/decs_jupyter_lab/MedCLIP-SAMv2/UDIAT/Benign/000036.png,A medical breast mammogram showing normal breast tissue with no evidence of tumor.
/home/woojye2020/decs_jupyter_lab/MedCLIP-SAMv2/generated_neg_output/udiat_clip_image2prompt_closedform/000036.png,A medical breast mammogram showing normal breast tissue with no evidence of tumor.,/home/woojye2020/decs_jupyter_lab/MedCLIP-SAMv2/generated_neg_output/udiat_clip_image2prompt_closedform/000036.png,"A medical breast mammogram showing a well-defined, round mass suggestive of a benign breast tumor."
/home/woojye2020/decs_jupyter_lab/MedCLIP-SAMv2/UDIAT/Benign/000036.png,"A medical breast mammogram showing a smooth, well-circumscribed mass suggestive of a benign breast tumor.",/home/woojye2020/decs_jupyter_lab/MedCLIP-SAMv2/UDIAT/Benign/000036.png,"A mammogram with no suspicious masses or malignant findings, indicating a normal scan."
/home/woojye2020/decs_jupyter_lab/MedCLIP-SAMv2/generated_neg_output/udiat_clip_image2prompt_closedform/000036.png,"A mammogram with no suspicious masses or malignant findings, indicating a normal scan.",/home/woojye2020/decs_jupyter_lab/MedCLIP-SAMv2/generated_neg_output/udiat_clip_image2prompt_closedform/000036.png,"A medical breast mammogram showing a smooth, well-circumscribed mass suggestive of a benign breast tumor."
/home/woojye2020/decs_jupyter_lab/MedCLIP-SAMv2/UDIAT/Benign/000036.png,"A mammogram displaying a round, homogeneous mass indicative of a benign breast tumor.",/home/woojye2020/decs_jupyter_lab/MedCLIP-SAMv2/UDIAT/Benign/000036.png,A breast imaging study revealing no signs of benign or malignant tumors.
/home/woojye2020/decs_jupyter_lab/MedCLIP-SAMv2/generated_neg_output/udiat_clip_image2prompt_closedform/000036.png,A breast imaging study revealing no signs of benign or malignant tumors.,/home/woojye2020/decs_jupyter_lab/MedCLIP-SAMv2/generated_neg_output/udiat_clip_image2prompt_closedform/000036.png,"A mammogram displaying a round, homogeneous mass indicative of a benign breast tumor."
/home/woojye2020/decs_jupyter_lab/MedCLIP-SAMv2/UDIAT/Benign/000036.png,"A breast imaging study revealing a well-defined, encapsulated mass likely representing a benign breast tumor.",/home/woojye2020/decs_jupyter_lab/MedCLIP-SAMv2/UDIAT/Benign/000036.png,A mammogram showing symmetrical breast tissue with no focal masses or clinical findings.
/home/woojye2020/decs_jupyter_lab/MedCLIP-SAMv2/generated_neg_output/udiat_clip_image2prompt_closedform/000036.png,A mammogram showing symmetrical breast tissue with no focal masses or clinical findings.,/home/woojye2020/decs_jupyter_lab/MedCLIP-SAMv2/generated_neg_output/udiat_clip_image2prompt_closedform/000036.png,"A breast imaging study revealing a well-defined, encapsulated mass likely representing a benign breast tumor."
/home/woojye2020/decs_jupyter_lab/MedCLIP-SAMv2/UDIAT/Benign/000036.png,"A mammogram showing a sharply marginated, round mass suggestive of a benign breast tumor.",/home/woojye2020/decs_jupyter_lab/MedCLIP-SAMv2/UDIAT/Benign/000036.png,A diagnostic mammogram displaying normal glandular tissue without any detectable lesions.
/home/woojye2020/decs_jupyter_lab/MedCLIP-SAMv2/generated_neg_output/udiat_clip_image2prompt_closedform/000036.png,A diagnostic mammogram displaying normal glandular tissue without any detectable lesions.,/home/woojye2020/decs_jupyter_lab/MedCLIP-SAMv2/generated_neg_output/udiat_clip_image2prompt_closedform/000036.png,"A mammogram showing a sharply marginated, round mass suggestive of a benign breast tumor."
/home/woojye2020/decs_jupyter_lab/MedCLIP-SAMv2/UDIAT/Benign/000037.png,"A medical breast mammogram showing a well-defined, round mass suggestive of a benign breast tumor.",/home/woojye2020/decs_jupyter_lab/MedCLIP-SAMv2/UDIAT/Benign/000037.png,A medical breast mammogram showing normal breast tissue with no evidence of tumor.
/home/woojye2020/decs_jupyter_lab/MedCLIP-SAMv2/generated_neg_output/udiat_clip_image2prompt_closedform/000037.png,A medical breast mammogram showing normal breast tissue with no evidence of tumor.,/home/woojye2020/decs_jupyter_lab/MedCLIP-SAMv2/generated_neg_output/udiat_clip_image2prompt_closedform/000037.png,"A medical breast mammogram showing a well-defined, round mass suggestive of a benign breast tumor."
/home/woojye2020/decs_jupyter_lab/MedCLIP-SAMv2/UDIAT/Benign/000037.png,"A medical breast mammogram showing a smooth, well-circumscribed mass suggestive of a benign breast tumor.",/home/woojye2020/decs_jupyter_lab/MedCLIP-SAMv2/UDIAT/Benign/000037.png,"A mammogram with no suspicious masses or malignant findings, indicating a normal scan."
/home/woojye2020/decs_jupyter_lab/MedCLIP-SAMv2/generated_neg_output/udiat_clip_image2prompt_closedform/000037.png,"A mammogram with no suspicious masses or malignant findings, indicating a normal scan.",/home/woojye2020/decs_jupyter_lab/MedCLIP-SAMv2/generated_neg_output/udiat_clip_image2prompt_closedform/000037.png,"A medical breast mammogram showing a smooth, well-circumscribed mass suggestive of a benign breast tumor."
/home/woojye2020/decs_jupyter_lab/MedCLIP-SAMv2/UDIAT/Benign/000037.png,"A mammogram displaying a round, homogeneous mass indicative of a benign breast tumor.",/home/woojye2020/decs_jupyter_lab/MedCLIP-SAMv2/UDIAT/Benign/000037.png,A breast imaging study revealing no signs of benign or malignant tumors.
/home/woojye2020/decs_jupyter_lab/MedCLIP-SAMv2/generated_neg_output/udiat_clip_image2prompt_closedform/000037.png,A breast imaging study revealing no signs of benign or malignant tumors.,/home/woojye2020/decs_jupyter_lab/MedCLIP-SAMv2/generated_neg_output/udiat_clip_image2prompt_closedform/000037.png,"A mammogram displaying a round, homogeneous mass indicative of a benign breast tumor."
/home/woojye2020/decs_jupyter_lab/MedCLIP-SAMv2/UDIAT/Benign/000037.png,"A breast imaging study revealing a well-defined, encapsulated mass likely representing a benign breast tumor.",/home/woojye2020/decs_jupyter_lab/MedCLIP-SAMv2/UDIAT/Benign/000037.png,A mammogram showing symmetrical breast tissue with no focal masses or clinical findings.
/home/woojye2020/decs_jupyter_lab/MedCLIP-SAMv2/generated_neg_output/udiat_clip_image2prompt_closedform/000037.png,A mammogram showing symmetrical breast tissue with no focal masses or clinical findings.,/home/woojye2020/decs_jupyter_lab/MedCLIP-SAMv2/generated_neg_output/udiat_clip_image2prompt_closedform/000037.png,"A breast imaging study revealing a well-defined, encapsulated mass likely representing a benign breast tumor."
/home/woojye2020/decs_jupyter_lab/MedCLIP-SAMv2/UDIAT/Benign/000037.png,"A mammogram showing a sharply marginated, round mass suggestive of a benign breast tumor.",/home/woojye2020/decs_jupyter_lab/MedCLIP-SAMv2/UDIAT/Benign/000037.png,A diagnostic mammogram displaying normal glandular tissue without any detectable lesions.
/home/woojye2020/decs_jupyter_lab/MedCLIP-SAMv2/generated_neg_output/udiat_clip_image2prompt_closedform/000037.png,A diagnostic mammogram displaying normal glandular tissue without any detectable lesions.,/home/woojye2020/decs_jupyter_lab/MedCLIP-SAMv2/generated_neg_output/udiat_clip_image2prompt_closedform/000037.png,"A mammogram showing a sharply marginated, round mass suggestive of a benign breast tumor."
/home/woojye2020/decs_jupyter_lab/MedCLIP-SAMv2/UDIAT/Benign/000038.png,"A medical breast mammogram showing a well-defined, round mass suggestive of a benign breast tumor.",/home/woojye2020/decs_jupyter_lab/MedCLIP-SAMv2/UDIAT/Benign/000038.png,A medical breast mammogram showing normal breast tissue with no evidence of tumor.
/home/woojye2020/decs_jupyter_lab/MedCLIP-SAMv2/generated_neg_output/udiat_clip_image2prompt_closedform/000038.png,A medical breast mammogram showing normal breast tissue with no evidence of tumor.,/home/woojye2020/decs_jupyter_lab/MedCLIP-SAMv2/generated_neg_output/udiat_clip_image2prompt_closedform/000038.png,"A medical breast mammogram showing a well-defined, round mass suggestive of a benign breast tumor."
/home/woojye2020/decs_jupyter_lab/MedCLIP-SAMv2/UDIAT/Benign/000038.png,"A medical breast mammogram showing a smooth, well-circumscribed mass suggestive of a benign breast tumor.",/home/woojye2020/decs_jupyter_lab/MedCLIP-SAMv2/UDIAT/Benign/000038.png,"A mammogram with no suspicious masses or malignant findings, indicating a normal scan."
/home/woojye2020/decs_jupyter_lab/MedCLIP-SAMv2/generated_neg_output/udiat_clip_image2prompt_closedform/000038.png,"A mammogram with no suspicious masses or malignant findings, indicating a normal scan.",/home/woojye2020/decs_jupyter_lab/MedCLIP-SAMv2/generated_neg_output/udiat_clip_image2prompt_closedform/000038.png,"A medical breast mammogram showing a smooth, well-circumscribed mass suggestive of a benign breast tumor."
/home/woojye2020/decs_jupyter_lab/MedCLIP-SAMv2/UDIAT/Benign/000038.png,"A mammogram displaying a round, homogeneous mass indicative of a benign breast tumor.",/home/woojye2020/decs_jupyter_lab/MedCLIP-SAMv2/UDIAT/Benign/000038.png,A breast imaging study revealing no signs of benign or malignant tumors.
/home/woojye2020/decs_jupyter_lab/MedCLIP-SAMv2/generated_neg_output/udiat_clip_image2prompt_closedform/000038.png,A breast imaging study revealing no signs of benign or malignant tumors.,/home/woojye2020/decs_jupyter_lab/MedCLIP-SAMv2/generated_neg_output/udiat_clip_image2prompt_closedform/000038.png,"A mammogram displaying a round, homogeneous mass indicative of a benign breast tumor."
/home/woojye2020/decs_jupyter_lab/MedCLIP-SAMv2/UDIAT/Benign/000038.png,"A breast imaging study revealing a well-defined, encapsulated mass likely representing a benign breast tumor.",/home/woojye2020/decs_jupyter_lab/MedCLIP-SAMv2/UDIAT/Benign/000038.png,A mammogram showing symmetrical breast tissue with no focal masses or clinical findings.
/home/woojye2020/decs_jupyter_lab/MedCLIP-SAMv2/generated_neg_output/udiat_clip_image2prompt_closedform/000038.png,A mammogram showing symmetrical breast tissue with no focal masses or clinical findings.,/home/woojye2020/decs_jupyter_lab/MedCLIP-SAMv2/generated_neg_output/udiat_clip_image2prompt_closedform/000038.png,"A breast imaging study revealing a well-defined, encapsulated mass likely representing a benign breast tumor."
/home/woojye2020/decs_jupyter_lab/MedCLIP-SAMv2/UDIAT/Benign/000038.png,"A mammogram showing a sharply marginated, round mass suggestive of a benign breast tumor.",/home/woojye2020/decs_jupyter_lab/MedCLIP-SAMv2/UDIAT/Benign/000038.png,A diagnostic mammogram displaying normal glandular tissue without any detectable lesions.
/home/woojye2020/decs_jupyter_lab/MedCLIP-SAMv2/generated_neg_output/udiat_clip_image2prompt_closedform/000038.png,A diagnostic mammogram displaying normal glandular tissue without any detectable lesions.,/home/woojye2020/decs_jupyter_lab/MedCLIP-SAMv2/generated_neg_output/udiat_clip_image2prompt_closedform/000038.png,"A mammogram showing a sharply marginated, round mass suggestive of a benign breast tumor."
/home/woojye2020/decs_jupyter_lab/MedCLIP-SAMv2/UDIAT/Benign/000039.png,"A medical breast mammogram showing a well-defined, round mass suggestive of a benign breast tumor.",/home/woojye2020/decs_jupyter_lab/MedCLIP-SAMv2/UDIAT/Benign/000039.png,A medical breast mammogram showing normal breast tissue with no evidence of tumor.
/home/woojye2020/decs_jupyter_lab/MedCLIP-SAMv2/generated_neg_output/udiat_clip_image2prompt_closedform/000039.png,A medical breast mammogram showing normal breast tissue with no evidence of tumor.,/home/woojye2020/decs_jupyter_lab/MedCLIP-SAMv2/generated_neg_output/udiat_clip_image2prompt_closedform/000039.png,"A medical breast mammogram showing a well-defined, round mass suggestive of a benign breast tumor."
/home/woojye2020/decs_jupyter_lab/MedCLIP-SAMv2/UDIAT/Benign/000039.png,"A medical breast mammogram showing a smooth, well-circumscribed mass suggestive of a benign breast tumor.",/home/woojye2020/decs_jupyter_lab/MedCLIP-SAMv2/UDIAT/Benign/000039.png,"A mammogram with no suspicious masses or malignant findings, indicating a normal scan."
/home/woojye2020/decs_jupyter_lab/MedCLIP-SAMv2/generated_neg_output/udiat_clip_image2prompt_closedform/000039.png,"A mammogram with no suspicious masses or malignant findings, indicating a normal scan.",/home/woojye2020/decs_jupyter_lab/MedCLIP-SAMv2/generated_neg_output/udiat_clip_image2prompt_closedform/000039.png,"A medical breast mammogram showing a smooth, well-circumscribed mass suggestive of a benign breast tumor."
/home/woojye2020/decs_jupyter_lab/MedCLIP-SAMv2/UDIAT/Benign/000039.png,"A mammogram displaying a round, homogeneous mass indicative of a benign breast tumor.",/home/woojye2020/decs_jupyter_lab/MedCLIP-SAMv2/UDIAT/Benign/000039.png,A breast imaging study revealing no signs of benign or malignant tumors.
/home/woojye2020/decs_jupyter_lab/MedCLIP-SAMv2/generated_neg_output/udiat_clip_image2prompt_closedform/000039.png,A breast imaging study revealing no signs of benign or malignant tumors.,/home/woojye2020/decs_jupyter_lab/MedCLIP-SAMv2/generated_neg_output/udiat_clip_image2prompt_closedform/000039.png,"A mammogram displaying a round, homogeneous mass indicative of a benign breast tumor."
/home/woojye2020/decs_jupyter_lab/MedCLIP-SAMv2/UDIAT/Benign/000039.png,"A breast imaging study revealing a well-defined, encapsulated mass likely representing a benign breast tumor.",/home/woojye2020/decs_jupyter_lab/MedCLIP-SAMv2/UDIAT/Benign/000039.png,A mammogram showing symmetrical breast tissue with no focal masses or clinical findings.
/home/woojye2020/decs_jupyter_lab/MedCLIP-SAMv2/generated_neg_output/udiat_clip_image2prompt_closedform/000039.png,A mammogram showing symmetrical breast tissue with no focal masses or clinical findings.,/home/woojye2020/decs_jupyter_lab/MedCLIP-SAMv2/generated_neg_output/udiat_clip_image2prompt_closedform/000039.png,"A breast imaging study revealing a well-defined, encapsulated mass likely representing a benign breast tumor."
/home/woojye2020/decs_jupyter_lab/MedCLIP-SAMv2/UDIAT/Benign/000039.png,"A mammogram showing a sharply marginated, round mass suggestive of a benign breast tumor.",/home/woojye2020/decs_jupyter_lab/MedCLIP-SAMv2/UDIAT/Benign/000039.png,A diagnostic mammogram displaying normal glandular tissue without any detectable lesions.
/home/woojye2020/decs_jupyter_lab/MedCLIP-SAMv2/generated_neg_output/udiat_clip_image2prompt_closedform/000039.png,A diagnostic mammogram displaying normal glandular tissue without any detectable lesions.,/home/woojye2020/decs_jupyter_lab/MedCLIP-SAMv2/generated_neg_output/udiat_clip_image2prompt_closedform/000039.png,"A mammogram showing a sharply marginated, round mass suggestive of a benign breast tumor."
/home/woojye2020/decs_jupyter_lab/MedCLIP-SAMv2/UDIAT/Benign/000040.png,"A medical breast mammogram showing a well-defined, round mass suggestive of a benign breast tumor.",/home/woojye2020/decs_jupyter_lab/MedCLIP-SAMv2/UDIAT/Benign/000040.png,A medical breast mammogram showing normal breast tissue with no evidence of tumor.
/home/woojye2020/decs_jupyter_lab/MedCLIP-SAMv2/generated_neg_output/udiat_clip_image2prompt_closedform/000040.png,A medical breast mammogram showing normal breast tissue with no evidence of tumor.,/home/woojye2020/decs_jupyter_lab/MedCLIP-SAMv2/generated_neg_output/udiat_clip_image2prompt_closedform/000040.png,"A medical breast mammogram showing a well-defined, round mass suggestive of a benign breast tumor."
/home/woojye2020/decs_jupyter_lab/MedCLIP-SAMv2/UDIAT/Benign/000040.png,"A medical breast mammogram showing a smooth, well-circumscribed mass suggestive of a benign breast tumor.",/home/woojye2020/decs_jupyter_lab/MedCLIP-SAMv2/UDIAT/Benign/000040.png,"A mammogram with no suspicious masses or malignant findings, indicating a normal scan."
/home/woojye2020/decs_jupyter_lab/MedCLIP-SAMv2/generated_neg_output/udiat_clip_image2prompt_closedform/000040.png,"A mammogram with no suspicious masses or malignant findings, indicating a normal scan.",/home/woojye2020/decs_jupyter_lab/MedCLIP-SAMv2/generated_neg_output/udiat_clip_image2prompt_closedform/000040.png,"A medical breast mammogram showing a smooth, well-circumscribed mass suggestive of a benign breast tumor."
/home/woojye2020/decs_jupyter_lab/MedCLIP-SAMv2/UDIAT/Benign/000040.png,"A mammogram displaying a round, homogeneous mass indicative of a benign breast tumor.",/home/woojye2020/decs_jupyter_lab/MedCLIP-SAMv2/UDIAT/Benign/000040.png,A breast imaging study revealing no signs of benign or malignant tumors.
/home/woojye2020/decs_jupyter_lab/MedCLIP-SAMv2/generated_neg_output/udiat_clip_image2prompt_closedform/000040.png,A breast imaging study revealing no signs of benign or malignant tumors.,/home/woojye2020/decs_jupyter_lab/MedCLIP-SAMv2/generated_neg_output/udiat_clip_image2prompt_closedform/000040.png,"A mammogram displaying a round, homogeneous mass indicative of a benign breast tumor."
/home/woojye2020/decs_jupyter_lab/MedCLIP-SAMv2/UDIAT/Benign/000040.png,"A breast imaging study revealing a well-defined, encapsulated mass likely representing a benign breast tumor.",/home/woojye2020/decs_jupyter_lab/MedCLIP-SAMv2/UDIAT/Benign/000040.png,A mammogram showing symmetrical breast tissue with no focal masses or clinical findings.
/home/woojye2020/decs_jupyter_lab/MedCLIP-SAMv2/generated_neg_output/udiat_clip_image2prompt_closedform/000040.png,A mammogram showing symmetrical breast tissue with no focal masses or clinical findings.,/home/woojye2020/decs_jupyter_lab/MedCLIP-SAMv2/generated_neg_output/udiat_clip_image2prompt_closedform/000040.png,"A breast imaging study revealing a well-defined, encapsulated mass likely representing a benign breast tumor."
/home/woojye2020/decs_jupyter_lab/MedCLIP-SAMv2/UDIAT/Benign/000040.png,"A mammogram showing a sharply marginated, round mass suggestive of a benign breast tumor.",/home/woojye2020/decs_jupyter_lab/MedCLIP-SAMv2/UDIAT/Benign/000040.png,A diagnostic mammogram displaying normal glandular tissue without any detectable lesions.
/home/woojye2020/decs_jupyter_lab/MedCLIP-SAMv2/generated_neg_output/udiat_clip_image2prompt_closedform/000040.png,A diagnostic mammogram displaying normal glandular tissue without any detectable lesions.,/home/woojye2020/decs_jupyter_lab/MedCLIP-SAMv2/generated_neg_output/udiat_clip_image2prompt_closedform/000040.png,"A mammogram showing a sharply marginated, round mass suggestive of a benign breast tumor."
/home/woojye2020/decs_jupyter_lab/MedCLIP-SAMv2/UDIAT/Malignant/000041.png,"A medical breast mammogram showing an irregularly shaped, spiculated mass suggestive of a malignant breast tumor.",/home/woojye2020/decs_jupyter_lab/MedCLIP-SAMv2/UDIAT/Malignant/000041.png,A medical breast mammogram showing normal breast tissue with no evidence of tumor.
/home/woojye2020/decs_jupyter_lab/MedCLIP-SAMv2/generated_neg_output/udiat_clip_image2prompt_closedform/000041.png,A medical breast mammogram showing normal breast tissue with no evidence of tumor.,/home/woojye2020/decs_jupyter_lab/MedCLIP-SAMv2/generated_neg_output/udiat_clip_image2prompt_closedform/000041.png,"A medical breast mammogram showing an irregularly shaped, spiculated mass suggestive of a malignant breast tumor."
/home/woojye2020/decs_jupyter_lab/MedCLIP-SAMv2/UDIAT/Malignant/000041.png,"A medical breast mammogram showing an irregular, spiculated mass suggestive of a malignant breast tumor.",/home/woojye2020/decs_jupyter_lab/MedCLIP-SAMv2/UDIAT/Malignant/000041.png,"A mammogram with no suspicious masses or malignant findings, indicating a normal scan."
/home/woojye2020/decs_jupyter_lab/MedCLIP-SAMv2/generated_neg_output/udiat_clip_image2prompt_closedform/000041.png,"A mammogram with no suspicious masses or malignant findings, indicating a normal scan.",/home/woojye2020/decs_jupyter_lab/MedCLIP-SAMv2/generated_neg_output/udiat_clip_image2prompt_closedform/000041.png,"A medical breast mammogram showing an irregular, spiculated mass suggestive of a malignant breast tumor."
/home/woojye2020/decs_jupyter_lab/MedCLIP-SAMv2/UDIAT/Malignant/000041.png,"A mammogram displaying a poorly defined, lobulated mass indicative of a malignant breast tumor.",/home/woojye2020/decs_jupyter_lab/MedCLIP-SAMv2/UDIAT/Malignant/000041.png,A breast imaging study revealing no signs of benign or malignant tumors.
/home/woojye2020/decs_jupyter_lab/MedCLIP-SAMv2/generated_neg_output/udiat_clip_image2prompt_closedform/000041.png,A breast imaging study revealing no signs of benign or malignant tumors.,/home/woojye2020/decs_jupyter_lab/MedCLIP-SAMv2/generated_neg_output/udiat_clip_image2prompt_closedform/000041.png,"A mammogram displaying a poorly defined, lobulated mass indicative of a malignant breast tumor."
/home/woojye2020/decs_jupyter_lab/MedCLIP-SAMv2/UDIAT/Malignant/000041.png,"A breast imaging study revealing an irregularly shaped, invasive mass likely representing a malignant breast tumor.",/home/woojye2020/decs_jupyter_lab/MedCLIP-SAMv2/UDIAT/Malignant/000041.png,A mammogram showing symmetrical breast tissue with no focal masses or clinical findings.
/home/woojye2020/decs_jupyter_lab/MedCLIP-SAMv2/generated_neg_output/udiat_clip_image2prompt_closedform/000041.png,A mammogram showing symmetrical breast tissue with no focal masses or clinical findings.,/home/woojye2020/decs_jupyter_lab/MedCLIP-SAMv2/generated_neg_output/udiat_clip_image2prompt_closedform/000041.png,"A breast imaging study revealing an irregularly shaped, invasive mass likely representing a malignant breast tumor."
/home/woojye2020/decs_jupyter_lab/MedCLIP-SAMv2/UDIAT/Malignant/000041.png,"A mammogram showing a dense, spiculated mass suggestive of a malignant breast tumor.",/home/woojye2020/decs_jupyter_lab/MedCLIP-SAMv2/UDIAT/Malignant/000041.png,A diagnostic mammogram displaying normal glandular tissue without any detectable lesions.
/home/woojye2020/decs_jupyter_lab/MedCLIP-SAMv2/generated_neg_output/udiat_clip_image2prompt_closedform/000041.png,A diagnostic mammogram displaying normal glandular tissue without any detectable lesions.,/home/woojye2020/decs_jupyter_lab/MedCLIP-SAMv2/generated_neg_output/udiat_clip_image2prompt_closedform/000041.png,"A mammogram showing a dense, spiculated mass suggestive of a malignant breast tumor."
/home/woojye2020/decs_jupyter_lab/MedCLIP-SAMv2/UDIAT/Benign/000042.png,"A medical breast mammogram showing a well-defined, round mass suggestive of a benign breast tumor.",/home/woojye2020/decs_jupyter_lab/MedCLIP-SAMv2/UDIAT/Benign/000042.png,A medical breast mammogram showing normal breast tissue with no evidence of tumor.
/home/woojye2020/decs_jupyter_lab/MedCLIP-SAMv2/generated_neg_output/udiat_clip_image2prompt_closedform/000042.png,A medical breast mammogram showing normal breast tissue with no evidence of tumor.,/home/woojye2020/decs_jupyter_lab/MedCLIP-SAMv2/generated_neg_output/udiat_clip_image2prompt_closedform/000042.png,"A medical breast mammogram showing a well-defined, round mass suggestive of a benign breast tumor."
/home/woojye2020/decs_jupyter_lab/MedCLIP-SAMv2/UDIAT/Benign/000042.png,"A medical breast mammogram showing a smooth, well-circumscribed mass suggestive of a benign breast tumor.",/home/woojye2020/decs_jupyter_lab/MedCLIP-SAMv2/UDIAT/Benign/000042.png,"A mammogram with no suspicious masses or malignant findings, indicating a normal scan."
/home/woojye2020/decs_jupyter_lab/MedCLIP-SAMv2/generated_neg_output/udiat_clip_image2prompt_closedform/000042.png,"A mammogram with no suspicious masses or malignant findings, indicating a normal scan.",/home/woojye2020/decs_jupyter_lab/MedCLIP-SAMv2/generated_neg_output/udiat_clip_image2prompt_closedform/000042.png,"A medical breast mammogram showing a smooth, well-circumscribed mass suggestive of a benign breast tumor."
/home/woojye2020/decs_jupyter_lab/MedCLIP-SAMv2/UDIAT/Benign/000042.png,"A mammogram displaying a round, homogeneous mass indicative of a benign breast tumor.",/home/woojye2020/decs_jupyter_lab/MedCLIP-SAMv2/UDIAT/Benign/000042.png,A breast imaging study revealing no signs of benign or malignant tumors.
/home/woojye2020/decs_jupyter_lab/MedCLIP-SAMv2/generated_neg_output/udiat_clip_image2prompt_closedform/000042.png,A breast imaging study revealing no signs of benign or malignant tumors.,/home/woojye2020/decs_jupyter_lab/MedCLIP-SAMv2/generated_neg_output/udiat_clip_image2prompt_closedform/000042.png,"A mammogram displaying a round, homogeneous mass indicative of a benign breast tumor."
/home/woojye2020/decs_jupyter_lab/MedCLIP-SAMv2/UDIAT/Benign/000042.png,"A breast imaging study revealing a well-defined, encapsulated mass likely representing a benign breast tumor.",/home/woojye2020/decs_jupyter_lab/MedCLIP-SAMv2/UDIAT/Benign/000042.png,A mammogram showing symmetrical breast tissue with no focal masses or clinical findings.
/home/woojye2020/decs_jupyter_lab/MedCLIP-SAMv2/generated_neg_output/udiat_clip_image2prompt_closedform/000042.png,A mammogram showing symmetrical breast tissue with no focal masses or clinical findings.,/home/woojye2020/decs_jupyter_lab/MedCLIP-SAMv2/generated_neg_output/udiat_clip_image2prompt_closedform/000042.png,"A breast imaging study revealing a well-defined, encapsulated mass likely representing a benign breast tumor."
/home/woojye2020/decs_jupyter_lab/MedCLIP-SAMv2/UDIAT/Benign/000042.png,"A mammogram showing a sharply marginated, round mass suggestive of a benign breast tumor.",/home/woojye2020/decs_jupyter_lab/MedCLIP-SAMv2/UDIAT/Benign/000042.png,A diagnostic mammogram displaying normal glandular tissue without any detectable lesions.
/home/woojye2020/decs_jupyter_lab/MedCLIP-SAMv2/generated_neg_output/udiat_clip_image2prompt_closedform/000042.png,A diagnostic mammogram displaying normal glandular tissue without any detectable lesions.,/home/woojye2020/decs_jupyter_lab/MedCLIP-SAMv2/generated_neg_output/udiat_clip_image2prompt_closedform/000042.png,"A mammogram showing a sharply marginated, round mass suggestive of a benign breast tumor."
/home/woojye2020/decs_jupyter_lab/MedCLIP-SAMv2/UDIAT/Malignant/000043.png,"A medical breast mammogram showing an irregularly shaped, spiculated mass suggestive of a malignant breast tumor.",/home/woojye2020/decs_jupyter_lab/MedCLIP-SAMv2/UDIAT/Malignant/000043.png,A medical breast mammogram showing normal breast tissue with no evidence of tumor.
/home/woojye2020/decs_jupyter_lab/MedCLIP-SAMv2/generated_neg_output/udiat_clip_image2prompt_closedform/000043.png,A medical breast mammogram showing normal breast tissue with no evidence of tumor.,/home/woojye2020/decs_jupyter_lab/MedCLIP-SAMv2/generated_neg_output/udiat_clip_image2prompt_closedform/000043.png,"A medical breast mammogram showing an irregularly shaped, spiculated mass suggestive of a malignant breast tumor."
/home/woojye2020/decs_jupyter_lab/MedCLIP-SAMv2/UDIAT/Malignant/000043.png,"A medical breast mammogram showing an irregular, spiculated mass suggestive of a malignant breast tumor.",/home/woojye2020/decs_jupyter_lab/MedCLIP-SAMv2/UDIAT/Malignant/000043.png,"A mammogram with no suspicious masses or malignant findings, indicating a normal scan."
/home/woojye2020/decs_jupyter_lab/MedCLIP-SAMv2/generated_neg_output/udiat_clip_image2prompt_closedform/000043.png,"A mammogram with no suspicious masses or malignant findings, indicating a normal scan.",/home/woojye2020/decs_jupyter_lab/MedCLIP-SAMv2/generated_neg_output/udiat_clip_image2prompt_closedform/000043.png,"A medical breast mammogram showing an irregular, spiculated mass suggestive of a malignant breast tumor."
/home/woojye2020/decs_jupyter_lab/MedCLIP-SAMv2/UDIAT/Malignant/000043.png,"A mammogram displaying a poorly defined, lobulated mass indicative of a malignant breast tumor.",/home/woojye2020/decs_jupyter_lab/MedCLIP-SAMv2/UDIAT/Malignant/000043.png,A breast imaging study revealing no signs of benign or malignant tumors.
/home/woojye2020/decs_jupyter_lab/MedCLIP-SAMv2/generated_neg_output/udiat_clip_image2prompt_closedform/000043.png,A breast imaging study revealing no signs of benign or malignant tumors.,/home/woojye2020/decs_jupyter_lab/MedCLIP-SAMv2/generated_neg_output/udiat_clip_image2prompt_closedform/000043.png,"A mammogram displaying a poorly defined, lobulated mass indicative of a malignant breast tumor."
/home/woojye2020/decs_jupyter_lab/MedCLIP-SAMv2/UDIAT/Malignant/000043.png,"A breast imaging study revealing an irregularly shaped, invasive mass likely representing a malignant breast tumor.",/home/woojye2020/decs_jupyter_lab/MedCLIP-SAMv2/UDIAT/Malignant/000043.png,A mammogram showing symmetrical breast tissue with no focal masses or clinical findings.
/home/woojye2020/decs_jupyter_lab/MedCLIP-SAMv2/generated_neg_output/udiat_clip_image2prompt_closedform/000043.png,A mammogram showing symmetrical breast tissue with no focal masses or clinical findings.,/home/woojye2020/decs_jupyter_lab/MedCLIP-SAMv2/generated_neg_output/udiat_clip_image2prompt_closedform/000043.png,"A breast imaging study revealing an irregularly shaped, invasive mass likely representing a malignant breast tumor."
/home/woojye2020/decs_jupyter_lab/MedCLIP-SAMv2/UDIAT/Malignant/000043.png,"A mammogram showing a dense, spiculated mass suggestive of a malignant breast tumor.",/home/woojye2020/decs_jupyter_lab/MedCLIP-SAMv2/UDIAT/Malignant/000043.png,A diagnostic mammogram displaying normal glandular tissue without any detectable lesions.
/home/woojye2020/decs_jupyter_lab/MedCLIP-SAMv2/generated_neg_output/udiat_clip_image2prompt_closedform/000043.png,A diagnostic mammogram displaying normal glandular tissue without any detectable lesions.,/home/woojye2020/decs_jupyter_lab/MedCLIP-SAMv2/generated_neg_output/udiat_clip_image2prompt_closedform/000043.png,"A mammogram showing a dense, spiculated mass suggestive of a malignant breast tumor."
/home/woojye2020/decs_jupyter_lab/MedCLIP-SAMv2/UDIAT/Malignant/000044.png,"A medical breast mammogram showing an irregularly shaped, spiculated mass suggestive of a malignant breast tumor.",/home/woojye2020/decs_jupyter_lab/MedCLIP-SAMv2/UDIAT/Malignant/000044.png,A medical breast mammogram showing normal breast tissue with no evidence of tumor.
/home/woojye2020/decs_jupyter_lab/MedCLIP-SAMv2/generated_neg_output/udiat_clip_image2prompt_closedform/000044.png,A medical breast mammogram showing normal breast tissue with no evidence of tumor.,/home/woojye2020/decs_jupyter_lab/MedCLIP-SAMv2/generated_neg_output/udiat_clip_image2prompt_closedform/000044.png,"A medical breast mammogram showing an irregularly shaped, spiculated mass suggestive of a malignant breast tumor."
/home/woojye2020/decs_jupyter_lab/MedCLIP-SAMv2/UDIAT/Malignant/000044.png,"A medical breast mammogram showing an irregular, spiculated mass suggestive of a malignant breast tumor.",/home/woojye2020/decs_jupyter_lab/MedCLIP-SAMv2/UDIAT/Malignant/000044.png,"A mammogram with no suspicious masses or malignant findings, indicating a normal scan."
/home/woojye2020/decs_jupyter_lab/MedCLIP-SAMv2/generated_neg_output/udiat_clip_image2prompt_closedform/000044.png,"A mammogram with no suspicious masses or malignant findings, indicating a normal scan.",/home/woojye2020/decs_jupyter_lab/MedCLIP-SAMv2/generated_neg_output/udiat_clip_image2prompt_closedform/000044.png,"A medical breast mammogram showing an irregular, spiculated mass suggestive of a malignant breast tumor."
/home/woojye2020/decs_jupyter_lab/MedCLIP-SAMv2/UDIAT/Malignant/000044.png,"A mammogram displaying a poorly defined, lobulated mass indicative of a malignant breast tumor.",/home/woojye2020/decs_jupyter_lab/MedCLIP-SAMv2/UDIAT/Malignant/000044.png,A breast imaging study revealing no signs of benign or malignant tumors.
/home/woojye2020/decs_jupyter_lab/MedCLIP-SAMv2/generated_neg_output/udiat_clip_image2prompt_closedform/000044.png,A breast imaging study revealing no signs of benign or malignant tumors.,/home/woojye2020/decs_jupyter_lab/MedCLIP-SAMv2/generated_neg_output/udiat_clip_image2prompt_closedform/000044.png,"A mammogram displaying a poorly defined, lobulated mass indicative of a malignant breast tumor."
/home/woojye2020/decs_jupyter_lab/MedCLIP-SAMv2/UDIAT/Malignant/000044.png,"A breast imaging study revealing an irregularly shaped, invasive mass likely representing a malignant breast tumor.",/home/woojye2020/decs_jupyter_lab/MedCLIP-SAMv2/UDIAT/Malignant/000044.png,A mammogram showing symmetrical breast tissue with no focal masses or clinical findings.
/home/woojye2020/decs_jupyter_lab/MedCLIP-SAMv2/generated_neg_output/udiat_clip_image2prompt_closedform/000044.png,A mammogram showing symmetrical breast tissue with no focal masses or clinical findings.,/home/woojye2020/decs_jupyter_lab/MedCLIP-SAMv2/generated_neg_output/udiat_clip_image2prompt_closedform/000044.png,"A breast imaging study revealing an irregularly shaped, invasive mass likely representing a malignant breast tumor."
/home/woojye2020/decs_jupyter_lab/MedCLIP-SAMv2/UDIAT/Malignant/000044.png,"A mammogram showing a dense, spiculated mass suggestive of a malignant breast tumor.",/home/woojye2020/decs_jupyter_lab/MedCLIP-SAMv2/UDIAT/Malignant/000044.png,A diagnostic mammogram displaying normal glandular tissue without any detectable lesions.
/home/woojye2020/decs_jupyter_lab/MedCLIP-SAMv2/generated_neg_output/udiat_clip_image2prompt_closedform/000044.png,A diagnostic mammogram displaying normal glandular tissue without any detectable lesions.,/home/woojye2020/decs_jupyter_lab/MedCLIP-SAMv2/generated_neg_output/udiat_clip_image2prompt_closedform/000044.png,"A mammogram showing a dense, spiculated mass suggestive of a malignant breast tumor."
/home/woojye2020/decs_jupyter_lab/MedCLIP-SAMv2/UDIAT/Malignant/000045.png,"A medical breast mammogram showing an irregularly shaped, spiculated mass suggestive of a malignant breast tumor.",/home/woojye2020/decs_jupyter_lab/MedCLIP-SAMv2/UDIAT/Malignant/000045.png,A medical breast mammogram showing normal breast tissue with no evidence of tumor.
/home/woojye2020/decs_jupyter_lab/MedCLIP-SAMv2/generated_neg_output/udiat_clip_image2prompt_closedform/000045.png,A medical breast mammogram showing normal breast tissue with no evidence of tumor.,/home/woojye2020/decs_jupyter_lab/MedCLIP-SAMv2/generated_neg_output/udiat_clip_image2prompt_closedform/000045.png,"A medical breast mammogram showing an irregularly shaped, spiculated mass suggestive of a malignant breast tumor."
/home/woojye2020/decs_jupyter_lab/MedCLIP-SAMv2/UDIAT/Malignant/000045.png,"A medical breast mammogram showing an irregular, spiculated mass suggestive of a malignant breast tumor.",/home/woojye2020/decs_jupyter_lab/MedCLIP-SAMv2/UDIAT/Malignant/000045.png,"A mammogram with no suspicious masses or malignant findings, indicating a normal scan."
/home/woojye2020/decs_jupyter_lab/MedCLIP-SAMv2/generated_neg_output/udiat_clip_image2prompt_closedform/000045.png,"A mammogram with no suspicious masses or malignant findings, indicating a normal scan.",/home/woojye2020/decs_jupyter_lab/MedCLIP-SAMv2/generated_neg_output/udiat_clip_image2prompt_closedform/000045.png,"A medical breast mammogram showing an irregular, spiculated mass suggestive of a malignant breast tumor."
/home/woojye2020/decs_jupyter_lab/MedCLIP-SAMv2/UDIAT/Malignant/000045.png,"A mammogram displaying a poorly defined, lobulated mass indicative of a malignant breast tumor.",/home/woojye2020/decs_jupyter_lab/MedCLIP-SAMv2/UDIAT/Malignant/000045.png,A breast imaging study revealing no signs of benign or malignant tumors.
/home/woojye2020/decs_jupyter_lab/MedCLIP-SAMv2/generated_neg_output/udiat_clip_image2prompt_closedform/000045.png,A breast imaging study revealing no signs of benign or malignant tumors.,/home/woojye2020/decs_jupyter_lab/MedCLIP-SAMv2/generated_neg_output/udiat_clip_image2prompt_closedform/000045.png,"A mammogram displaying a poorly defined, lobulated mass indicative of a malignant breast tumor."
/home/woojye2020/decs_jupyter_lab/MedCLIP-SAMv2/UDIAT/Malignant/000045.png,"A breast imaging study revealing an irregularly shaped, invasive mass likely representing a malignant breast tumor.",/home/woojye2020/decs_jupyter_lab/MedCLIP-SAMv2/UDIAT/Malignant/000045.png,A mammogram showing symmetrical breast tissue with no focal masses or clinical findings.
/home/woojye2020/decs_jupyter_lab/MedCLIP-SAMv2/generated_neg_output/udiat_clip_image2prompt_closedform/000045.png,A mammogram showing symmetrical breast tissue with no focal masses or clinical findings.,/home/woojye2020/decs_jupyter_lab/MedCLIP-SAMv2/generated_neg_output/udiat_clip_image2prompt_closedform/000045.png,"A breast imaging study revealing an irregularly shaped, invasive mass likely representing a malignant breast tumor."
/home/woojye2020/decs_jupyter_lab/MedCLIP-SAMv2/UDIAT/Malignant/000045.png,"A mammogram showing a dense, spiculated mass suggestive of a malignant breast tumor.",/home/woojye2020/decs_jupyter_lab/MedCLIP-SAMv2/UDIAT/Malignant/000045.png,A diagnostic mammogram displaying normal glandular tissue without any detectable lesions.
/home/woojye2020/decs_jupyter_lab/MedCLIP-SAMv2/generated_neg_output/udiat_clip_image2prompt_closedform/000045.png,A diagnostic mammogram displaying normal glandular tissue without any detectable lesions.,/home/woojye2020/decs_jupyter_lab/MedCLIP-SAMv2/generated_neg_output/udiat_clip_image2prompt_closedform/000045.png,"A mammogram showing a dense, spiculated mass suggestive of a malignant breast tumor."
/home/woojye2020/decs_jupyter_lab/MedCLIP-SAMv2/UDIAT/Malignant/000046.png,"A medical breast mammogram showing an irregularly shaped, spiculated mass suggestive of a malignant breast tumor.",/home/woojye2020/decs_jupyter_lab/MedCLIP-SAMv2/UDIAT/Malignant/000046.png,A medical breast mammogram showing normal breast tissue with no evidence of tumor.
/home/woojye2020/decs_jupyter_lab/MedCLIP-SAMv2/generated_neg_output/udiat_clip_image2prompt_closedform/000046.png,A medical breast mammogram showing normal breast tissue with no evidence of tumor.,/home/woojye2020/decs_jupyter_lab/MedCLIP-SAMv2/generated_neg_output/udiat_clip_image2prompt_closedform/000046.png,"A medical breast mammogram showing an irregularly shaped, spiculated mass suggestive of a malignant breast tumor."
/home/woojye2020/decs_jupyter_lab/MedCLIP-SAMv2/UDIAT/Malignant/000046.png,"A medical breast mammogram showing an irregular, spiculated mass suggestive of a malignant breast tumor.",/home/woojye2020/decs_jupyter_lab/MedCLIP-SAMv2/UDIAT/Malignant/000046.png,"A mammogram with no suspicious masses or malignant findings, indicating a normal scan."
/home/woojye2020/decs_jupyter_lab/MedCLIP-SAMv2/generated_neg_output/udiat_clip_image2prompt_closedform/000046.png,"A mammogram with no suspicious masses or malignant findings, indicating a normal scan.",/home/woojye2020/decs_jupyter_lab/MedCLIP-SAMv2/generated_neg_output/udiat_clip_image2prompt_closedform/000046.png,"A medical breast mammogram showing an irregular, spiculated mass suggestive of a malignant breast tumor."
/home/woojye2020/decs_jupyter_lab/MedCLIP-SAMv2/UDIAT/Malignant/000046.png,"A mammogram displaying a poorly defined, lobulated mass indicative of a malignant breast tumor.",/home/woojye2020/decs_jupyter_lab/MedCLIP-SAMv2/UDIAT/Malignant/000046.png,A breast imaging study revealing no signs of benign or malignant tumors.
/home/woojye2020/decs_jupyter_lab/MedCLIP-SAMv2/generated_neg_output/udiat_clip_image2prompt_closedform/000046.png,A breast imaging study revealing no signs of benign or malignant tumors.,/home/woojye2020/decs_jupyter_lab/MedCLIP-SAMv2/generated_neg_output/udiat_clip_image2prompt_closedform/000046.png,"A mammogram displaying a poorly defined, lobulated mass indicative of a malignant breast tumor."
/home/woojye2020/decs_jupyter_lab/MedCLIP-SAMv2/UDIAT/Malignant/000046.png,"A breast imaging study revealing an irregularly shaped, invasive mass likely representing a malignant breast tumor.",/home/woojye2020/decs_jupyter_lab/MedCLIP-SAMv2/UDIAT/Malignant/000046.png,A mammogram showing symmetrical breast tissue with no focal masses or clinical findings.
/home/woojye2020/decs_jupyter_lab/MedCLIP-SAMv2/generated_neg_output/udiat_clip_image2prompt_closedform/000046.png,A mammogram showing symmetrical breast tissue with no focal masses or clinical findings.,/home/woojye2020/decs_jupyter_lab/MedCLIP-SAMv2/generated_neg_output/udiat_clip_image2prompt_closedform/000046.png,"A breast imaging study revealing an irregularly shaped, invasive mass likely representing a malignant breast tumor."
/home/woojye2020/decs_jupyter_lab/MedCLIP-SAMv2/UDIAT/Malignant/000046.png,"A mammogram showing a dense, spiculated mass suggestive of a malignant breast tumor.",/home/woojye2020/decs_jupyter_lab/MedCLIP-SAMv2/UDIAT/Malignant/000046.png,A diagnostic mammogram displaying normal glandular tissue without any detectable lesions.
/home/woojye2020/decs_jupyter_lab/MedCLIP-SAMv2/generated_neg_output/udiat_clip_image2prompt_closedform/000046.png,A diagnostic mammogram displaying normal glandular tissue without any detectable lesions.,/home/woojye2020/decs_jupyter_lab/MedCLIP-SAMv2/generated_neg_output/udiat_clip_image2prompt_closedform/000046.png,"A mammogram showing a dense, spiculated mass suggestive of a malignant breast tumor."
/home/woojye2020/decs_jupyter_lab/MedCLIP-SAMv2/UDIAT/Malignant/000047.png,"A medical breast mammogram showing an irregularly shaped, spiculated mass suggestive of a malignant breast tumor.",/home/woojye2020/decs_jupyter_lab/MedCLIP-SAMv2/UDIAT/Malignant/000047.png,A medical breast mammogram showing normal breast tissue with no evidence of tumor.
/home/woojye2020/decs_jupyter_lab/MedCLIP-SAMv2/generated_neg_output/udiat_clip_image2prompt_closedform/000047.png,A medical breast mammogram showing normal breast tissue with no evidence of tumor.,/home/woojye2020/decs_jupyter_lab/MedCLIP-SAMv2/generated_neg_output/udiat_clip_image2prompt_closedform/000047.png,"A medical breast mammogram showing an irregularly shaped, spiculated mass suggestive of a malignant breast tumor."
/home/woojye2020/decs_jupyter_lab/MedCLIP-SAMv2/UDIAT/Malignant/000047.png,"A medical breast mammogram showing an irregular, spiculated mass suggestive of a malignant breast tumor.",/home/woojye2020/decs_jupyter_lab/MedCLIP-SAMv2/UDIAT/Malignant/000047.png,"A mammogram with no suspicious masses or malignant findings, indicating a normal scan."
/home/woojye2020/decs_jupyter_lab/MedCLIP-SAMv2/generated_neg_output/udiat_clip_image2prompt_closedform/000047.png,"A mammogram with no suspicious masses or malignant findings, indicating a normal scan.",/home/woojye2020/decs_jupyter_lab/MedCLIP-SAMv2/generated_neg_output/udiat_clip_image2prompt_closedform/000047.png,"A medical breast mammogram showing an irregular, spiculated mass suggestive of a malignant breast tumor."
/home/woojye2020/decs_jupyter_lab/MedCLIP-SAMv2/UDIAT/Malignant/000047.png,"A mammogram displaying a poorly defined, lobulated mass indicative of a malignant breast tumor.",/home/woojye2020/decs_jupyter_lab/MedCLIP-SAMv2/UDIAT/Malignant/000047.png,A breast imaging study revealing no signs of benign or malignant tumors.
/home/woojye2020/decs_jupyter_lab/MedCLIP-SAMv2/generated_neg_output/udiat_clip_image2prompt_closedform/000047.png,A breast imaging study revealing no signs of benign or malignant tumors.,/home/woojye2020/decs_jupyter_lab/MedCLIP-SAMv2/generated_neg_output/udiat_clip_image2prompt_closedform/000047.png,"A mammogram displaying a poorly defined, lobulated mass indicative of a malignant breast tumor."
/home/woojye2020/decs_jupyter_lab/MedCLIP-SAMv2/UDIAT/Malignant/000047.png,"A breast imaging study revealing an irregularly shaped, invasive mass likely representing a malignant breast tumor.",/home/woojye2020/decs_jupyter_lab/MedCLIP-SAMv2/UDIAT/Malignant/000047.png,A mammogram showing symmetrical breast tissue with no focal masses or clinical findings.
/home/woojye2020/decs_jupyter_lab/MedCLIP-SAMv2/generated_neg_output/udiat_clip_image2prompt_closedform/000047.png,A mammogram showing symmetrical breast tissue with no focal masses or clinical findings.,/home/woojye2020/decs_jupyter_lab/MedCLIP-SAMv2/generated_neg_output/udiat_clip_image2prompt_closedform/000047.png,"A breast imaging study revealing an irregularly shaped, invasive mass likely representing a malignant breast tumor."
/home/woojye2020/decs_jupyter_lab/MedCLIP-SAMv2/UDIAT/Malignant/000047.png,"A mammogram showing a dense, spiculated mass suggestive of a malignant breast tumor.",/home/woojye2020/decs_jupyter_lab/MedCLIP-SAMv2/UDIAT/Malignant/000047.png,A diagnostic mammogram displaying normal glandular tissue without any detectable lesions.
/home/woojye2020/decs_jupyter_lab/MedCLIP-SAMv2/generated_neg_output/udiat_clip_image2prompt_closedform/000047.png,A diagnostic mammogram displaying normal glandular tissue without any detectable lesions.,/home/woojye2020/decs_jupyter_lab/MedCLIP-SAMv2/generated_neg_output/udiat_clip_image2prompt_closedform/000047.png,"A mammogram showing a dense, spiculated mass suggestive of a malignant breast tumor."
/home/woojye2020/decs_jupyter_lab/MedCLIP-SAMv2/UDIAT/Malignant/000048.png,"A medical breast mammogram showing an irregularly shaped, spiculated mass suggestive of a malignant breast tumor.",/home/woojye2020/decs_jupyter_lab/MedCLIP-SAMv2/UDIAT/Malignant/000048.png,A medical breast mammogram showing normal breast tissue with no evidence of tumor.
/home/woojye2020/decs_jupyter_lab/MedCLIP-SAMv2/generated_neg_output/udiat_clip_image2prompt_closedform/000048.png,A medical breast mammogram showing normal breast tissue with no evidence of tumor.,/home/woojye2020/decs_jupyter_lab/MedCLIP-SAMv2/generated_neg_output/udiat_clip_image2prompt_closedform/000048.png,"A medical breast mammogram showing an irregularly shaped, spiculated mass suggestive of a malignant breast tumor."
/home/woojye2020/decs_jupyter_lab/MedCLIP-SAMv2/UDIAT/Malignant/000048.png,"A medical breast mammogram showing an irregular, spiculated mass suggestive of a malignant breast tumor.",/home/woojye2020/decs_jupyter_lab/MedCLIP-SAMv2/UDIAT/Malignant/000048.png,"A mammogram with no suspicious masses or malignant findings, indicating a normal scan."
/home/woojye2020/decs_jupyter_lab/MedCLIP-SAMv2/generated_neg_output/udiat_clip_image2prompt_closedform/000048.png,"A mammogram with no suspicious masses or malignant findings, indicating a normal scan.",/home/woojye2020/decs_jupyter_lab/MedCLIP-SAMv2/generated_neg_output/udiat_clip_image2prompt_closedform/000048.png,"A medical breast mammogram showing an irregular, spiculated mass suggestive of a malignant breast tumor."
/home/woojye2020/decs_jupyter_lab/MedCLIP-SAMv2/UDIAT/Malignant/000048.png,"A mammogram displaying a poorly defined, lobulated mass indicative of a malignant breast tumor.",/home/woojye2020/decs_jupyter_lab/MedCLIP-SAMv2/UDIAT/Malignant/000048.png,A breast imaging study revealing no signs of benign or malignant tumors.
/home/woojye2020/decs_jupyter_lab/MedCLIP-SAMv2/generated_neg_output/udiat_clip_image2prompt_closedform/000048.png,A breast imaging study revealing no signs of benign or malignant tumors.,/home/woojye2020/decs_jupyter_lab/MedCLIP-SAMv2/generated_neg_output/udiat_clip_image2prompt_closedform/000048.png,"A mammogram displaying a poorly defined, lobulated mass indicative of a malignant breast tumor."
/home/woojye2020/decs_jupyter_lab/MedCLIP-SAMv2/UDIAT/Malignant/000048.png,"A breast imaging study revealing an irregularly shaped, invasive mass likely representing a malignant breast tumor.",/home/woojye2020/decs_jupyter_lab/MedCLIP-SAMv2/UDIAT/Malignant/000048.png,A mammogram showing symmetrical breast tissue with no focal masses or clinical findings.
/home/woojye2020/decs_jupyter_lab/MedCLIP-SAMv2/generated_neg_output/udiat_clip_image2prompt_closedform/000048.png,A mammogram showing symmetrical breast tissue with no focal masses or clinical findings.,/home/woojye2020/decs_jupyter_lab/MedCLIP-SAMv2/generated_neg_output/udiat_clip_image2prompt_closedform/000048.png,"A breast imaging study revealing an irregularly shaped, invasive mass likely representing a malignant breast tumor."
/home/woojye2020/decs_jupyter_lab/MedCLIP-SAMv2/UDIAT/Malignant/000048.png,"A mammogram showing a dense, spiculated mass suggestive of a malignant breast tumor.",/home/woojye2020/decs_jupyter_lab/MedCLIP-SAMv2/UDIAT/Malignant/000048.png,A diagnostic mammogram displaying normal glandular tissue without any detectable lesions.
/home/woojye2020/decs_jupyter_lab/MedCLIP-SAMv2/generated_neg_output/udiat_clip_image2prompt_closedform/000048.png,A diagnostic mammogram displaying normal glandular tissue without any detectable lesions.,/home/woojye2020/decs_jupyter_lab/MedCLIP-SAMv2/generated_neg_output/udiat_clip_image2prompt_closedform/000048.png,"A mammogram showing a dense, spiculated mass suggestive of a malignant breast tumor."
/home/woojye2020/decs_jupyter_lab/MedCLIP-SAMv2/UDIAT/Malignant/000049.png,"A medical breast mammogram showing an irregularly shaped, spiculated mass suggestive of a malignant breast tumor.",/home/woojye2020/decs_jupyter_lab/MedCLIP-SAMv2/UDIAT/Malignant/000049.png,A medical breast mammogram showing normal breast tissue with no evidence of tumor.
/home/woojye2020/decs_jupyter_lab/MedCLIP-SAMv2/generated_neg_output/udiat_clip_image2prompt_closedform/000049.png,A medical breast mammogram showing normal breast tissue with no evidence of tumor.,/home/woojye2020/decs_jupyter_lab/MedCLIP-SAMv2/generated_neg_output/udiat_clip_image2prompt_closedform/000049.png,"A medical breast mammogram showing an irregularly shaped, spiculated mass suggestive of a malignant breast tumor."
/home/woojye2020/decs_jupyter_lab/MedCLIP-SAMv2/UDIAT/Malignant/000049.png,"A medical breast mammogram showing an irregular, spiculated mass suggestive of a malignant breast tumor.",/home/woojye2020/decs_jupyter_lab/MedCLIP-SAMv2/UDIAT/Malignant/000049.png,"A mammogram with no suspicious masses or malignant findings, indicating a normal scan."
/home/woojye2020/decs_jupyter_lab/MedCLIP-SAMv2/generated_neg_output/udiat_clip_image2prompt_closedform/000049.png,"A mammogram with no suspicious masses or malignant findings, indicating a normal scan.",/home/woojye2020/decs_jupyter_lab/MedCLIP-SAMv2/generated_neg_output/udiat_clip_image2prompt_closedform/000049.png,"A medical breast mammogram showing an irregular, spiculated mass suggestive of a malignant breast tumor."
/home/woojye2020/decs_jupyter_lab/MedCLIP-SAMv2/UDIAT/Malignant/000049.png,"A mammogram displaying a poorly defined, lobulated mass indicative of a malignant breast tumor.",/home/woojye2020/decs_jupyter_lab/MedCLIP-SAMv2/UDIAT/Malignant/000049.png,A breast imaging study revealing no signs of benign or malignant tumors.
/home/woojye2020/decs_jupyter_lab/MedCLIP-SAMv2/generated_neg_output/udiat_clip_image2prompt_closedform/000049.png,A breast imaging study revealing no signs of benign or malignant tumors.,/home/woojye2020/decs_jupyter_lab/MedCLIP-SAMv2/generated_neg_output/udiat_clip_image2prompt_closedform/000049.png,"A mammogram displaying a poorly defined, lobulated mass indicative of a malignant breast tumor."
/home/woojye2020/decs_jupyter_lab/MedCLIP-SAMv2/UDIAT/Malignant/000049.png,"A breast imaging study revealing an irregularly shaped, invasive mass likely representing a malignant breast tumor.",/home/woojye2020/decs_jupyter_lab/MedCLIP-SAMv2/UDIAT/Malignant/000049.png,A mammogram showing symmetrical breast tissue with no focal masses or clinical findings.
/home/woojye2020/decs_jupyter_lab/MedCLIP-SAMv2/generated_neg_output/udiat_clip_image2prompt_closedform/000049.png,A mammogram showing symmetrical breast tissue with no focal masses or clinical findings.,/home/woojye2020/decs_jupyter_lab/MedCLIP-SAMv2/generated_neg_output/udiat_clip_image2prompt_closedform/000049.png,"A breast imaging study revealing an irregularly shaped, invasive mass likely representing a malignant breast tumor."
/home/woojye2020/decs_jupyter_lab/MedCLIP-SAMv2/UDIAT/Malignant/000049.png,"A mammogram showing a dense, spiculated mass suggestive of a malignant breast tumor.",/home/woojye2020/decs_jupyter_lab/MedCLIP-SAMv2/UDIAT/Malignant/000049.png,A diagnostic mammogram displaying normal glandular tissue without any detectable lesions.
/home/woojye2020/decs_jupyter_lab/MedCLIP-SAMv2/generated_neg_output/udiat_clip_image2prompt_closedform/000049.png,A diagnostic mammogram displaying normal glandular tissue without any detectable lesions.,/home/woojye2020/decs_jupyter_lab/MedCLIP-SAMv2/generated_neg_output/udiat_clip_image2prompt_closedform/000049.png,"A mammogram showing a dense, spiculated mass suggestive of a malignant breast tumor."
/home/woojye2020/decs_jupyter_lab/MedCLIP-SAMv2/UDIAT/Malignant/000050.png,"A medical breast mammogram showing an irregularly shaped, spiculated mass suggestive of a malignant breast tumor.",/home/woojye2020/decs_jupyter_lab/MedCLIP-SAMv2/UDIAT/Malignant/000050.png,A medical breast mammogram showing normal breast tissue with no evidence of tumor.
/home/woojye2020/decs_jupyter_lab/MedCLIP-SAMv2/generated_neg_output/udiat_clip_image2prompt_closedform/000050.png,A medical breast mammogram showing normal breast tissue with no evidence of tumor.,/home/woojye2020/decs_jupyter_lab/MedCLIP-SAMv2/generated_neg_output/udiat_clip_image2prompt_closedform/000050.png,"A medical breast mammogram showing an irregularly shaped, spiculated mass suggestive of a malignant breast tumor."
/home/woojye2020/decs_jupyter_lab/MedCLIP-SAMv2/UDIAT/Malignant/000050.png,"A medical breast mammogram showing an irregular, spiculated mass suggestive of a malignant breast tumor.",/home/woojye2020/decs_jupyter_lab/MedCLIP-SAMv2/UDIAT/Malignant/000050.png,"A mammogram with no suspicious masses or malignant findings, indicating a normal scan."
/home/woojye2020/decs_jupyter_lab/MedCLIP-SAMv2/generated_neg_output/udiat_clip_image2prompt_closedform/000050.png,"A mammogram with no suspicious masses or malignant findings, indicating a normal scan.",/home/woojye2020/decs_jupyter_lab/MedCLIP-SAMv2/generated_neg_output/udiat_clip_image2prompt_closedform/000050.png,"A medical breast mammogram showing an irregular, spiculated mass suggestive of a malignant breast tumor."
/home/woojye2020/decs_jupyter_lab/MedCLIP-SAMv2/UDIAT/Malignant/000050.png,"A mammogram displaying a poorly defined, lobulated mass indicative of a malignant breast tumor.",/home/woojye2020/decs_jupyter_lab/MedCLIP-SAMv2/UDIAT/Malignant/000050.png,A breast imaging study revealing no signs of benign or malignant tumors.
/home/woojye2020/decs_jupyter_lab/MedCLIP-SAMv2/generated_neg_output/udiat_clip_image2prompt_closedform/000050.png,A breast imaging study revealing no signs of benign or malignant tumors.,/home/woojye2020/decs_jupyter_lab/MedCLIP-SAMv2/generated_neg_output/udiat_clip_image2prompt_closedform/000050.png,"A mammogram displaying a poorly defined, lobulated mass indicative of a malignant breast tumor."
/home/woojye2020/decs_jupyter_lab/MedCLIP-SAMv2/UDIAT/Malignant/000050.png,"A breast imaging study revealing an irregularly shaped, invasive mass likely representing a malignant breast tumor.",/home/woojye2020/decs_jupyter_lab/MedCLIP-SAMv2/UDIAT/Malignant/000050.png,A mammogram showing symmetrical breast tissue with no focal masses or clinical findings.
/home/woojye2020/decs_jupyter_lab/MedCLIP-SAMv2/generated_neg_output/udiat_clip_image2prompt_closedform/000050.png,A mammogram showing symmetrical breast tissue with no focal masses or clinical findings.,/home/woojye2020/decs_jupyter_lab/MedCLIP-SAMv2/generated_neg_output/udiat_clip_image2prompt_closedform/000050.png,"A breast imaging study revealing an irregularly shaped, invasive mass likely representing a malignant breast tumor."
/home/woojye2020/decs_jupyter_lab/MedCLIP-SAMv2/UDIAT/Malignant/000050.png,"A mammogram showing a dense, spiculated mass suggestive of a malignant breast tumor.",/home/woojye2020/decs_jupyter_lab/MedCLIP-SAMv2/UDIAT/Malignant/000050.png,A diagnostic mammogram displaying normal glandular tissue without any detectable lesions.
/home/woojye2020/decs_jupyter_lab/MedCLIP-SAMv2/generated_neg_output/udiat_clip_image2prompt_closedform/000050.png,A diagnostic mammogram displaying normal glandular tissue without any detectable lesions.,/home/woojye2020/decs_jupyter_lab/MedCLIP-SAMv2/generated_neg_output/udiat_clip_image2prompt_closedform/000050.png,"A mammogram showing a dense, spiculated mass suggestive of a malignant breast tumor."
/home/woojye2020/decs_jupyter_lab/MedCLIP-SAMv2/UDIAT/Benign/000051.png,"A medical breast mammogram showing a well-defined, round mass suggestive of a benign breast tumor.",/home/woojye2020/decs_jupyter_lab/MedCLIP-SAMv2/UDIAT/Benign/000051.png,A medical breast mammogram showing normal breast tissue with no evidence of tumor.
/home/woojye2020/decs_jupyter_lab/MedCLIP-SAMv2/generated_neg_output/udiat_clip_image2prompt_closedform/000051.png,A medical breast mammogram showing normal breast tissue with no evidence of tumor.,/home/woojye2020/decs_jupyter_lab/MedCLIP-SAMv2/generated_neg_output/udiat_clip_image2prompt_closedform/000051.png,"A medical breast mammogram showing a well-defined, round mass suggestive of a benign breast tumor."
/home/woojye2020/decs_jupyter_lab/MedCLIP-SAMv2/UDIAT/Benign/000051.png,"A medical breast mammogram showing a smooth, well-circumscribed mass suggestive of a benign breast tumor.",/home/woojye2020/decs_jupyter_lab/MedCLIP-SAMv2/UDIAT/Benign/000051.png,"A mammogram with no suspicious masses or malignant findings, indicating a normal scan."
/home/woojye2020/decs_jupyter_lab/MedCLIP-SAMv2/generated_neg_output/udiat_clip_image2prompt_closedform/000051.png,"A mammogram with no suspicious masses or malignant findings, indicating a normal scan.",/home/woojye2020/decs_jupyter_lab/MedCLIP-SAMv2/generated_neg_output/udiat_clip_image2prompt_closedform/000051.png,"A medical breast mammogram showing a smooth, well-circumscribed mass suggestive of a benign breast tumor."
/home/woojye2020/decs_jupyter_lab/MedCLIP-SAMv2/UDIAT/Benign/000051.png,"A mammogram displaying a round, homogeneous mass indicative of a benign breast tumor.",/home/woojye2020/decs_jupyter_lab/MedCLIP-SAMv2/UDIAT/Benign/000051.png,A breast imaging study revealing no signs of benign or malignant tumors.
/home/woojye2020/decs_jupyter_lab/MedCLIP-SAMv2/generated_neg_output/udiat_clip_image2prompt_closedform/000051.png,A breast imaging study revealing no signs of benign or malignant tumors.,/home/woojye2020/decs_jupyter_lab/MedCLIP-SAMv2/generated_neg_output/udiat_clip_image2prompt_closedform/000051.png,"A mammogram displaying a round, homogeneous mass indicative of a benign breast tumor."
/home/woojye2020/decs_jupyter_lab/MedCLIP-SAMv2/UDIAT/Benign/000051.png,"A breast imaging study revealing a well-defined, encapsulated mass likely representing a benign breast tumor.",/home/woojye2020/decs_jupyter_lab/MedCLIP-SAMv2/UDIAT/Benign/000051.png,A mammogram showing symmetrical breast tissue with no focal masses or clinical findings.
/home/woojye2020/decs_jupyter_lab/MedCLIP-SAMv2/generated_neg_output/udiat_clip_image2prompt_closedform/000051.png,A mammogram showing symmetrical breast tissue with no focal masses or clinical findings.,/home/woojye2020/decs_jupyter_lab/MedCLIP-SAMv2/generated_neg_output/udiat_clip_image2prompt_closedform/000051.png,"A breast imaging study revealing a well-defined, encapsulated mass likely representing a benign breast tumor."
/home/woojye2020/decs_jupyter_lab/MedCLIP-SAMv2/UDIAT/Benign/000051.png,"A mammogram showing a sharply marginated, round mass suggestive of a benign breast tumor.",/home/woojye2020/decs_jupyter_lab/MedCLIP-SAMv2/UDIAT/Benign/000051.png,A diagnostic mammogram displaying normal glandular tissue without any detectable lesions.
/home/woojye2020/decs_jupyter_lab/MedCLIP-SAMv2/generated_neg_output/udiat_clip_image2prompt_closedform/000051.png,A diagnostic mammogram displaying normal glandular tissue without any detectable lesions.,/home/woojye2020/decs_jupyter_lab/MedCLIP-SAMv2/generated_neg_output/udiat_clip_image2prompt_closedform/000051.png,"A mammogram showing a sharply marginated, round mass suggestive of a benign breast tumor."
/home/woojye2020/decs_jupyter_lab/MedCLIP-SAMv2/UDIAT/Benign/000052.png,"A medical breast mammogram showing a well-defined, round mass suggestive of a benign breast tumor.",/home/woojye2020/decs_jupyter_lab/MedCLIP-SAMv2/UDIAT/Benign/000052.png,A medical breast mammogram showing normal breast tissue with no evidence of tumor.
/home/woojye2020/decs_jupyter_lab/MedCLIP-SAMv2/generated_neg_output/udiat_clip_image2prompt_closedform/000052.png,A medical breast mammogram showing normal breast tissue with no evidence of tumor.,/home/woojye2020/decs_jupyter_lab/MedCLIP-SAMv2/generated_neg_output/udiat_clip_image2prompt_closedform/000052.png,"A medical breast mammogram showing a well-defined, round mass suggestive of a benign breast tumor."
/home/woojye2020/decs_jupyter_lab/MedCLIP-SAMv2/UDIAT/Benign/000052.png,"A medical breast mammogram showing a smooth, well-circumscribed mass suggestive of a benign breast tumor.",/home/woojye2020/decs_jupyter_lab/MedCLIP-SAMv2/UDIAT/Benign/000052.png,"A mammogram with no suspicious masses or malignant findings, indicating a normal scan."
/home/woojye2020/decs_jupyter_lab/MedCLIP-SAMv2/generated_neg_output/udiat_clip_image2prompt_closedform/000052.png,"A mammogram with no suspicious masses or malignant findings, indicating a normal scan.",/home/woojye2020/decs_jupyter_lab/MedCLIP-SAMv2/generated_neg_output/udiat_clip_image2prompt_closedform/000052.png,"A medical breast mammogram showing a smooth, well-circumscribed mass suggestive of a benign breast tumor."
/home/woojye2020/decs_jupyter_lab/MedCLIP-SAMv2/UDIAT/Benign/000052.png,"A mammogram displaying a round, homogeneous mass indicative of a benign breast tumor.",/home/woojye2020/decs_jupyter_lab/MedCLIP-SAMv2/UDIAT/Benign/000052.png,A breast imaging study revealing no signs of benign or malignant tumors.
/home/woojye2020/decs_jupyter_lab/MedCLIP-SAMv2/generated_neg_output/udiat_clip_image2prompt_closedform/000052.png,A breast imaging study revealing no signs of benign or malignant tumors.,/home/woojye2020/decs_jupyter_lab/MedCLIP-SAMv2/generated_neg_output/udiat_clip_image2prompt_closedform/000052.png,"A mammogram displaying a round, homogeneous mass indicative of a benign breast tumor."
/home/woojye2020/decs_jupyter_lab/MedCLIP-SAMv2/UDIAT/Benign/000052.png,"A breast imaging study revealing a well-defined, encapsulated mass likely representing a benign breast tumor.",/home/woojye2020/decs_jupyter_lab/MedCLIP-SAMv2/UDIAT/Benign/000052.png,A mammogram showing symmetrical breast tissue with no focal masses or clinical findings.
/home/woojye2020/decs_jupyter_lab/MedCLIP-SAMv2/generated_neg_output/udiat_clip_image2prompt_closedform/000052.png,A mammogram showing symmetrical breast tissue with no focal masses or clinical findings.,/home/woojye2020/decs_jupyter_lab/MedCLIP-SAMv2/generated_neg_output/udiat_clip_image2prompt_closedform/000052.png,"A breast imaging study revealing a well-defined, encapsulated mass likely representing a benign breast tumor."
/home/woojye2020/decs_jupyter_lab/MedCLIP-SAMv2/UDIAT/Benign/000052.png,"A mammogram showing a sharply marginated, round mass suggestive of a benign breast tumor.",/home/woojye2020/decs_jupyter_lab/MedCLIP-SAMv2/UDIAT/Benign/000052.png,A diagnostic mammogram displaying normal glandular tissue without any detectable lesions.
/home/woojye2020/decs_jupyter_lab/MedCLIP-SAMv2/generated_neg_output/udiat_clip_image2prompt_closedform/000052.png,A diagnostic mammogram displaying normal glandular tissue without any detectable lesions.,/home/woojye2020/decs_jupyter_lab/MedCLIP-SAMv2/generated_neg_output/udiat_clip_image2prompt_closedform/000052.png,"A mammogram showing a sharply marginated, round mass suggestive of a benign breast tumor."
/home/woojye2020/decs_jupyter_lab/MedCLIP-SAMv2/UDIAT/Malignant/000053.png,"A medical breast mammogram showing an irregularly shaped, spiculated mass suggestive of a malignant breast tumor.",/home/woojye2020/decs_jupyter_lab/MedCLIP-SAMv2/UDIAT/Malignant/000053.png,A medical breast mammogram showing normal breast tissue with no evidence of tumor.
/home/woojye2020/decs_jupyter_lab/MedCLIP-SAMv2/generated_neg_output/udiat_clip_image2prompt_closedform/000053.png,A medical breast mammogram showing normal breast tissue with no evidence of tumor.,/home/woojye2020/decs_jupyter_lab/MedCLIP-SAMv2/generated_neg_output/udiat_clip_image2prompt_closedform/000053.png,"A medical breast mammogram showing an irregularly shaped, spiculated mass suggestive of a malignant breast tumor."
/home/woojye2020/decs_jupyter_lab/MedCLIP-SAMv2/UDIAT/Malignant/000053.png,"A medical breast mammogram showing an irregular, spiculated mass suggestive of a malignant breast tumor.",/home/woojye2020/decs_jupyter_lab/MedCLIP-SAMv2/UDIAT/Malignant/000053.png,"A mammogram with no suspicious masses or malignant findings, indicating a normal scan."
/home/woojye2020/decs_jupyter_lab/MedCLIP-SAMv2/generated_neg_output/udiat_clip_image2prompt_closedform/000053.png,"A mammogram with no suspicious masses or malignant findings, indicating a normal scan.",/home/woojye2020/decs_jupyter_lab/MedCLIP-SAMv2/generated_neg_output/udiat_clip_image2prompt_closedform/000053.png,"A medical breast mammogram showing an irregular, spiculated mass suggestive of a malignant breast tumor."
/home/woojye2020/decs_jupyter_lab/MedCLIP-SAMv2/UDIAT/Malignant/000053.png,"A mammogram displaying a poorly defined, lobulated mass indicative of a malignant breast tumor.",/home/woojye2020/decs_jupyter_lab/MedCLIP-SAMv2/UDIAT/Malignant/000053.png,A breast imaging study revealing no signs of benign or malignant tumors.
/home/woojye2020/decs_jupyter_lab/MedCLIP-SAMv2/generated_neg_output/udiat_clip_image2prompt_closedform/000053.png,A breast imaging study revealing no signs of benign or malignant tumors.,/home/woojye2020/decs_jupyter_lab/MedCLIP-SAMv2/generated_neg_output/udiat_clip_image2prompt_closedform/000053.png,"A mammogram displaying a poorly defined, lobulated mass indicative of a malignant breast tumor."
/home/woojye2020/decs_jupyter_lab/MedCLIP-SAMv2/UDIAT/Malignant/000053.png,"A breast imaging study revealing an irregularly shaped, invasive mass likely representing a malignant breast tumor.",/home/woojye2020/decs_jupyter_lab/MedCLIP-SAMv2/UDIAT/Malignant/000053.png,A mammogram showing symmetrical breast tissue with no focal masses or clinical findings.
/home/woojye2020/decs_jupyter_lab/MedCLIP-SAMv2/generated_neg_output/udiat_clip_image2prompt_closedform/000053.png,A mammogram showing symmetrical breast tissue with no focal masses or clinical findings.,/home/woojye2020/decs_jupyter_lab/MedCLIP-SAMv2/generated_neg_output/udiat_clip_image2prompt_closedform/000053.png,"A breast imaging study revealing an irregularly shaped, invasive mass likely representing a malignant breast tumor."
/home/woojye2020/decs_jupyter_lab/MedCLIP-SAMv2/UDIAT/Malignant/000053.png,"A mammogram showing a dense, spiculated mass suggestive of a malignant breast tumor.",/home/woojye2020/decs_jupyter_lab/MedCLIP-SAMv2/UDIAT/Malignant/000053.png,A diagnostic mammogram displaying normal glandular tissue without any detectable lesions.
/home/woojye2020/decs_jupyter_lab/MedCLIP-SAMv2/generated_neg_output/udiat_clip_image2prompt_closedform/000053.png,A diagnostic mammogram displaying normal glandular tissue without any detectable lesions.,/home/woojye2020/decs_jupyter_lab/MedCLIP-SAMv2/generated_neg_output/udiat_clip_image2prompt_closedform/000053.png,"A mammogram showing a dense, spiculated mass suggestive of a malignant breast tumor."
/home/woojye2020/decs_jupyter_lab/MedCLIP-SAMv2/UDIAT/Malignant/000054.png,"A medical breast mammogram showing an irregularly shaped, spiculated mass suggestive of a malignant breast tumor.",/home/woojye2020/decs_jupyter_lab/MedCLIP-SAMv2/UDIAT/Malignant/000054.png,A medical breast mammogram showing normal breast tissue with no evidence of tumor.
/home/woojye2020/decs_jupyter_lab/MedCLIP-SAMv2/generated_neg_output/udiat_clip_image2prompt_closedform/000054.png,A medical breast mammogram showing normal breast tissue with no evidence of tumor.,/home/woojye2020/decs_jupyter_lab/MedCLIP-SAMv2/generated_neg_output/udiat_clip_image2prompt_closedform/000054.png,"A medical breast mammogram showing an irregularly shaped, spiculated mass suggestive of a malignant breast tumor."
/home/woojye2020/decs_jupyter_lab/MedCLIP-SAMv2/UDIAT/Malignant/000054.png,"A medical breast mammogram showing an irregular, spiculated mass suggestive of a malignant breast tumor.",/home/woojye2020/decs_jupyter_lab/MedCLIP-SAMv2/UDIAT/Malignant/000054.png,"A mammogram with no suspicious masses or malignant findings, indicating a normal scan."
/home/woojye2020/decs_jupyter_lab/MedCLIP-SAMv2/generated_neg_output/udiat_clip_image2prompt_closedform/000054.png,"A mammogram with no suspicious masses or malignant findings, indicating a normal scan.",/home/woojye2020/decs_jupyter_lab/MedCLIP-SAMv2/generated_neg_output/udiat_clip_image2prompt_closedform/000054.png,"A medical breast mammogram showing an irregular, spiculated mass suggestive of a malignant breast tumor."
/home/woojye2020/decs_jupyter_lab/MedCLIP-SAMv2/UDIAT/Malignant/000054.png,"A mammogram displaying a poorly defined, lobulated mass indicative of a malignant breast tumor.",/home/woojye2020/decs_jupyter_lab/MedCLIP-SAMv2/UDIAT/Malignant/000054.png,A breast imaging study revealing no signs of benign or malignant tumors.
/home/woojye2020/decs_jupyter_lab/MedCLIP-SAMv2/generated_neg_output/udiat_clip_image2prompt_closedform/000054.png,A breast imaging study revealing no signs of benign or malignant tumors.,/home/woojye2020/decs_jupyter_lab/MedCLIP-SAMv2/generated_neg_output/udiat_clip_image2prompt_closedform/000054.png,"A mammogram displaying a poorly defined, lobulated mass indicative of a malignant breast tumor."
/home/woojye2020/decs_jupyter_lab/MedCLIP-SAMv2/UDIAT/Malignant/000054.png,"A breast imaging study revealing an irregularly shaped, invasive mass likely representing a malignant breast tumor.",/home/woojye2020/decs_jupyter_lab/MedCLIP-SAMv2/UDIAT/Malignant/000054.png,A mammogram showing symmetrical breast tissue with no focal masses or clinical findings.
/home/woojye2020/decs_jupyter_lab/MedCLIP-SAMv2/generated_neg_output/udiat_clip_image2prompt_closedform/000054.png,A mammogram showing symmetrical breast tissue with no focal masses or clinical findings.,/home/woojye2020/decs_jupyter_lab/MedCLIP-SAMv2/generated_neg_output/udiat_clip_image2prompt_closedform/000054.png,"A breast imaging study revealing an irregularly shaped, invasive mass likely representing a malignant breast tumor."
/home/woojye2020/decs_jupyter_lab/MedCLIP-SAMv2/UDIAT/Malignant/000054.png,"A mammogram showing a dense, spiculated mass suggestive of a malignant breast tumor.",/home/woojye2020/decs_jupyter_lab/MedCLIP-SAMv2/UDIAT/Malignant/000054.png,A diagnostic mammogram displaying normal glandular tissue without any detectable lesions.
/home/woojye2020/decs_jupyter_lab/MedCLIP-SAMv2/generated_neg_output/udiat_clip_image2prompt_closedform/000054.png,A diagnostic mammogram displaying normal glandular tissue without any detectable lesions.,/home/woojye2020/decs_jupyter_lab/MedCLIP-SAMv2/generated_neg_output/udiat_clip_image2prompt_closedform/000054.png,"A mammogram showing a dense, spiculated mass suggestive of a malignant breast tumor."
/home/woojye2020/decs_jupyter_lab/MedCLIP-SAMv2/UDIAT/Malignant/000055.png,"A medical breast mammogram showing an irregularly shaped, spiculated mass suggestive of a malignant breast tumor.",/home/woojye2020/decs_jupyter_lab/MedCLIP-SAMv2/UDIAT/Malignant/000055.png,A medical breast mammogram showing normal breast tissue with no evidence of tumor.
/home/woojye2020/decs_jupyter_lab/MedCLIP-SAMv2/generated_neg_output/udiat_clip_image2prompt_closedform/000055.png,A medical breast mammogram showing normal breast tissue with no evidence of tumor.,/home/woojye2020/decs_jupyter_lab/MedCLIP-SAMv2/generated_neg_output/udiat_clip_image2prompt_closedform/000055.png,"A medical breast mammogram showing an irregularly shaped, spiculated mass suggestive of a malignant breast tumor."
/home/woojye2020/decs_jupyter_lab/MedCLIP-SAMv2/UDIAT/Malignant/000055.png,"A medical breast mammogram showing an irregular, spiculated mass suggestive of a malignant breast tumor.",/home/woojye2020/decs_jupyter_lab/MedCLIP-SAMv2/UDIAT/Malignant/000055.png,"A mammogram with no suspicious masses or malignant findings, indicating a normal scan."
/home/woojye2020/decs_jupyter_lab/MedCLIP-SAMv2/generated_neg_output/udiat_clip_image2prompt_closedform/000055.png,"A mammogram with no suspicious masses or malignant findings, indicating a normal scan.",/home/woojye2020/decs_jupyter_lab/MedCLIP-SAMv2/generated_neg_output/udiat_clip_image2prompt_closedform/000055.png,"A medical breast mammogram showing an irregular, spiculated mass suggestive of a malignant breast tumor."
/home/woojye2020/decs_jupyter_lab/MedCLIP-SAMv2/UDIAT/Malignant/000055.png,"A mammogram displaying a poorly defined, lobulated mass indicative of a malignant breast tumor.",/home/woojye2020/decs_jupyter_lab/MedCLIP-SAMv2/UDIAT/Malignant/000055.png,A breast imaging study revealing no signs of benign or malignant tumors.
/home/woojye2020/decs_jupyter_lab/MedCLIP-SAMv2/generated_neg_output/udiat_clip_image2prompt_closedform/000055.png,A breast imaging study revealing no signs of benign or malignant tumors.,/home/woojye2020/decs_jupyter_lab/MedCLIP-SAMv2/generated_neg_output/udiat_clip_image2prompt_closedform/000055.png,"A mammogram displaying a poorly defined, lobulated mass indicative of a malignant breast tumor."
/home/woojye2020/decs_jupyter_lab/MedCLIP-SAMv2/UDIAT/Malignant/000055.png,"A breast imaging study revealing an irregularly shaped, invasive mass likely representing a malignant breast tumor.",/home/woojye2020/decs_jupyter_lab/MedCLIP-SAMv2/UDIAT/Malignant/000055.png,A mammogram showing symmetrical breast tissue with no focal masses or clinical findings.
/home/woojye2020/decs_jupyter_lab/MedCLIP-SAMv2/generated_neg_output/udiat_clip_image2prompt_closedform/000055.png,A mammogram showing symmetrical breast tissue with no focal masses or clinical findings.,/home/woojye2020/decs_jupyter_lab/MedCLIP-SAMv2/generated_neg_output/udiat_clip_image2prompt_closedform/000055.png,"A breast imaging study revealing an irregularly shaped, invasive mass likely representing a malignant breast tumor."
/home/woojye2020/decs_jupyter_lab/MedCLIP-SAMv2/UDIAT/Malignant/000055.png,"A mammogram showing a dense, spiculated mass suggestive of a malignant breast tumor.",/home/woojye2020/decs_jupyter_lab/MedCLIP-SAMv2/UDIAT/Malignant/000055.png,A diagnostic mammogram displaying normal glandular tissue without any detectable lesions.
/home/woojye2020/decs_jupyter_lab/MedCLIP-SAMv2/generated_neg_output/udiat_clip_image2prompt_closedform/000055.png,A diagnostic mammogram displaying normal glandular tissue without any detectable lesions.,/home/woojye2020/decs_jupyter_lab/MedCLIP-SAMv2/generated_neg_output/udiat_clip_image2prompt_closedform/000055.png,"A mammogram showing a dense, spiculated mass suggestive of a malignant breast tumor."
/home/woojye2020/decs_jupyter_lab/MedCLIP-SAMv2/UDIAT/Benign/000056.png,"A medical breast mammogram showing a well-defined, round mass suggestive of a benign breast tumor.",/home/woojye2020/decs_jupyter_lab/MedCLIP-SAMv2/UDIAT/Benign/000056.png,A medical breast mammogram showing normal breast tissue with no evidence of tumor.
/home/woojye2020/decs_jupyter_lab/MedCLIP-SAMv2/generated_neg_output/udiat_clip_image2prompt_closedform/000056.png,A medical breast mammogram showing normal breast tissue with no evidence of tumor.,/home/woojye2020/decs_jupyter_lab/MedCLIP-SAMv2/generated_neg_output/udiat_clip_image2prompt_closedform/000056.png,"A medical breast mammogram showing a well-defined, round mass suggestive of a benign breast tumor."
/home/woojye2020/decs_jupyter_lab/MedCLIP-SAMv2/UDIAT/Benign/000056.png,"A medical breast mammogram showing a smooth, well-circumscribed mass suggestive of a benign breast tumor.",/home/woojye2020/decs_jupyter_lab/MedCLIP-SAMv2/UDIAT/Benign/000056.png,"A mammogram with no suspicious masses or malignant findings, indicating a normal scan."
/home/woojye2020/decs_jupyter_lab/MedCLIP-SAMv2/generated_neg_output/udiat_clip_image2prompt_closedform/000056.png,"A mammogram with no suspicious masses or malignant findings, indicating a normal scan.",/home/woojye2020/decs_jupyter_lab/MedCLIP-SAMv2/generated_neg_output/udiat_clip_image2prompt_closedform/000056.png,"A medical breast mammogram showing a smooth, well-circumscribed mass suggestive of a benign breast tumor."
/home/woojye2020/decs_jupyter_lab/MedCLIP-SAMv2/UDIAT/Benign/000056.png,"A mammogram displaying a round, homogeneous mass indicative of a benign breast tumor.",/home/woojye2020/decs_jupyter_lab/MedCLIP-SAMv2/UDIAT/Benign/000056.png,A breast imaging study revealing no signs of benign or malignant tumors.
/home/woojye2020/decs_jupyter_lab/MedCLIP-SAMv2/generated_neg_output/udiat_clip_image2prompt_closedform/000056.png,A breast imaging study revealing no signs of benign or malignant tumors.,/home/woojye2020/decs_jupyter_lab/MedCLIP-SAMv2/generated_neg_output/udiat_clip_image2prompt_closedform/000056.png,"A mammogram displaying a round, homogeneous mass indicative of a benign breast tumor."
/home/woojye2020/decs_jupyter_lab/MedCLIP-SAMv2/UDIAT/Benign/000056.png,"A breast imaging study revealing a well-defined, encapsulated mass likely representing a benign breast tumor.",/home/woojye2020/decs_jupyter_lab/MedCLIP-SAMv2/UDIAT/Benign/000056.png,A mammogram showing symmetrical breast tissue with no focal masses or clinical findings.
/home/woojye2020/decs_jupyter_lab/MedCLIP-SAMv2/generated_neg_output/udiat_clip_image2prompt_closedform/000056.png,A mammogram showing symmetrical breast tissue with no focal masses or clinical findings.,/home/woojye2020/decs_jupyter_lab/MedCLIP-SAMv2/generated_neg_output/udiat_clip_image2prompt_closedform/000056.png,"A breast imaging study revealing a well-defined, encapsulated mass likely representing a benign breast tumor."
/home/woojye2020/decs_jupyter_lab/MedCLIP-SAMv2/UDIAT/Benign/000056.png,"A mammogram showing a sharply marginated, round mass suggestive of a benign breast tumor.",/home/woojye2020/decs_jupyter_lab/MedCLIP-SAMv2/UDIAT/Benign/000056.png,A diagnostic mammogram displaying normal glandular tissue without any detectable lesions.
/home/woojye2020/decs_jupyter_lab/MedCLIP-SAMv2/generated_neg_output/udiat_clip_image2prompt_closedform/000056.png,A diagnostic mammogram displaying normal glandular tissue without any detectable lesions.,/home/woojye2020/decs_jupyter_lab/MedCLIP-SAMv2/generated_neg_output/udiat_clip_image2prompt_closedform/000056.png,"A mammogram showing a sharply marginated, round mass suggestive of a benign breast tumor."
/home/woojye2020/decs_jupyter_lab/MedCLIP-SAMv2/UDIAT/Malignant/000057.png,"A medical breast mammogram showing an irregularly shaped, spiculated mass suggestive of a malignant breast tumor.",/home/woojye2020/decs_jupyter_lab/MedCLIP-SAMv2/UDIAT/Malignant/000057.png,A medical breast mammogram showing normal breast tissue with no evidence of tumor.
/home/woojye2020/decs_jupyter_lab/MedCLIP-SAMv2/generated_neg_output/udiat_clip_image2prompt_closedform/000057.png,A medical breast mammogram showing normal breast tissue with no evidence of tumor.,/home/woojye2020/decs_jupyter_lab/MedCLIP-SAMv2/generated_neg_output/udiat_clip_image2prompt_closedform/000057.png,"A medical breast mammogram showing an irregularly shaped, spiculated mass suggestive of a malignant breast tumor."
/home/woojye2020/decs_jupyter_lab/MedCLIP-SAMv2/UDIAT/Malignant/000057.png,"A medical breast mammogram showing an irregular, spiculated mass suggestive of a malignant breast tumor.",/home/woojye2020/decs_jupyter_lab/MedCLIP-SAMv2/UDIAT/Malignant/000057.png,"A mammogram with no suspicious masses or malignant findings, indicating a normal scan."
/home/woojye2020/decs_jupyter_lab/MedCLIP-SAMv2/generated_neg_output/udiat_clip_image2prompt_closedform/000057.png,"A mammogram with no suspicious masses or malignant findings, indicating a normal scan.",/home/woojye2020/decs_jupyter_lab/MedCLIP-SAMv2/generated_neg_output/udiat_clip_image2prompt_closedform/000057.png,"A medical breast mammogram showing an irregular, spiculated mass suggestive of a malignant breast tumor."
/home/woojye2020/decs_jupyter_lab/MedCLIP-SAMv2/UDIAT/Malignant/000057.png,"A mammogram displaying a poorly defined, lobulated mass indicative of a malignant breast tumor.",/home/woojye2020/decs_jupyter_lab/MedCLIP-SAMv2/UDIAT/Malignant/000057.png,A breast imaging study revealing no signs of benign or malignant tumors.
/home/woojye2020/decs_jupyter_lab/MedCLIP-SAMv2/generated_neg_output/udiat_clip_image2prompt_closedform/000057.png,A breast imaging study revealing no signs of benign or malignant tumors.,/home/woojye2020/decs_jupyter_lab/MedCLIP-SAMv2/generated_neg_output/udiat_clip_image2prompt_closedform/000057.png,"A mammogram displaying a poorly defined, lobulated mass indicative of a malignant breast tumor."
/home/woojye2020/decs_jupyter_lab/MedCLIP-SAMv2/UDIAT/Malignant/000057.png,"A breast imaging study revealing an irregularly shaped, invasive mass likely representing a malignant breast tumor.",/home/woojye2020/decs_jupyter_lab/MedCLIP-SAMv2/UDIAT/Malignant/000057.png,A mammogram showing symmetrical breast tissue with no focal masses or clinical findings.
/home/woojye2020/decs_jupyter_lab/MedCLIP-SAMv2/generated_neg_output/udiat_clip_image2prompt_closedform/000057.png,A mammogram showing symmetrical breast tissue with no focal masses or clinical findings.,/home/woojye2020/decs_jupyter_lab/MedCLIP-SAMv2/generated_neg_output/udiat_clip_image2prompt_closedform/000057.png,"A breast imaging study revealing an irregularly shaped, invasive mass likely representing a malignant breast tumor."
/home/woojye2020/decs_jupyter_lab/MedCLIP-SAMv2/UDIAT/Malignant/000057.png,"A mammogram showing a dense, spiculated mass suggestive of a malignant breast tumor.",/home/woojye2020/decs_jupyter_lab/MedCLIP-SAMv2/UDIAT/Malignant/000057.png,A diagnostic mammogram displaying normal glandular tissue without any detectable lesions.
/home/woojye2020/decs_jupyter_lab/MedCLIP-SAMv2/generated_neg_output/udiat_clip_image2prompt_closedform/000057.png,A diagnostic mammogram displaying normal glandular tissue without any detectable lesions.,/home/woojye2020/decs_jupyter_lab/MedCLIP-SAMv2/generated_neg_output/udiat_clip_image2prompt_closedform/000057.png,"A mammogram showing a dense, spiculated mass suggestive of a malignant breast tumor."
/home/woojye2020/decs_jupyter_lab/MedCLIP-SAMv2/UDIAT/Benign/000058.png,"A medical breast mammogram showing a well-defined, round mass suggestive of a benign breast tumor.",/home/woojye2020/decs_jupyter_lab/MedCLIP-SAMv2/UDIAT/Benign/000058.png,A medical breast mammogram showing normal breast tissue with no evidence of tumor.
/home/woojye2020/decs_jupyter_lab/MedCLIP-SAMv2/generated_neg_output/udiat_clip_image2prompt_closedform/000058.png,A medical breast mammogram showing normal breast tissue with no evidence of tumor.,/home/woojye2020/decs_jupyter_lab/MedCLIP-SAMv2/generated_neg_output/udiat_clip_image2prompt_closedform/000058.png,"A medical breast mammogram showing a well-defined, round mass suggestive of a benign breast tumor."
/home/woojye2020/decs_jupyter_lab/MedCLIP-SAMv2/UDIAT/Benign/000058.png,"A medical breast mammogram showing a smooth, well-circumscribed mass suggestive of a benign breast tumor.",/home/woojye2020/decs_jupyter_lab/MedCLIP-SAMv2/UDIAT/Benign/000058.png,"A mammogram with no suspicious masses or malignant findings, indicating a normal scan."
/home/woojye2020/decs_jupyter_lab/MedCLIP-SAMv2/generated_neg_output/udiat_clip_image2prompt_closedform/000058.png,"A mammogram with no suspicious masses or malignant findings, indicating a normal scan.",/home/woojye2020/decs_jupyter_lab/MedCLIP-SAMv2/generated_neg_output/udiat_clip_image2prompt_closedform/000058.png,"A medical breast mammogram showing a smooth, well-circumscribed mass suggestive of a benign breast tumor."
/home/woojye2020/decs_jupyter_lab/MedCLIP-SAMv2/UDIAT/Benign/000058.png,"A mammogram displaying a round, homogeneous mass indicative of a benign breast tumor.",/home/woojye2020/decs_jupyter_lab/MedCLIP-SAMv2/UDIAT/Benign/000058.png,A breast imaging study revealing no signs of benign or malignant tumors.
/home/woojye2020/decs_jupyter_lab/MedCLIP-SAMv2/generated_neg_output/udiat_clip_image2prompt_closedform/000058.png,A breast imaging study revealing no signs of benign or malignant tumors.,/home/woojye2020/decs_jupyter_lab/MedCLIP-SAMv2/generated_neg_output/udiat_clip_image2prompt_closedform/000058.png,"A mammogram displaying a round, homogeneous mass indicative of a benign breast tumor."
/home/woojye2020/decs_jupyter_lab/MedCLIP-SAMv2/UDIAT/Benign/000058.png,"A breast imaging study revealing a well-defined, encapsulated mass likely representing a benign breast tumor.",/home/woojye2020/decs_jupyter_lab/MedCLIP-SAMv2/UDIAT/Benign/000058.png,A mammogram showing symmetrical breast tissue with no focal masses or clinical findings.
/home/woojye2020/decs_jupyter_lab/MedCLIP-SAMv2/generated_neg_output/udiat_clip_image2prompt_closedform/000058.png,A mammogram showing symmetrical breast tissue with no focal masses or clinical findings.,/home/woojye2020/decs_jupyter_lab/MedCLIP-SAMv2/generated_neg_output/udiat_clip_image2prompt_closedform/000058.png,"A breast imaging study revealing a well-defined, encapsulated mass likely representing a benign breast tumor."
/home/woojye2020/decs_jupyter_lab/MedCLIP-SAMv2/UDIAT/Benign/000058.png,"A mammogram showing a sharply marginated, round mass suggestive of a benign breast tumor.",/home/woojye2020/decs_jupyter_lab/MedCLIP-SAMv2/UDIAT/Benign/000058.png,A diagnostic mammogram displaying normal glandular tissue without any detectable lesions.
/home/woojye2020/decs_jupyter_lab/MedCLIP-SAMv2/generated_neg_output/udiat_clip_image2prompt_closedform/000058.png,A diagnostic mammogram displaying normal glandular tissue without any detectable lesions.,/home/woojye2020/decs_jupyter_lab/MedCLIP-SAMv2/generated_neg_output/udiat_clip_image2prompt_closedform/000058.png,"A mammogram showing a sharply marginated, round mass suggestive of a benign breast tumor."
/home/woojye2020/decs_jupyter_lab/MedCLIP-SAMv2/UDIAT/Benign/000059.png,"A medical breast mammogram showing a well-defined, round mass suggestive of a benign breast tumor.",/home/woojye2020/decs_jupyter_lab/MedCLIP-SAMv2/UDIAT/Benign/000059.png,A medical breast mammogram showing normal breast tissue with no evidence of tumor.
/home/woojye2020/decs_jupyter_lab/MedCLIP-SAMv2/generated_neg_output/udiat_clip_image2prompt_closedform/000059.png,A medical breast mammogram showing normal breast tissue with no evidence of tumor.,/home/woojye2020/decs_jupyter_lab/MedCLIP-SAMv2/generated_neg_output/udiat_clip_image2prompt_closedform/000059.png,"A medical breast mammogram showing a well-defined, round mass suggestive of a benign breast tumor."
/home/woojye2020/decs_jupyter_lab/MedCLIP-SAMv2/UDIAT/Benign/000059.png,"A medical breast mammogram showing a smooth, well-circumscribed mass suggestive of a benign breast tumor.",/home/woojye2020/decs_jupyter_lab/MedCLIP-SAMv2/UDIAT/Benign/000059.png,"A mammogram with no suspicious masses or malignant findings, indicating a normal scan."
/home/woojye2020/decs_jupyter_lab/MedCLIP-SAMv2/generated_neg_output/udiat_clip_image2prompt_closedform/000059.png,"A mammogram with no suspicious masses or malignant findings, indicating a normal scan.",/home/woojye2020/decs_jupyter_lab/MedCLIP-SAMv2/generated_neg_output/udiat_clip_image2prompt_closedform/000059.png,"A medical breast mammogram showing a smooth, well-circumscribed mass suggestive of a benign breast tumor."
/home/woojye2020/decs_jupyter_lab/MedCLIP-SAMv2/UDIAT/Benign/000059.png,"A mammogram displaying a round, homogeneous mass indicative of a benign breast tumor.",/home/woojye2020/decs_jupyter_lab/MedCLIP-SAMv2/UDIAT/Benign/000059.png,A breast imaging study revealing no signs of benign or malignant tumors.
/home/woojye2020/decs_jupyter_lab/MedCLIP-SAMv2/generated_neg_output/udiat_clip_image2prompt_closedform/000059.png,A breast imaging study revealing no signs of benign or malignant tumors.,/home/woojye2020/decs_jupyter_lab/MedCLIP-SAMv2/generated_neg_output/udiat_clip_image2prompt_closedform/000059.png,"A mammogram displaying a round, homogeneous mass indicative of a benign breast tumor."
/home/woojye2020/decs_jupyter_lab/MedCLIP-SAMv2/UDIAT/Benign/000059.png,"A breast imaging study revealing a well-defined, encapsulated mass likely representing a benign breast tumor.",/home/woojye2020/decs_jupyter_lab/MedCLIP-SAMv2/UDIAT/Benign/000059.png,A mammogram showing symmetrical breast tissue with no focal masses or clinical findings.
/home/woojye2020/decs_jupyter_lab/MedCLIP-SAMv2/generated_neg_output/udiat_clip_image2prompt_closedform/000059.png,A mammogram showing symmetrical breast tissue with no focal masses or clinical findings.,/home/woojye2020/decs_jupyter_lab/MedCLIP-SAMv2/generated_neg_output/udiat_clip_image2prompt_closedform/000059.png,"A breast imaging study revealing a well-defined, encapsulated mass likely representing a benign breast tumor."
/home/woojye2020/decs_jupyter_lab/MedCLIP-SAMv2/UDIAT/Benign/000059.png,"A mammogram showing a sharply marginated, round mass suggestive of a benign breast tumor.",/home/woojye2020/decs_jupyter_lab/MedCLIP-SAMv2/UDIAT/Benign/000059.png,A diagnostic mammogram displaying normal glandular tissue without any detectable lesions.
/home/woojye2020/decs_jupyter_lab/MedCLIP-SAMv2/generated_neg_output/udiat_clip_image2prompt_closedform/000059.png,A diagnostic mammogram displaying normal glandular tissue without any detectable lesions.,/home/woojye2020/decs_jupyter_lab/MedCLIP-SAMv2/generated_neg_output/udiat_clip_image2prompt_closedform/000059.png,"A mammogram showing a sharply marginated, round mass suggestive of a benign breast tumor."
/home/woojye2020/decs_jupyter_lab/MedCLIP-SAMv2/UDIAT/Benign/000060.png,"A medical breast mammogram showing a well-defined, round mass suggestive of a benign breast tumor.",/home/woojye2020/decs_jupyter_lab/MedCLIP-SAMv2/UDIAT/Benign/000060.png,A medical breast mammogram showing normal breast tissue with no evidence of tumor.
/home/woojye2020/decs_jupyter_lab/MedCLIP-SAMv2/generated_neg_output/udiat_clip_image2prompt_closedform/000060.png,A medical breast mammogram showing normal breast tissue with no evidence of tumor.,/home/woojye2020/decs_jupyter_lab/MedCLIP-SAMv2/generated_neg_output/udiat_clip_image2prompt_closedform/000060.png,"A medical breast mammogram showing a well-defined, round mass suggestive of a benign breast tumor."
/home/woojye2020/decs_jupyter_lab/MedCLIP-SAMv2/UDIAT/Benign/000060.png,"A medical breast mammogram showing a smooth, well-circumscribed mass suggestive of a benign breast tumor.",/home/woojye2020/decs_jupyter_lab/MedCLIP-SAMv2/UDIAT/Benign/000060.png,"A mammogram with no suspicious masses or malignant findings, indicating a normal scan."
/home/woojye2020/decs_jupyter_lab/MedCLIP-SAMv2/generated_neg_output/udiat_clip_image2prompt_closedform/000060.png,"A mammogram with no suspicious masses or malignant findings, indicating a normal scan.",/home/woojye2020/decs_jupyter_lab/MedCLIP-SAMv2/generated_neg_output/udiat_clip_image2prompt_closedform/000060.png,"A medical breast mammogram showing a smooth, well-circumscribed mass suggestive of a benign breast tumor."
/home/woojye2020/decs_jupyter_lab/MedCLIP-SAMv2/UDIAT/Benign/000060.png,"A mammogram displaying a round, homogeneous mass indicative of a benign breast tumor.",/home/woojye2020/decs_jupyter_lab/MedCLIP-SAMv2/UDIAT/Benign/000060.png,A breast imaging study revealing no signs of benign or malignant tumors.
/home/woojye2020/decs_jupyter_lab/MedCLIP-SAMv2/generated_neg_output/udiat_clip_image2prompt_closedform/000060.png,A breast imaging study revealing no signs of benign or malignant tumors.,/home/woojye2020/decs_jupyter_lab/MedCLIP-SAMv2/generated_neg_output/udiat_clip_image2prompt_closedform/000060.png,"A mammogram displaying a round, homogeneous mass indicative of a benign breast tumor."
/home/woojye2020/decs_jupyter_lab/MedCLIP-SAMv2/UDIAT/Benign/000060.png,"A breast imaging study revealing a well-defined, encapsulated mass likely representing a benign breast tumor.",/home/woojye2020/decs_jupyter_lab/MedCLIP-SAMv2/UDIAT/Benign/000060.png,A mammogram showing symmetrical breast tissue with no focal masses or clinical findings.
/home/woojye2020/decs_jupyter_lab/MedCLIP-SAMv2/generated_neg_output/udiat_clip_image2prompt_closedform/000060.png,A mammogram showing symmetrical breast tissue with no focal masses or clinical findings.,/home/woojye2020/decs_jupyter_lab/MedCLIP-SAMv2/generated_neg_output/udiat_clip_image2prompt_closedform/000060.png,"A breast imaging study revealing a well-defined, encapsulated mass likely representing a benign breast tumor."
/home/woojye2020/decs_jupyter_lab/MedCLIP-SAMv2/UDIAT/Benign/000060.png,"A mammogram showing a sharply marginated, round mass suggestive of a benign breast tumor.",/home/woojye2020/decs_jupyter_lab/MedCLIP-SAMv2/UDIAT/Benign/000060.png,A diagnostic mammogram displaying normal glandular tissue without any detectable lesions.
/home/woojye2020/decs_jupyter_lab/MedCLIP-SAMv2/generated_neg_output/udiat_clip_image2prompt_closedform/000060.png,A diagnostic mammogram displaying normal glandular tissue without any detectable lesions.,/home/woojye2020/decs_jupyter_lab/MedCLIP-SAMv2/generated_neg_output/udiat_clip_image2prompt_closedform/000060.png,"A mammogram showing a sharply marginated, round mass suggestive of a benign breast tumor."
/home/woojye2020/decs_jupyter_lab/MedCLIP-SAMv2/UDIAT/Benign/000061.png,"A medical breast mammogram showing a well-defined, round mass suggestive of a benign breast tumor.",/home/woojye2020/decs_jupyter_lab/MedCLIP-SAMv2/UDIAT/Benign/000061.png,A medical breast mammogram showing normal breast tissue with no evidence of tumor.
/home/woojye2020/decs_jupyter_lab/MedCLIP-SAMv2/generated_neg_output/udiat_clip_image2prompt_closedform/000061.png,A medical breast mammogram showing normal breast tissue with no evidence of tumor.,/home/woojye2020/decs_jupyter_lab/MedCLIP-SAMv2/generated_neg_output/udiat_clip_image2prompt_closedform/000061.png,"A medical breast mammogram showing a well-defined, round mass suggestive of a benign breast tumor."
/home/woojye2020/decs_jupyter_lab/MedCLIP-SAMv2/UDIAT/Benign/000061.png,"A medical breast mammogram showing a smooth, well-circumscribed mass suggestive of a benign breast tumor.",/home/woojye2020/decs_jupyter_lab/MedCLIP-SAMv2/UDIAT/Benign/000061.png,"A mammogram with no suspicious masses or malignant findings, indicating a normal scan."
/home/woojye2020/decs_jupyter_lab/MedCLIP-SAMv2/generated_neg_output/udiat_clip_image2prompt_closedform/000061.png,"A mammogram with no suspicious masses or malignant findings, indicating a normal scan.",/home/woojye2020/decs_jupyter_lab/MedCLIP-SAMv2/generated_neg_output/udiat_clip_image2prompt_closedform/000061.png,"A medical breast mammogram showing a smooth, well-circumscribed mass suggestive of a benign breast tumor."
/home/woojye2020/decs_jupyter_lab/MedCLIP-SAMv2/UDIAT/Benign/000061.png,"A mammogram displaying a round, homogeneous mass indicative of a benign breast tumor.",/home/woojye2020/decs_jupyter_lab/MedCLIP-SAMv2/UDIAT/Benign/000061.png,A breast imaging study revealing no signs of benign or malignant tumors.
/home/woojye2020/decs_jupyter_lab/MedCLIP-SAMv2/generated_neg_output/udiat_clip_image2prompt_closedform/000061.png,A breast imaging study revealing no signs of benign or malignant tumors.,/home/woojye2020/decs_jupyter_lab/MedCLIP-SAMv2/generated_neg_output/udiat_clip_image2prompt_closedform/000061.png,"A mammogram displaying a round, homogeneous mass indicative of a benign breast tumor."
/home/woojye2020/decs_jupyter_lab/MedCLIP-SAMv2/UDIAT/Benign/000061.png,"A breast imaging study revealing a well-defined, encapsulated mass likely representing a benign breast tumor.",/home/woojye2020/decs_jupyter_lab/MedCLIP-SAMv2/UDIAT/Benign/000061.png,A mammogram showing symmetrical breast tissue with no focal masses or clinical findings.
/home/woojye2020/decs_jupyter_lab/MedCLIP-SAMv2/generated_neg_output/udiat_clip_image2prompt_closedform/000061.png,A mammogram showing symmetrical breast tissue with no focal masses or clinical findings.,/home/woojye2020/decs_jupyter_lab/MedCLIP-SAMv2/generated_neg_output/udiat_clip_image2prompt_closedform/000061.png,"A breast imaging study revealing a well-defined, encapsulated mass likely representing a benign breast tumor."
/home/woojye2020/decs_jupyter_lab/MedCLIP-SAMv2/UDIAT/Benign/000061.png,"A mammogram showing a sharply marginated, round mass suggestive of a benign breast tumor.",/home/woojye2020/decs_jupyter_lab/MedCLIP-SAMv2/UDIAT/Benign/000061.png,A diagnostic mammogram displaying normal glandular tissue without any detectable lesions.
/home/woojye2020/decs_jupyter_lab/MedCLIP-SAMv2/generated_neg_output/udiat_clip_image2prompt_closedform/000061.png,A diagnostic mammogram displaying normal glandular tissue without any detectable lesions.,/home/woojye2020/decs_jupyter_lab/MedCLIP-SAMv2/generated_neg_output/udiat_clip_image2prompt_closedform/000061.png,"A mammogram showing a sharply marginated, round mass suggestive of a benign breast tumor."
/home/woojye2020/decs_jupyter_lab/MedCLIP-SAMv2/UDIAT/Benign/000062.png,"A medical breast mammogram showing a well-defined, round mass suggestive of a benign breast tumor.",/home/woojye2020/decs_jupyter_lab/MedCLIP-SAMv2/UDIAT/Benign/000062.png,A medical breast mammogram showing normal breast tissue with no evidence of tumor.
/home/woojye2020/decs_jupyter_lab/MedCLIP-SAMv2/generated_neg_output/udiat_clip_image2prompt_closedform/000062.png,A medical breast mammogram showing normal breast tissue with no evidence of tumor.,/home/woojye2020/decs_jupyter_lab/MedCLIP-SAMv2/generated_neg_output/udiat_clip_image2prompt_closedform/000062.png,"A medical breast mammogram showing a well-defined, round mass suggestive of a benign breast tumor."
/home/woojye2020/decs_jupyter_lab/MedCLIP-SAMv2/UDIAT/Benign/000062.png,"A medical breast mammogram showing a smooth, well-circumscribed mass suggestive of a benign breast tumor.",/home/woojye2020/decs_jupyter_lab/MedCLIP-SAMv2/UDIAT/Benign/000062.png,"A mammogram with no suspicious masses or malignant findings, indicating a normal scan."
/home/woojye2020/decs_jupyter_lab/MedCLIP-SAMv2/generated_neg_output/udiat_clip_image2prompt_closedform/000062.png,"A mammogram with no suspicious masses or malignant findings, indicating a normal scan.",/home/woojye2020/decs_jupyter_lab/MedCLIP-SAMv2/generated_neg_output/udiat_clip_image2prompt_closedform/000062.png,"A medical breast mammogram showing a smooth, well-circumscribed mass suggestive of a benign breast tumor."
/home/woojye2020/decs_jupyter_lab/MedCLIP-SAMv2/UDIAT/Benign/000062.png,"A mammogram displaying a round, homogeneous mass indicative of a benign breast tumor.",/home/woojye2020/decs_jupyter_lab/MedCLIP-SAMv2/UDIAT/Benign/000062.png,A breast imaging study revealing no signs of benign or malignant tumors.
/home/woojye2020/decs_jupyter_lab/MedCLIP-SAMv2/generated_neg_output/udiat_clip_image2prompt_closedform/000062.png,A breast imaging study revealing no signs of benign or malignant tumors.,/home/woojye2020/decs_jupyter_lab/MedCLIP-SAMv2/generated_neg_output/udiat_clip_image2prompt_closedform/000062.png,"A mammogram displaying a round, homogeneous mass indicative of a benign breast tumor."
/home/woojye2020/decs_jupyter_lab/MedCLIP-SAMv2/UDIAT/Benign/000062.png,"A breast imaging study revealing a well-defined, encapsulated mass likely representing a benign breast tumor.",/home/woojye2020/decs_jupyter_lab/MedCLIP-SAMv2/UDIAT/Benign/000062.png,A mammogram showing symmetrical breast tissue with no focal masses or clinical findings.
/home/woojye2020/decs_jupyter_lab/MedCLIP-SAMv2/generated_neg_output/udiat_clip_image2prompt_closedform/000062.png,A mammogram showing symmetrical breast tissue with no focal masses or clinical findings.,/home/woojye2020/decs_jupyter_lab/MedCLIP-SAMv2/generated_neg_output/udiat_clip_image2prompt_closedform/000062.png,"A breast imaging study revealing a well-defined, encapsulated mass likely representing a benign breast tumor."
/home/woojye2020/decs_jupyter_lab/MedCLIP-SAMv2/UDIAT/Benign/000062.png,"A mammogram showing a sharply marginated, round mass suggestive of a benign breast tumor.",/home/woojye2020/decs_jupyter_lab/MedCLIP-SAMv2/UDIAT/Benign/000062.png,A diagnostic mammogram displaying normal glandular tissue without any detectable lesions.
/home/woojye2020/decs_jupyter_lab/MedCLIP-SAMv2/generated_neg_output/udiat_clip_image2prompt_closedform/000062.png,A diagnostic mammogram displaying normal glandular tissue without any detectable lesions.,/home/woojye2020/decs_jupyter_lab/MedCLIP-SAMv2/generated_neg_output/udiat_clip_image2prompt_closedform/000062.png,"A mammogram showing a sharply marginated, round mass suggestive of a benign breast tumor."
/home/woojye2020/decs_jupyter_lab/MedCLIP-SAMv2/UDIAT/Benign/000063.png,"A medical breast mammogram showing a well-defined, round mass suggestive of a benign breast tumor.",/home/woojye2020/decs_jupyter_lab/MedCLIP-SAMv2/UDIAT/Benign/000063.png,A medical breast mammogram showing normal breast tissue with no evidence of tumor.
/home/woojye2020/decs_jupyter_lab/MedCLIP-SAMv2/generated_neg_output/udiat_clip_image2prompt_closedform/000063.png,A medical breast mammogram showing normal breast tissue with no evidence of tumor.,/home/woojye2020/decs_jupyter_lab/MedCLIP-SAMv2/generated_neg_output/udiat_clip_image2prompt_closedform/000063.png,"A medical breast mammogram showing a well-defined, round mass suggestive of a benign breast tumor."
/home/woojye2020/decs_jupyter_lab/MedCLIP-SAMv2/UDIAT/Benign/000063.png,"A medical breast mammogram showing a smooth, well-circumscribed mass suggestive of a benign breast tumor.",/home/woojye2020/decs_jupyter_lab/MedCLIP-SAMv2/UDIAT/Benign/000063.png,"A mammogram with no suspicious masses or malignant findings, indicating a normal scan."
/home/woojye2020/decs_jupyter_lab/MedCLIP-SAMv2/generated_neg_output/udiat_clip_image2prompt_closedform/000063.png,"A mammogram with no suspicious masses or malignant findings, indicating a normal scan.",/home/woojye2020/decs_jupyter_lab/MedCLIP-SAMv2/generated_neg_output/udiat_clip_image2prompt_closedform/000063.png,"A medical breast mammogram showing a smooth, well-circumscribed mass suggestive of a benign breast tumor."
/home/woojye2020/decs_jupyter_lab/MedCLIP-SAMv2/UDIAT/Benign/000063.png,"A mammogram displaying a round, homogeneous mass indicative of a benign breast tumor.",/home/woojye2020/decs_jupyter_lab/MedCLIP-SAMv2/UDIAT/Benign/000063.png,A breast imaging study revealing no signs of benign or malignant tumors.
/home/woojye2020/decs_jupyter_lab/MedCLIP-SAMv2/generated_neg_output/udiat_clip_image2prompt_closedform/000063.png,A breast imaging study revealing no signs of benign or malignant tumors.,/home/woojye2020/decs_jupyter_lab/MedCLIP-SAMv2/generated_neg_output/udiat_clip_image2prompt_closedform/000063.png,"A mammogram displaying a round, homogeneous mass indicative of a benign breast tumor."
/home/woojye2020/decs_jupyter_lab/MedCLIP-SAMv2/UDIAT/Benign/000063.png,"A breast imaging study revealing a well-defined, encapsulated mass likely representing a benign breast tumor.",/home/woojye2020/decs_jupyter_lab/MedCLIP-SAMv2/UDIAT/Benign/000063.png,A mammogram showing symmetrical breast tissue with no focal masses or clinical findings.
/home/woojye2020/decs_jupyter_lab/MedCLIP-SAMv2/generated_neg_output/udiat_clip_image2prompt_closedform/000063.png,A mammogram showing symmetrical breast tissue with no focal masses or clinical findings.,/home/woojye2020/decs_jupyter_lab/MedCLIP-SAMv2/generated_neg_output/udiat_clip_image2prompt_closedform/000063.png,"A breast imaging study revealing a well-defined, encapsulated mass likely representing a benign breast tumor."
/home/woojye2020/decs_jupyter_lab/MedCLIP-SAMv2/UDIAT/Benign/000063.png,"A mammogram showing a sharply marginated, round mass suggestive of a benign breast tumor.",/home/woojye2020/decs_jupyter_lab/MedCLIP-SAMv2/UDIAT/Benign/000063.png,A diagnostic mammogram displaying normal glandular tissue without any detectable lesions.
/home/woojye2020/decs_jupyter_lab/MedCLIP-SAMv2/generated_neg_output/udiat_clip_image2prompt_closedform/000063.png,A diagnostic mammogram displaying normal glandular tissue without any detectable lesions.,/home/woojye2020/decs_jupyter_lab/MedCLIP-SAMv2/generated_neg_output/udiat_clip_image2prompt_closedform/000063.png,"A mammogram showing a sharply marginated, round mass suggestive of a benign breast tumor."
/home/woojye2020/decs_jupyter_lab/MedCLIP-SAMv2/UDIAT/Benign/000064.png,"A medical breast mammogram showing a well-defined, round mass suggestive of a benign breast tumor.",/home/woojye2020/decs_jupyter_lab/MedCLIP-SAMv2/UDIAT/Benign/000064.png,A medical breast mammogram showing normal breast tissue with no evidence of tumor.
/home/woojye2020/decs_jupyter_lab/MedCLIP-SAMv2/generated_neg_output/udiat_clip_image2prompt_closedform/000064.png,A medical breast mammogram showing normal breast tissue with no evidence of tumor.,/home/woojye2020/decs_jupyter_lab/MedCLIP-SAMv2/generated_neg_output/udiat_clip_image2prompt_closedform/000064.png,"A medical breast mammogram showing a well-defined, round mass suggestive of a benign breast tumor."
/home/woojye2020/decs_jupyter_lab/MedCLIP-SAMv2/UDIAT/Benign/000064.png,"A medical breast mammogram showing a smooth, well-circumscribed mass suggestive of a benign breast tumor.",/home/woojye2020/decs_jupyter_lab/MedCLIP-SAMv2/UDIAT/Benign/000064.png,"A mammogram with no suspicious masses or malignant findings, indicating a normal scan."
/home/woojye2020/decs_jupyter_lab/MedCLIP-SAMv2/generated_neg_output/udiat_clip_image2prompt_closedform/000064.png,"A mammogram with no suspicious masses or malignant findings, indicating a normal scan.",/home/woojye2020/decs_jupyter_lab/MedCLIP-SAMv2/generated_neg_output/udiat_clip_image2prompt_closedform/000064.png,"A medical breast mammogram showing a smooth, well-circumscribed mass suggestive of a benign breast tumor."
/home/woojye2020/decs_jupyter_lab/MedCLIP-SAMv2/UDIAT/Benign/000064.png,"A mammogram displaying a round, homogeneous mass indicative of a benign breast tumor.",/home/woojye2020/decs_jupyter_lab/MedCLIP-SAMv2/UDIAT/Benign/000064.png,A breast imaging study revealing no signs of benign or malignant tumors.
/home/woojye2020/decs_jupyter_lab/MedCLIP-SAMv2/generated_neg_output/udiat_clip_image2prompt_closedform/000064.png,A breast imaging study revealing no signs of benign or malignant tumors.,/home/woojye2020/decs_jupyter_lab/MedCLIP-SAMv2/generated_neg_output/udiat_clip_image2prompt_closedform/000064.png,"A mammogram displaying a round, homogeneous mass indicative of a benign breast tumor."
/home/woojye2020/decs_jupyter_lab/MedCLIP-SAMv2/UDIAT/Benign/000064.png,"A breast imaging study revealing a well-defined, encapsulated mass likely representing a benign breast tumor.",/home/woojye2020/decs_jupyter_lab/MedCLIP-SAMv2/UDIAT/Benign/000064.png,A mammogram showing symmetrical breast tissue with no focal masses or clinical findings.
/home/woojye2020/decs_jupyter_lab/MedCLIP-SAMv2/generated_neg_output/udiat_clip_image2prompt_closedform/000064.png,A mammogram showing symmetrical breast tissue with no focal masses or clinical findings.,/home/woojye2020/decs_jupyter_lab/MedCLIP-SAMv2/generated_neg_output/udiat_clip_image2prompt_closedform/000064.png,"A breast imaging study revealing a well-defined, encapsulated mass likely representing a benign breast tumor."
/home/woojye2020/decs_jupyter_lab/MedCLIP-SAMv2/UDIAT/Benign/000064.png,"A mammogram showing a sharply marginated, round mass suggestive of a benign breast tumor.",/home/woojye2020/decs_jupyter_lab/MedCLIP-SAMv2/UDIAT/Benign/000064.png,A diagnostic mammogram displaying normal glandular tissue without any detectable lesions.
/home/woojye2020/decs_jupyter_lab/MedCLIP-SAMv2/generated_neg_output/udiat_clip_image2prompt_closedform/000064.png,A diagnostic mammogram displaying normal glandular tissue without any detectable lesions.,/home/woojye2020/decs_jupyter_lab/MedCLIP-SAMv2/generated_neg_output/udiat_clip_image2prompt_closedform/000064.png,"A mammogram showing a sharply marginated, round mass suggestive of a benign breast tumor."
/home/woojye2020/decs_jupyter_lab/MedCLIP-SAMv2/UDIAT/Benign/000065.png,"A medical breast mammogram showing a well-defined, round mass suggestive of a benign breast tumor.",/home/woojye2020/decs_jupyter_lab/MedCLIP-SAMv2/UDIAT/Benign/000065.png,A medical breast mammogram showing normal breast tissue with no evidence of tumor.
/home/woojye2020/decs_jupyter_lab/MedCLIP-SAMv2/generated_neg_output/udiat_clip_image2prompt_closedform/000065.png,A medical breast mammogram showing normal breast tissue with no evidence of tumor.,/home/woojye2020/decs_jupyter_lab/MedCLIP-SAMv2/generated_neg_output/udiat_clip_image2prompt_closedform/000065.png,"A medical breast mammogram showing a well-defined, round mass suggestive of a benign breast tumor."
/home/woojye2020/decs_jupyter_lab/MedCLIP-SAMv2/UDIAT/Benign/000065.png,"A medical breast mammogram showing a smooth, well-circumscribed mass suggestive of a benign breast tumor.",/home/woojye2020/decs_jupyter_lab/MedCLIP-SAMv2/UDIAT/Benign/000065.png,"A mammogram with no suspicious masses or malignant findings, indicating a normal scan."
/home/woojye2020/decs_jupyter_lab/MedCLIP-SAMv2/generated_neg_output/udiat_clip_image2prompt_closedform/000065.png,"A mammogram with no suspicious masses or malignant findings, indicating a normal scan.",/home/woojye2020/decs_jupyter_lab/MedCLIP-SAMv2/generated_neg_output/udiat_clip_image2prompt_closedform/000065.png,"A medical breast mammogram showing a smooth, well-circumscribed mass suggestive of a benign breast tumor."
/home/woojye2020/decs_jupyter_lab/MedCLIP-SAMv2/UDIAT/Benign/000065.png,"A mammogram displaying a round, homogeneous mass indicative of a benign breast tumor.",/home/woojye2020/decs_jupyter_lab/MedCLIP-SAMv2/UDIAT/Benign/000065.png,A breast imaging study revealing no signs of benign or malignant tumors.
/home/woojye2020/decs_jupyter_lab/MedCLIP-SAMv2/generated_neg_output/udiat_clip_image2prompt_closedform/000065.png,A breast imaging study revealing no signs of benign or malignant tumors.,/home/woojye2020/decs_jupyter_lab/MedCLIP-SAMv2/generated_neg_output/udiat_clip_image2prompt_closedform/000065.png,"A mammogram displaying a round, homogeneous mass indicative of a benign breast tumor."
/home/woojye2020/decs_jupyter_lab/MedCLIP-SAMv2/UDIAT/Benign/000065.png,"A breast imaging study revealing a well-defined, encapsulated mass likely representing a benign breast tumor.",/home/woojye2020/decs_jupyter_lab/MedCLIP-SAMv2/UDIAT/Benign/000065.png,A mammogram showing symmetrical breast tissue with no focal masses or clinical findings.
/home/woojye2020/decs_jupyter_lab/MedCLIP-SAMv2/generated_neg_output/udiat_clip_image2prompt_closedform/000065.png,A mammogram showing symmetrical breast tissue with no focal masses or clinical findings.,/home/woojye2020/decs_jupyter_lab/MedCLIP-SAMv2/generated_neg_output/udiat_clip_image2prompt_closedform/000065.png,"A breast imaging study revealing a well-defined, encapsulated mass likely representing a benign breast tumor."
/home/woojye2020/decs_jupyter_lab/MedCLIP-SAMv2/UDIAT/Benign/000065.png,"A mammogram showing a sharply marginated, round mass suggestive of a benign breast tumor.",/home/woojye2020/decs_jupyter_lab/MedCLIP-SAMv2/UDIAT/Benign/000065.png,A diagnostic mammogram displaying normal glandular tissue without any detectable lesions.
/home/woojye2020/decs_jupyter_lab/MedCLIP-SAMv2/generated_neg_output/udiat_clip_image2prompt_closedform/000065.png,A diagnostic mammogram displaying normal glandular tissue without any detectable lesions.,/home/woojye2020/decs_jupyter_lab/MedCLIP-SAMv2/generated_neg_output/udiat_clip_image2prompt_closedform/000065.png,"A mammogram showing a sharply marginated, round mass suggestive of a benign breast tumor."
/home/woojye2020/decs_jupyter_lab/MedCLIP-SAMv2/UDIAT/Benign/000066.png,"A medical breast mammogram showing a well-defined, round mass suggestive of a benign breast tumor.",/home/woojye2020/decs_jupyter_lab/MedCLIP-SAMv2/UDIAT/Benign/000066.png,A medical breast mammogram showing normal breast tissue with no evidence of tumor.
/home/woojye2020/decs_jupyter_lab/MedCLIP-SAMv2/generated_neg_output/udiat_clip_image2prompt_closedform/000066.png,A medical breast mammogram showing normal breast tissue with no evidence of tumor.,/home/woojye2020/decs_jupyter_lab/MedCLIP-SAMv2/generated_neg_output/udiat_clip_image2prompt_closedform/000066.png,"A medical breast mammogram showing a well-defined, round mass suggestive of a benign breast tumor."
/home/woojye2020/decs_jupyter_lab/MedCLIP-SAMv2/UDIAT/Benign/000066.png,"A medical breast mammogram showing a smooth, well-circumscribed mass suggestive of a benign breast tumor.",/home/woojye2020/decs_jupyter_lab/MedCLIP-SAMv2/UDIAT/Benign/000066.png,"A mammogram with no suspicious masses or malignant findings, indicating a normal scan."
/home/woojye2020/decs_jupyter_lab/MedCLIP-SAMv2/generated_neg_output/udiat_clip_image2prompt_closedform/000066.png,"A mammogram with no suspicious masses or malignant findings, indicating a normal scan.",/home/woojye2020/decs_jupyter_lab/MedCLIP-SAMv2/generated_neg_output/udiat_clip_image2prompt_closedform/000066.png,"A medical breast mammogram showing a smooth, well-circumscribed mass suggestive of a benign breast tumor."
/home/woojye2020/decs_jupyter_lab/MedCLIP-SAMv2/UDIAT/Benign/000066.png,"A mammogram displaying a round, homogeneous mass indicative of a benign breast tumor.",/home/woojye2020/decs_jupyter_lab/MedCLIP-SAMv2/UDIAT/Benign/000066.png,A breast imaging study revealing no signs of benign or malignant tumors.
/home/woojye2020/decs_jupyter_lab/MedCLIP-SAMv2/generated_neg_output/udiat_clip_image2prompt_closedform/000066.png,A breast imaging study revealing no signs of benign or malignant tumors.,/home/woojye2020/decs_jupyter_lab/MedCLIP-SAMv2/generated_neg_output/udiat_clip_image2prompt_closedform/000066.png,"A mammogram displaying a round, homogeneous mass indicative of a benign breast tumor."
/home/woojye2020/decs_jupyter_lab/MedCLIP-SAMv2/UDIAT/Benign/000066.png,"A breast imaging study revealing a well-defined, encapsulated mass likely representing a benign breast tumor.",/home/woojye2020/decs_jupyter_lab/MedCLIP-SAMv2/UDIAT/Benign/000066.png,A mammogram showing symmetrical breast tissue with no focal masses or clinical findings.
/home/woojye2020/decs_jupyter_lab/MedCLIP-SAMv2/generated_neg_output/udiat_clip_image2prompt_closedform/000066.png,A mammogram showing symmetrical breast tissue with no focal masses or clinical findings.,/home/woojye2020/decs_jupyter_lab/MedCLIP-SAMv2/generated_neg_output/udiat_clip_image2prompt_closedform/000066.png,"A breast imaging study revealing a well-defined, encapsulated mass likely representing a benign breast tumor."
/home/woojye2020/decs_jupyter_lab/MedCLIP-SAMv2/UDIAT/Benign/000066.png,"A mammogram showing a sharply marginated, round mass suggestive of a benign breast tumor.",/home/woojye2020/decs_jupyter_lab/MedCLIP-SAMv2/UDIAT/Benign/000066.png,A diagnostic mammogram displaying normal glandular tissue without any detectable lesions.
/home/woojye2020/decs_jupyter_lab/MedCLIP-SAMv2/generated_neg_output/udiat_clip_image2prompt_closedform/000066.png,A diagnostic mammogram displaying normal glandular tissue without any detectable lesions.,/home/woojye2020/decs_jupyter_lab/MedCLIP-SAMv2/generated_neg_output/udiat_clip_image2prompt_closedform/000066.png,"A mammogram showing a sharply marginated, round mass suggestive of a benign breast tumor."
/home/woojye2020/decs_jupyter_lab/MedCLIP-SAMv2/UDIAT/Benign/000067.png,"A medical breast mammogram showing a well-defined, round mass suggestive of a benign breast tumor.",/home/woojye2020/decs_jupyter_lab/MedCLIP-SAMv2/UDIAT/Benign/000067.png,A medical breast mammogram showing normal breast tissue with no evidence of tumor.
/home/woojye2020/decs_jupyter_lab/MedCLIP-SAMv2/generated_neg_output/udiat_clip_image2prompt_closedform/000067.png,A medical breast mammogram showing normal breast tissue with no evidence of tumor.,/home/woojye2020/decs_jupyter_lab/MedCLIP-SAMv2/generated_neg_output/udiat_clip_image2prompt_closedform/000067.png,"A medical breast mammogram showing a well-defined, round mass suggestive of a benign breast tumor."
/home/woojye2020/decs_jupyter_lab/MedCLIP-SAMv2/UDIAT/Benign/000067.png,"A medical breast mammogram showing a smooth, well-circumscribed mass suggestive of a benign breast tumor.",/home/woojye2020/decs_jupyter_lab/MedCLIP-SAMv2/UDIAT/Benign/000067.png,"A mammogram with no suspicious masses or malignant findings, indicating a normal scan."
/home/woojye2020/decs_jupyter_lab/MedCLIP-SAMv2/generated_neg_output/udiat_clip_image2prompt_closedform/000067.png,"A mammogram with no suspicious masses or malignant findings, indicating a normal scan.",/home/woojye2020/decs_jupyter_lab/MedCLIP-SAMv2/generated_neg_output/udiat_clip_image2prompt_closedform/000067.png,"A medical breast mammogram showing a smooth, well-circumscribed mass suggestive of a benign breast tumor."
/home/woojye2020/decs_jupyter_lab/MedCLIP-SAMv2/UDIAT/Benign/000067.png,"A mammogram displaying a round, homogeneous mass indicative of a benign breast tumor.",/home/woojye2020/decs_jupyter_lab/MedCLIP-SAMv2/UDIAT/Benign/000067.png,A breast imaging study revealing no signs of benign or malignant tumors.
/home/woojye2020/decs_jupyter_lab/MedCLIP-SAMv2/generated_neg_output/udiat_clip_image2prompt_closedform/000067.png,A breast imaging study revealing no signs of benign or malignant tumors.,/home/woojye2020/decs_jupyter_lab/MedCLIP-SAMv2/generated_neg_output/udiat_clip_image2prompt_closedform/000067.png,"A mammogram displaying a round, homogeneous mass indicative of a benign breast tumor."
/home/woojye2020/decs_jupyter_lab/MedCLIP-SAMv2/UDIAT/Benign/000067.png,"A breast imaging study revealing a well-defined, encapsulated mass likely representing a benign breast tumor.",/home/woojye2020/decs_jupyter_lab/MedCLIP-SAMv2/UDIAT/Benign/000067.png,A mammogram showing symmetrical breast tissue with no focal masses or clinical findings.
/home/woojye2020/decs_jupyter_lab/MedCLIP-SAMv2/generated_neg_output/udiat_clip_image2prompt_closedform/000067.png,A mammogram showing symmetrical breast tissue with no focal masses or clinical findings.,/home/woojye2020/decs_jupyter_lab/MedCLIP-SAMv2/generated_neg_output/udiat_clip_image2prompt_closedform/000067.png,"A breast imaging study revealing a well-defined, encapsulated mass likely representing a benign breast tumor."
/home/woojye2020/decs_jupyter_lab/MedCLIP-SAMv2/UDIAT/Benign/000067.png,"A mammogram showing a sharply marginated, round mass suggestive of a benign breast tumor.",/home/woojye2020/decs_jupyter_lab/MedCLIP-SAMv2/UDIAT/Benign/000067.png,A diagnostic mammogram displaying normal glandular tissue without any detectable lesions.
/home/woojye2020/decs_jupyter_lab/MedCLIP-SAMv2/generated_neg_output/udiat_clip_image2prompt_closedform/000067.png,A diagnostic mammogram displaying normal glandular tissue without any detectable lesions.,/home/woojye2020/decs_jupyter_lab/MedCLIP-SAMv2/generated_neg_output/udiat_clip_image2prompt_closedform/000067.png,"A mammogram showing a sharply marginated, round mass suggestive of a benign breast tumor."
/home/woojye2020/decs_jupyter_lab/MedCLIP-SAMv2/UDIAT/Benign/000068.png,"A medical breast mammogram showing a well-defined, round mass suggestive of a benign breast tumor.",/home/woojye2020/decs_jupyter_lab/MedCLIP-SAMv2/UDIAT/Benign/000068.png,A medical breast mammogram showing normal breast tissue with no evidence of tumor.
/home/woojye2020/decs_jupyter_lab/MedCLIP-SAMv2/generated_neg_output/udiat_clip_image2prompt_closedform/000068.png,A medical breast mammogram showing normal breast tissue with no evidence of tumor.,/home/woojye2020/decs_jupyter_lab/MedCLIP-SAMv2/generated_neg_output/udiat_clip_image2prompt_closedform/000068.png,"A medical breast mammogram showing a well-defined, round mass suggestive of a benign breast tumor."
/home/woojye2020/decs_jupyter_lab/MedCLIP-SAMv2/UDIAT/Benign/000068.png,"A medical breast mammogram showing a smooth, well-circumscribed mass suggestive of a benign breast tumor.",/home/woojye2020/decs_jupyter_lab/MedCLIP-SAMv2/UDIAT/Benign/000068.png,"A mammogram with no suspicious masses or malignant findings, indicating a normal scan."
/home/woojye2020/decs_jupyter_lab/MedCLIP-SAMv2/generated_neg_output/udiat_clip_image2prompt_closedform/000068.png,"A mammogram with no suspicious masses or malignant findings, indicating a normal scan.",/home/woojye2020/decs_jupyter_lab/MedCLIP-SAMv2/generated_neg_output/udiat_clip_image2prompt_closedform/000068.png,"A medical breast mammogram showing a smooth, well-circumscribed mass suggestive of a benign breast tumor."
/home/woojye2020/decs_jupyter_lab/MedCLIP-SAMv2/UDIAT/Benign/000068.png,"A mammogram displaying a round, homogeneous mass indicative of a benign breast tumor.",/home/woojye2020/decs_jupyter_lab/MedCLIP-SAMv2/UDIAT/Benign/000068.png,A breast imaging study revealing no signs of benign or malignant tumors.
/home/woojye2020/decs_jupyter_lab/MedCLIP-SAMv2/generated_neg_output/udiat_clip_image2prompt_closedform/000068.png,A breast imaging study revealing no signs of benign or malignant tumors.,/home/woojye2020/decs_jupyter_lab/MedCLIP-SAMv2/generated_neg_output/udiat_clip_image2prompt_closedform/000068.png,"A mammogram displaying a round, homogeneous mass indicative of a benign breast tumor."
/home/woojye2020/decs_jupyter_lab/MedCLIP-SAMv2/UDIAT/Benign/000068.png,"A breast imaging study revealing a well-defined, encapsulated mass likely representing a benign breast tumor.",/home/woojye2020/decs_jupyter_lab/MedCLIP-SAMv2/UDIAT/Benign/000068.png,A mammogram showing symmetrical breast tissue with no focal masses or clinical findings.
/home/woojye2020/decs_jupyter_lab/MedCLIP-SAMv2/generated_neg_output/udiat_clip_image2prompt_closedform/000068.png,A mammogram showing symmetrical breast tissue with no focal masses or clinical findings.,/home/woojye2020/decs_jupyter_lab/MedCLIP-SAMv2/generated_neg_output/udiat_clip_image2prompt_closedform/000068.png,"A breast imaging study revealing a well-defined, encapsulated mass likely representing a benign breast tumor."
/home/woojye2020/decs_jupyter_lab/MedCLIP-SAMv2/UDIAT/Benign/000068.png,"A mammogram showing a sharply marginated, round mass suggestive of a benign breast tumor.",/home/woojye2020/decs_jupyter_lab/MedCLIP-SAMv2/UDIAT/Benign/000068.png,A diagnostic mammogram displaying normal glandular tissue without any detectable lesions.
/home/woojye2020/decs_jupyter_lab/MedCLIP-SAMv2/generated_neg_output/udiat_clip_image2prompt_closedform/000068.png,A diagnostic mammogram displaying normal glandular tissue without any detectable lesions.,/home/woojye2020/decs_jupyter_lab/MedCLIP-SAMv2/generated_neg_output/udiat_clip_image2prompt_closedform/000068.png,"A mammogram showing a sharply marginated, round mass suggestive of a benign breast tumor."
/home/woojye2020/decs_jupyter_lab/MedCLIP-SAMv2/UDIAT/Benign/000069.png,"A medical breast mammogram showing a well-defined, round mass suggestive of a benign breast tumor.",/home/woojye2020/decs_jupyter_lab/MedCLIP-SAMv2/UDIAT/Benign/000069.png,A medical breast mammogram showing normal breast tissue with no evidence of tumor.
/home/woojye2020/decs_jupyter_lab/MedCLIP-SAMv2/generated_neg_output/udiat_clip_image2prompt_closedform/000069.png,A medical breast mammogram showing normal breast tissue with no evidence of tumor.,/home/woojye2020/decs_jupyter_lab/MedCLIP-SAMv2/generated_neg_output/udiat_clip_image2prompt_closedform/000069.png,"A medical breast mammogram showing a well-defined, round mass suggestive of a benign breast tumor."
/home/woojye2020/decs_jupyter_lab/MedCLIP-SAMv2/UDIAT/Benign/000069.png,"A medical breast mammogram showing a smooth, well-circumscribed mass suggestive of a benign breast tumor.",/home/woojye2020/decs_jupyter_lab/MedCLIP-SAMv2/UDIAT/Benign/000069.png,"A mammogram with no suspicious masses or malignant findings, indicating a normal scan."
/home/woojye2020/decs_jupyter_lab/MedCLIP-SAMv2/generated_neg_output/udiat_clip_image2prompt_closedform/000069.png,"A mammogram with no suspicious masses or malignant findings, indicating a normal scan.",/home/woojye2020/decs_jupyter_lab/MedCLIP-SAMv2/generated_neg_output/udiat_clip_image2prompt_closedform/000069.png,"A medical breast mammogram showing a smooth, well-circumscribed mass suggestive of a benign breast tumor."
/home/woojye2020/decs_jupyter_lab/MedCLIP-SAMv2/UDIAT/Benign/000069.png,"A mammogram displaying a round, homogeneous mass indicative of a benign breast tumor.",/home/woojye2020/decs_jupyter_lab/MedCLIP-SAMv2/UDIAT/Benign/000069.png,A breast imaging study revealing no signs of benign or malignant tumors.
/home/woojye2020/decs_jupyter_lab/MedCLIP-SAMv2/generated_neg_output/udiat_clip_image2prompt_closedform/000069.png,A breast imaging study revealing no signs of benign or malignant tumors.,/home/woojye2020/decs_jupyter_lab/MedCLIP-SAMv2/generated_neg_output/udiat_clip_image2prompt_closedform/000069.png,"A mammogram displaying a round, homogeneous mass indicative of a benign breast tumor."
/home/woojye2020/decs_jupyter_lab/MedCLIP-SAMv2/UDIAT/Benign/000069.png,"A breast imaging study revealing a well-defined, encapsulated mass likely representing a benign breast tumor.",/home/woojye2020/decs_jupyter_lab/MedCLIP-SAMv2/UDIAT/Benign/000069.png,A mammogram showing symmetrical breast tissue with no focal masses or clinical findings.
/home/woojye2020/decs_jupyter_lab/MedCLIP-SAMv2/generated_neg_output/udiat_clip_image2prompt_closedform/000069.png,A mammogram showing symmetrical breast tissue with no focal masses or clinical findings.,/home/woojye2020/decs_jupyter_lab/MedCLIP-SAMv2/generated_neg_output/udiat_clip_image2prompt_closedform/000069.png,"A breast imaging study revealing a well-defined, encapsulated mass likely representing a benign breast tumor."
/home/woojye2020/decs_jupyter_lab/MedCLIP-SAMv2/UDIAT/Benign/000069.png,"A mammogram showing a sharply marginated, round mass suggestive of a benign breast tumor.",/home/woojye2020/decs_jupyter_lab/MedCLIP-SAMv2/UDIAT/Benign/000069.png,A diagnostic mammogram displaying normal glandular tissue without any detectable lesions.
/home/woojye2020/decs_jupyter_lab/MedCLIP-SAMv2/generated_neg_output/udiat_clip_image2prompt_closedform/000069.png,A diagnostic mammogram displaying normal glandular tissue without any detectable lesions.,/home/woojye2020/decs_jupyter_lab/MedCLIP-SAMv2/generated_neg_output/udiat_clip_image2prompt_closedform/000069.png,"A mammogram showing a sharply marginated, round mass suggestive of a benign breast tumor."
/home/woojye2020/decs_jupyter_lab/MedCLIP-SAMv2/UDIAT/Benign/000070.png,"A medical breast mammogram showing a well-defined, round mass suggestive of a benign breast tumor.",/home/woojye2020/decs_jupyter_lab/MedCLIP-SAMv2/UDIAT/Benign/000070.png,A medical breast mammogram showing normal breast tissue with no evidence of tumor.
/home/woojye2020/decs_jupyter_lab/MedCLIP-SAMv2/generated_neg_output/udiat_clip_image2prompt_closedform/000070.png,A medical breast mammogram showing normal breast tissue with no evidence of tumor.,/home/woojye2020/decs_jupyter_lab/MedCLIP-SAMv2/generated_neg_output/udiat_clip_image2prompt_closedform/000070.png,"A medical breast mammogram showing a well-defined, round mass suggestive of a benign breast tumor."
/home/woojye2020/decs_jupyter_lab/MedCLIP-SAMv2/UDIAT/Benign/000070.png,"A medical breast mammogram showing a smooth, well-circumscribed mass suggestive of a benign breast tumor.",/home/woojye2020/decs_jupyter_lab/MedCLIP-SAMv2/UDIAT/Benign/000070.png,"A mammogram with no suspicious masses or malignant findings, indicating a normal scan."
/home/woojye2020/decs_jupyter_lab/MedCLIP-SAMv2/generated_neg_output/udiat_clip_image2prompt_closedform/000070.png,"A mammogram with no suspicious masses or malignant findings, indicating a normal scan.",/home/woojye2020/decs_jupyter_lab/MedCLIP-SAMv2/generated_neg_output/udiat_clip_image2prompt_closedform/000070.png,"A medical breast mammogram showing a smooth, well-circumscribed mass suggestive of a benign breast tumor."
/home/woojye2020/decs_jupyter_lab/MedCLIP-SAMv2/UDIAT/Benign/000070.png,"A mammogram displaying a round, homogeneous mass indicative of a benign breast tumor.",/home/woojye2020/decs_jupyter_lab/MedCLIP-SAMv2/UDIAT/Benign/000070.png,A breast imaging study revealing no signs of benign or malignant tumors.
/home/woojye2020/decs_jupyter_lab/MedCLIP-SAMv2/generated_neg_output/udiat_clip_image2prompt_closedform/000070.png,A breast imaging study revealing no signs of benign or malignant tumors.,/home/woojye2020/decs_jupyter_lab/MedCLIP-SAMv2/generated_neg_output/udiat_clip_image2prompt_closedform/000070.png,"A mammogram displaying a round, homogeneous mass indicative of a benign breast tumor."
/home/woojye2020/decs_jupyter_lab/MedCLIP-SAMv2/UDIAT/Benign/000070.png,"A breast imaging study revealing a well-defined, encapsulated mass likely representing a benign breast tumor.",/home/woojye2020/decs_jupyter_lab/MedCLIP-SAMv2/UDIAT/Benign/000070.png,A mammogram showing symmetrical breast tissue with no focal masses or clinical findings.
/home/woojye2020/decs_jupyter_lab/MedCLIP-SAMv2/generated_neg_output/udiat_clip_image2prompt_closedform/000070.png,A mammogram showing symmetrical breast tissue with no focal masses or clinical findings.,/home/woojye2020/decs_jupyter_lab/MedCLIP-SAMv2/generated_neg_output/udiat_clip_image2prompt_closedform/000070.png,"A breast imaging study revealing a well-defined, encapsulated mass likely representing a benign breast tumor."
/home/woojye2020/decs_jupyter_lab/MedCLIP-SAMv2/UDIAT/Benign/000070.png,"A mammogram showing a sharply marginated, round mass suggestive of a benign breast tumor.",/home/woojye2020/decs_jupyter_lab/MedCLIP-SAMv2/UDIAT/Benign/000070.png,A diagnostic mammogram displaying normal glandular tissue without any detectable lesions.
/home/woojye2020/decs_jupyter_lab/MedCLIP-SAMv2/generated_neg_output/udiat_clip_image2prompt_closedform/000070.png,A diagnostic mammogram displaying normal glandular tissue without any detectable lesions.,/home/woojye2020/decs_jupyter_lab/MedCLIP-SAMv2/generated_neg_output/udiat_clip_image2prompt_closedform/000070.png,"A mammogram showing a sharply marginated, round mass suggestive of a benign breast tumor."
/home/woojye2020/decs_jupyter_lab/MedCLIP-SAMv2/UDIAT/Benign/000071.png,"A medical breast mammogram showing a well-defined, round mass suggestive of a benign breast tumor.",/home/woojye2020/decs_jupyter_lab/MedCLIP-SAMv2/UDIAT/Benign/000071.png,A medical breast mammogram showing normal breast tissue with no evidence of tumor.
/home/woojye2020/decs_jupyter_lab/MedCLIP-SAMv2/generated_neg_output/udiat_clip_image2prompt_closedform/000071.png,A medical breast mammogram showing normal breast tissue with no evidence of tumor.,/home/woojye2020/decs_jupyter_lab/MedCLIP-SAMv2/generated_neg_output/udiat_clip_image2prompt_closedform/000071.png,"A medical breast mammogram showing a well-defined, round mass suggestive of a benign breast tumor."
/home/woojye2020/decs_jupyter_lab/MedCLIP-SAMv2/UDIAT/Benign/000071.png,"A medical breast mammogram showing a smooth, well-circumscribed mass suggestive of a benign breast tumor.",/home/woojye2020/decs_jupyter_lab/MedCLIP-SAMv2/UDIAT/Benign/000071.png,"A mammogram with no suspicious masses or malignant findings, indicating a normal scan."
/home/woojye2020/decs_jupyter_lab/MedCLIP-SAMv2/generated_neg_output/udiat_clip_image2prompt_closedform/000071.png,"A mammogram with no suspicious masses or malignant findings, indicating a normal scan.",/home/woojye2020/decs_jupyter_lab/MedCLIP-SAMv2/generated_neg_output/udiat_clip_image2prompt_closedform/000071.png,"A medical breast mammogram showing a smooth, well-circumscribed mass suggestive of a benign breast tumor."
/home/woojye2020/decs_jupyter_lab/MedCLIP-SAMv2/UDIAT/Benign/000071.png,"A mammogram displaying a round, homogeneous mass indicative of a benign breast tumor.",/home/woojye2020/decs_jupyter_lab/MedCLIP-SAMv2/UDIAT/Benign/000071.png,A breast imaging study revealing no signs of benign or malignant tumors.
/home/woojye2020/decs_jupyter_lab/MedCLIP-SAMv2/generated_neg_output/udiat_clip_image2prompt_closedform/000071.png,A breast imaging study revealing no signs of benign or malignant tumors.,/home/woojye2020/decs_jupyter_lab/MedCLIP-SAMv2/generated_neg_output/udiat_clip_image2prompt_closedform/000071.png,"A mammogram displaying a round, homogeneous mass indicative of a benign breast tumor."
/home/woojye2020/decs_jupyter_lab/MedCLIP-SAMv2/UDIAT/Benign/000071.png,"A breast imaging study revealing a well-defined, encapsulated mass likely representing a benign breast tumor.",/home/woojye2020/decs_jupyter_lab/MedCLIP-SAMv2/UDIAT/Benign/000071.png,A mammogram showing symmetrical breast tissue with no focal masses or clinical findings.
/home/woojye2020/decs_jupyter_lab/MedCLIP-SAMv2/generated_neg_output/udiat_clip_image2prompt_closedform/000071.png,A mammogram showing symmetrical breast tissue with no focal masses or clinical findings.,/home/woojye2020/decs_jupyter_lab/MedCLIP-SAMv2/generated_neg_output/udiat_clip_image2prompt_closedform/000071.png,"A breast imaging study revealing a well-defined, encapsulated mass likely representing a benign breast tumor."
/home/woojye2020/decs_jupyter_lab/MedCLIP-SAMv2/UDIAT/Benign/000071.png,"A mammogram showing a sharply marginated, round mass suggestive of a benign breast tumor.",/home/woojye2020/decs_jupyter_lab/MedCLIP-SAMv2/UDIAT/Benign/000071.png,A diagnostic mammogram displaying normal glandular tissue without any detectable lesions.
/home/woojye2020/decs_jupyter_lab/MedCLIP-SAMv2/generated_neg_output/udiat_clip_image2prompt_closedform/000071.png,A diagnostic mammogram displaying normal glandular tissue without any detectable lesions.,/home/woojye2020/decs_jupyter_lab/MedCLIP-SAMv2/generated_neg_output/udiat_clip_image2prompt_closedform/000071.png,"A mammogram showing a sharply marginated, round mass suggestive of a benign breast tumor."
/home/woojye2020/decs_jupyter_lab/MedCLIP-SAMv2/UDIAT/Benign/000072.png,"A medical breast mammogram showing a well-defined, round mass suggestive of a benign breast tumor.",/home/woojye2020/decs_jupyter_lab/MedCLIP-SAMv2/UDIAT/Benign/000072.png,A medical breast mammogram showing normal breast tissue with no evidence of tumor.
/home/woojye2020/decs_jupyter_lab/MedCLIP-SAMv2/generated_neg_output/udiat_clip_image2prompt_closedform/000072.png,A medical breast mammogram showing normal breast tissue with no evidence of tumor.,/home/woojye2020/decs_jupyter_lab/MedCLIP-SAMv2/generated_neg_output/udiat_clip_image2prompt_closedform/000072.png,"A medical breast mammogram showing a well-defined, round mass suggestive of a benign breast tumor."
/home/woojye2020/decs_jupyter_lab/MedCLIP-SAMv2/UDIAT/Benign/000072.png,"A medical breast mammogram showing a smooth, well-circumscribed mass suggestive of a benign breast tumor.",/home/woojye2020/decs_jupyter_lab/MedCLIP-SAMv2/UDIAT/Benign/000072.png,"A mammogram with no suspicious masses or malignant findings, indicating a normal scan."
/home/woojye2020/decs_jupyter_lab/MedCLIP-SAMv2/generated_neg_output/udiat_clip_image2prompt_closedform/000072.png,"A mammogram with no suspicious masses or malignant findings, indicating a normal scan.",/home/woojye2020/decs_jupyter_lab/MedCLIP-SAMv2/generated_neg_output/udiat_clip_image2prompt_closedform/000072.png,"A medical breast mammogram showing a smooth, well-circumscribed mass suggestive of a benign breast tumor."
/home/woojye2020/decs_jupyter_lab/MedCLIP-SAMv2/UDIAT/Benign/000072.png,"A mammogram displaying a round, homogeneous mass indicative of a benign breast tumor.",/home/woojye2020/decs_jupyter_lab/MedCLIP-SAMv2/UDIAT/Benign/000072.png,A breast imaging study revealing no signs of benign or malignant tumors.
/home/woojye2020/decs_jupyter_lab/MedCLIP-SAMv2/generated_neg_output/udiat_clip_image2prompt_closedform/000072.png,A breast imaging study revealing no signs of benign or malignant tumors.,/home/woojye2020/decs_jupyter_lab/MedCLIP-SAMv2/generated_neg_output/udiat_clip_image2prompt_closedform/000072.png,"A mammogram displaying a round, homogeneous mass indicative of a benign breast tumor."
/home/woojye2020/decs_jupyter_lab/MedCLIP-SAMv2/UDIAT/Benign/000072.png,"A breast imaging study revealing a well-defined, encapsulated mass likely representing a benign breast tumor.",/home/woojye2020/decs_jupyter_lab/MedCLIP-SAMv2/UDIAT/Benign/000072.png,A mammogram showing symmetrical breast tissue with no focal masses or clinical findings.
/home/woojye2020/decs_jupyter_lab/MedCLIP-SAMv2/generated_neg_output/udiat_clip_image2prompt_closedform/000072.png,A mammogram showing symmetrical breast tissue with no focal masses or clinical findings.,/home/woojye2020/decs_jupyter_lab/MedCLIP-SAMv2/generated_neg_output/udiat_clip_image2prompt_closedform/000072.png,"A breast imaging study revealing a well-defined, encapsulated mass likely representing a benign breast tumor."
/home/woojye2020/decs_jupyter_lab/MedCLIP-SAMv2/UDIAT/Benign/000072.png,"A mammogram showing a sharply marginated, round mass suggestive of a benign breast tumor.",/home/woojye2020/decs_jupyter_lab/MedCLIP-SAMv2/UDIAT/Benign/000072.png,A diagnostic mammogram displaying normal glandular tissue without any detectable lesions.
/home/woojye2020/decs_jupyter_lab/MedCLIP-SAMv2/generated_neg_output/udiat_clip_image2prompt_closedform/000072.png,A diagnostic mammogram displaying normal glandular tissue without any detectable lesions.,/home/woojye2020/decs_jupyter_lab/MedCLIP-SAMv2/generated_neg_output/udiat_clip_image2prompt_closedform/000072.png,"A mammogram showing a sharply marginated, round mass suggestive of a benign breast tumor."
/home/woojye2020/decs_jupyter_lab/MedCLIP-SAMv2/UDIAT/Benign/000073.png,"A medical breast mammogram showing a well-defined, round mass suggestive of a benign breast tumor.",/home/woojye2020/decs_jupyter_lab/MedCLIP-SAMv2/UDIAT/Benign/000073.png,A medical breast mammogram showing normal breast tissue with no evidence of tumor.
/home/woojye2020/decs_jupyter_lab/MedCLIP-SAMv2/generated_neg_output/udiat_clip_image2prompt_closedform/000073.png,A medical breast mammogram showing normal breast tissue with no evidence of tumor.,/home/woojye2020/decs_jupyter_lab/MedCLIP-SAMv2/generated_neg_output/udiat_clip_image2prompt_closedform/000073.png,"A medical breast mammogram showing a well-defined, round mass suggestive of a benign breast tumor."
/home/woojye2020/decs_jupyter_lab/MedCLIP-SAMv2/UDIAT/Benign/000073.png,"A medical breast mammogram showing a smooth, well-circumscribed mass suggestive of a benign breast tumor.",/home/woojye2020/decs_jupyter_lab/MedCLIP-SAMv2/UDIAT/Benign/000073.png,"A mammogram with no suspicious masses or malignant findings, indicating a normal scan."
/home/woojye2020/decs_jupyter_lab/MedCLIP-SAMv2/generated_neg_output/udiat_clip_image2prompt_closedform/000073.png,"A mammogram with no suspicious masses or malignant findings, indicating a normal scan.",/home/woojye2020/decs_jupyter_lab/MedCLIP-SAMv2/generated_neg_output/udiat_clip_image2prompt_closedform/000073.png,"A medical breast mammogram showing a smooth, well-circumscribed mass suggestive of a benign breast tumor."
/home/woojye2020/decs_jupyter_lab/MedCLIP-SAMv2/UDIAT/Benign/000073.png,"A mammogram displaying a round, homogeneous mass indicative of a benign breast tumor.",/home/woojye2020/decs_jupyter_lab/MedCLIP-SAMv2/UDIAT/Benign/000073.png,A breast imaging study revealing no signs of benign or malignant tumors.
/home/woojye2020/decs_jupyter_lab/MedCLIP-SAMv2/generated_neg_output/udiat_clip_image2prompt_closedform/000073.png,A breast imaging study revealing no signs of benign or malignant tumors.,/home/woojye2020/decs_jupyter_lab/MedCLIP-SAMv2/generated_neg_output/udiat_clip_image2prompt_closedform/000073.png,"A mammogram displaying a round, homogeneous mass indicative of a benign breast tumor."
/home/woojye2020/decs_jupyter_lab/MedCLIP-SAMv2/UDIAT/Benign/000073.png,"A breast imaging study revealing a well-defined, encapsulated mass likely representing a benign breast tumor.",/home/woojye2020/decs_jupyter_lab/MedCLIP-SAMv2/UDIAT/Benign/000073.png,A mammogram showing symmetrical breast tissue with no focal masses or clinical findings.
/home/woojye2020/decs_jupyter_lab/MedCLIP-SAMv2/generated_neg_output/udiat_clip_image2prompt_closedform/000073.png,A mammogram showing symmetrical breast tissue with no focal masses or clinical findings.,/home/woojye2020/decs_jupyter_lab/MedCLIP-SAMv2/generated_neg_output/udiat_clip_image2prompt_closedform/000073.png,"A breast imaging study revealing a well-defined, encapsulated mass likely representing a benign breast tumor."
/home/woojye2020/decs_jupyter_lab/MedCLIP-SAMv2/UDIAT/Benign/000073.png,"A mammogram showing a sharply marginated, round mass suggestive of a benign breast tumor.",/home/woojye2020/decs_jupyter_lab/MedCLIP-SAMv2/UDIAT/Benign/000073.png,A diagnostic mammogram displaying normal glandular tissue without any detectable lesions.
/home/woojye2020/decs_jupyter_lab/MedCLIP-SAMv2/generated_neg_output/udiat_clip_image2prompt_closedform/000073.png,A diagnostic mammogram displaying normal glandular tissue without any detectable lesions.,/home/woojye2020/decs_jupyter_lab/MedCLIP-SAMv2/generated_neg_output/udiat_clip_image2prompt_closedform/000073.png,"A mammogram showing a sharply marginated, round mass suggestive of a benign breast tumor."
/home/woojye2020/decs_jupyter_lab/MedCLIP-SAMv2/UDIAT/Benign/000074.png,"A medical breast mammogram showing a well-defined, round mass suggestive of a benign breast tumor.",/home/woojye2020/decs_jupyter_lab/MedCLIP-SAMv2/UDIAT/Benign/000074.png,A medical breast mammogram showing normal breast tissue with no evidence of tumor.
/home/woojye2020/decs_jupyter_lab/MedCLIP-SAMv2/generated_neg_output/udiat_clip_image2prompt_closedform/000074.png,A medical breast mammogram showing normal breast tissue with no evidence of tumor.,/home/woojye2020/decs_jupyter_lab/MedCLIP-SAMv2/generated_neg_output/udiat_clip_image2prompt_closedform/000074.png,"A medical breast mammogram showing a well-defined, round mass suggestive of a benign breast tumor."
/home/woojye2020/decs_jupyter_lab/MedCLIP-SAMv2/UDIAT/Benign/000074.png,"A medical breast mammogram showing a smooth, well-circumscribed mass suggestive of a benign breast tumor.",/home/woojye2020/decs_jupyter_lab/MedCLIP-SAMv2/UDIAT/Benign/000074.png,"A mammogram with no suspicious masses or malignant findings, indicating a normal scan."
/home/woojye2020/decs_jupyter_lab/MedCLIP-SAMv2/generated_neg_output/udiat_clip_image2prompt_closedform/000074.png,"A mammogram with no suspicious masses or malignant findings, indicating a normal scan.",/home/woojye2020/decs_jupyter_lab/MedCLIP-SAMv2/generated_neg_output/udiat_clip_image2prompt_closedform/000074.png,"A medical breast mammogram showing a smooth, well-circumscribed mass suggestive of a benign breast tumor."
/home/woojye2020/decs_jupyter_lab/MedCLIP-SAMv2/UDIAT/Benign/000074.png,"A mammogram displaying a round, homogeneous mass indicative of a benign breast tumor.",/home/woojye2020/decs_jupyter_lab/MedCLIP-SAMv2/UDIAT/Benign/000074.png,A breast imaging study revealing no signs of benign or malignant tumors.
/home/woojye2020/decs_jupyter_lab/MedCLIP-SAMv2/generated_neg_output/udiat_clip_image2prompt_closedform/000074.png,A breast imaging study revealing no signs of benign or malignant tumors.,/home/woojye2020/decs_jupyter_lab/MedCLIP-SAMv2/generated_neg_output/udiat_clip_image2prompt_closedform/000074.png,"A mammogram displaying a round, homogeneous mass indicative of a benign breast tumor."
/home/woojye2020/decs_jupyter_lab/MedCLIP-SAMv2/UDIAT/Benign/000074.png,"A breast imaging study revealing a well-defined, encapsulated mass likely representing a benign breast tumor.",/home/woojye2020/decs_jupyter_lab/MedCLIP-SAMv2/UDIAT/Benign/000074.png,A mammogram showing symmetrical breast tissue with no focal masses or clinical findings.
/home/woojye2020/decs_jupyter_lab/MedCLIP-SAMv2/generated_neg_output/udiat_clip_image2prompt_closedform/000074.png,A mammogram showing symmetrical breast tissue with no focal masses or clinical findings.,/home/woojye2020/decs_jupyter_lab/MedCLIP-SAMv2/generated_neg_output/udiat_clip_image2prompt_closedform/000074.png,"A breast imaging study revealing a well-defined, encapsulated mass likely representing a benign breast tumor."
/home/woojye2020/decs_jupyter_lab/MedCLIP-SAMv2/UDIAT/Benign/000074.png,"A mammogram showing a sharply marginated, round mass suggestive of a benign breast tumor.",/home/woojye2020/decs_jupyter_lab/MedCLIP-SAMv2/UDIAT/Benign/000074.png,A diagnostic mammogram displaying normal glandular tissue without any detectable lesions.
/home/woojye2020/decs_jupyter_lab/MedCLIP-SAMv2/generated_neg_output/udiat_clip_image2prompt_closedform/000074.png,A diagnostic mammogram displaying normal glandular tissue without any detectable lesions.,/home/woojye2020/decs_jupyter_lab/MedCLIP-SAMv2/generated_neg_output/udiat_clip_image2prompt_closedform/000074.png,"A mammogram showing a sharply marginated, round mass suggestive of a benign breast tumor."
/home/woojye2020/decs_jupyter_lab/MedCLIP-SAMv2/UDIAT/Benign/000075.png,"A medical breast mammogram showing a well-defined, round mass suggestive of a benign breast tumor.",/home/woojye2020/decs_jupyter_lab/MedCLIP-SAMv2/UDIAT/Benign/000075.png,A medical breast mammogram showing normal breast tissue with no evidence of tumor.
/home/woojye2020/decs_jupyter_lab/MedCLIP-SAMv2/generated_neg_output/udiat_clip_image2prompt_closedform/000075.png,A medical breast mammogram showing normal breast tissue with no evidence of tumor.,/home/woojye2020/decs_jupyter_lab/MedCLIP-SAMv2/generated_neg_output/udiat_clip_image2prompt_closedform/000075.png,"A medical breast mammogram showing a well-defined, round mass suggestive of a benign breast tumor."
/home/woojye2020/decs_jupyter_lab/MedCLIP-SAMv2/UDIAT/Benign/000075.png,"A medical breast mammogram showing a smooth, well-circumscribed mass suggestive of a benign breast tumor.",/home/woojye2020/decs_jupyter_lab/MedCLIP-SAMv2/UDIAT/Benign/000075.png,"A mammogram with no suspicious masses or malignant findings, indicating a normal scan."
/home/woojye2020/decs_jupyter_lab/MedCLIP-SAMv2/generated_neg_output/udiat_clip_image2prompt_closedform/000075.png,"A mammogram with no suspicious masses or malignant findings, indicating a normal scan.",/home/woojye2020/decs_jupyter_lab/MedCLIP-SAMv2/generated_neg_output/udiat_clip_image2prompt_closedform/000075.png,"A medical breast mammogram showing a smooth, well-circumscribed mass suggestive of a benign breast tumor."
/home/woojye2020/decs_jupyter_lab/MedCLIP-SAMv2/UDIAT/Benign/000075.png,"A mammogram displaying a round, homogeneous mass indicative of a benign breast tumor.",/home/woojye2020/decs_jupyter_lab/MedCLIP-SAMv2/UDIAT/Benign/000075.png,A breast imaging study revealing no signs of benign or malignant tumors.
/home/woojye2020/decs_jupyter_lab/MedCLIP-SAMv2/generated_neg_output/udiat_clip_image2prompt_closedform/000075.png,A breast imaging study revealing no signs of benign or malignant tumors.,/home/woojye2020/decs_jupyter_lab/MedCLIP-SAMv2/generated_neg_output/udiat_clip_image2prompt_closedform/000075.png,"A mammogram displaying a round, homogeneous mass indicative of a benign breast tumor."
/home/woojye2020/decs_jupyter_lab/MedCLIP-SAMv2/UDIAT/Benign/000075.png,"A breast imaging study revealing a well-defined, encapsulated mass likely representing a benign breast tumor.",/home/woojye2020/decs_jupyter_lab/MedCLIP-SAMv2/UDIAT/Benign/000075.png,A mammogram showing symmetrical breast tissue with no focal masses or clinical findings.
/home/woojye2020/decs_jupyter_lab/MedCLIP-SAMv2/generated_neg_output/udiat_clip_image2prompt_closedform/000075.png,A mammogram showing symmetrical breast tissue with no focal masses or clinical findings.,/home/woojye2020/decs_jupyter_lab/MedCLIP-SAMv2/generated_neg_output/udiat_clip_image2prompt_closedform/000075.png,"A breast imaging study revealing a well-defined, encapsulated mass likely representing a benign breast tumor."
/home/woojye2020/decs_jupyter_lab/MedCLIP-SAMv2/UDIAT/Benign/000075.png,"A mammogram showing a sharply marginated, round mass suggestive of a benign breast tumor.",/home/woojye2020/decs_jupyter_lab/MedCLIP-SAMv2/UDIAT/Benign/000075.png,A diagnostic mammogram displaying normal glandular tissue without any detectable lesions.
/home/woojye2020/decs_jupyter_lab/MedCLIP-SAMv2/generated_neg_output/udiat_clip_image2prompt_closedform/000075.png,A diagnostic mammogram displaying normal glandular tissue without any detectable lesions.,/home/woojye2020/decs_jupyter_lab/MedCLIP-SAMv2/generated_neg_output/udiat_clip_image2prompt_closedform/000075.png,"A mammogram showing a sharply marginated, round mass suggestive of a benign breast tumor."
/home/woojye2020/decs_jupyter_lab/MedCLIP-SAMv2/UDIAT/Benign/000076.png,"A medical breast mammogram showing a well-defined, round mass suggestive of a benign breast tumor.",/home/woojye2020/decs_jupyter_lab/MedCLIP-SAMv2/UDIAT/Benign/000076.png,A medical breast mammogram showing normal breast tissue with no evidence of tumor.
/home/woojye2020/decs_jupyter_lab/MedCLIP-SAMv2/generated_neg_output/udiat_clip_image2prompt_closedform/000076.png,A medical breast mammogram showing normal breast tissue with no evidence of tumor.,/home/woojye2020/decs_jupyter_lab/MedCLIP-SAMv2/generated_neg_output/udiat_clip_image2prompt_closedform/000076.png,"A medical breast mammogram showing a well-defined, round mass suggestive of a benign breast tumor."
/home/woojye2020/decs_jupyter_lab/MedCLIP-SAMv2/UDIAT/Benign/000076.png,"A medical breast mammogram showing a smooth, well-circumscribed mass suggestive of a benign breast tumor.",/home/woojye2020/decs_jupyter_lab/MedCLIP-SAMv2/UDIAT/Benign/000076.png,"A mammogram with no suspicious masses or malignant findings, indicating a normal scan."
/home/woojye2020/decs_jupyter_lab/MedCLIP-SAMv2/generated_neg_output/udiat_clip_image2prompt_closedform/000076.png,"A mammogram with no suspicious masses or malignant findings, indicating a normal scan.",/home/woojye2020/decs_jupyter_lab/MedCLIP-SAMv2/generated_neg_output/udiat_clip_image2prompt_closedform/000076.png,"A medical breast mammogram showing a smooth, well-circumscribed mass suggestive of a benign breast tumor."
/home/woojye2020/decs_jupyter_lab/MedCLIP-SAMv2/UDIAT/Benign/000076.png,"A mammogram displaying a round, homogeneous mass indicative of a benign breast tumor.",/home/woojye2020/decs_jupyter_lab/MedCLIP-SAMv2/UDIAT/Benign/000076.png,A breast imaging study revealing no signs of benign or malignant tumors.
/home/woojye2020/decs_jupyter_lab/MedCLIP-SAMv2/generated_neg_output/udiat_clip_image2prompt_closedform/000076.png,A breast imaging study revealing no signs of benign or malignant tumors.,/home/woojye2020/decs_jupyter_lab/MedCLIP-SAMv2/generated_neg_output/udiat_clip_image2prompt_closedform/000076.png,"A mammogram displaying a round, homogeneous mass indicative of a benign breast tumor."
/home/woojye2020/decs_jupyter_lab/MedCLIP-SAMv2/UDIAT/Benign/000076.png,"A breast imaging study revealing a well-defined, encapsulated mass likely representing a benign breast tumor.",/home/woojye2020/decs_jupyter_lab/MedCLIP-SAMv2/UDIAT/Benign/000076.png,A mammogram showing symmetrical breast tissue with no focal masses or clinical findings.
/home/woojye2020/decs_jupyter_lab/MedCLIP-SAMv2/generated_neg_output/udiat_clip_image2prompt_closedform/000076.png,A mammogram showing symmetrical breast tissue with no focal masses or clinical findings.,/home/woojye2020/decs_jupyter_lab/MedCLIP-SAMv2/generated_neg_output/udiat_clip_image2prompt_closedform/000076.png,"A breast imaging study revealing a well-defined, encapsulated mass likely representing a benign breast tumor."
/home/woojye2020/decs_jupyter_lab/MedCLIP-SAMv2/UDIAT/Benign/000076.png,"A mammogram showing a sharply marginated, round mass suggestive of a benign breast tumor.",/home/woojye2020/decs_jupyter_lab/MedCLIP-SAMv2/UDIAT/Benign/000076.png,A diagnostic mammogram displaying normal glandular tissue without any detectable lesions.
/home/woojye2020/decs_jupyter_lab/MedCLIP-SAMv2/generated_neg_output/udiat_clip_image2prompt_closedform/000076.png,A diagnostic mammogram displaying normal glandular tissue without any detectable lesions.,/home/woojye2020/decs_jupyter_lab/MedCLIP-SAMv2/generated_neg_output/udiat_clip_image2prompt_closedform/000076.png,"A mammogram showing a sharply marginated, round mass suggestive of a benign breast tumor."
/home/woojye2020/decs_jupyter_lab/MedCLIP-SAMv2/UDIAT/Benign/000077.png,"A medical breast mammogram showing a well-defined, round mass suggestive of a benign breast tumor.",/home/woojye2020/decs_jupyter_lab/MedCLIP-SAMv2/UDIAT/Benign/000077.png,A medical breast mammogram showing normal breast tissue with no evidence of tumor.
/home/woojye2020/decs_jupyter_lab/MedCLIP-SAMv2/generated_neg_output/udiat_clip_image2prompt_closedform/000077.png,A medical breast mammogram showing normal breast tissue with no evidence of tumor.,/home/woojye2020/decs_jupyter_lab/MedCLIP-SAMv2/generated_neg_output/udiat_clip_image2prompt_closedform/000077.png,"A medical breast mammogram showing a well-defined, round mass suggestive of a benign breast tumor."
/home/woojye2020/decs_jupyter_lab/MedCLIP-SAMv2/UDIAT/Benign/000077.png,"A medical breast mammogram showing a smooth, well-circumscribed mass suggestive of a benign breast tumor.",/home/woojye2020/decs_jupyter_lab/MedCLIP-SAMv2/UDIAT/Benign/000077.png,"A mammogram with no suspicious masses or malignant findings, indicating a normal scan."
/home/woojye2020/decs_jupyter_lab/MedCLIP-SAMv2/generated_neg_output/udiat_clip_image2prompt_closedform/000077.png,"A mammogram with no suspicious masses or malignant findings, indicating a normal scan.",/home/woojye2020/decs_jupyter_lab/MedCLIP-SAMv2/generated_neg_output/udiat_clip_image2prompt_closedform/000077.png,"A medical breast mammogram showing a smooth, well-circumscribed mass suggestive of a benign breast tumor."
/home/woojye2020/decs_jupyter_lab/MedCLIP-SAMv2/UDIAT/Benign/000077.png,"A mammogram displaying a round, homogeneous mass indicative of a benign breast tumor.",/home/woojye2020/decs_jupyter_lab/MedCLIP-SAMv2/UDIAT/Benign/000077.png,A breast imaging study revealing no signs of benign or malignant tumors.
/home/woojye2020/decs_jupyter_lab/MedCLIP-SAMv2/generated_neg_output/udiat_clip_image2prompt_closedform/000077.png,A breast imaging study revealing no signs of benign or malignant tumors.,/home/woojye2020/decs_jupyter_lab/MedCLIP-SAMv2/generated_neg_output/udiat_clip_image2prompt_closedform/000077.png,"A mammogram displaying a round, homogeneous mass indicative of a benign breast tumor."
/home/woojye2020/decs_jupyter_lab/MedCLIP-SAMv2/UDIAT/Benign/000077.png,"A breast imaging study revealing a well-defined, encapsulated mass likely representing a benign breast tumor.",/home/woojye2020/decs_jupyter_lab/MedCLIP-SAMv2/UDIAT/Benign/000077.png,A mammogram showing symmetrical breast tissue with no focal masses or clinical findings.
/home/woojye2020/decs_jupyter_lab/MedCLIP-SAMv2/generated_neg_output/udiat_clip_image2prompt_closedform/000077.png,A mammogram showing symmetrical breast tissue with no focal masses or clinical findings.,/home/woojye2020/decs_jupyter_lab/MedCLIP-SAMv2/generated_neg_output/udiat_clip_image2prompt_closedform/000077.png,"A breast imaging study revealing a well-defined, encapsulated mass likely representing a benign breast tumor."
/home/woojye2020/decs_jupyter_lab/MedCLIP-SAMv2/UDIAT/Benign/000077.png,"A mammogram showing a sharply marginated, round mass suggestive of a benign breast tumor.",/home/woojye2020/decs_jupyter_lab/MedCLIP-SAMv2/UDIAT/Benign/000077.png,A diagnostic mammogram displaying normal glandular tissue without any detectable lesions.
/home/woojye2020/decs_jupyter_lab/MedCLIP-SAMv2/generated_neg_output/udiat_clip_image2prompt_closedform/000077.png,A diagnostic mammogram displaying normal glandular tissue without any detectable lesions.,/home/woojye2020/decs_jupyter_lab/MedCLIP-SAMv2/generated_neg_output/udiat_clip_image2prompt_closedform/000077.png,"A mammogram showing a sharply marginated, round mass suggestive of a benign breast tumor."
/home/woojye2020/decs_jupyter_lab/MedCLIP-SAMv2/UDIAT/Benign/000078.png,"A medical breast mammogram showing a well-defined, round mass suggestive of a benign breast tumor.",/home/woojye2020/decs_jupyter_lab/MedCLIP-SAMv2/UDIAT/Benign/000078.png,A medical breast mammogram showing normal breast tissue with no evidence of tumor.
/home/woojye2020/decs_jupyter_lab/MedCLIP-SAMv2/generated_neg_output/udiat_clip_image2prompt_closedform/000078.png,A medical breast mammogram showing normal breast tissue with no evidence of tumor.,/home/woojye2020/decs_jupyter_lab/MedCLIP-SAMv2/generated_neg_output/udiat_clip_image2prompt_closedform/000078.png,"A medical breast mammogram showing a well-defined, round mass suggestive of a benign breast tumor."
/home/woojye2020/decs_jupyter_lab/MedCLIP-SAMv2/UDIAT/Benign/000078.png,"A medical breast mammogram showing a smooth, well-circumscribed mass suggestive of a benign breast tumor.",/home/woojye2020/decs_jupyter_lab/MedCLIP-SAMv2/UDIAT/Benign/000078.png,"A mammogram with no suspicious masses or malignant findings, indicating a normal scan."
/home/woojye2020/decs_jupyter_lab/MedCLIP-SAMv2/generated_neg_output/udiat_clip_image2prompt_closedform/000078.png,"A mammogram with no suspicious masses or malignant findings, indicating a normal scan.",/home/woojye2020/decs_jupyter_lab/MedCLIP-SAMv2/generated_neg_output/udiat_clip_image2prompt_closedform/000078.png,"A medical breast mammogram showing a smooth, well-circumscribed mass suggestive of a benign breast tumor."
/home/woojye2020/decs_jupyter_lab/MedCLIP-SAMv2/UDIAT/Benign/000078.png,"A mammogram displaying a round, homogeneous mass indicative of a benign breast tumor.",/home/woojye2020/decs_jupyter_lab/MedCLIP-SAMv2/UDIAT/Benign/000078.png,A breast imaging study revealing no signs of benign or malignant tumors.
/home/woojye2020/decs_jupyter_lab/MedCLIP-SAMv2/generated_neg_output/udiat_clip_image2prompt_closedform/000078.png,A breast imaging study revealing no signs of benign or malignant tumors.,/home/woojye2020/decs_jupyter_lab/MedCLIP-SAMv2/generated_neg_output/udiat_clip_image2prompt_closedform/000078.png,"A mammogram displaying a round, homogeneous mass indicative of a benign breast tumor."
/home/woojye2020/decs_jupyter_lab/MedCLIP-SAMv2/UDIAT/Benign/000078.png,"A breast imaging study revealing a well-defined, encapsulated mass likely representing a benign breast tumor.",/home/woojye2020/decs_jupyter_lab/MedCLIP-SAMv2/UDIAT/Benign/000078.png,A mammogram showing symmetrical breast tissue with no focal masses or clinical findings.
/home/woojye2020/decs_jupyter_lab/MedCLIP-SAMv2/generated_neg_output/udiat_clip_image2prompt_closedform/000078.png,A mammogram showing symmetrical breast tissue with no focal masses or clinical findings.,/home/woojye2020/decs_jupyter_lab/MedCLIP-SAMv2/generated_neg_output/udiat_clip_image2prompt_closedform/000078.png,"A breast imaging study revealing a well-defined, encapsulated mass likely representing a benign breast tumor."
/home/woojye2020/decs_jupyter_lab/MedCLIP-SAMv2/UDIAT/Benign/000078.png,"A mammogram showing a sharply marginated, round mass suggestive of a benign breast tumor.",/home/woojye2020/decs_jupyter_lab/MedCLIP-SAMv2/UDIAT/Benign/000078.png,A diagnostic mammogram displaying normal glandular tissue without any detectable lesions.
/home/woojye2020/decs_jupyter_lab/MedCLIP-SAMv2/generated_neg_output/udiat_clip_image2prompt_closedform/000078.png,A diagnostic mammogram displaying normal glandular tissue without any detectable lesions.,/home/woojye2020/decs_jupyter_lab/MedCLIP-SAMv2/generated_neg_output/udiat_clip_image2prompt_closedform/000078.png,"A mammogram showing a sharply marginated, round mass suggestive of a benign breast tumor."
/home/woojye2020/decs_jupyter_lab/MedCLIP-SAMv2/UDIAT/Benign/000079.png,"A medical breast mammogram showing a well-defined, round mass suggestive of a benign breast tumor.",/home/woojye2020/decs_jupyter_lab/MedCLIP-SAMv2/UDIAT/Benign/000079.png,A medical breast mammogram showing normal breast tissue with no evidence of tumor.
/home/woojye2020/decs_jupyter_lab/MedCLIP-SAMv2/generated_neg_output/udiat_clip_image2prompt_closedform/000079.png,A medical breast mammogram showing normal breast tissue with no evidence of tumor.,/home/woojye2020/decs_jupyter_lab/MedCLIP-SAMv2/generated_neg_output/udiat_clip_image2prompt_closedform/000079.png,"A medical breast mammogram showing a well-defined, round mass suggestive of a benign breast tumor."
/home/woojye2020/decs_jupyter_lab/MedCLIP-SAMv2/UDIAT/Benign/000079.png,"A medical breast mammogram showing a smooth, well-circumscribed mass suggestive of a benign breast tumor.",/home/woojye2020/decs_jupyter_lab/MedCLIP-SAMv2/UDIAT/Benign/000079.png,"A mammogram with no suspicious masses or malignant findings, indicating a normal scan."
/home/woojye2020/decs_jupyter_lab/MedCLIP-SAMv2/generated_neg_output/udiat_clip_image2prompt_closedform/000079.png,"A mammogram with no suspicious masses or malignant findings, indicating a normal scan.",/home/woojye2020/decs_jupyter_lab/MedCLIP-SAMv2/generated_neg_output/udiat_clip_image2prompt_closedform/000079.png,"A medical breast mammogram showing a smooth, well-circumscribed mass suggestive of a benign breast tumor."
/home/woojye2020/decs_jupyter_lab/MedCLIP-SAMv2/UDIAT/Benign/000079.png,"A mammogram displaying a round, homogeneous mass indicative of a benign breast tumor.",/home/woojye2020/decs_jupyter_lab/MedCLIP-SAMv2/UDIAT/Benign/000079.png,A breast imaging study revealing no signs of benign or malignant tumors.
/home/woojye2020/decs_jupyter_lab/MedCLIP-SAMv2/generated_neg_output/udiat_clip_image2prompt_closedform/000079.png,A breast imaging study revealing no signs of benign or malignant tumors.,/home/woojye2020/decs_jupyter_lab/MedCLIP-SAMv2/generated_neg_output/udiat_clip_image2prompt_closedform/000079.png,"A mammogram displaying a round, homogeneous mass indicative of a benign breast tumor."
/home/woojye2020/decs_jupyter_lab/MedCLIP-SAMv2/UDIAT/Benign/000079.png,"A breast imaging study revealing a well-defined, encapsulated mass likely representing a benign breast tumor.",/home/woojye2020/decs_jupyter_lab/MedCLIP-SAMv2/UDIAT/Benign/000079.png,A mammogram showing symmetrical breast tissue with no focal masses or clinical findings.
/home/woojye2020/decs_jupyter_lab/MedCLIP-SAMv2/generated_neg_output/udiat_clip_image2prompt_closedform/000079.png,A mammogram showing symmetrical breast tissue with no focal masses or clinical findings.,/home/woojye2020/decs_jupyter_lab/MedCLIP-SAMv2/generated_neg_output/udiat_clip_image2prompt_closedform/000079.png,"A breast imaging study revealing a well-defined, encapsulated mass likely representing a benign breast tumor."
/home/woojye2020/decs_jupyter_lab/MedCLIP-SAMv2/UDIAT/Benign/000079.png,"A mammogram showing a sharply marginated, round mass suggestive of a benign breast tumor.",/home/woojye2020/decs_jupyter_lab/MedCLIP-SAMv2/UDIAT/Benign/000079.png,A diagnostic mammogram displaying normal glandular tissue without any detectable lesions.
/home/woojye2020/decs_jupyter_lab/MedCLIP-SAMv2/generated_neg_output/udiat_clip_image2prompt_closedform/000079.png,A diagnostic mammogram displaying normal glandular tissue without any detectable lesions.,/home/woojye2020/decs_jupyter_lab/MedCLIP-SAMv2/generated_neg_output/udiat_clip_image2prompt_closedform/000079.png,"A mammogram showing a sharply marginated, round mass suggestive of a benign breast tumor."
/home/woojye2020/decs_jupyter_lab/MedCLIP-SAMv2/UDIAT/Benign/000080.png,"A medical breast mammogram showing a well-defined, round mass suggestive of a benign breast tumor.",/home/woojye2020/decs_jupyter_lab/MedCLIP-SAMv2/UDIAT/Benign/000080.png,A medical breast mammogram showing normal breast tissue with no evidence of tumor.
/home/woojye2020/decs_jupyter_lab/MedCLIP-SAMv2/generated_neg_output/udiat_clip_image2prompt_closedform/000080.png,A medical breast mammogram showing normal breast tissue with no evidence of tumor.,/home/woojye2020/decs_jupyter_lab/MedCLIP-SAMv2/generated_neg_output/udiat_clip_image2prompt_closedform/000080.png,"A medical breast mammogram showing a well-defined, round mass suggestive of a benign breast tumor."
/home/woojye2020/decs_jupyter_lab/MedCLIP-SAMv2/UDIAT/Benign/000080.png,"A medical breast mammogram showing a smooth, well-circumscribed mass suggestive of a benign breast tumor.",/home/woojye2020/decs_jupyter_lab/MedCLIP-SAMv2/UDIAT/Benign/000080.png,"A mammogram with no suspicious masses or malignant findings, indicating a normal scan."
/home/woojye2020/decs_jupyter_lab/MedCLIP-SAMv2/generated_neg_output/udiat_clip_image2prompt_closedform/000080.png,"A mammogram with no suspicious masses or malignant findings, indicating a normal scan.",/home/woojye2020/decs_jupyter_lab/MedCLIP-SAMv2/generated_neg_output/udiat_clip_image2prompt_closedform/000080.png,"A medical breast mammogram showing a smooth, well-circumscribed mass suggestive of a benign breast tumor."
/home/woojye2020/decs_jupyter_lab/MedCLIP-SAMv2/UDIAT/Benign/000080.png,"A mammogram displaying a round, homogeneous mass indicative of a benign breast tumor.",/home/woojye2020/decs_jupyter_lab/MedCLIP-SAMv2/UDIAT/Benign/000080.png,A breast imaging study revealing no signs of benign or malignant tumors.
/home/woojye2020/decs_jupyter_lab/MedCLIP-SAMv2/generated_neg_output/udiat_clip_image2prompt_closedform/000080.png,A breast imaging study revealing no signs of benign or malignant tumors.,/home/woojye2020/decs_jupyter_lab/MedCLIP-SAMv2/generated_neg_output/udiat_clip_image2prompt_closedform/000080.png,"A mammogram displaying a round, homogeneous mass indicative of a benign breast tumor."
/home/woojye2020/decs_jupyter_lab/MedCLIP-SAMv2/UDIAT/Benign/000080.png,"A breast imaging study revealing a well-defined, encapsulated mass likely representing a benign breast tumor.",/home/woojye2020/decs_jupyter_lab/MedCLIP-SAMv2/UDIAT/Benign/000080.png,A mammogram showing symmetrical breast tissue with no focal masses or clinical findings.
/home/woojye2020/decs_jupyter_lab/MedCLIP-SAMv2/generated_neg_output/udiat_clip_image2prompt_closedform/000080.png,A mammogram showing symmetrical breast tissue with no focal masses or clinical findings.,/home/woojye2020/decs_jupyter_lab/MedCLIP-SAMv2/generated_neg_output/udiat_clip_image2prompt_closedform/000080.png,"A breast imaging study revealing a well-defined, encapsulated mass likely representing a benign breast tumor."
/home/woojye2020/decs_jupyter_lab/MedCLIP-SAMv2/UDIAT/Benign/000080.png,"A mammogram showing a sharply marginated, round mass suggestive of a benign breast tumor.",/home/woojye2020/decs_jupyter_lab/MedCLIP-SAMv2/UDIAT/Benign/000080.png,A diagnostic mammogram displaying normal glandular tissue without any detectable lesions.
/home/woojye2020/decs_jupyter_lab/MedCLIP-SAMv2/generated_neg_output/udiat_clip_image2prompt_closedform/000080.png,A diagnostic mammogram displaying normal glandular tissue without any detectable lesions.,/home/woojye2020/decs_jupyter_lab/MedCLIP-SAMv2/generated_neg_output/udiat_clip_image2prompt_closedform/000080.png,"A mammogram showing a sharply marginated, round mass suggestive of a benign breast tumor."
/home/woojye2020/decs_jupyter_lab/MedCLIP-SAMv2/UDIAT/Benign/000081.png,"A medical breast mammogram showing a well-defined, round mass suggestive of a benign breast tumor.",/home/woojye2020/decs_jupyter_lab/MedCLIP-SAMv2/UDIAT/Benign/000081.png,A medical breast mammogram showing normal breast tissue with no evidence of tumor.
/home/woojye2020/decs_jupyter_lab/MedCLIP-SAMv2/generated_neg_output/udiat_clip_image2prompt_closedform/000081.png,A medical breast mammogram showing normal breast tissue with no evidence of tumor.,/home/woojye2020/decs_jupyter_lab/MedCLIP-SAMv2/generated_neg_output/udiat_clip_image2prompt_closedform/000081.png,"A medical breast mammogram showing a well-defined, round mass suggestive of a benign breast tumor."
/home/woojye2020/decs_jupyter_lab/MedCLIP-SAMv2/UDIAT/Benign/000081.png,"A medical breast mammogram showing a smooth, well-circumscribed mass suggestive of a benign breast tumor.",/home/woojye2020/decs_jupyter_lab/MedCLIP-SAMv2/UDIAT/Benign/000081.png,"A mammogram with no suspicious masses or malignant findings, indicating a normal scan."
/home/woojye2020/decs_jupyter_lab/MedCLIP-SAMv2/generated_neg_output/udiat_clip_image2prompt_closedform/000081.png,"A mammogram with no suspicious masses or malignant findings, indicating a normal scan.",/home/woojye2020/decs_jupyter_lab/MedCLIP-SAMv2/generated_neg_output/udiat_clip_image2prompt_closedform/000081.png,"A medical breast mammogram showing a smooth, well-circumscribed mass suggestive of a benign breast tumor."
/home/woojye2020/decs_jupyter_lab/MedCLIP-SAMv2/UDIAT/Benign/000081.png,"A mammogram displaying a round, homogeneous mass indicative of a benign breast tumor.",/home/woojye2020/decs_jupyter_lab/MedCLIP-SAMv2/UDIAT/Benign/000081.png,A breast imaging study revealing no signs of benign or malignant tumors.
/home/woojye2020/decs_jupyter_lab/MedCLIP-SAMv2/generated_neg_output/udiat_clip_image2prompt_closedform/000081.png,A breast imaging study revealing no signs of benign or malignant tumors.,/home/woojye2020/decs_jupyter_lab/MedCLIP-SAMv2/generated_neg_output/udiat_clip_image2prompt_closedform/000081.png,"A mammogram displaying a round, homogeneous mass indicative of a benign breast tumor."
/home/woojye2020/decs_jupyter_lab/MedCLIP-SAMv2/UDIAT/Benign/000081.png,"A breast imaging study revealing a well-defined, encapsulated mass likely representing a benign breast tumor.",/home/woojye2020/decs_jupyter_lab/MedCLIP-SAMv2/UDIAT/Benign/000081.png,A mammogram showing symmetrical breast tissue with no focal masses or clinical findings.
/home/woojye2020/decs_jupyter_lab/MedCLIP-SAMv2/generated_neg_output/udiat_clip_image2prompt_closedform/000081.png,A mammogram showing symmetrical breast tissue with no focal masses or clinical findings.,/home/woojye2020/decs_jupyter_lab/MedCLIP-SAMv2/generated_neg_output/udiat_clip_image2prompt_closedform/000081.png,"A breast imaging study revealing a well-defined, encapsulated mass likely representing a benign breast tumor."
/home/woojye2020/decs_jupyter_lab/MedCLIP-SAMv2/UDIAT/Benign/000081.png,"A mammogram showing a sharply marginated, round mass suggestive of a benign breast tumor.",/home/woojye2020/decs_jupyter_lab/MedCLIP-SAMv2/UDIAT/Benign/000081.png,A diagnostic mammogram displaying normal glandular tissue without any detectable lesions.
/home/woojye2020/decs_jupyter_lab/MedCLIP-SAMv2/generated_neg_output/udiat_clip_image2prompt_closedform/000081.png,A diagnostic mammogram displaying normal glandular tissue without any detectable lesions.,/home/woojye2020/decs_jupyter_lab/MedCLIP-SAMv2/generated_neg_output/udiat_clip_image2prompt_closedform/000081.png,"A mammogram showing a sharply marginated, round mass suggestive of a benign breast tumor."
/home/woojye2020/decs_jupyter_lab/MedCLIP-SAMv2/UDIAT/Benign/000082.png,"A medical breast mammogram showing a well-defined, round mass suggestive of a benign breast tumor.",/home/woojye2020/decs_jupyter_lab/MedCLIP-SAMv2/UDIAT/Benign/000082.png,A medical breast mammogram showing normal breast tissue with no evidence of tumor.
/home/woojye2020/decs_jupyter_lab/MedCLIP-SAMv2/generated_neg_output/udiat_clip_image2prompt_closedform/000082.png,A medical breast mammogram showing normal breast tissue with no evidence of tumor.,/home/woojye2020/decs_jupyter_lab/MedCLIP-SAMv2/generated_neg_output/udiat_clip_image2prompt_closedform/000082.png,"A medical breast mammogram showing a well-defined, round mass suggestive of a benign breast tumor."
/home/woojye2020/decs_jupyter_lab/MedCLIP-SAMv2/UDIAT/Benign/000082.png,"A medical breast mammogram showing a smooth, well-circumscribed mass suggestive of a benign breast tumor.",/home/woojye2020/decs_jupyter_lab/MedCLIP-SAMv2/UDIAT/Benign/000082.png,"A mammogram with no suspicious masses or malignant findings, indicating a normal scan."
/home/woojye2020/decs_jupyter_lab/MedCLIP-SAMv2/generated_neg_output/udiat_clip_image2prompt_closedform/000082.png,"A mammogram with no suspicious masses or malignant findings, indicating a normal scan.",/home/woojye2020/decs_jupyter_lab/MedCLIP-SAMv2/generated_neg_output/udiat_clip_image2prompt_closedform/000082.png,"A medical breast mammogram showing a smooth, well-circumscribed mass suggestive of a benign breast tumor."
/home/woojye2020/decs_jupyter_lab/MedCLIP-SAMv2/UDIAT/Benign/000082.png,"A mammogram displaying a round, homogeneous mass indicative of a benign breast tumor.",/home/woojye2020/decs_jupyter_lab/MedCLIP-SAMv2/UDIAT/Benign/000082.png,A breast imaging study revealing no signs of benign or malignant tumors.
/home/woojye2020/decs_jupyter_lab/MedCLIP-SAMv2/generated_neg_output/udiat_clip_image2prompt_closedform/000082.png,A breast imaging study revealing no signs of benign or malignant tumors.,/home/woojye2020/decs_jupyter_lab/MedCLIP-SAMv2/generated_neg_output/udiat_clip_image2prompt_closedform/000082.png,"A mammogram displaying a round, homogeneous mass indicative of a benign breast tumor."
/home/woojye2020/decs_jupyter_lab/MedCLIP-SAMv2/UDIAT/Benign/000082.png,"A breast imaging study revealing a well-defined, encapsulated mass likely representing a benign breast tumor.",/home/woojye2020/decs_jupyter_lab/MedCLIP-SAMv2/UDIAT/Benign/000082.png,A mammogram showing symmetrical breast tissue with no focal masses or clinical findings.
/home/woojye2020/decs_jupyter_lab/MedCLIP-SAMv2/generated_neg_output/udiat_clip_image2prompt_closedform/000082.png,A mammogram showing symmetrical breast tissue with no focal masses or clinical findings.,/home/woojye2020/decs_jupyter_lab/MedCLIP-SAMv2/generated_neg_output/udiat_clip_image2prompt_closedform/000082.png,"A breast imaging study revealing a well-defined, encapsulated mass likely representing a benign breast tumor."
/home/woojye2020/decs_jupyter_lab/MedCLIP-SAMv2/UDIAT/Benign/000082.png,"A mammogram showing a sharply marginated, round mass suggestive of a benign breast tumor.",/home/woojye2020/decs_jupyter_lab/MedCLIP-SAMv2/UDIAT/Benign/000082.png,A diagnostic mammogram displaying normal glandular tissue without any detectable lesions.
/home/woojye2020/decs_jupyter_lab/MedCLIP-SAMv2/generated_neg_output/udiat_clip_image2prompt_closedform/000082.png,A diagnostic mammogram displaying normal glandular tissue without any detectable lesions.,/home/woojye2020/decs_jupyter_lab/MedCLIP-SAMv2/generated_neg_output/udiat_clip_image2prompt_closedform/000082.png,"A mammogram showing a sharply marginated, round mass suggestive of a benign breast tumor."
/home/woojye2020/decs_jupyter_lab/MedCLIP-SAMv2/UDIAT/Benign/000083.png,"A medical breast mammogram showing a well-defined, round mass suggestive of a benign breast tumor.",/home/woojye2020/decs_jupyter_lab/MedCLIP-SAMv2/UDIAT/Benign/000083.png,A medical breast mammogram showing normal breast tissue with no evidence of tumor.
/home/woojye2020/decs_jupyter_lab/MedCLIP-SAMv2/generated_neg_output/udiat_clip_image2prompt_closedform/000083.png,A medical breast mammogram showing normal breast tissue with no evidence of tumor.,/home/woojye2020/decs_jupyter_lab/MedCLIP-SAMv2/generated_neg_output/udiat_clip_image2prompt_closedform/000083.png,"A medical breast mammogram showing a well-defined, round mass suggestive of a benign breast tumor."
/home/woojye2020/decs_jupyter_lab/MedCLIP-SAMv2/UDIAT/Benign/000083.png,"A medical breast mammogram showing a smooth, well-circumscribed mass suggestive of a benign breast tumor.",/home/woojye2020/decs_jupyter_lab/MedCLIP-SAMv2/UDIAT/Benign/000083.png,"A mammogram with no suspicious masses or malignant findings, indicating a normal scan."
/home/woojye2020/decs_jupyter_lab/MedCLIP-SAMv2/generated_neg_output/udiat_clip_image2prompt_closedform/000083.png,"A mammogram with no suspicious masses or malignant findings, indicating a normal scan.",/home/woojye2020/decs_jupyter_lab/MedCLIP-SAMv2/generated_neg_output/udiat_clip_image2prompt_closedform/000083.png,"A medical breast mammogram showing a smooth, well-circumscribed mass suggestive of a benign breast tumor."
/home/woojye2020/decs_jupyter_lab/MedCLIP-SAMv2/UDIAT/Benign/000083.png,"A mammogram displaying a round, homogeneous mass indicative of a benign breast tumor.",/home/woojye2020/decs_jupyter_lab/MedCLIP-SAMv2/UDIAT/Benign/000083.png,A breast imaging study revealing no signs of benign or malignant tumors.
/home/woojye2020/decs_jupyter_lab/MedCLIP-SAMv2/generated_neg_output/udiat_clip_image2prompt_closedform/000083.png,A breast imaging study revealing no signs of benign or malignant tumors.,/home/woojye2020/decs_jupyter_lab/MedCLIP-SAMv2/generated_neg_output/udiat_clip_image2prompt_closedform/000083.png,"A mammogram displaying a round, homogeneous mass indicative of a benign breast tumor."
/home/woojye2020/decs_jupyter_lab/MedCLIP-SAMv2/UDIAT/Benign/000083.png,"A breast imaging study revealing a well-defined, encapsulated mass likely representing a benign breast tumor.",/home/woojye2020/decs_jupyter_lab/MedCLIP-SAMv2/UDIAT/Benign/000083.png,A mammogram showing symmetrical breast tissue with no focal masses or clinical findings.
/home/woojye2020/decs_jupyter_lab/MedCLIP-SAMv2/generated_neg_output/udiat_clip_image2prompt_closedform/000083.png,A mammogram showing symmetrical breast tissue with no focal masses or clinical findings.,/home/woojye2020/decs_jupyter_lab/MedCLIP-SAMv2/generated_neg_output/udiat_clip_image2prompt_closedform/000083.png,"A breast imaging study revealing a well-defined, encapsulated mass likely representing a benign breast tumor."
/home/woojye2020/decs_jupyter_lab/MedCLIP-SAMv2/UDIAT/Benign/000083.png,"A mammogram showing a sharply marginated, round mass suggestive of a benign breast tumor.",/home/woojye2020/decs_jupyter_lab/MedCLIP-SAMv2/UDIAT/Benign/000083.png,A diagnostic mammogram displaying normal glandular tissue without any detectable lesions.
/home/woojye2020/decs_jupyter_lab/MedCLIP-SAMv2/generated_neg_output/udiat_clip_image2prompt_closedform/000083.png,A diagnostic mammogram displaying normal glandular tissue without any detectable lesions.,/home/woojye2020/decs_jupyter_lab/MedCLIP-SAMv2/generated_neg_output/udiat_clip_image2prompt_closedform/000083.png,"A mammogram showing a sharply marginated, round mass suggestive of a benign breast tumor."
/home/woojye2020/decs_jupyter_lab/MedCLIP-SAMv2/UDIAT/Benign/000084.png,"A medical breast mammogram showing a well-defined, round mass suggestive of a benign breast tumor.",/home/woojye2020/decs_jupyter_lab/MedCLIP-SAMv2/UDIAT/Benign/000084.png,A medical breast mammogram showing normal breast tissue with no evidence of tumor.
/home/woojye2020/decs_jupyter_lab/MedCLIP-SAMv2/generated_neg_output/udiat_clip_image2prompt_closedform/000084.png,A medical breast mammogram showing normal breast tissue with no evidence of tumor.,/home/woojye2020/decs_jupyter_lab/MedCLIP-SAMv2/generated_neg_output/udiat_clip_image2prompt_closedform/000084.png,"A medical breast mammogram showing a well-defined, round mass suggestive of a benign breast tumor."
/home/woojye2020/decs_jupyter_lab/MedCLIP-SAMv2/UDIAT/Benign/000084.png,"A medical breast mammogram showing a smooth, well-circumscribed mass suggestive of a benign breast tumor.",/home/woojye2020/decs_jupyter_lab/MedCLIP-SAMv2/UDIAT/Benign/000084.png,"A mammogram with no suspicious masses or malignant findings, indicating a normal scan."
/home/woojye2020/decs_jupyter_lab/MedCLIP-SAMv2/generated_neg_output/udiat_clip_image2prompt_closedform/000084.png,"A mammogram with no suspicious masses or malignant findings, indicating a normal scan.",/home/woojye2020/decs_jupyter_lab/MedCLIP-SAMv2/generated_neg_output/udiat_clip_image2prompt_closedform/000084.png,"A medical breast mammogram showing a smooth, well-circumscribed mass suggestive of a benign breast tumor."
/home/woojye2020/decs_jupyter_lab/MedCLIP-SAMv2/UDIAT/Benign/000084.png,"A mammogram displaying a round, homogeneous mass indicative of a benign breast tumor.",/home/woojye2020/decs_jupyter_lab/MedCLIP-SAMv2/UDIAT/Benign/000084.png,A breast imaging study revealing no signs of benign or malignant tumors.
/home/woojye2020/decs_jupyter_lab/MedCLIP-SAMv2/generated_neg_output/udiat_clip_image2prompt_closedform/000084.png,A breast imaging study revealing no signs of benign or malignant tumors.,/home/woojye2020/decs_jupyter_lab/MedCLIP-SAMv2/generated_neg_output/udiat_clip_image2prompt_closedform/000084.png,"A mammogram displaying a round, homogeneous mass indicative of a benign breast tumor."
/home/woojye2020/decs_jupyter_lab/MedCLIP-SAMv2/UDIAT/Benign/000084.png,"A breast imaging study revealing a well-defined, encapsulated mass likely representing a benign breast tumor.",/home/woojye2020/decs_jupyter_lab/MedCLIP-SAMv2/UDIAT/Benign/000084.png,A mammogram showing symmetrical breast tissue with no focal masses or clinical findings.
/home/woojye2020/decs_jupyter_lab/MedCLIP-SAMv2/generated_neg_output/udiat_clip_image2prompt_closedform/000084.png,A mammogram showing symmetrical breast tissue with no focal masses or clinical findings.,/home/woojye2020/decs_jupyter_lab/MedCLIP-SAMv2/generated_neg_output/udiat_clip_image2prompt_closedform/000084.png,"A breast imaging study revealing a well-defined, encapsulated mass likely representing a benign breast tumor."
/home/woojye2020/decs_jupyter_lab/MedCLIP-SAMv2/UDIAT/Benign/000084.png,"A mammogram showing a sharply marginated, round mass suggestive of a benign breast tumor.",/home/woojye2020/decs_jupyter_lab/MedCLIP-SAMv2/UDIAT/Benign/000084.png,A diagnostic mammogram displaying normal glandular tissue without any detectable lesions.
/home/woojye2020/decs_jupyter_lab/MedCLIP-SAMv2/generated_neg_output/udiat_clip_image2prompt_closedform/000084.png,A diagnostic mammogram displaying normal glandular tissue without any detectable lesions.,/home/woojye2020/decs_jupyter_lab/MedCLIP-SAMv2/generated_neg_output/udiat_clip_image2prompt_closedform/000084.png,"A mammogram showing a sharply marginated, round mass suggestive of a benign breast tumor."
/home/woojye2020/decs_jupyter_lab/MedCLIP-SAMv2/UDIAT/Benign/000085.png,"A medical breast mammogram showing a well-defined, round mass suggestive of a benign breast tumor.",/home/woojye2020/decs_jupyter_lab/MedCLIP-SAMv2/UDIAT/Benign/000085.png,A medical breast mammogram showing normal breast tissue with no evidence of tumor.
/home/woojye2020/decs_jupyter_lab/MedCLIP-SAMv2/generated_neg_output/udiat_clip_image2prompt_closedform/000085.png,A medical breast mammogram showing normal breast tissue with no evidence of tumor.,/home/woojye2020/decs_jupyter_lab/MedCLIP-SAMv2/generated_neg_output/udiat_clip_image2prompt_closedform/000085.png,"A medical breast mammogram showing a well-defined, round mass suggestive of a benign breast tumor."
/home/woojye2020/decs_jupyter_lab/MedCLIP-SAMv2/UDIAT/Benign/000085.png,"A medical breast mammogram showing a smooth, well-circumscribed mass suggestive of a benign breast tumor.",/home/woojye2020/decs_jupyter_lab/MedCLIP-SAMv2/UDIAT/Benign/000085.png,"A mammogram with no suspicious masses or malignant findings, indicating a normal scan."
/home/woojye2020/decs_jupyter_lab/MedCLIP-SAMv2/generated_neg_output/udiat_clip_image2prompt_closedform/000085.png,"A mammogram with no suspicious masses or malignant findings, indicating a normal scan.",/home/woojye2020/decs_jupyter_lab/MedCLIP-SAMv2/generated_neg_output/udiat_clip_image2prompt_closedform/000085.png,"A medical breast mammogram showing a smooth, well-circumscribed mass suggestive of a benign breast tumor."
/home/woojye2020/decs_jupyter_lab/MedCLIP-SAMv2/UDIAT/Benign/000085.png,"A mammogram displaying a round, homogeneous mass indicative of a benign breast tumor.",/home/woojye2020/decs_jupyter_lab/MedCLIP-SAMv2/UDIAT/Benign/000085.png,A breast imaging study revealing no signs of benign or malignant tumors.
/home/woojye2020/decs_jupyter_lab/MedCLIP-SAMv2/generated_neg_output/udiat_clip_image2prompt_closedform/000085.png,A breast imaging study revealing no signs of benign or malignant tumors.,/home/woojye2020/decs_jupyter_lab/MedCLIP-SAMv2/generated_neg_output/udiat_clip_image2prompt_closedform/000085.png,"A mammogram displaying a round, homogeneous mass indicative of a benign breast tumor."
/home/woojye2020/decs_jupyter_lab/MedCLIP-SAMv2/UDIAT/Benign/000085.png,"A breast imaging study revealing a well-defined, encapsulated mass likely representing a benign breast tumor.",/home/woojye2020/decs_jupyter_lab/MedCLIP-SAMv2/UDIAT/Benign/000085.png,A mammogram showing symmetrical breast tissue with no focal masses or clinical findings.
/home/woojye2020/decs_jupyter_lab/MedCLIP-SAMv2/generated_neg_output/udiat_clip_image2prompt_closedform/000085.png,A mammogram showing symmetrical breast tissue with no focal masses or clinical findings.,/home/woojye2020/decs_jupyter_lab/MedCLIP-SAMv2/generated_neg_output/udiat_clip_image2prompt_closedform/000085.png,"A breast imaging study revealing a well-defined, encapsulated mass likely representing a benign breast tumor."
/home/woojye2020/decs_jupyter_lab/MedCLIP-SAMv2/UDIAT/Benign/000085.png,"A mammogram showing a sharply marginated, round mass suggestive of a benign breast tumor.",/home/woojye2020/decs_jupyter_lab/MedCLIP-SAMv2/UDIAT/Benign/000085.png,A diagnostic mammogram displaying normal glandular tissue without any detectable lesions.
/home/woojye2020/decs_jupyter_lab/MedCLIP-SAMv2/generated_neg_output/udiat_clip_image2prompt_closedform/000085.png,A diagnostic mammogram displaying normal glandular tissue without any detectable lesions.,/home/woojye2020/decs_jupyter_lab/MedCLIP-SAMv2/generated_neg_output/udiat_clip_image2prompt_closedform/000085.png,"A mammogram showing a sharply marginated, round mass suggestive of a benign breast tumor."
/home/woojye2020/decs_jupyter_lab/MedCLIP-SAMv2/UDIAT/Benign/000086.png,"A medical breast mammogram showing a well-defined, round mass suggestive of a benign breast tumor.",/home/woojye2020/decs_jupyter_lab/MedCLIP-SAMv2/UDIAT/Benign/000086.png,A medical breast mammogram showing normal breast tissue with no evidence of tumor.
/home/woojye2020/decs_jupyter_lab/MedCLIP-SAMv2/generated_neg_output/udiat_clip_image2prompt_closedform/000086.png,A medical breast mammogram showing normal breast tissue with no evidence of tumor.,/home/woojye2020/decs_jupyter_lab/MedCLIP-SAMv2/generated_neg_output/udiat_clip_image2prompt_closedform/000086.png,"A medical breast mammogram showing a well-defined, round mass suggestive of a benign breast tumor."
/home/woojye2020/decs_jupyter_lab/MedCLIP-SAMv2/UDIAT/Benign/000086.png,"A medical breast mammogram showing a smooth, well-circumscribed mass suggestive of a benign breast tumor.",/home/woojye2020/decs_jupyter_lab/MedCLIP-SAMv2/UDIAT/Benign/000086.png,"A mammogram with no suspicious masses or malignant findings, indicating a normal scan."
/home/woojye2020/decs_jupyter_lab/MedCLIP-SAMv2/generated_neg_output/udiat_clip_image2prompt_closedform/000086.png,"A mammogram with no suspicious masses or malignant findings, indicating a normal scan.",/home/woojye2020/decs_jupyter_lab/MedCLIP-SAMv2/generated_neg_output/udiat_clip_image2prompt_closedform/000086.png,"A medical breast mammogram showing a smooth, well-circumscribed mass suggestive of a benign breast tumor."
/home/woojye2020/decs_jupyter_lab/MedCLIP-SAMv2/UDIAT/Benign/000086.png,"A mammogram displaying a round, homogeneous mass indicative of a benign breast tumor.",/home/woojye2020/decs_jupyter_lab/MedCLIP-SAMv2/UDIAT/Benign/000086.png,A breast imaging study revealing no signs of benign or malignant tumors.
/home/woojye2020/decs_jupyter_lab/MedCLIP-SAMv2/generated_neg_output/udiat_clip_image2prompt_closedform/000086.png,A breast imaging study revealing no signs of benign or malignant tumors.,/home/woojye2020/decs_jupyter_lab/MedCLIP-SAMv2/generated_neg_output/udiat_clip_image2prompt_closedform/000086.png,"A mammogram displaying a round, homogeneous mass indicative of a benign breast tumor."
/home/woojye2020/decs_jupyter_lab/MedCLIP-SAMv2/UDIAT/Benign/000086.png,"A breast imaging study revealing a well-defined, encapsulated mass likely representing a benign breast tumor.",/home/woojye2020/decs_jupyter_lab/MedCLIP-SAMv2/UDIAT/Benign/000086.png,A mammogram showing symmetrical breast tissue with no focal masses or clinical findings.
/home/woojye2020/decs_jupyter_lab/MedCLIP-SAMv2/generated_neg_output/udiat_clip_image2prompt_closedform/000086.png,A mammogram showing symmetrical breast tissue with no focal masses or clinical findings.,/home/woojye2020/decs_jupyter_lab/MedCLIP-SAMv2/generated_neg_output/udiat_clip_image2prompt_closedform/000086.png,"A breast imaging study revealing a well-defined, encapsulated mass likely representing a benign breast tumor."
/home/woojye2020/decs_jupyter_lab/MedCLIP-SAMv2/UDIAT/Benign/000086.png,"A mammogram showing a sharply marginated, round mass suggestive of a benign breast tumor.",/home/woojye2020/decs_jupyter_lab/MedCLIP-SAMv2/UDIAT/Benign/000086.png,A diagnostic mammogram displaying normal glandular tissue without any detectable lesions.
/home/woojye2020/decs_jupyter_lab/MedCLIP-SAMv2/generated_neg_output/udiat_clip_image2prompt_closedform/000086.png,A diagnostic mammogram displaying normal glandular tissue without any detectable lesions.,/home/woojye2020/decs_jupyter_lab/MedCLIP-SAMv2/generated_neg_output/udiat_clip_image2prompt_closedform/000086.png,"A mammogram showing a sharply marginated, round mass suggestive of a benign breast tumor."
/home/woojye2020/decs_jupyter_lab/MedCLIP-SAMv2/UDIAT/Benign/000087.png,"A medical breast mammogram showing a well-defined, round mass suggestive of a benign breast tumor.",/home/woojye2020/decs_jupyter_lab/MedCLIP-SAMv2/UDIAT/Benign/000087.png,A medical breast mammogram showing normal breast tissue with no evidence of tumor.
/home/woojye2020/decs_jupyter_lab/MedCLIP-SAMv2/generated_neg_output/udiat_clip_image2prompt_closedform/000087.png,A medical breast mammogram showing normal breast tissue with no evidence of tumor.,/home/woojye2020/decs_jupyter_lab/MedCLIP-SAMv2/generated_neg_output/udiat_clip_image2prompt_closedform/000087.png,"A medical breast mammogram showing a well-defined, round mass suggestive of a benign breast tumor."
/home/woojye2020/decs_jupyter_lab/MedCLIP-SAMv2/UDIAT/Benign/000087.png,"A medical breast mammogram showing a smooth, well-circumscribed mass suggestive of a benign breast tumor.",/home/woojye2020/decs_jupyter_lab/MedCLIP-SAMv2/UDIAT/Benign/000087.png,"A mammogram with no suspicious masses or malignant findings, indicating a normal scan."
/home/woojye2020/decs_jupyter_lab/MedCLIP-SAMv2/generated_neg_output/udiat_clip_image2prompt_closedform/000087.png,"A mammogram with no suspicious masses or malignant findings, indicating a normal scan.",/home/woojye2020/decs_jupyter_lab/MedCLIP-SAMv2/generated_neg_output/udiat_clip_image2prompt_closedform/000087.png,"A medical breast mammogram showing a smooth, well-circumscribed mass suggestive of a benign breast tumor."
/home/woojye2020/decs_jupyter_lab/MedCLIP-SAMv2/UDIAT/Benign/000087.png,"A mammogram displaying a round, homogeneous mass indicative of a benign breast tumor.",/home/woojye2020/decs_jupyter_lab/MedCLIP-SAMv2/UDIAT/Benign/000087.png,A breast imaging study revealing no signs of benign or malignant tumors.
/home/woojye2020/decs_jupyter_lab/MedCLIP-SAMv2/generated_neg_output/udiat_clip_image2prompt_closedform/000087.png,A breast imaging study revealing no signs of benign or malignant tumors.,/home/woojye2020/decs_jupyter_lab/MedCLIP-SAMv2/generated_neg_output/udiat_clip_image2prompt_closedform/000087.png,"A mammogram displaying a round, homogeneous mass indicative of a benign breast tumor."
/home/woojye2020/decs_jupyter_lab/MedCLIP-SAMv2/UDIAT/Benign/000087.png,"A breast imaging study revealing a well-defined, encapsulated mass likely representing a benign breast tumor.",/home/woojye2020/decs_jupyter_lab/MedCLIP-SAMv2/UDIAT/Benign/000087.png,A mammogram showing symmetrical breast tissue with no focal masses or clinical findings.
/home/woojye2020/decs_jupyter_lab/MedCLIP-SAMv2/generated_neg_output/udiat_clip_image2prompt_closedform/000087.png,A mammogram showing symmetrical breast tissue with no focal masses or clinical findings.,/home/woojye2020/decs_jupyter_lab/MedCLIP-SAMv2/generated_neg_output/udiat_clip_image2prompt_closedform/000087.png,"A breast imaging study revealing a well-defined, encapsulated mass likely representing a benign breast tumor."
/home/woojye2020/decs_jupyter_lab/MedCLIP-SAMv2/UDIAT/Benign/000087.png,"A mammogram showing a sharply marginated, round mass suggestive of a benign breast tumor.",/home/woojye2020/decs_jupyter_lab/MedCLIP-SAMv2/UDIAT/Benign/000087.png,A diagnostic mammogram displaying normal glandular tissue without any detectable lesions.
/home/woojye2020/decs_jupyter_lab/MedCLIP-SAMv2/generated_neg_output/udiat_clip_image2prompt_closedform/000087.png,A diagnostic mammogram displaying normal glandular tissue without any detectable lesions.,/home/woojye2020/decs_jupyter_lab/MedCLIP-SAMv2/generated_neg_output/udiat_clip_image2prompt_closedform/000087.png,"A mammogram showing a sharply marginated, round mass suggestive of a benign breast tumor."
/home/woojye2020/decs_jupyter_lab/MedCLIP-SAMv2/UDIAT/Benign/000088.png,"A medical breast mammogram showing a well-defined, round mass suggestive of a benign breast tumor.",/home/woojye2020/decs_jupyter_lab/MedCLIP-SAMv2/UDIAT/Benign/000088.png,A medical breast mammogram showing normal breast tissue with no evidence of tumor.
/home/woojye2020/decs_jupyter_lab/MedCLIP-SAMv2/generated_neg_output/udiat_clip_image2prompt_closedform/000088.png,A medical breast mammogram showing normal breast tissue with no evidence of tumor.,/home/woojye2020/decs_jupyter_lab/MedCLIP-SAMv2/generated_neg_output/udiat_clip_image2prompt_closedform/000088.png,"A medical breast mammogram showing a well-defined, round mass suggestive of a benign breast tumor."
/home/woojye2020/decs_jupyter_lab/MedCLIP-SAMv2/UDIAT/Benign/000088.png,"A medical breast mammogram showing a smooth, well-circumscribed mass suggestive of a benign breast tumor.",/home/woojye2020/decs_jupyter_lab/MedCLIP-SAMv2/UDIAT/Benign/000088.png,"A mammogram with no suspicious masses or malignant findings, indicating a normal scan."
/home/woojye2020/decs_jupyter_lab/MedCLIP-SAMv2/generated_neg_output/udiat_clip_image2prompt_closedform/000088.png,"A mammogram with no suspicious masses or malignant findings, indicating a normal scan.",/home/woojye2020/decs_jupyter_lab/MedCLIP-SAMv2/generated_neg_output/udiat_clip_image2prompt_closedform/000088.png,"A medical breast mammogram showing a smooth, well-circumscribed mass suggestive of a benign breast tumor."
/home/woojye2020/decs_jupyter_lab/MedCLIP-SAMv2/UDIAT/Benign/000088.png,"A mammogram displaying a round, homogeneous mass indicative of a benign breast tumor.",/home/woojye2020/decs_jupyter_lab/MedCLIP-SAMv2/UDIAT/Benign/000088.png,A breast imaging study revealing no signs of benign or malignant tumors.
/home/woojye2020/decs_jupyter_lab/MedCLIP-SAMv2/generated_neg_output/udiat_clip_image2prompt_closedform/000088.png,A breast imaging study revealing no signs of benign or malignant tumors.,/home/woojye2020/decs_jupyter_lab/MedCLIP-SAMv2/generated_neg_output/udiat_clip_image2prompt_closedform/000088.png,"A mammogram displaying a round, homogeneous mass indicative of a benign breast tumor."
/home/woojye2020/decs_jupyter_lab/MedCLIP-SAMv2/UDIAT/Benign/000088.png,"A breast imaging study revealing a well-defined, encapsulated mass likely representing a benign breast tumor.",/home/woojye2020/decs_jupyter_lab/MedCLIP-SAMv2/UDIAT/Benign/000088.png,A mammogram showing symmetrical breast tissue with no focal masses or clinical findings.
/home/woojye2020/decs_jupyter_lab/MedCLIP-SAMv2/generated_neg_output/udiat_clip_image2prompt_closedform/000088.png,A mammogram showing symmetrical breast tissue with no focal masses or clinical findings.,/home/woojye2020/decs_jupyter_lab/MedCLIP-SAMv2/generated_neg_output/udiat_clip_image2prompt_closedform/000088.png,"A breast imaging study revealing a well-defined, encapsulated mass likely representing a benign breast tumor."
/home/woojye2020/decs_jupyter_lab/MedCLIP-SAMv2/UDIAT/Benign/000088.png,"A mammogram showing a sharply marginated, round mass suggestive of a benign breast tumor.",/home/woojye2020/decs_jupyter_lab/MedCLIP-SAMv2/UDIAT/Benign/000088.png,A diagnostic mammogram displaying normal glandular tissue without any detectable lesions.
/home/woojye2020/decs_jupyter_lab/MedCLIP-SAMv2/generated_neg_output/udiat_clip_image2prompt_closedform/000088.png,A diagnostic mammogram displaying normal glandular tissue without any detectable lesions.,/home/woojye2020/decs_jupyter_lab/MedCLIP-SAMv2/generated_neg_output/udiat_clip_image2prompt_closedform/000088.png,"A mammogram showing a sharply marginated, round mass suggestive of a benign breast tumor."
/home/woojye2020/decs_jupyter_lab/MedCLIP-SAMv2/UDIAT/Benign/000089.png,"A medical breast mammogram showing a well-defined, round mass suggestive of a benign breast tumor.",/home/woojye2020/decs_jupyter_lab/MedCLIP-SAMv2/UDIAT/Benign/000089.png,A medical breast mammogram showing normal breast tissue with no evidence of tumor.
/home/woojye2020/decs_jupyter_lab/MedCLIP-SAMv2/generated_neg_output/udiat_clip_image2prompt_closedform/000089.png,A medical breast mammogram showing normal breast tissue with no evidence of tumor.,/home/woojye2020/decs_jupyter_lab/MedCLIP-SAMv2/generated_neg_output/udiat_clip_image2prompt_closedform/000089.png,"A medical breast mammogram showing a well-defined, round mass suggestive of a benign breast tumor."
/home/woojye2020/decs_jupyter_lab/MedCLIP-SAMv2/UDIAT/Benign/000089.png,"A medical breast mammogram showing a smooth, well-circumscribed mass suggestive of a benign breast tumor.",/home/woojye2020/decs_jupyter_lab/MedCLIP-SAMv2/UDIAT/Benign/000089.png,"A mammogram with no suspicious masses or malignant findings, indicating a normal scan."
/home/woojye2020/decs_jupyter_lab/MedCLIP-SAMv2/generated_neg_output/udiat_clip_image2prompt_closedform/000089.png,"A mammogram with no suspicious masses or malignant findings, indicating a normal scan.",/home/woojye2020/decs_jupyter_lab/MedCLIP-SAMv2/generated_neg_output/udiat_clip_image2prompt_closedform/000089.png,"A medical breast mammogram showing a smooth, well-circumscribed mass suggestive of a benign breast tumor."
/home/woojye2020/decs_jupyter_lab/MedCLIP-SAMv2/UDIAT/Benign/000089.png,"A mammogram displaying a round, homogeneous mass indicative of a benign breast tumor.",/home/woojye2020/decs_jupyter_lab/MedCLIP-SAMv2/UDIAT/Benign/000089.png,A breast imaging study revealing no signs of benign or malignant tumors.
/home/woojye2020/decs_jupyter_lab/MedCLIP-SAMv2/generated_neg_output/udiat_clip_image2prompt_closedform/000089.png,A breast imaging study revealing no signs of benign or malignant tumors.,/home/woojye2020/decs_jupyter_lab/MedCLIP-SAMv2/generated_neg_output/udiat_clip_image2prompt_closedform/000089.png,"A mammogram displaying a round, homogeneous mass indicative of a benign breast tumor."
/home/woojye2020/decs_jupyter_lab/MedCLIP-SAMv2/UDIAT/Benign/000089.png,"A breast imaging study revealing a well-defined, encapsulated mass likely representing a benign breast tumor.",/home/woojye2020/decs_jupyter_lab/MedCLIP-SAMv2/UDIAT/Benign/000089.png,A mammogram showing symmetrical breast tissue with no focal masses or clinical findings.
/home/woojye2020/decs_jupyter_lab/MedCLIP-SAMv2/generated_neg_output/udiat_clip_image2prompt_closedform/000089.png,A mammogram showing symmetrical breast tissue with no focal masses or clinical findings.,/home/woojye2020/decs_jupyter_lab/MedCLIP-SAMv2/generated_neg_output/udiat_clip_image2prompt_closedform/000089.png,"A breast imaging study revealing a well-defined, encapsulated mass likely representing a benign breast tumor."
/home/woojye2020/decs_jupyter_lab/MedCLIP-SAMv2/UDIAT/Benign/000089.png,"A mammogram showing a sharply marginated, round mass suggestive of a benign breast tumor.",/home/woojye2020/decs_jupyter_lab/MedCLIP-SAMv2/UDIAT/Benign/000089.png,A diagnostic mammogram displaying normal glandular tissue without any detectable lesions.
/home/woojye2020/decs_jupyter_lab/MedCLIP-SAMv2/generated_neg_output/udiat_clip_image2prompt_closedform/000089.png,A diagnostic mammogram displaying normal glandular tissue without any detectable lesions.,/home/woojye2020/decs_jupyter_lab/MedCLIP-SAMv2/generated_neg_output/udiat_clip_image2prompt_closedform/000089.png,"A mammogram showing a sharply marginated, round mass suggestive of a benign breast tumor."
/home/woojye2020/decs_jupyter_lab/MedCLIP-SAMv2/UDIAT/Benign/000090.png,"A medical breast mammogram showing a well-defined, round mass suggestive of a benign breast tumor.",/home/woojye2020/decs_jupyter_lab/MedCLIP-SAMv2/UDIAT/Benign/000090.png,A medical breast mammogram showing normal breast tissue with no evidence of tumor.
/home/woojye2020/decs_jupyter_lab/MedCLIP-SAMv2/generated_neg_output/udiat_clip_image2prompt_closedform/000090.png,A medical breast mammogram showing normal breast tissue with no evidence of tumor.,/home/woojye2020/decs_jupyter_lab/MedCLIP-SAMv2/generated_neg_output/udiat_clip_image2prompt_closedform/000090.png,"A medical breast mammogram showing a well-defined, round mass suggestive of a benign breast tumor."
/home/woojye2020/decs_jupyter_lab/MedCLIP-SAMv2/UDIAT/Benign/000090.png,"A medical breast mammogram showing a smooth, well-circumscribed mass suggestive of a benign breast tumor.",/home/woojye2020/decs_jupyter_lab/MedCLIP-SAMv2/UDIAT/Benign/000090.png,"A mammogram with no suspicious masses or malignant findings, indicating a normal scan."
/home/woojye2020/decs_jupyter_lab/MedCLIP-SAMv2/generated_neg_output/udiat_clip_image2prompt_closedform/000090.png,"A mammogram with no suspicious masses or malignant findings, indicating a normal scan.",/home/woojye2020/decs_jupyter_lab/MedCLIP-SAMv2/generated_neg_output/udiat_clip_image2prompt_closedform/000090.png,"A medical breast mammogram showing a smooth, well-circumscribed mass suggestive of a benign breast tumor."
/home/woojye2020/decs_jupyter_lab/MedCLIP-SAMv2/UDIAT/Benign/000090.png,"A mammogram displaying a round, homogeneous mass indicative of a benign breast tumor.",/home/woojye2020/decs_jupyter_lab/MedCLIP-SAMv2/UDIAT/Benign/000090.png,A breast imaging study revealing no signs of benign or malignant tumors.
/home/woojye2020/decs_jupyter_lab/MedCLIP-SAMv2/generated_neg_output/udiat_clip_image2prompt_closedform/000090.png,A breast imaging study revealing no signs of benign or malignant tumors.,/home/woojye2020/decs_jupyter_lab/MedCLIP-SAMv2/generated_neg_output/udiat_clip_image2prompt_closedform/000090.png,"A mammogram displaying a round, homogeneous mass indicative of a benign breast tumor."
/home/woojye2020/decs_jupyter_lab/MedCLIP-SAMv2/UDIAT/Benign/000090.png,"A breast imaging study revealing a well-defined, encapsulated mass likely representing a benign breast tumor.",/home/woojye2020/decs_jupyter_lab/MedCLIP-SAMv2/UDIAT/Benign/000090.png,A mammogram showing symmetrical breast tissue with no focal masses or clinical findings.
/home/woojye2020/decs_jupyter_lab/MedCLIP-SAMv2/generated_neg_output/udiat_clip_image2prompt_closedform/000090.png,A mammogram showing symmetrical breast tissue with no focal masses or clinical findings.,/home/woojye2020/decs_jupyter_lab/MedCLIP-SAMv2/generated_neg_output/udiat_clip_image2prompt_closedform/000090.png,"A breast imaging study revealing a well-defined, encapsulated mass likely representing a benign breast tumor."
/home/woojye2020/decs_jupyter_lab/MedCLIP-SAMv2/UDIAT/Benign/000090.png,"A mammogram showing a sharply marginated, round mass suggestive of a benign breast tumor.",/home/woojye2020/decs_jupyter_lab/MedCLIP-SAMv2/UDIAT/Benign/000090.png,A diagnostic mammogram displaying normal glandular tissue without any detectable lesions.
/home/woojye2020/decs_jupyter_lab/MedCLIP-SAMv2/generated_neg_output/udiat_clip_image2prompt_closedform/000090.png,A diagnostic mammogram displaying normal glandular tissue without any detectable lesions.,/home/woojye2020/decs_jupyter_lab/MedCLIP-SAMv2/generated_neg_output/udiat_clip_image2prompt_closedform/000090.png,"A mammogram showing a sharply marginated, round mass suggestive of a benign breast tumor."
/home/woojye2020/decs_jupyter_lab/MedCLIP-SAMv2/UDIAT/Benign/000091.png,"A medical breast mammogram showing a well-defined, round mass suggestive of a benign breast tumor.",/home/woojye2020/decs_jupyter_lab/MedCLIP-SAMv2/UDIAT/Benign/000091.png,A medical breast mammogram showing normal breast tissue with no evidence of tumor.
/home/woojye2020/decs_jupyter_lab/MedCLIP-SAMv2/generated_neg_output/udiat_clip_image2prompt_closedform/000091.png,A medical breast mammogram showing normal breast tissue with no evidence of tumor.,/home/woojye2020/decs_jupyter_lab/MedCLIP-SAMv2/generated_neg_output/udiat_clip_image2prompt_closedform/000091.png,"A medical breast mammogram showing a well-defined, round mass suggestive of a benign breast tumor."
/home/woojye2020/decs_jupyter_lab/MedCLIP-SAMv2/UDIAT/Benign/000091.png,"A medical breast mammogram showing a smooth, well-circumscribed mass suggestive of a benign breast tumor.",/home/woojye2020/decs_jupyter_lab/MedCLIP-SAMv2/UDIAT/Benign/000091.png,"A mammogram with no suspicious masses or malignant findings, indicating a normal scan."
/home/woojye2020/decs_jupyter_lab/MedCLIP-SAMv2/generated_neg_output/udiat_clip_image2prompt_closedform/000091.png,"A mammogram with no suspicious masses or malignant findings, indicating a normal scan.",/home/woojye2020/decs_jupyter_lab/MedCLIP-SAMv2/generated_neg_output/udiat_clip_image2prompt_closedform/000091.png,"A medical breast mammogram showing a smooth, well-circumscribed mass suggestive of a benign breast tumor."
/home/woojye2020/decs_jupyter_lab/MedCLIP-SAMv2/UDIAT/Benign/000091.png,"A mammogram displaying a round, homogeneous mass indicative of a benign breast tumor.",/home/woojye2020/decs_jupyter_lab/MedCLIP-SAMv2/UDIAT/Benign/000091.png,A breast imaging study revealing no signs of benign or malignant tumors.
/home/woojye2020/decs_jupyter_lab/MedCLIP-SAMv2/generated_neg_output/udiat_clip_image2prompt_closedform/000091.png,A breast imaging study revealing no signs of benign or malignant tumors.,/home/woojye2020/decs_jupyter_lab/MedCLIP-SAMv2/generated_neg_output/udiat_clip_image2prompt_closedform/000091.png,"A mammogram displaying a round, homogeneous mass indicative of a benign breast tumor."
/home/woojye2020/decs_jupyter_lab/MedCLIP-SAMv2/UDIAT/Benign/000091.png,"A breast imaging study revealing a well-defined, encapsulated mass likely representing a benign breast tumor.",/home/woojye2020/decs_jupyter_lab/MedCLIP-SAMv2/UDIAT/Benign/000091.png,A mammogram showing symmetrical breast tissue with no focal masses or clinical findings.
/home/woojye2020/decs_jupyter_lab/MedCLIP-SAMv2/generated_neg_output/udiat_clip_image2prompt_closedform/000091.png,A mammogram showing symmetrical breast tissue with no focal masses or clinical findings.,/home/woojye2020/decs_jupyter_lab/MedCLIP-SAMv2/generated_neg_output/udiat_clip_image2prompt_closedform/000091.png,"A breast imaging study revealing a well-defined, encapsulated mass likely representing a benign breast tumor."
/home/woojye2020/decs_jupyter_lab/MedCLIP-SAMv2/UDIAT/Benign/000091.png,"A mammogram showing a sharply marginated, round mass suggestive of a benign breast tumor.",/home/woojye2020/decs_jupyter_lab/MedCLIP-SAMv2/UDIAT/Benign/000091.png,A diagnostic mammogram displaying normal glandular tissue without any detectable lesions.
/home/woojye2020/decs_jupyter_lab/MedCLIP-SAMv2/generated_neg_output/udiat_clip_image2prompt_closedform/000091.png,A diagnostic mammogram displaying normal glandular tissue without any detectable lesions.,/home/woojye2020/decs_jupyter_lab/MedCLIP-SAMv2/generated_neg_output/udiat_clip_image2prompt_closedform/000091.png,"A mammogram showing a sharply marginated, round mass suggestive of a benign breast tumor."
/home/woojye2020/decs_jupyter_lab/MedCLIP-SAMv2/UDIAT/Benign/000092.png,"A medical breast mammogram showing a well-defined, round mass suggestive of a benign breast tumor.",/home/woojye2020/decs_jupyter_lab/MedCLIP-SAMv2/UDIAT/Benign/000092.png,A medical breast mammogram showing normal breast tissue with no evidence of tumor.
/home/woojye2020/decs_jupyter_lab/MedCLIP-SAMv2/generated_neg_output/udiat_clip_image2prompt_closedform/000092.png,A medical breast mammogram showing normal breast tissue with no evidence of tumor.,/home/woojye2020/decs_jupyter_lab/MedCLIP-SAMv2/generated_neg_output/udiat_clip_image2prompt_closedform/000092.png,"A medical breast mammogram showing a well-defined, round mass suggestive of a benign breast tumor."
/home/woojye2020/decs_jupyter_lab/MedCLIP-SAMv2/UDIAT/Benign/000092.png,"A medical breast mammogram showing a smooth, well-circumscribed mass suggestive of a benign breast tumor.",/home/woojye2020/decs_jupyter_lab/MedCLIP-SAMv2/UDIAT/Benign/000092.png,"A mammogram with no suspicious masses or malignant findings, indicating a normal scan."
/home/woojye2020/decs_jupyter_lab/MedCLIP-SAMv2/generated_neg_output/udiat_clip_image2prompt_closedform/000092.png,"A mammogram with no suspicious masses or malignant findings, indicating a normal scan.",/home/woojye2020/decs_jupyter_lab/MedCLIP-SAMv2/generated_neg_output/udiat_clip_image2prompt_closedform/000092.png,"A medical breast mammogram showing a smooth, well-circumscribed mass suggestive of a benign breast tumor."
/home/woojye2020/decs_jupyter_lab/MedCLIP-SAMv2/UDIAT/Benign/000092.png,"A mammogram displaying a round, homogeneous mass indicative of a benign breast tumor.",/home/woojye2020/decs_jupyter_lab/MedCLIP-SAMv2/UDIAT/Benign/000092.png,A breast imaging study revealing no signs of benign or malignant tumors.
/home/woojye2020/decs_jupyter_lab/MedCLIP-SAMv2/generated_neg_output/udiat_clip_image2prompt_closedform/000092.png,A breast imaging study revealing no signs of benign or malignant tumors.,/home/woojye2020/decs_jupyter_lab/MedCLIP-SAMv2/generated_neg_output/udiat_clip_image2prompt_closedform/000092.png,"A mammogram displaying a round, homogeneous mass indicative of a benign breast tumor."
/home/woojye2020/decs_jupyter_lab/MedCLIP-SAMv2/UDIAT/Benign/000092.png,"A breast imaging study revealing a well-defined, encapsulated mass likely representing a benign breast tumor.",/home/woojye2020/decs_jupyter_lab/MedCLIP-SAMv2/UDIAT/Benign/000092.png,A mammogram showing symmetrical breast tissue with no focal masses or clinical findings.
/home/woojye2020/decs_jupyter_lab/MedCLIP-SAMv2/generated_neg_output/udiat_clip_image2prompt_closedform/000092.png,A mammogram showing symmetrical breast tissue with no focal masses or clinical findings.,/home/woojye2020/decs_jupyter_lab/MedCLIP-SAMv2/generated_neg_output/udiat_clip_image2prompt_closedform/000092.png,"A breast imaging study revealing a well-defined, encapsulated mass likely representing a benign breast tumor."
/home/woojye2020/decs_jupyter_lab/MedCLIP-SAMv2/UDIAT/Benign/000092.png,"A mammogram showing a sharply marginated, round mass suggestive of a benign breast tumor.",/home/woojye2020/decs_jupyter_lab/MedCLIP-SAMv2/UDIAT/Benign/000092.png,A diagnostic mammogram displaying normal glandular tissue without any detectable lesions.
/home/woojye2020/decs_jupyter_lab/MedCLIP-SAMv2/generated_neg_output/udiat_clip_image2prompt_closedform/000092.png,A diagnostic mammogram displaying normal glandular tissue without any detectable lesions.,/home/woojye2020/decs_jupyter_lab/MedCLIP-SAMv2/generated_neg_output/udiat_clip_image2prompt_closedform/000092.png,"A mammogram showing a sharply marginated, round mass suggestive of a benign breast tumor."
/home/woojye2020/decs_jupyter_lab/MedCLIP-SAMv2/UDIAT/Benign/000093.png,"A medical breast mammogram showing a well-defined, round mass suggestive of a benign breast tumor.",/home/woojye2020/decs_jupyter_lab/MedCLIP-SAMv2/UDIAT/Benign/000093.png,A medical breast mammogram showing normal breast tissue with no evidence of tumor.
/home/woojye2020/decs_jupyter_lab/MedCLIP-SAMv2/generated_neg_output/udiat_clip_image2prompt_closedform/000093.png,A medical breast mammogram showing normal breast tissue with no evidence of tumor.,/home/woojye2020/decs_jupyter_lab/MedCLIP-SAMv2/generated_neg_output/udiat_clip_image2prompt_closedform/000093.png,"A medical breast mammogram showing a well-defined, round mass suggestive of a benign breast tumor."
/home/woojye2020/decs_jupyter_lab/MedCLIP-SAMv2/UDIAT/Benign/000093.png,"A medical breast mammogram showing a smooth, well-circumscribed mass suggestive of a benign breast tumor.",/home/woojye2020/decs_jupyter_lab/MedCLIP-SAMv2/UDIAT/Benign/000093.png,"A mammogram with no suspicious masses or malignant findings, indicating a normal scan."
/home/woojye2020/decs_jupyter_lab/MedCLIP-SAMv2/generated_neg_output/udiat_clip_image2prompt_closedform/000093.png,"A mammogram with no suspicious masses or malignant findings, indicating a normal scan.",/home/woojye2020/decs_jupyter_lab/MedCLIP-SAMv2/generated_neg_output/udiat_clip_image2prompt_closedform/000093.png,"A medical breast mammogram showing a smooth, well-circumscribed mass suggestive of a benign breast tumor."
/home/woojye2020/decs_jupyter_lab/MedCLIP-SAMv2/UDIAT/Benign/000093.png,"A mammogram displaying a round, homogeneous mass indicative of a benign breast tumor.",/home/woojye2020/decs_jupyter_lab/MedCLIP-SAMv2/UDIAT/Benign/000093.png,A breast imaging study revealing no signs of benign or malignant tumors.
/home/woojye2020/decs_jupyter_lab/MedCLIP-SAMv2/generated_neg_output/udiat_clip_image2prompt_closedform/000093.png,A breast imaging study revealing no signs of benign or malignant tumors.,/home/woojye2020/decs_jupyter_lab/MedCLIP-SAMv2/generated_neg_output/udiat_clip_image2prompt_closedform/000093.png,"A mammogram displaying a round, homogeneous mass indicative of a benign breast tumor."
/home/woojye2020/decs_jupyter_lab/MedCLIP-SAMv2/UDIAT/Benign/000093.png,"A breast imaging study revealing a well-defined, encapsulated mass likely representing a benign breast tumor.",/home/woojye2020/decs_jupyter_lab/MedCLIP-SAMv2/UDIAT/Benign/000093.png,A mammogram showing symmetrical breast tissue with no focal masses or clinical findings.
/home/woojye2020/decs_jupyter_lab/MedCLIP-SAMv2/generated_neg_output/udiat_clip_image2prompt_closedform/000093.png,A mammogram showing symmetrical breast tissue with no focal masses or clinical findings.,/home/woojye2020/decs_jupyter_lab/MedCLIP-SAMv2/generated_neg_output/udiat_clip_image2prompt_closedform/000093.png,"A breast imaging study revealing a well-defined, encapsulated mass likely representing a benign breast tumor."
/home/woojye2020/decs_jupyter_lab/MedCLIP-SAMv2/UDIAT/Benign/000093.png,"A mammogram showing a sharply marginated, round mass suggestive of a benign breast tumor.",/home/woojye2020/decs_jupyter_lab/MedCLIP-SAMv2/UDIAT/Benign/000093.png,A diagnostic mammogram displaying normal glandular tissue without any detectable lesions.
/home/woojye2020/decs_jupyter_lab/MedCLIP-SAMv2/generated_neg_output/udiat_clip_image2prompt_closedform/000093.png,A diagnostic mammogram displaying normal glandular tissue without any detectable lesions.,/home/woojye2020/decs_jupyter_lab/MedCLIP-SAMv2/generated_neg_output/udiat_clip_image2prompt_closedform/000093.png,"A mammogram showing a sharply marginated, round mass suggestive of a benign breast tumor."
/home/woojye2020/decs_jupyter_lab/MedCLIP-SAMv2/UDIAT/Benign/000094.png,"A medical breast mammogram showing a well-defined, round mass suggestive of a benign breast tumor.",/home/woojye2020/decs_jupyter_lab/MedCLIP-SAMv2/UDIAT/Benign/000094.png,A medical breast mammogram showing normal breast tissue with no evidence of tumor.
/home/woojye2020/decs_jupyter_lab/MedCLIP-SAMv2/generated_neg_output/udiat_clip_image2prompt_closedform/000094.png,A medical breast mammogram showing normal breast tissue with no evidence of tumor.,/home/woojye2020/decs_jupyter_lab/MedCLIP-SAMv2/generated_neg_output/udiat_clip_image2prompt_closedform/000094.png,"A medical breast mammogram showing a well-defined, round mass suggestive of a benign breast tumor."
/home/woojye2020/decs_jupyter_lab/MedCLIP-SAMv2/UDIAT/Benign/000094.png,"A medical breast mammogram showing a smooth, well-circumscribed mass suggestive of a benign breast tumor.",/home/woojye2020/decs_jupyter_lab/MedCLIP-SAMv2/UDIAT/Benign/000094.png,"A mammogram with no suspicious masses or malignant findings, indicating a normal scan."
/home/woojye2020/decs_jupyter_lab/MedCLIP-SAMv2/generated_neg_output/udiat_clip_image2prompt_closedform/000094.png,"A mammogram with no suspicious masses or malignant findings, indicating a normal scan.",/home/woojye2020/decs_jupyter_lab/MedCLIP-SAMv2/generated_neg_output/udiat_clip_image2prompt_closedform/000094.png,"A medical breast mammogram showing a smooth, well-circumscribed mass suggestive of a benign breast tumor."
/home/woojye2020/decs_jupyter_lab/MedCLIP-SAMv2/UDIAT/Benign/000094.png,"A mammogram displaying a round, homogeneous mass indicative of a benign breast tumor.",/home/woojye2020/decs_jupyter_lab/MedCLIP-SAMv2/UDIAT/Benign/000094.png,A breast imaging study revealing no signs of benign or malignant tumors.
/home/woojye2020/decs_jupyter_lab/MedCLIP-SAMv2/generated_neg_output/udiat_clip_image2prompt_closedform/000094.png,A breast imaging study revealing no signs of benign or malignant tumors.,/home/woojye2020/decs_jupyter_lab/MedCLIP-SAMv2/generated_neg_output/udiat_clip_image2prompt_closedform/000094.png,"A mammogram displaying a round, homogeneous mass indicative of a benign breast tumor."
/home/woojye2020/decs_jupyter_lab/MedCLIP-SAMv2/UDIAT/Benign/000094.png,"A breast imaging study revealing a well-defined, encapsulated mass likely representing a benign breast tumor.",/home/woojye2020/decs_jupyter_lab/MedCLIP-SAMv2/UDIAT/Benign/000094.png,A mammogram showing symmetrical breast tissue with no focal masses or clinical findings.
/home/woojye2020/decs_jupyter_lab/MedCLIP-SAMv2/generated_neg_output/udiat_clip_image2prompt_closedform/000094.png,A mammogram showing symmetrical breast tissue with no focal masses or clinical findings.,/home/woojye2020/decs_jupyter_lab/MedCLIP-SAMv2/generated_neg_output/udiat_clip_image2prompt_closedform/000094.png,"A breast imaging study revealing a well-defined, encapsulated mass likely representing a benign breast tumor."
/home/woojye2020/decs_jupyter_lab/MedCLIP-SAMv2/UDIAT/Benign/000094.png,"A mammogram showing a sharply marginated, round mass suggestive of a benign breast tumor.",/home/woojye2020/decs_jupyter_lab/MedCLIP-SAMv2/UDIAT/Benign/000094.png,A diagnostic mammogram displaying normal glandular tissue without any detectable lesions.
/home/woojye2020/decs_jupyter_lab/MedCLIP-SAMv2/generated_neg_output/udiat_clip_image2prompt_closedform/000094.png,A diagnostic mammogram displaying normal glandular tissue without any detectable lesions.,/home/woojye2020/decs_jupyter_lab/MedCLIP-SAMv2/generated_neg_output/udiat_clip_image2prompt_closedform/000094.png,"A mammogram showing a sharply marginated, round mass suggestive of a benign breast tumor."
/home/woojye2020/decs_jupyter_lab/MedCLIP-SAMv2/UDIAT/Benign/000095.png,"A medical breast mammogram showing a well-defined, round mass suggestive of a benign breast tumor.",/home/woojye2020/decs_jupyter_lab/MedCLIP-SAMv2/UDIAT/Benign/000095.png,A medical breast mammogram showing normal breast tissue with no evidence of tumor.
/home/woojye2020/decs_jupyter_lab/MedCLIP-SAMv2/generated_neg_output/udiat_clip_image2prompt_closedform/000095.png,A medical breast mammogram showing normal breast tissue with no evidence of tumor.,/home/woojye2020/decs_jupyter_lab/MedCLIP-SAMv2/generated_neg_output/udiat_clip_image2prompt_closedform/000095.png,"A medical breast mammogram showing a well-defined, round mass suggestive of a benign breast tumor."
/home/woojye2020/decs_jupyter_lab/MedCLIP-SAMv2/UDIAT/Benign/000095.png,"A medical breast mammogram showing a smooth, well-circumscribed mass suggestive of a benign breast tumor.",/home/woojye2020/decs_jupyter_lab/MedCLIP-SAMv2/UDIAT/Benign/000095.png,"A mammogram with no suspicious masses or malignant findings, indicating a normal scan."
/home/woojye2020/decs_jupyter_lab/MedCLIP-SAMv2/generated_neg_output/udiat_clip_image2prompt_closedform/000095.png,"A mammogram with no suspicious masses or malignant findings, indicating a normal scan.",/home/woojye2020/decs_jupyter_lab/MedCLIP-SAMv2/generated_neg_output/udiat_clip_image2prompt_closedform/000095.png,"A medical breast mammogram showing a smooth, well-circumscribed mass suggestive of a benign breast tumor."
/home/woojye2020/decs_jupyter_lab/MedCLIP-SAMv2/UDIAT/Benign/000095.png,"A mammogram displaying a round, homogeneous mass indicative of a benign breast tumor.",/home/woojye2020/decs_jupyter_lab/MedCLIP-SAMv2/UDIAT/Benign/000095.png,A breast imaging study revealing no signs of benign or malignant tumors.
/home/woojye2020/decs_jupyter_lab/MedCLIP-SAMv2/generated_neg_output/udiat_clip_image2prompt_closedform/000095.png,A breast imaging study revealing no signs of benign or malignant tumors.,/home/woojye2020/decs_jupyter_lab/MedCLIP-SAMv2/generated_neg_output/udiat_clip_image2prompt_closedform/000095.png,"A mammogram displaying a round, homogeneous mass indicative of a benign breast tumor."
/home/woojye2020/decs_jupyter_lab/MedCLIP-SAMv2/UDIAT/Benign/000095.png,"A breast imaging study revealing a well-defined, encapsulated mass likely representing a benign breast tumor.",/home/woojye2020/decs_jupyter_lab/MedCLIP-SAMv2/UDIAT/Benign/000095.png,A mammogram showing symmetrical breast tissue with no focal masses or clinical findings.
/home/woojye2020/decs_jupyter_lab/MedCLIP-SAMv2/generated_neg_output/udiat_clip_image2prompt_closedform/000095.png,A mammogram showing symmetrical breast tissue with no focal masses or clinical findings.,/home/woojye2020/decs_jupyter_lab/MedCLIP-SAMv2/generated_neg_output/udiat_clip_image2prompt_closedform/000095.png,"A breast imaging study revealing a well-defined, encapsulated mass likely representing a benign breast tumor."
/home/woojye2020/decs_jupyter_lab/MedCLIP-SAMv2/UDIAT/Benign/000095.png,"A mammogram showing a sharply marginated, round mass suggestive of a benign breast tumor.",/home/woojye2020/decs_jupyter_lab/MedCLIP-SAMv2/UDIAT/Benign/000095.png,A diagnostic mammogram displaying normal glandular tissue without any detectable lesions.
/home/woojye2020/decs_jupyter_lab/MedCLIP-SAMv2/generated_neg_output/udiat_clip_image2prompt_closedform/000095.png,A diagnostic mammogram displaying normal glandular tissue without any detectable lesions.,/home/woojye2020/decs_jupyter_lab/MedCLIP-SAMv2/generated_neg_output/udiat_clip_image2prompt_closedform/000095.png,"A mammogram showing a sharply marginated, round mass suggestive of a benign breast tumor."
/home/woojye2020/decs_jupyter_lab/MedCLIP-SAMv2/UDIAT/Benign/000096.png,"A medical breast mammogram showing a well-defined, round mass suggestive of a benign breast tumor.",/home/woojye2020/decs_jupyter_lab/MedCLIP-SAMv2/UDIAT/Benign/000096.png,A medical breast mammogram showing normal breast tissue with no evidence of tumor.
/home/woojye2020/decs_jupyter_lab/MedCLIP-SAMv2/generated_neg_output/udiat_clip_image2prompt_closedform/000096.png,A medical breast mammogram showing normal breast tissue with no evidence of tumor.,/home/woojye2020/decs_jupyter_lab/MedCLIP-SAMv2/generated_neg_output/udiat_clip_image2prompt_closedform/000096.png,"A medical breast mammogram showing a well-defined, round mass suggestive of a benign breast tumor."
/home/woojye2020/decs_jupyter_lab/MedCLIP-SAMv2/UDIAT/Benign/000096.png,"A medical breast mammogram showing a smooth, well-circumscribed mass suggestive of a benign breast tumor.",/home/woojye2020/decs_jupyter_lab/MedCLIP-SAMv2/UDIAT/Benign/000096.png,"A mammogram with no suspicious masses or malignant findings, indicating a normal scan."
/home/woojye2020/decs_jupyter_lab/MedCLIP-SAMv2/generated_neg_output/udiat_clip_image2prompt_closedform/000096.png,"A mammogram with no suspicious masses or malignant findings, indicating a normal scan.",/home/woojye2020/decs_jupyter_lab/MedCLIP-SAMv2/generated_neg_output/udiat_clip_image2prompt_closedform/000096.png,"A medical breast mammogram showing a smooth, well-circumscribed mass suggestive of a benign breast tumor."
/home/woojye2020/decs_jupyter_lab/MedCLIP-SAMv2/UDIAT/Benign/000096.png,"A mammogram displaying a round, homogeneous mass indicative of a benign breast tumor.",/home/woojye2020/decs_jupyter_lab/MedCLIP-SAMv2/UDIAT/Benign/000096.png,A breast imaging study revealing no signs of benign or malignant tumors.
/home/woojye2020/decs_jupyter_lab/MedCLIP-SAMv2/generated_neg_output/udiat_clip_image2prompt_closedform/000096.png,A breast imaging study revealing no signs of benign or malignant tumors.,/home/woojye2020/decs_jupyter_lab/MedCLIP-SAMv2/generated_neg_output/udiat_clip_image2prompt_closedform/000096.png,"A mammogram displaying a round, homogeneous mass indicative of a benign breast tumor."
/home/woojye2020/decs_jupyter_lab/MedCLIP-SAMv2/UDIAT/Benign/000096.png,"A breast imaging study revealing a well-defined, encapsulated mass likely representing a benign breast tumor.",/home/woojye2020/decs_jupyter_lab/MedCLIP-SAMv2/UDIAT/Benign/000096.png,A mammogram showing symmetrical breast tissue with no focal masses or clinical findings.
/home/woojye2020/decs_jupyter_lab/MedCLIP-SAMv2/generated_neg_output/udiat_clip_image2prompt_closedform/000096.png,A mammogram showing symmetrical breast tissue with no focal masses or clinical findings.,/home/woojye2020/decs_jupyter_lab/MedCLIP-SAMv2/generated_neg_output/udiat_clip_image2prompt_closedform/000096.png,"A breast imaging study revealing a well-defined, encapsulated mass likely representing a benign breast tumor."
/home/woojye2020/decs_jupyter_lab/MedCLIP-SAMv2/UDIAT/Benign/000096.png,"A mammogram showing a sharply marginated, round mass suggestive of a benign breast tumor.",/home/woojye2020/decs_jupyter_lab/MedCLIP-SAMv2/UDIAT/Benign/000096.png,A diagnostic mammogram displaying normal glandular tissue without any detectable lesions.
/home/woojye2020/decs_jupyter_lab/MedCLIP-SAMv2/generated_neg_output/udiat_clip_image2prompt_closedform/000096.png,A diagnostic mammogram displaying normal glandular tissue without any detectable lesions.,/home/woojye2020/decs_jupyter_lab/MedCLIP-SAMv2/generated_neg_output/udiat_clip_image2prompt_closedform/000096.png,"A mammogram showing a sharply marginated, round mass suggestive of a benign breast tumor."
/home/woojye2020/decs_jupyter_lab/MedCLIP-SAMv2/UDIAT/Benign/000097.png,"A medical breast mammogram showing a well-defined, round mass suggestive of a benign breast tumor.",/home/woojye2020/decs_jupyter_lab/MedCLIP-SAMv2/UDIAT/Benign/000097.png,A medical breast mammogram showing normal breast tissue with no evidence of tumor.
/home/woojye2020/decs_jupyter_lab/MedCLIP-SAMv2/generated_neg_output/udiat_clip_image2prompt_closedform/000097.png,A medical breast mammogram showing normal breast tissue with no evidence of tumor.,/home/woojye2020/decs_jupyter_lab/MedCLIP-SAMv2/generated_neg_output/udiat_clip_image2prompt_closedform/000097.png,"A medical breast mammogram showing a well-defined, round mass suggestive of a benign breast tumor."
/home/woojye2020/decs_jupyter_lab/MedCLIP-SAMv2/UDIAT/Benign/000097.png,"A medical breast mammogram showing a smooth, well-circumscribed mass suggestive of a benign breast tumor.",/home/woojye2020/decs_jupyter_lab/MedCLIP-SAMv2/UDIAT/Benign/000097.png,"A mammogram with no suspicious masses or malignant findings, indicating a normal scan."
/home/woojye2020/decs_jupyter_lab/MedCLIP-SAMv2/generated_neg_output/udiat_clip_image2prompt_closedform/000097.png,"A mammogram with no suspicious masses or malignant findings, indicating a normal scan.",/home/woojye2020/decs_jupyter_lab/MedCLIP-SAMv2/generated_neg_output/udiat_clip_image2prompt_closedform/000097.png,"A medical breast mammogram showing a smooth, well-circumscribed mass suggestive of a benign breast tumor."
/home/woojye2020/decs_jupyter_lab/MedCLIP-SAMv2/UDIAT/Benign/000097.png,"A mammogram displaying a round, homogeneous mass indicative of a benign breast tumor.",/home/woojye2020/decs_jupyter_lab/MedCLIP-SAMv2/UDIAT/Benign/000097.png,A breast imaging study revealing no signs of benign or malignant tumors.
/home/woojye2020/decs_jupyter_lab/MedCLIP-SAMv2/generated_neg_output/udiat_clip_image2prompt_closedform/000097.png,A breast imaging study revealing no signs of benign or malignant tumors.,/home/woojye2020/decs_jupyter_lab/MedCLIP-SAMv2/generated_neg_output/udiat_clip_image2prompt_closedform/000097.png,"A mammogram displaying a round, homogeneous mass indicative of a benign breast tumor."
/home/woojye2020/decs_jupyter_lab/MedCLIP-SAMv2/UDIAT/Benign/000097.png,"A breast imaging study revealing a well-defined, encapsulated mass likely representing a benign breast tumor.",/home/woojye2020/decs_jupyter_lab/MedCLIP-SAMv2/UDIAT/Benign/000097.png,A mammogram showing symmetrical breast tissue with no focal masses or clinical findings.
/home/woojye2020/decs_jupyter_lab/MedCLIP-SAMv2/generated_neg_output/udiat_clip_image2prompt_closedform/000097.png,A mammogram showing symmetrical breast tissue with no focal masses or clinical findings.,/home/woojye2020/decs_jupyter_lab/MedCLIP-SAMv2/generated_neg_output/udiat_clip_image2prompt_closedform/000097.png,"A breast imaging study revealing a well-defined, encapsulated mass likely representing a benign breast tumor."
/home/woojye2020/decs_jupyter_lab/MedCLIP-SAMv2/UDIAT/Benign/000097.png,"A mammogram showing a sharply marginated, round mass suggestive of a benign breast tumor.",/home/woojye2020/decs_jupyter_lab/MedCLIP-SAMv2/UDIAT/Benign/000097.png,A diagnostic mammogram displaying normal glandular tissue without any detectable lesions.
/home/woojye2020/decs_jupyter_lab/MedCLIP-SAMv2/generated_neg_output/udiat_clip_image2prompt_closedform/000097.png,A diagnostic mammogram displaying normal glandular tissue without any detectable lesions.,/home/woojye2020/decs_jupyter_lab/MedCLIP-SAMv2/generated_neg_output/udiat_clip_image2prompt_closedform/000097.png,"A mammogram showing a sharply marginated, round mass suggestive of a benign breast tumor."
/home/woojye2020/decs_jupyter_lab/MedCLIP-SAMv2/UDIAT/Benign/000098.png,"A medical breast mammogram showing a well-defined, round mass suggestive of a benign breast tumor.",/home/woojye2020/decs_jupyter_lab/MedCLIP-SAMv2/UDIAT/Benign/000098.png,A medical breast mammogram showing normal breast tissue with no evidence of tumor.
/home/woojye2020/decs_jupyter_lab/MedCLIP-SAMv2/generated_neg_output/udiat_clip_image2prompt_closedform/000098.png,A medical breast mammogram showing normal breast tissue with no evidence of tumor.,/home/woojye2020/decs_jupyter_lab/MedCLIP-SAMv2/generated_neg_output/udiat_clip_image2prompt_closedform/000098.png,"A medical breast mammogram showing a well-defined, round mass suggestive of a benign breast tumor."
/home/woojye2020/decs_jupyter_lab/MedCLIP-SAMv2/UDIAT/Benign/000098.png,"A medical breast mammogram showing a smooth, well-circumscribed mass suggestive of a benign breast tumor.",/home/woojye2020/decs_jupyter_lab/MedCLIP-SAMv2/UDIAT/Benign/000098.png,"A mammogram with no suspicious masses or malignant findings, indicating a normal scan."
/home/woojye2020/decs_jupyter_lab/MedCLIP-SAMv2/generated_neg_output/udiat_clip_image2prompt_closedform/000098.png,"A mammogram with no suspicious masses or malignant findings, indicating a normal scan.",/home/woojye2020/decs_jupyter_lab/MedCLIP-SAMv2/generated_neg_output/udiat_clip_image2prompt_closedform/000098.png,"A medical breast mammogram showing a smooth, well-circumscribed mass suggestive of a benign breast tumor."
/home/woojye2020/decs_jupyter_lab/MedCLIP-SAMv2/UDIAT/Benign/000098.png,"A mammogram displaying a round, homogeneous mass indicative of a benign breast tumor.",/home/woojye2020/decs_jupyter_lab/MedCLIP-SAMv2/UDIAT/Benign/000098.png,A breast imaging study revealing no signs of benign or malignant tumors.
/home/woojye2020/decs_jupyter_lab/MedCLIP-SAMv2/generated_neg_output/udiat_clip_image2prompt_closedform/000098.png,A breast imaging study revealing no signs of benign or malignant tumors.,/home/woojye2020/decs_jupyter_lab/MedCLIP-SAMv2/generated_neg_output/udiat_clip_image2prompt_closedform/000098.png,"A mammogram displaying a round, homogeneous mass indicative of a benign breast tumor."
/home/woojye2020/decs_jupyter_lab/MedCLIP-SAMv2/UDIAT/Benign/000098.png,"A breast imaging study revealing a well-defined, encapsulated mass likely representing a benign breast tumor.",/home/woojye2020/decs_jupyter_lab/MedCLIP-SAMv2/UDIAT/Benign/000098.png,A mammogram showing symmetrical breast tissue with no focal masses or clinical findings.
/home/woojye2020/decs_jupyter_lab/MedCLIP-SAMv2/generated_neg_output/udiat_clip_image2prompt_closedform/000098.png,A mammogram showing symmetrical breast tissue with no focal masses or clinical findings.,/home/woojye2020/decs_jupyter_lab/MedCLIP-SAMv2/generated_neg_output/udiat_clip_image2prompt_closedform/000098.png,"A breast imaging study revealing a well-defined, encapsulated mass likely representing a benign breast tumor."
/home/woojye2020/decs_jupyter_lab/MedCLIP-SAMv2/UDIAT/Benign/000098.png,"A mammogram showing a sharply marginated, round mass suggestive of a benign breast tumor.",/home/woojye2020/decs_jupyter_lab/MedCLIP-SAMv2/UDIAT/Benign/000098.png,A diagnostic mammogram displaying normal glandular tissue without any detectable lesions.
/home/woojye2020/decs_jupyter_lab/MedCLIP-SAMv2/generated_neg_output/udiat_clip_image2prompt_closedform/000098.png,A diagnostic mammogram displaying normal glandular tissue without any detectable lesions.,/home/woojye2020/decs_jupyter_lab/MedCLIP-SAMv2/generated_neg_output/udiat_clip_image2prompt_closedform/000098.png,"A mammogram showing a sharply marginated, round mass suggestive of a benign breast tumor."
/home/woojye2020/decs_jupyter_lab/MedCLIP-SAMv2/UDIAT/Benign/000099.png,"A medical breast mammogram showing a well-defined, round mass suggestive of a benign breast tumor.",/home/woojye2020/decs_jupyter_lab/MedCLIP-SAMv2/UDIAT/Benign/000099.png,A medical breast mammogram showing normal breast tissue with no evidence of tumor.
/home/woojye2020/decs_jupyter_lab/MedCLIP-SAMv2/generated_neg_output/udiat_clip_image2prompt_closedform/000099.png,A medical breast mammogram showing normal breast tissue with no evidence of tumor.,/home/woojye2020/decs_jupyter_lab/MedCLIP-SAMv2/generated_neg_output/udiat_clip_image2prompt_closedform/000099.png,"A medical breast mammogram showing a well-defined, round mass suggestive of a benign breast tumor."
/home/woojye2020/decs_jupyter_lab/MedCLIP-SAMv2/UDIAT/Benign/000099.png,"A medical breast mammogram showing a smooth, well-circumscribed mass suggestive of a benign breast tumor.",/home/woojye2020/decs_jupyter_lab/MedCLIP-SAMv2/UDIAT/Benign/000099.png,"A mammogram with no suspicious masses or malignant findings, indicating a normal scan."
/home/woojye2020/decs_jupyter_lab/MedCLIP-SAMv2/generated_neg_output/udiat_clip_image2prompt_closedform/000099.png,"A mammogram with no suspicious masses or malignant findings, indicating a normal scan.",/home/woojye2020/decs_jupyter_lab/MedCLIP-SAMv2/generated_neg_output/udiat_clip_image2prompt_closedform/000099.png,"A medical breast mammogram showing a smooth, well-circumscribed mass suggestive of a benign breast tumor."
/home/woojye2020/decs_jupyter_lab/MedCLIP-SAMv2/UDIAT/Benign/000099.png,"A mammogram displaying a round, homogeneous mass indicative of a benign breast tumor.",/home/woojye2020/decs_jupyter_lab/MedCLIP-SAMv2/UDIAT/Benign/000099.png,A breast imaging study revealing no signs of benign or malignant tumors.
/home/woojye2020/decs_jupyter_lab/MedCLIP-SAMv2/generated_neg_output/udiat_clip_image2prompt_closedform/000099.png,A breast imaging study revealing no signs of benign or malignant tumors.,/home/woojye2020/decs_jupyter_lab/MedCLIP-SAMv2/generated_neg_output/udiat_clip_image2prompt_closedform/000099.png,"A mammogram displaying a round, homogeneous mass indicative of a benign breast tumor."
/home/woojye2020/decs_jupyter_lab/MedCLIP-SAMv2/UDIAT/Benign/000099.png,"A breast imaging study revealing a well-defined, encapsulated mass likely representing a benign breast tumor.",/home/woojye2020/decs_jupyter_lab/MedCLIP-SAMv2/UDIAT/Benign/000099.png,A mammogram showing symmetrical breast tissue with no focal masses or clinical findings.
/home/woojye2020/decs_jupyter_lab/MedCLIP-SAMv2/generated_neg_output/udiat_clip_image2prompt_closedform/000099.png,A mammogram showing symmetrical breast tissue with no focal masses or clinical findings.,/home/woojye2020/decs_jupyter_lab/MedCLIP-SAMv2/generated_neg_output/udiat_clip_image2prompt_closedform/000099.png,"A breast imaging study revealing a well-defined, encapsulated mass likely representing a benign breast tumor."
/home/woojye2020/decs_jupyter_lab/MedCLIP-SAMv2/UDIAT/Benign/000099.png,"A mammogram showing a sharply marginated, round mass suggestive of a benign breast tumor.",/home/woojye2020/decs_jupyter_lab/MedCLIP-SAMv2/UDIAT/Benign/000099.png,A diagnostic mammogram displaying normal glandular tissue without any detectable lesions.
/home/woojye2020/decs_jupyter_lab/MedCLIP-SAMv2/generated_neg_output/udiat_clip_image2prompt_closedform/000099.png,A diagnostic mammogram displaying normal glandular tissue without any detectable lesions.,/home/woojye2020/decs_jupyter_lab/MedCLIP-SAMv2/generated_neg_output/udiat_clip_image2prompt_closedform/000099.png,"A mammogram showing a sharply marginated, round mass suggestive of a benign breast tumor."
/home/woojye2020/decs_jupyter_lab/MedCLIP-SAMv2/UDIAT/Benign/000100.png,"A medical breast mammogram showing a well-defined, round mass suggestive of a benign breast tumor.",/home/woojye2020/decs_jupyter_lab/MedCLIP-SAMv2/UDIAT/Benign/000100.png,A medical breast mammogram showing normal breast tissue with no evidence of tumor.
/home/woojye2020/decs_jupyter_lab/MedCLIP-SAMv2/generated_neg_output/udiat_clip_image2prompt_closedform/000100.png,A medical breast mammogram showing normal breast tissue with no evidence of tumor.,/home/woojye2020/decs_jupyter_lab/MedCLIP-SAMv2/generated_neg_output/udiat_clip_image2prompt_closedform/000100.png,"A medical breast mammogram showing a well-defined, round mass suggestive of a benign breast tumor."
/home/woojye2020/decs_jupyter_lab/MedCLIP-SAMv2/UDIAT/Benign/000100.png,"A medical breast mammogram showing a smooth, well-circumscribed mass suggestive of a benign breast tumor.",/home/woojye2020/decs_jupyter_lab/MedCLIP-SAMv2/UDIAT/Benign/000100.png,"A mammogram with no suspicious masses or malignant findings, indicating a normal scan."
/home/woojye2020/decs_jupyter_lab/MedCLIP-SAMv2/generated_neg_output/udiat_clip_image2prompt_closedform/000100.png,"A mammogram with no suspicious masses or malignant findings, indicating a normal scan.",/home/woojye2020/decs_jupyter_lab/MedCLIP-SAMv2/generated_neg_output/udiat_clip_image2prompt_closedform/000100.png,"A medical breast mammogram showing a smooth, well-circumscribed mass suggestive of a benign breast tumor."
/home/woojye2020/decs_jupyter_lab/MedCLIP-SAMv2/UDIAT/Benign/000100.png,"A mammogram displaying a round, homogeneous mass indicative of a benign breast tumor.",/home/woojye2020/decs_jupyter_lab/MedCLIP-SAMv2/UDIAT/Benign/000100.png,A breast imaging study revealing no signs of benign or malignant tumors.
/home/woojye2020/decs_jupyter_lab/MedCLIP-SAMv2/generated_neg_output/udiat_clip_image2prompt_closedform/000100.png,A breast imaging study revealing no signs of benign or malignant tumors.,/home/woojye2020/decs_jupyter_lab/MedCLIP-SAMv2/generated_neg_output/udiat_clip_image2prompt_closedform/000100.png,"A mammogram displaying a round, homogeneous mass indicative of a benign breast tumor."
/home/woojye2020/decs_jupyter_lab/MedCLIP-SAMv2/UDIAT/Benign/000100.png,"A breast imaging study revealing a well-defined, encapsulated mass likely representing a benign breast tumor.",/home/woojye2020/decs_jupyter_lab/MedCLIP-SAMv2/UDIAT/Benign/000100.png,A mammogram showing symmetrical breast tissue with no focal masses or clinical findings.
/home/woojye2020/decs_jupyter_lab/MedCLIP-SAMv2/generated_neg_output/udiat_clip_image2prompt_closedform/000100.png,A mammogram showing symmetrical breast tissue with no focal masses or clinical findings.,/home/woojye2020/decs_jupyter_lab/MedCLIP-SAMv2/generated_neg_output/udiat_clip_image2prompt_closedform/000100.png,"A breast imaging study revealing a well-defined, encapsulated mass likely representing a benign breast tumor."
/home/woojye2020/decs_jupyter_lab/MedCLIP-SAMv2/UDIAT/Benign/000100.png,"A mammogram showing a sharply marginated, round mass suggestive of a benign breast tumor.",/home/woojye2020/decs_jupyter_lab/MedCLIP-SAMv2/UDIAT/Benign/000100.png,A diagnostic mammogram displaying normal glandular tissue without any detectable lesions.
/home/woojye2020/decs_jupyter_lab/MedCLIP-SAMv2/generated_neg_output/udiat_clip_image2prompt_closedform/000100.png,A diagnostic mammogram displaying normal glandular tissue without any detectable lesions.,/home/woojye2020/decs_jupyter_lab/MedCLIP-SAMv2/generated_neg_output/udiat_clip_image2prompt_closedform/000100.png,"A mammogram showing a sharply marginated, round mass suggestive of a benign breast tumor."
/home/woojye2020/decs_jupyter_lab/MedCLIP-SAMv2/UDIAT/Benign/000101.png,"A medical breast mammogram showing a well-defined, round mass suggestive of a benign breast tumor.",/home/woojye2020/decs_jupyter_lab/MedCLIP-SAMv2/UDIAT/Benign/000101.png,A medical breast mammogram showing normal breast tissue with no evidence of tumor.
/home/woojye2020/decs_jupyter_lab/MedCLIP-SAMv2/generated_neg_output/udiat_clip_image2prompt_closedform/000101.png,A medical breast mammogram showing normal breast tissue with no evidence of tumor.,/home/woojye2020/decs_jupyter_lab/MedCLIP-SAMv2/generated_neg_output/udiat_clip_image2prompt_closedform/000101.png,"A medical breast mammogram showing a well-defined, round mass suggestive of a benign breast tumor."
/home/woojye2020/decs_jupyter_lab/MedCLIP-SAMv2/UDIAT/Benign/000101.png,"A medical breast mammogram showing a smooth, well-circumscribed mass suggestive of a benign breast tumor.",/home/woojye2020/decs_jupyter_lab/MedCLIP-SAMv2/UDIAT/Benign/000101.png,"A mammogram with no suspicious masses or malignant findings, indicating a normal scan."
/home/woojye2020/decs_jupyter_lab/MedCLIP-SAMv2/generated_neg_output/udiat_clip_image2prompt_closedform/000101.png,"A mammogram with no suspicious masses or malignant findings, indicating a normal scan.",/home/woojye2020/decs_jupyter_lab/MedCLIP-SAMv2/generated_neg_output/udiat_clip_image2prompt_closedform/000101.png,"A medical breast mammogram showing a smooth, well-circumscribed mass suggestive of a benign breast tumor."
/home/woojye2020/decs_jupyter_lab/MedCLIP-SAMv2/UDIAT/Benign/000101.png,"A mammogram displaying a round, homogeneous mass indicative of a benign breast tumor.",/home/woojye2020/decs_jupyter_lab/MedCLIP-SAMv2/UDIAT/Benign/000101.png,A breast imaging study revealing no signs of benign or malignant tumors.
/home/woojye2020/decs_jupyter_lab/MedCLIP-SAMv2/generated_neg_output/udiat_clip_image2prompt_closedform/000101.png,A breast imaging study revealing no signs of benign or malignant tumors.,/home/woojye2020/decs_jupyter_lab/MedCLIP-SAMv2/generated_neg_output/udiat_clip_image2prompt_closedform/000101.png,"A mammogram displaying a round, homogeneous mass indicative of a benign breast tumor."
/home/woojye2020/decs_jupyter_lab/MedCLIP-SAMv2/UDIAT/Benign/000101.png,"A breast imaging study revealing a well-defined, encapsulated mass likely representing a benign breast tumor.",/home/woojye2020/decs_jupyter_lab/MedCLIP-SAMv2/UDIAT/Benign/000101.png,A mammogram showing symmetrical breast tissue with no focal masses or clinical findings.
/home/woojye2020/decs_jupyter_lab/MedCLIP-SAMv2/generated_neg_output/udiat_clip_image2prompt_closedform/000101.png,A mammogram showing symmetrical breast tissue with no focal masses or clinical findings.,/home/woojye2020/decs_jupyter_lab/MedCLIP-SAMv2/generated_neg_output/udiat_clip_image2prompt_closedform/000101.png,"A breast imaging study revealing a well-defined, encapsulated mass likely representing a benign breast tumor."
/home/woojye2020/decs_jupyter_lab/MedCLIP-SAMv2/UDIAT/Benign/000101.png,"A mammogram showing a sharply marginated, round mass suggestive of a benign breast tumor.",/home/woojye2020/decs_jupyter_lab/MedCLIP-SAMv2/UDIAT/Benign/000101.png,A diagnostic mammogram displaying normal glandular tissue without any detectable lesions.
/home/woojye2020/decs_jupyter_lab/MedCLIP-SAMv2/generated_neg_output/udiat_clip_image2prompt_closedform/000101.png,A diagnostic mammogram displaying normal glandular tissue without any detectable lesions.,/home/woojye2020/decs_jupyter_lab/MedCLIP-SAMv2/generated_neg_output/udiat_clip_image2prompt_closedform/000101.png,"A mammogram showing a sharply marginated, round mass suggestive of a benign breast tumor."
/home/woojye2020/decs_jupyter_lab/MedCLIP-SAMv2/UDIAT/Benign/000102.png,"A medical breast mammogram showing a well-defined, round mass suggestive of a benign breast tumor.",/home/woojye2020/decs_jupyter_lab/MedCLIP-SAMv2/UDIAT/Benign/000102.png,A medical breast mammogram showing normal breast tissue with no evidence of tumor.
/home/woojye2020/decs_jupyter_lab/MedCLIP-SAMv2/generated_neg_output/udiat_clip_image2prompt_closedform/000102.png,A medical breast mammogram showing normal breast tissue with no evidence of tumor.,/home/woojye2020/decs_jupyter_lab/MedCLIP-SAMv2/generated_neg_output/udiat_clip_image2prompt_closedform/000102.png,"A medical breast mammogram showing a well-defined, round mass suggestive of a benign breast tumor."
/home/woojye2020/decs_jupyter_lab/MedCLIP-SAMv2/UDIAT/Benign/000102.png,"A medical breast mammogram showing a smooth, well-circumscribed mass suggestive of a benign breast tumor.",/home/woojye2020/decs_jupyter_lab/MedCLIP-SAMv2/UDIAT/Benign/000102.png,"A mammogram with no suspicious masses or malignant findings, indicating a normal scan."
/home/woojye2020/decs_jupyter_lab/MedCLIP-SAMv2/generated_neg_output/udiat_clip_image2prompt_closedform/000102.png,"A mammogram with no suspicious masses or malignant findings, indicating a normal scan.",/home/woojye2020/decs_jupyter_lab/MedCLIP-SAMv2/generated_neg_output/udiat_clip_image2prompt_closedform/000102.png,"A medical breast mammogram showing a smooth, well-circumscribed mass suggestive of a benign breast tumor."
/home/woojye2020/decs_jupyter_lab/MedCLIP-SAMv2/UDIAT/Benign/000102.png,"A mammogram displaying a round, homogeneous mass indicative of a benign breast tumor.",/home/woojye2020/decs_jupyter_lab/MedCLIP-SAMv2/UDIAT/Benign/000102.png,A breast imaging study revealing no signs of benign or malignant tumors.
/home/woojye2020/decs_jupyter_lab/MedCLIP-SAMv2/generated_neg_output/udiat_clip_image2prompt_closedform/000102.png,A breast imaging study revealing no signs of benign or malignant tumors.,/home/woojye2020/decs_jupyter_lab/MedCLIP-SAMv2/generated_neg_output/udiat_clip_image2prompt_closedform/000102.png,"A mammogram displaying a round, homogeneous mass indicative of a benign breast tumor."
/home/woojye2020/decs_jupyter_lab/MedCLIP-SAMv2/UDIAT/Benign/000102.png,"A breast imaging study revealing a well-defined, encapsulated mass likely representing a benign breast tumor.",/home/woojye2020/decs_jupyter_lab/MedCLIP-SAMv2/UDIAT/Benign/000102.png,A mammogram showing symmetrical breast tissue with no focal masses or clinical findings.
/home/woojye2020/decs_jupyter_lab/MedCLIP-SAMv2/generated_neg_output/udiat_clip_image2prompt_closedform/000102.png,A mammogram showing symmetrical breast tissue with no focal masses or clinical findings.,/home/woojye2020/decs_jupyter_lab/MedCLIP-SAMv2/generated_neg_output/udiat_clip_image2prompt_closedform/000102.png,"A breast imaging study revealing a well-defined, encapsulated mass likely representing a benign breast tumor."
/home/woojye2020/decs_jupyter_lab/MedCLIP-SAMv2/UDIAT/Benign/000102.png,"A mammogram showing a sharply marginated, round mass suggestive of a benign breast tumor.",/home/woojye2020/decs_jupyter_lab/MedCLIP-SAMv2/UDIAT/Benign/000102.png,A diagnostic mammogram displaying normal glandular tissue without any detectable lesions.
/home/woojye2020/decs_jupyter_lab/MedCLIP-SAMv2/generated_neg_output/udiat_clip_image2prompt_closedform/000102.png,A diagnostic mammogram displaying normal glandular tissue without any detectable lesions.,/home/woojye2020/decs_jupyter_lab/MedCLIP-SAMv2/generated_neg_output/udiat_clip_image2prompt_closedform/000102.png,"A mammogram showing a sharply marginated, round mass suggestive of a benign breast tumor."
/home/woojye2020/decs_jupyter_lab/MedCLIP-SAMv2/UDIAT/Benign/000103.png,"A medical breast mammogram showing a well-defined, round mass suggestive of a benign breast tumor.",/home/woojye2020/decs_jupyter_lab/MedCLIP-SAMv2/UDIAT/Benign/000103.png,A medical breast mammogram showing normal breast tissue with no evidence of tumor.
/home/woojye2020/decs_jupyter_lab/MedCLIP-SAMv2/generated_neg_output/udiat_clip_image2prompt_closedform/000103.png,A medical breast mammogram showing normal breast tissue with no evidence of tumor.,/home/woojye2020/decs_jupyter_lab/MedCLIP-SAMv2/generated_neg_output/udiat_clip_image2prompt_closedform/000103.png,"A medical breast mammogram showing a well-defined, round mass suggestive of a benign breast tumor."
/home/woojye2020/decs_jupyter_lab/MedCLIP-SAMv2/UDIAT/Benign/000103.png,"A medical breast mammogram showing a smooth, well-circumscribed mass suggestive of a benign breast tumor.",/home/woojye2020/decs_jupyter_lab/MedCLIP-SAMv2/UDIAT/Benign/000103.png,"A mammogram with no suspicious masses or malignant findings, indicating a normal scan."
/home/woojye2020/decs_jupyter_lab/MedCLIP-SAMv2/generated_neg_output/udiat_clip_image2prompt_closedform/000103.png,"A mammogram with no suspicious masses or malignant findings, indicating a normal scan.",/home/woojye2020/decs_jupyter_lab/MedCLIP-SAMv2/generated_neg_output/udiat_clip_image2prompt_closedform/000103.png,"A medical breast mammogram showing a smooth, well-circumscribed mass suggestive of a benign breast tumor."
/home/woojye2020/decs_jupyter_lab/MedCLIP-SAMv2/UDIAT/Benign/000103.png,"A mammogram displaying a round, homogeneous mass indicative of a benign breast tumor.",/home/woojye2020/decs_jupyter_lab/MedCLIP-SAMv2/UDIAT/Benign/000103.png,A breast imaging study revealing no signs of benign or malignant tumors.
/home/woojye2020/decs_jupyter_lab/MedCLIP-SAMv2/generated_neg_output/udiat_clip_image2prompt_closedform/000103.png,A breast imaging study revealing no signs of benign or malignant tumors.,/home/woojye2020/decs_jupyter_lab/MedCLIP-SAMv2/generated_neg_output/udiat_clip_image2prompt_closedform/000103.png,"A mammogram displaying a round, homogeneous mass indicative of a benign breast tumor."
/home/woojye2020/decs_jupyter_lab/MedCLIP-SAMv2/UDIAT/Benign/000103.png,"A breast imaging study revealing a well-defined, encapsulated mass likely representing a benign breast tumor.",/home/woojye2020/decs_jupyter_lab/MedCLIP-SAMv2/UDIAT/Benign/000103.png,A mammogram showing symmetrical breast tissue with no focal masses or clinical findings.
/home/woojye2020/decs_jupyter_lab/MedCLIP-SAMv2/generated_neg_output/udiat_clip_image2prompt_closedform/000103.png,A mammogram showing symmetrical breast tissue with no focal masses or clinical findings.,/home/woojye2020/decs_jupyter_lab/MedCLIP-SAMv2/generated_neg_output/udiat_clip_image2prompt_closedform/000103.png,"A breast imaging study revealing a well-defined, encapsulated mass likely representing a benign breast tumor."
/home/woojye2020/decs_jupyter_lab/MedCLIP-SAMv2/UDIAT/Benign/000103.png,"A mammogram showing a sharply marginated, round mass suggestive of a benign breast tumor.",/home/woojye2020/decs_jupyter_lab/MedCLIP-SAMv2/UDIAT/Benign/000103.png,A diagnostic mammogram displaying normal glandular tissue without any detectable lesions.
/home/woojye2020/decs_jupyter_lab/MedCLIP-SAMv2/generated_neg_output/udiat_clip_image2prompt_closedform/000103.png,A diagnostic mammogram displaying normal glandular tissue without any detectable lesions.,/home/woojye2020/decs_jupyter_lab/MedCLIP-SAMv2/generated_neg_output/udiat_clip_image2prompt_closedform/000103.png,"A mammogram showing a sharply marginated, round mass suggestive of a benign breast tumor."
/home/woojye2020/decs_jupyter_lab/MedCLIP-SAMv2/UDIAT/Benign/000104.png,"A medical breast mammogram showing a well-defined, round mass suggestive of a benign breast tumor.",/home/woojye2020/decs_jupyter_lab/MedCLIP-SAMv2/UDIAT/Benign/000104.png,A medical breast mammogram showing normal breast tissue with no evidence of tumor.
/home/woojye2020/decs_jupyter_lab/MedCLIP-SAMv2/generated_neg_output/udiat_clip_image2prompt_closedform/000104.png,A medical breast mammogram showing normal breast tissue with no evidence of tumor.,/home/woojye2020/decs_jupyter_lab/MedCLIP-SAMv2/generated_neg_output/udiat_clip_image2prompt_closedform/000104.png,"A medical breast mammogram showing a well-defined, round mass suggestive of a benign breast tumor."
/home/woojye2020/decs_jupyter_lab/MedCLIP-SAMv2/UDIAT/Benign/000104.png,"A medical breast mammogram showing a smooth, well-circumscribed mass suggestive of a benign breast tumor.",/home/woojye2020/decs_jupyter_lab/MedCLIP-SAMv2/UDIAT/Benign/000104.png,"A mammogram with no suspicious masses or malignant findings, indicating a normal scan."
/home/woojye2020/decs_jupyter_lab/MedCLIP-SAMv2/generated_neg_output/udiat_clip_image2prompt_closedform/000104.png,"A mammogram with no suspicious masses or malignant findings, indicating a normal scan.",/home/woojye2020/decs_jupyter_lab/MedCLIP-SAMv2/generated_neg_output/udiat_clip_image2prompt_closedform/000104.png,"A medical breast mammogram showing a smooth, well-circumscribed mass suggestive of a benign breast tumor."
/home/woojye2020/decs_jupyter_lab/MedCLIP-SAMv2/UDIAT/Benign/000104.png,"A mammogram displaying a round, homogeneous mass indicative of a benign breast tumor.",/home/woojye2020/decs_jupyter_lab/MedCLIP-SAMv2/UDIAT/Benign/000104.png,A breast imaging study revealing no signs of benign or malignant tumors.
/home/woojye2020/decs_jupyter_lab/MedCLIP-SAMv2/generated_neg_output/udiat_clip_image2prompt_closedform/000104.png,A breast imaging study revealing no signs of benign or malignant tumors.,/home/woojye2020/decs_jupyter_lab/MedCLIP-SAMv2/generated_neg_output/udiat_clip_image2prompt_closedform/000104.png,"A mammogram displaying a round, homogeneous mass indicative of a benign breast tumor."
/home/woojye2020/decs_jupyter_lab/MedCLIP-SAMv2/UDIAT/Benign/000104.png,"A breast imaging study revealing a well-defined, encapsulated mass likely representing a benign breast tumor.",/home/woojye2020/decs_jupyter_lab/MedCLIP-SAMv2/UDIAT/Benign/000104.png,A mammogram showing symmetrical breast tissue with no focal masses or clinical findings.
/home/woojye2020/decs_jupyter_lab/MedCLIP-SAMv2/generated_neg_output/udiat_clip_image2prompt_closedform/000104.png,A mammogram showing symmetrical breast tissue with no focal masses or clinical findings.,/home/woojye2020/decs_jupyter_lab/MedCLIP-SAMv2/generated_neg_output/udiat_clip_image2prompt_closedform/000104.png,"A breast imaging study revealing a well-defined, encapsulated mass likely representing a benign breast tumor."
/home/woojye2020/decs_jupyter_lab/MedCLIP-SAMv2/UDIAT/Benign/000104.png,"A mammogram showing a sharply marginated, round mass suggestive of a benign breast tumor.",/home/woojye2020/decs_jupyter_lab/MedCLIP-SAMv2/UDIAT/Benign/000104.png,A diagnostic mammogram displaying normal glandular tissue without any detectable lesions.
/home/woojye2020/decs_jupyter_lab/MedCLIP-SAMv2/generated_neg_output/udiat_clip_image2prompt_closedform/000104.png,A diagnostic mammogram displaying normal glandular tissue without any detectable lesions.,/home/woojye2020/decs_jupyter_lab/MedCLIP-SAMv2/generated_neg_output/udiat_clip_image2prompt_closedform/000104.png,"A mammogram showing a sharply marginated, round mass suggestive of a benign breast tumor."
/home/woojye2020/decs_jupyter_lab/MedCLIP-SAMv2/UDIAT/Benign/000105.png,"A medical breast mammogram showing a well-defined, round mass suggestive of a benign breast tumor.",/home/woojye2020/decs_jupyter_lab/MedCLIP-SAMv2/UDIAT/Benign/000105.png,A medical breast mammogram showing normal breast tissue with no evidence of tumor.
/home/woojye2020/decs_jupyter_lab/MedCLIP-SAMv2/generated_neg_output/udiat_clip_image2prompt_closedform/000105.png,A medical breast mammogram showing normal breast tissue with no evidence of tumor.,/home/woojye2020/decs_jupyter_lab/MedCLIP-SAMv2/generated_neg_output/udiat_clip_image2prompt_closedform/000105.png,"A medical breast mammogram showing a well-defined, round mass suggestive of a benign breast tumor."
/home/woojye2020/decs_jupyter_lab/MedCLIP-SAMv2/UDIAT/Benign/000105.png,"A medical breast mammogram showing a smooth, well-circumscribed mass suggestive of a benign breast tumor.",/home/woojye2020/decs_jupyter_lab/MedCLIP-SAMv2/UDIAT/Benign/000105.png,"A mammogram with no suspicious masses or malignant findings, indicating a normal scan."
/home/woojye2020/decs_jupyter_lab/MedCLIP-SAMv2/generated_neg_output/udiat_clip_image2prompt_closedform/000105.png,"A mammogram with no suspicious masses or malignant findings, indicating a normal scan.",/home/woojye2020/decs_jupyter_lab/MedCLIP-SAMv2/generated_neg_output/udiat_clip_image2prompt_closedform/000105.png,"A medical breast mammogram showing a smooth, well-circumscribed mass suggestive of a benign breast tumor."
/home/woojye2020/decs_jupyter_lab/MedCLIP-SAMv2/UDIAT/Benign/000105.png,"A mammogram displaying a round, homogeneous mass indicative of a benign breast tumor.",/home/woojye2020/decs_jupyter_lab/MedCLIP-SAMv2/UDIAT/Benign/000105.png,A breast imaging study revealing no signs of benign or malignant tumors.
/home/woojye2020/decs_jupyter_lab/MedCLIP-SAMv2/generated_neg_output/udiat_clip_image2prompt_closedform/000105.png,A breast imaging study revealing no signs of benign or malignant tumors.,/home/woojye2020/decs_jupyter_lab/MedCLIP-SAMv2/generated_neg_output/udiat_clip_image2prompt_closedform/000105.png,"A mammogram displaying a round, homogeneous mass indicative of a benign breast tumor."
/home/woojye2020/decs_jupyter_lab/MedCLIP-SAMv2/UDIAT/Benign/000105.png,"A breast imaging study revealing a well-defined, encapsulated mass likely representing a benign breast tumor.",/home/woojye2020/decs_jupyter_lab/MedCLIP-SAMv2/UDIAT/Benign/000105.png,A mammogram showing symmetrical breast tissue with no focal masses or clinical findings.
/home/woojye2020/decs_jupyter_lab/MedCLIP-SAMv2/generated_neg_output/udiat_clip_image2prompt_closedform/000105.png,A mammogram showing symmetrical breast tissue with no focal masses or clinical findings.,/home/woojye2020/decs_jupyter_lab/MedCLIP-SAMv2/generated_neg_output/udiat_clip_image2prompt_closedform/000105.png,"A breast imaging study revealing a well-defined, encapsulated mass likely representing a benign breast tumor."
/home/woojye2020/decs_jupyter_lab/MedCLIP-SAMv2/UDIAT/Benign/000105.png,"A mammogram showing a sharply marginated, round mass suggestive of a benign breast tumor.",/home/woojye2020/decs_jupyter_lab/MedCLIP-SAMv2/UDIAT/Benign/000105.png,A diagnostic mammogram displaying normal glandular tissue without any detectable lesions.
/home/woojye2020/decs_jupyter_lab/MedCLIP-SAMv2/generated_neg_output/udiat_clip_image2prompt_closedform/000105.png,A diagnostic mammogram displaying normal glandular tissue without any detectable lesions.,/home/woojye2020/decs_jupyter_lab/MedCLIP-SAMv2/generated_neg_output/udiat_clip_image2prompt_closedform/000105.png,"A mammogram showing a sharply marginated, round mass suggestive of a benign breast tumor."
/home/woojye2020/decs_jupyter_lab/MedCLIP-SAMv2/UDIAT/Benign/000106.png,"A medical breast mammogram showing a well-defined, round mass suggestive of a benign breast tumor.",/home/woojye2020/decs_jupyter_lab/MedCLIP-SAMv2/UDIAT/Benign/000106.png,A medical breast mammogram showing normal breast tissue with no evidence of tumor.
/home/woojye2020/decs_jupyter_lab/MedCLIP-SAMv2/generated_neg_output/udiat_clip_image2prompt_closedform/000106.png,A medical breast mammogram showing normal breast tissue with no evidence of tumor.,/home/woojye2020/decs_jupyter_lab/MedCLIP-SAMv2/generated_neg_output/udiat_clip_image2prompt_closedform/000106.png,"A medical breast mammogram showing a well-defined, round mass suggestive of a benign breast tumor."
/home/woojye2020/decs_jupyter_lab/MedCLIP-SAMv2/UDIAT/Benign/000106.png,"A medical breast mammogram showing a smooth, well-circumscribed mass suggestive of a benign breast tumor.",/home/woojye2020/decs_jupyter_lab/MedCLIP-SAMv2/UDIAT/Benign/000106.png,"A mammogram with no suspicious masses or malignant findings, indicating a normal scan."
/home/woojye2020/decs_jupyter_lab/MedCLIP-SAMv2/generated_neg_output/udiat_clip_image2prompt_closedform/000106.png,"A mammogram with no suspicious masses or malignant findings, indicating a normal scan.",/home/woojye2020/decs_jupyter_lab/MedCLIP-SAMv2/generated_neg_output/udiat_clip_image2prompt_closedform/000106.png,"A medical breast mammogram showing a smooth, well-circumscribed mass suggestive of a benign breast tumor."
/home/woojye2020/decs_jupyter_lab/MedCLIP-SAMv2/UDIAT/Benign/000106.png,"A mammogram displaying a round, homogeneous mass indicative of a benign breast tumor.",/home/woojye2020/decs_jupyter_lab/MedCLIP-SAMv2/UDIAT/Benign/000106.png,A breast imaging study revealing no signs of benign or malignant tumors.
/home/woojye2020/decs_jupyter_lab/MedCLIP-SAMv2/generated_neg_output/udiat_clip_image2prompt_closedform/000106.png,A breast imaging study revealing no signs of benign or malignant tumors.,/home/woojye2020/decs_jupyter_lab/MedCLIP-SAMv2/generated_neg_output/udiat_clip_image2prompt_closedform/000106.png,"A mammogram displaying a round, homogeneous mass indicative of a benign breast tumor."
/home/woojye2020/decs_jupyter_lab/MedCLIP-SAMv2/UDIAT/Benign/000106.png,"A breast imaging study revealing a well-defined, encapsulated mass likely representing a benign breast tumor.",/home/woojye2020/decs_jupyter_lab/MedCLIP-SAMv2/UDIAT/Benign/000106.png,A mammogram showing symmetrical breast tissue with no focal masses or clinical findings.
/home/woojye2020/decs_jupyter_lab/MedCLIP-SAMv2/generated_neg_output/udiat_clip_image2prompt_closedform/000106.png,A mammogram showing symmetrical breast tissue with no focal masses or clinical findings.,/home/woojye2020/decs_jupyter_lab/MedCLIP-SAMv2/generated_neg_output/udiat_clip_image2prompt_closedform/000106.png,"A breast imaging study revealing a well-defined, encapsulated mass likely representing a benign breast tumor."
/home/woojye2020/decs_jupyter_lab/MedCLIP-SAMv2/UDIAT/Benign/000106.png,"A mammogram showing a sharply marginated, round mass suggestive of a benign breast tumor.",/home/woojye2020/decs_jupyter_lab/MedCLIP-SAMv2/UDIAT/Benign/000106.png,A diagnostic mammogram displaying normal glandular tissue without any detectable lesions.
/home/woojye2020/decs_jupyter_lab/MedCLIP-SAMv2/generated_neg_output/udiat_clip_image2prompt_closedform/000106.png,A diagnostic mammogram displaying normal glandular tissue without any detectable lesions.,/home/woojye2020/decs_jupyter_lab/MedCLIP-SAMv2/generated_neg_output/udiat_clip_image2prompt_closedform/000106.png,"A mammogram showing a sharply marginated, round mass suggestive of a benign breast tumor."
/home/woojye2020/decs_jupyter_lab/MedCLIP-SAMv2/UDIAT/Benign/000107.png,"A medical breast mammogram showing a well-defined, round mass suggestive of a benign breast tumor.",/home/woojye2020/decs_jupyter_lab/MedCLIP-SAMv2/UDIAT/Benign/000107.png,A medical breast mammogram showing normal breast tissue with no evidence of tumor.
/home/woojye2020/decs_jupyter_lab/MedCLIP-SAMv2/generated_neg_output/udiat_clip_image2prompt_closedform/000107.png,A medical breast mammogram showing normal breast tissue with no evidence of tumor.,/home/woojye2020/decs_jupyter_lab/MedCLIP-SAMv2/generated_neg_output/udiat_clip_image2prompt_closedform/000107.png,"A medical breast mammogram showing a well-defined, round mass suggestive of a benign breast tumor."
/home/woojye2020/decs_jupyter_lab/MedCLIP-SAMv2/UDIAT/Benign/000107.png,"A medical breast mammogram showing a smooth, well-circumscribed mass suggestive of a benign breast tumor.",/home/woojye2020/decs_jupyter_lab/MedCLIP-SAMv2/UDIAT/Benign/000107.png,"A mammogram with no suspicious masses or malignant findings, indicating a normal scan."
/home/woojye2020/decs_jupyter_lab/MedCLIP-SAMv2/generated_neg_output/udiat_clip_image2prompt_closedform/000107.png,"A mammogram with no suspicious masses or malignant findings, indicating a normal scan.",/home/woojye2020/decs_jupyter_lab/MedCLIP-SAMv2/generated_neg_output/udiat_clip_image2prompt_closedform/000107.png,"A medical breast mammogram showing a smooth, well-circumscribed mass suggestive of a benign breast tumor."
/home/woojye2020/decs_jupyter_lab/MedCLIP-SAMv2/UDIAT/Benign/000107.png,"A mammogram displaying a round, homogeneous mass indicative of a benign breast tumor.",/home/woojye2020/decs_jupyter_lab/MedCLIP-SAMv2/UDIAT/Benign/000107.png,A breast imaging study revealing no signs of benign or malignant tumors.
/home/woojye2020/decs_jupyter_lab/MedCLIP-SAMv2/generated_neg_output/udiat_clip_image2prompt_closedform/000107.png,A breast imaging study revealing no signs of benign or malignant tumors.,/home/woojye2020/decs_jupyter_lab/MedCLIP-SAMv2/generated_neg_output/udiat_clip_image2prompt_closedform/000107.png,"A mammogram displaying a round, homogeneous mass indicative of a benign breast tumor."
/home/woojye2020/decs_jupyter_lab/MedCLIP-SAMv2/UDIAT/Benign/000107.png,"A breast imaging study revealing a well-defined, encapsulated mass likely representing a benign breast tumor.",/home/woojye2020/decs_jupyter_lab/MedCLIP-SAMv2/UDIAT/Benign/000107.png,A mammogram showing symmetrical breast tissue with no focal masses or clinical findings.
/home/woojye2020/decs_jupyter_lab/MedCLIP-SAMv2/generated_neg_output/udiat_clip_image2prompt_closedform/000107.png,A mammogram showing symmetrical breast tissue with no focal masses or clinical findings.,/home/woojye2020/decs_jupyter_lab/MedCLIP-SAMv2/generated_neg_output/udiat_clip_image2prompt_closedform/000107.png,"A breast imaging study revealing a well-defined, encapsulated mass likely representing a benign breast tumor."
/home/woojye2020/decs_jupyter_lab/MedCLIP-SAMv2/UDIAT/Benign/000107.png,"A mammogram showing a sharply marginated, round mass suggestive of a benign breast tumor.",/home/woojye2020/decs_jupyter_lab/MedCLIP-SAMv2/UDIAT/Benign/000107.png,A diagnostic mammogram displaying normal glandular tissue without any detectable lesions.
/home/woojye2020/decs_jupyter_lab/MedCLIP-SAMv2/generated_neg_output/udiat_clip_image2prompt_closedform/000107.png,A diagnostic mammogram displaying normal glandular tissue without any detectable lesions.,/home/woojye2020/decs_jupyter_lab/MedCLIP-SAMv2/generated_neg_output/udiat_clip_image2prompt_closedform/000107.png,"A mammogram showing a sharply marginated, round mass suggestive of a benign breast tumor."
/home/woojye2020/decs_jupyter_lab/MedCLIP-SAMv2/UDIAT/Benign/000108.png,"A medical breast mammogram showing a well-defined, round mass suggestive of a benign breast tumor.",/home/woojye2020/decs_jupyter_lab/MedCLIP-SAMv2/UDIAT/Benign/000108.png,A medical breast mammogram showing normal breast tissue with no evidence of tumor.
/home/woojye2020/decs_jupyter_lab/MedCLIP-SAMv2/generated_neg_output/udiat_clip_image2prompt_closedform/000108.png,A medical breast mammogram showing normal breast tissue with no evidence of tumor.,/home/woojye2020/decs_jupyter_lab/MedCLIP-SAMv2/generated_neg_output/udiat_clip_image2prompt_closedform/000108.png,"A medical breast mammogram showing a well-defined, round mass suggestive of a benign breast tumor."
/home/woojye2020/decs_jupyter_lab/MedCLIP-SAMv2/UDIAT/Benign/000108.png,"A medical breast mammogram showing a smooth, well-circumscribed mass suggestive of a benign breast tumor.",/home/woojye2020/decs_jupyter_lab/MedCLIP-SAMv2/UDIAT/Benign/000108.png,"A mammogram with no suspicious masses or malignant findings, indicating a normal scan."
/home/woojye2020/decs_jupyter_lab/MedCLIP-SAMv2/generated_neg_output/udiat_clip_image2prompt_closedform/000108.png,"A mammogram with no suspicious masses or malignant findings, indicating a normal scan.",/home/woojye2020/decs_jupyter_lab/MedCLIP-SAMv2/generated_neg_output/udiat_clip_image2prompt_closedform/000108.png,"A medical breast mammogram showing a smooth, well-circumscribed mass suggestive of a benign breast tumor."
/home/woojye2020/decs_jupyter_lab/MedCLIP-SAMv2/UDIAT/Benign/000108.png,"A mammogram displaying a round, homogeneous mass indicative of a benign breast tumor.",/home/woojye2020/decs_jupyter_lab/MedCLIP-SAMv2/UDIAT/Benign/000108.png,A breast imaging study revealing no signs of benign or malignant tumors.
/home/woojye2020/decs_jupyter_lab/MedCLIP-SAMv2/generated_neg_output/udiat_clip_image2prompt_closedform/000108.png,A breast imaging study revealing no signs of benign or malignant tumors.,/home/woojye2020/decs_jupyter_lab/MedCLIP-SAMv2/generated_neg_output/udiat_clip_image2prompt_closedform/000108.png,"A mammogram displaying a round, homogeneous mass indicative of a benign breast tumor."
/home/woojye2020/decs_jupyter_lab/MedCLIP-SAMv2/UDIAT/Benign/000108.png,"A breast imaging study revealing a well-defined, encapsulated mass likely representing a benign breast tumor.",/home/woojye2020/decs_jupyter_lab/MedCLIP-SAMv2/UDIAT/Benign/000108.png,A mammogram showing symmetrical breast tissue with no focal masses or clinical findings.
/home/woojye2020/decs_jupyter_lab/MedCLIP-SAMv2/generated_neg_output/udiat_clip_image2prompt_closedform/000108.png,A mammogram showing symmetrical breast tissue with no focal masses or clinical findings.,/home/woojye2020/decs_jupyter_lab/MedCLIP-SAMv2/generated_neg_output/udiat_clip_image2prompt_closedform/000108.png,"A breast imaging study revealing a well-defined, encapsulated mass likely representing a benign breast tumor."
/home/woojye2020/decs_jupyter_lab/MedCLIP-SAMv2/UDIAT/Benign/000108.png,"A mammogram showing a sharply marginated, round mass suggestive of a benign breast tumor.",/home/woojye2020/decs_jupyter_lab/MedCLIP-SAMv2/UDIAT/Benign/000108.png,A diagnostic mammogram displaying normal glandular tissue without any detectable lesions.
/home/woojye2020/decs_jupyter_lab/MedCLIP-SAMv2/generated_neg_output/udiat_clip_image2prompt_closedform/000108.png,A diagnostic mammogram displaying normal glandular tissue without any detectable lesions.,/home/woojye2020/decs_jupyter_lab/MedCLIP-SAMv2/generated_neg_output/udiat_clip_image2prompt_closedform/000108.png,"A mammogram showing a sharply marginated, round mass suggestive of a benign breast tumor."
/home/woojye2020/decs_jupyter_lab/MedCLIP-SAMv2/UDIAT/Benign/000109.png,"A medical breast mammogram showing a well-defined, round mass suggestive of a benign breast tumor.",/home/woojye2020/decs_jupyter_lab/MedCLIP-SAMv2/UDIAT/Benign/000109.png,A medical breast mammogram showing normal breast tissue with no evidence of tumor.
/home/woojye2020/decs_jupyter_lab/MedCLIP-SAMv2/generated_neg_output/udiat_clip_image2prompt_closedform/000109.png,A medical breast mammogram showing normal breast tissue with no evidence of tumor.,/home/woojye2020/decs_jupyter_lab/MedCLIP-SAMv2/generated_neg_output/udiat_clip_image2prompt_closedform/000109.png,"A medical breast mammogram showing a well-defined, round mass suggestive of a benign breast tumor."
/home/woojye2020/decs_jupyter_lab/MedCLIP-SAMv2/UDIAT/Benign/000109.png,"A medical breast mammogram showing a smooth, well-circumscribed mass suggestive of a benign breast tumor.",/home/woojye2020/decs_jupyter_lab/MedCLIP-SAMv2/UDIAT/Benign/000109.png,"A mammogram with no suspicious masses or malignant findings, indicating a normal scan."
/home/woojye2020/decs_jupyter_lab/MedCLIP-SAMv2/generated_neg_output/udiat_clip_image2prompt_closedform/000109.png,"A mammogram with no suspicious masses or malignant findings, indicating a normal scan.",/home/woojye2020/decs_jupyter_lab/MedCLIP-SAMv2/generated_neg_output/udiat_clip_image2prompt_closedform/000109.png,"A medical breast mammogram showing a smooth, well-circumscribed mass suggestive of a benign breast tumor."
/home/woojye2020/decs_jupyter_lab/MedCLIP-SAMv2/UDIAT/Benign/000109.png,"A mammogram displaying a round, homogeneous mass indicative of a benign breast tumor.",/home/woojye2020/decs_jupyter_lab/MedCLIP-SAMv2/UDIAT/Benign/000109.png,A breast imaging study revealing no signs of benign or malignant tumors.
/home/woojye2020/decs_jupyter_lab/MedCLIP-SAMv2/generated_neg_output/udiat_clip_image2prompt_closedform/000109.png,A breast imaging study revealing no signs of benign or malignant tumors.,/home/woojye2020/decs_jupyter_lab/MedCLIP-SAMv2/generated_neg_output/udiat_clip_image2prompt_closedform/000109.png,"A mammogram displaying a round, homogeneous mass indicative of a benign breast tumor."
/home/woojye2020/decs_jupyter_lab/MedCLIP-SAMv2/UDIAT/Benign/000109.png,"A breast imaging study revealing a well-defined, encapsulated mass likely representing a benign breast tumor.",/home/woojye2020/decs_jupyter_lab/MedCLIP-SAMv2/UDIAT/Benign/000109.png,A mammogram showing symmetrical breast tissue with no focal masses or clinical findings.
/home/woojye2020/decs_jupyter_lab/MedCLIP-SAMv2/generated_neg_output/udiat_clip_image2prompt_closedform/000109.png,A mammogram showing symmetrical breast tissue with no focal masses or clinical findings.,/home/woojye2020/decs_jupyter_lab/MedCLIP-SAMv2/generated_neg_output/udiat_clip_image2prompt_closedform/000109.png,"A breast imaging study revealing a well-defined, encapsulated mass likely representing a benign breast tumor."
/home/woojye2020/decs_jupyter_lab/MedCLIP-SAMv2/UDIAT/Benign/000109.png,"A mammogram showing a sharply marginated, round mass suggestive of a benign breast tumor.",/home/woojye2020/decs_jupyter_lab/MedCLIP-SAMv2/UDIAT/Benign/000109.png,A diagnostic mammogram displaying normal glandular tissue without any detectable lesions.
/home/woojye2020/decs_jupyter_lab/MedCLIP-SAMv2/generated_neg_output/udiat_clip_image2prompt_closedform/000109.png,A diagnostic mammogram displaying normal glandular tissue without any detectable lesions.,/home/woojye2020/decs_jupyter_lab/MedCLIP-SAMv2/generated_neg_output/udiat_clip_image2prompt_closedform/000109.png,"A mammogram showing a sharply marginated, round mass suggestive of a benign breast tumor."
/home/woojye2020/decs_jupyter_lab/MedCLIP-SAMv2/UDIAT/Benign/000110.png,"A medical breast mammogram showing a well-defined, round mass suggestive of a benign breast tumor.",/home/woojye2020/decs_jupyter_lab/MedCLIP-SAMv2/UDIAT/Benign/000110.png,A medical breast mammogram showing normal breast tissue with no evidence of tumor.
/home/woojye2020/decs_jupyter_lab/MedCLIP-SAMv2/generated_neg_output/udiat_clip_image2prompt_closedform/000110.png,A medical breast mammogram showing normal breast tissue with no evidence of tumor.,/home/woojye2020/decs_jupyter_lab/MedCLIP-SAMv2/generated_neg_output/udiat_clip_image2prompt_closedform/000110.png,"A medical breast mammogram showing a well-defined, round mass suggestive of a benign breast tumor."
/home/woojye2020/decs_jupyter_lab/MedCLIP-SAMv2/UDIAT/Benign/000110.png,"A medical breast mammogram showing a smooth, well-circumscribed mass suggestive of a benign breast tumor.",/home/woojye2020/decs_jupyter_lab/MedCLIP-SAMv2/UDIAT/Benign/000110.png,"A mammogram with no suspicious masses or malignant findings, indicating a normal scan."
/home/woojye2020/decs_jupyter_lab/MedCLIP-SAMv2/generated_neg_output/udiat_clip_image2prompt_closedform/000110.png,"A mammogram with no suspicious masses or malignant findings, indicating a normal scan.",/home/woojye2020/decs_jupyter_lab/MedCLIP-SAMv2/generated_neg_output/udiat_clip_image2prompt_closedform/000110.png,"A medical breast mammogram showing a smooth, well-circumscribed mass suggestive of a benign breast tumor."
/home/woojye2020/decs_jupyter_lab/MedCLIP-SAMv2/UDIAT/Benign/000110.png,"A mammogram displaying a round, homogeneous mass indicative of a benign breast tumor.",/home/woojye2020/decs_jupyter_lab/MedCLIP-SAMv2/UDIAT/Benign/000110.png,A breast imaging study revealing no signs of benign or malignant tumors.
/home/woojye2020/decs_jupyter_lab/MedCLIP-SAMv2/generated_neg_output/udiat_clip_image2prompt_closedform/000110.png,A breast imaging study revealing no signs of benign or malignant tumors.,/home/woojye2020/decs_jupyter_lab/MedCLIP-SAMv2/generated_neg_output/udiat_clip_image2prompt_closedform/000110.png,"A mammogram displaying a round, homogeneous mass indicative of a benign breast tumor."
/home/woojye2020/decs_jupyter_lab/MedCLIP-SAMv2/UDIAT/Benign/000110.png,"A breast imaging study revealing a well-defined, encapsulated mass likely representing a benign breast tumor.",/home/woojye2020/decs_jupyter_lab/MedCLIP-SAMv2/UDIAT/Benign/000110.png,A mammogram showing symmetrical breast tissue with no focal masses or clinical findings.
/home/woojye2020/decs_jupyter_lab/MedCLIP-SAMv2/generated_neg_output/udiat_clip_image2prompt_closedform/000110.png,A mammogram showing symmetrical breast tissue with no focal masses or clinical findings.,/home/woojye2020/decs_jupyter_lab/MedCLIP-SAMv2/generated_neg_output/udiat_clip_image2prompt_closedform/000110.png,"A breast imaging study revealing a well-defined, encapsulated mass likely representing a benign breast tumor."
/home/woojye2020/decs_jupyter_lab/MedCLIP-SAMv2/UDIAT/Benign/000110.png,"A mammogram showing a sharply marginated, round mass suggestive of a benign breast tumor.",/home/woojye2020/decs_jupyter_lab/MedCLIP-SAMv2/UDIAT/Benign/000110.png,A diagnostic mammogram displaying normal glandular tissue without any detectable lesions.
/home/woojye2020/decs_jupyter_lab/MedCLIP-SAMv2/generated_neg_output/udiat_clip_image2prompt_closedform/000110.png,A diagnostic mammogram displaying normal glandular tissue without any detectable lesions.,/home/woojye2020/decs_jupyter_lab/MedCLIP-SAMv2/generated_neg_output/udiat_clip_image2prompt_closedform/000110.png,"A mammogram showing a sharply marginated, round mass suggestive of a benign breast tumor."
/home/woojye2020/decs_jupyter_lab/MedCLIP-SAMv2/UDIAT/Benign/000111.png,"A medical breast mammogram showing a well-defined, round mass suggestive of a benign breast tumor.",/home/woojye2020/decs_jupyter_lab/MedCLIP-SAMv2/UDIAT/Benign/000111.png,A medical breast mammogram showing normal breast tissue with no evidence of tumor.
/home/woojye2020/decs_jupyter_lab/MedCLIP-SAMv2/generated_neg_output/udiat_clip_image2prompt_closedform/000111.png,A medical breast mammogram showing normal breast tissue with no evidence of tumor.,/home/woojye2020/decs_jupyter_lab/MedCLIP-SAMv2/generated_neg_output/udiat_clip_image2prompt_closedform/000111.png,"A medical breast mammogram showing a well-defined, round mass suggestive of a benign breast tumor."
/home/woojye2020/decs_jupyter_lab/MedCLIP-SAMv2/UDIAT/Benign/000111.png,"A medical breast mammogram showing a smooth, well-circumscribed mass suggestive of a benign breast tumor.",/home/woojye2020/decs_jupyter_lab/MedCLIP-SAMv2/UDIAT/Benign/000111.png,"A mammogram with no suspicious masses or malignant findings, indicating a normal scan."
/home/woojye2020/decs_jupyter_lab/MedCLIP-SAMv2/generated_neg_output/udiat_clip_image2prompt_closedform/000111.png,"A mammogram with no suspicious masses or malignant findings, indicating a normal scan.",/home/woojye2020/decs_jupyter_lab/MedCLIP-SAMv2/generated_neg_output/udiat_clip_image2prompt_closedform/000111.png,"A medical breast mammogram showing a smooth, well-circumscribed mass suggestive of a benign breast tumor."
/home/woojye2020/decs_jupyter_lab/MedCLIP-SAMv2/UDIAT/Benign/000111.png,"A mammogram displaying a round, homogeneous mass indicative of a benign breast tumor.",/home/woojye2020/decs_jupyter_lab/MedCLIP-SAMv2/UDIAT/Benign/000111.png,A breast imaging study revealing no signs of benign or malignant tumors.
/home/woojye2020/decs_jupyter_lab/MedCLIP-SAMv2/generated_neg_output/udiat_clip_image2prompt_closedform/000111.png,A breast imaging study revealing no signs of benign or malignant tumors.,/home/woojye2020/decs_jupyter_lab/MedCLIP-SAMv2/generated_neg_output/udiat_clip_image2prompt_closedform/000111.png,"A mammogram displaying a round, homogeneous mass indicative of a benign breast tumor."
/home/woojye2020/decs_jupyter_lab/MedCLIP-SAMv2/UDIAT/Benign/000111.png,"A breast imaging study revealing a well-defined, encapsulated mass likely representing a benign breast tumor.",/home/woojye2020/decs_jupyter_lab/MedCLIP-SAMv2/UDIAT/Benign/000111.png,A mammogram showing symmetrical breast tissue with no focal masses or clinical findings.
/home/woojye2020/decs_jupyter_lab/MedCLIP-SAMv2/generated_neg_output/udiat_clip_image2prompt_closedform/000111.png,A mammogram showing symmetrical breast tissue with no focal masses or clinical findings.,/home/woojye2020/decs_jupyter_lab/MedCLIP-SAMv2/generated_neg_output/udiat_clip_image2prompt_closedform/000111.png,"A breast imaging study revealing a well-defined, encapsulated mass likely representing a benign breast tumor."
/home/woojye2020/decs_jupyter_lab/MedCLIP-SAMv2/UDIAT/Benign/000111.png,"A mammogram showing a sharply marginated, round mass suggestive of a benign breast tumor.",/home/woojye2020/decs_jupyter_lab/MedCLIP-SAMv2/UDIAT/Benign/000111.png,A diagnostic mammogram displaying normal glandular tissue without any detectable lesions.
/home/woojye2020/decs_jupyter_lab/MedCLIP-SAMv2/generated_neg_output/udiat_clip_image2prompt_closedform/000111.png,A diagnostic mammogram displaying normal glandular tissue without any detectable lesions.,/home/woojye2020/decs_jupyter_lab/MedCLIP-SAMv2/generated_neg_output/udiat_clip_image2prompt_closedform/000111.png,"A mammogram showing a sharply marginated, round mass suggestive of a benign breast tumor."
/home/woojye2020/decs_jupyter_lab/MedCLIP-SAMv2/UDIAT/Benign/000112.png,"A medical breast mammogram showing a well-defined, round mass suggestive of a benign breast tumor.",/home/woojye2020/decs_jupyter_lab/MedCLIP-SAMv2/UDIAT/Benign/000112.png,A medical breast mammogram showing normal breast tissue with no evidence of tumor.
/home/woojye2020/decs_jupyter_lab/MedCLIP-SAMv2/generated_neg_output/udiat_clip_image2prompt_closedform/000112.png,A medical breast mammogram showing normal breast tissue with no evidence of tumor.,/home/woojye2020/decs_jupyter_lab/MedCLIP-SAMv2/generated_neg_output/udiat_clip_image2prompt_closedform/000112.png,"A medical breast mammogram showing a well-defined, round mass suggestive of a benign breast tumor."
/home/woojye2020/decs_jupyter_lab/MedCLIP-SAMv2/UDIAT/Benign/000112.png,"A medical breast mammogram showing a smooth, well-circumscribed mass suggestive of a benign breast tumor.",/home/woojye2020/decs_jupyter_lab/MedCLIP-SAMv2/UDIAT/Benign/000112.png,"A mammogram with no suspicious masses or malignant findings, indicating a normal scan."
/home/woojye2020/decs_jupyter_lab/MedCLIP-SAMv2/generated_neg_output/udiat_clip_image2prompt_closedform/000112.png,"A mammogram with no suspicious masses or malignant findings, indicating a normal scan.",/home/woojye2020/decs_jupyter_lab/MedCLIP-SAMv2/generated_neg_output/udiat_clip_image2prompt_closedform/000112.png,"A medical breast mammogram showing a smooth, well-circumscribed mass suggestive of a benign breast tumor."
/home/woojye2020/decs_jupyter_lab/MedCLIP-SAMv2/UDIAT/Benign/000112.png,"A mammogram displaying a round, homogeneous mass indicative of a benign breast tumor.",/home/woojye2020/decs_jupyter_lab/MedCLIP-SAMv2/UDIAT/Benign/000112.png,A breast imaging study revealing no signs of benign or malignant tumors.
/home/woojye2020/decs_jupyter_lab/MedCLIP-SAMv2/generated_neg_output/udiat_clip_image2prompt_closedform/000112.png,A breast imaging study revealing no signs of benign or malignant tumors.,/home/woojye2020/decs_jupyter_lab/MedCLIP-SAMv2/generated_neg_output/udiat_clip_image2prompt_closedform/000112.png,"A mammogram displaying a round, homogeneous mass indicative of a benign breast tumor."
/home/woojye2020/decs_jupyter_lab/MedCLIP-SAMv2/UDIAT/Benign/000112.png,"A breast imaging study revealing a well-defined, encapsulated mass likely representing a benign breast tumor.",/home/woojye2020/decs_jupyter_lab/MedCLIP-SAMv2/UDIAT/Benign/000112.png,A mammogram showing symmetrical breast tissue with no focal masses or clinical findings.
/home/woojye2020/decs_jupyter_lab/MedCLIP-SAMv2/generated_neg_output/udiat_clip_image2prompt_closedform/000112.png,A mammogram showing symmetrical breast tissue with no focal masses or clinical findings.,/home/woojye2020/decs_jupyter_lab/MedCLIP-SAMv2/generated_neg_output/udiat_clip_image2prompt_closedform/000112.png,"A breast imaging study revealing a well-defined, encapsulated mass likely representing a benign breast tumor."
/home/woojye2020/decs_jupyter_lab/MedCLIP-SAMv2/UDIAT/Benign/000112.png,"A mammogram showing a sharply marginated, round mass suggestive of a benign breast tumor.",/home/woojye2020/decs_jupyter_lab/MedCLIP-SAMv2/UDIAT/Benign/000112.png,A diagnostic mammogram displaying normal glandular tissue without any detectable lesions.
/home/woojye2020/decs_jupyter_lab/MedCLIP-SAMv2/generated_neg_output/udiat_clip_image2prompt_closedform/000112.png,A diagnostic mammogram displaying normal glandular tissue without any detectable lesions.,/home/woojye2020/decs_jupyter_lab/MedCLIP-SAMv2/generated_neg_output/udiat_clip_image2prompt_closedform/000112.png,"A mammogram showing a sharply marginated, round mass suggestive of a benign breast tumor."
/home/woojye2020/decs_jupyter_lab/MedCLIP-SAMv2/UDIAT/Benign/000113.png,"A medical breast mammogram showing a well-defined, round mass suggestive of a benign breast tumor.",/home/woojye2020/decs_jupyter_lab/MedCLIP-SAMv2/UDIAT/Benign/000113.png,A medical breast mammogram showing normal breast tissue with no evidence of tumor.
/home/woojye2020/decs_jupyter_lab/MedCLIP-SAMv2/generated_neg_output/udiat_clip_image2prompt_closedform/000113.png,A medical breast mammogram showing normal breast tissue with no evidence of tumor.,/home/woojye2020/decs_jupyter_lab/MedCLIP-SAMv2/generated_neg_output/udiat_clip_image2prompt_closedform/000113.png,"A medical breast mammogram showing a well-defined, round mass suggestive of a benign breast tumor."
/home/woojye2020/decs_jupyter_lab/MedCLIP-SAMv2/UDIAT/Benign/000113.png,"A medical breast mammogram showing a smooth, well-circumscribed mass suggestive of a benign breast tumor.",/home/woojye2020/decs_jupyter_lab/MedCLIP-SAMv2/UDIAT/Benign/000113.png,"A mammogram with no suspicious masses or malignant findings, indicating a normal scan."
/home/woojye2020/decs_jupyter_lab/MedCLIP-SAMv2/generated_neg_output/udiat_clip_image2prompt_closedform/000113.png,"A mammogram with no suspicious masses or malignant findings, indicating a normal scan.",/home/woojye2020/decs_jupyter_lab/MedCLIP-SAMv2/generated_neg_output/udiat_clip_image2prompt_closedform/000113.png,"A medical breast mammogram showing a smooth, well-circumscribed mass suggestive of a benign breast tumor."
/home/woojye2020/decs_jupyter_lab/MedCLIP-SAMv2/UDIAT/Benign/000113.png,"A mammogram displaying a round, homogeneous mass indicative of a benign breast tumor.",/home/woojye2020/decs_jupyter_lab/MedCLIP-SAMv2/UDIAT/Benign/000113.png,A breast imaging study revealing no signs of benign or malignant tumors.
/home/woojye2020/decs_jupyter_lab/MedCLIP-SAMv2/generated_neg_output/udiat_clip_image2prompt_closedform/000113.png,A breast imaging study revealing no signs of benign or malignant tumors.,/home/woojye2020/decs_jupyter_lab/MedCLIP-SAMv2/generated_neg_output/udiat_clip_image2prompt_closedform/000113.png,"A mammogram displaying a round, homogeneous mass indicative of a benign breast tumor."
/home/woojye2020/decs_jupyter_lab/MedCLIP-SAMv2/UDIAT/Benign/000113.png,"A breast imaging study revealing a well-defined, encapsulated mass likely representing a benign breast tumor.",/home/woojye2020/decs_jupyter_lab/MedCLIP-SAMv2/UDIAT/Benign/000113.png,A mammogram showing symmetrical breast tissue with no focal masses or clinical findings.
/home/woojye2020/decs_jupyter_lab/MedCLIP-SAMv2/generated_neg_output/udiat_clip_image2prompt_closedform/000113.png,A mammogram showing symmetrical breast tissue with no focal masses or clinical findings.,/home/woojye2020/decs_jupyter_lab/MedCLIP-SAMv2/generated_neg_output/udiat_clip_image2prompt_closedform/000113.png,"A breast imaging study revealing a well-defined, encapsulated mass likely representing a benign breast tumor."
/home/woojye2020/decs_jupyter_lab/MedCLIP-SAMv2/UDIAT/Benign/000113.png,"A mammogram showing a sharply marginated, round mass suggestive of a benign breast tumor.",/home/woojye2020/decs_jupyter_lab/MedCLIP-SAMv2/UDIAT/Benign/000113.png,A diagnostic mammogram displaying normal glandular tissue without any detectable lesions.
/home/woojye2020/decs_jupyter_lab/MedCLIP-SAMv2/generated_neg_output/udiat_clip_image2prompt_closedform/000113.png,A diagnostic mammogram displaying normal glandular tissue without any detectable lesions.,/home/woojye2020/decs_jupyter_lab/MedCLIP-SAMv2/generated_neg_output/udiat_clip_image2prompt_closedform/000113.png,"A mammogram showing a sharply marginated, round mass suggestive of a benign breast tumor."
/home/woojye2020/decs_jupyter_lab/MedCLIP-SAMv2/UDIAT/Benign/000114.png,"A medical breast mammogram showing a well-defined, round mass suggestive of a benign breast tumor.",/home/woojye2020/decs_jupyter_lab/MedCLIP-SAMv2/UDIAT/Benign/000114.png,A medical breast mammogram showing normal breast tissue with no evidence of tumor.
/home/woojye2020/decs_jupyter_lab/MedCLIP-SAMv2/generated_neg_output/udiat_clip_image2prompt_closedform/000114.png,A medical breast mammogram showing normal breast tissue with no evidence of tumor.,/home/woojye2020/decs_jupyter_lab/MedCLIP-SAMv2/generated_neg_output/udiat_clip_image2prompt_closedform/000114.png,"A medical breast mammogram showing a well-defined, round mass suggestive of a benign breast tumor."
/home/woojye2020/decs_jupyter_lab/MedCLIP-SAMv2/UDIAT/Benign/000114.png,"A medical breast mammogram showing a smooth, well-circumscribed mass suggestive of a benign breast tumor.",/home/woojye2020/decs_jupyter_lab/MedCLIP-SAMv2/UDIAT/Benign/000114.png,"A mammogram with no suspicious masses or malignant findings, indicating a normal scan."
/home/woojye2020/decs_jupyter_lab/MedCLIP-SAMv2/generated_neg_output/udiat_clip_image2prompt_closedform/000114.png,"A mammogram with no suspicious masses or malignant findings, indicating a normal scan.",/home/woojye2020/decs_jupyter_lab/MedCLIP-SAMv2/generated_neg_output/udiat_clip_image2prompt_closedform/000114.png,"A medical breast mammogram showing a smooth, well-circumscribed mass suggestive of a benign breast tumor."
/home/woojye2020/decs_jupyter_lab/MedCLIP-SAMv2/UDIAT/Benign/000114.png,"A mammogram displaying a round, homogeneous mass indicative of a benign breast tumor.",/home/woojye2020/decs_jupyter_lab/MedCLIP-SAMv2/UDIAT/Benign/000114.png,A breast imaging study revealing no signs of benign or malignant tumors.
/home/woojye2020/decs_jupyter_lab/MedCLIP-SAMv2/generated_neg_output/udiat_clip_image2prompt_closedform/000114.png,A breast imaging study revealing no signs of benign or malignant tumors.,/home/woojye2020/decs_jupyter_lab/MedCLIP-SAMv2/generated_neg_output/udiat_clip_image2prompt_closedform/000114.png,"A mammogram displaying a round, homogeneous mass indicative of a benign breast tumor."
/home/woojye2020/decs_jupyter_lab/MedCLIP-SAMv2/UDIAT/Benign/000114.png,"A breast imaging study revealing a well-defined, encapsulated mass likely representing a benign breast tumor.",/home/woojye2020/decs_jupyter_lab/MedCLIP-SAMv2/UDIAT/Benign/000114.png,A mammogram showing symmetrical breast tissue with no focal masses or clinical findings.
/home/woojye2020/decs_jupyter_lab/MedCLIP-SAMv2/generated_neg_output/udiat_clip_image2prompt_closedform/000114.png,A mammogram showing symmetrical breast tissue with no focal masses or clinical findings.,/home/woojye2020/decs_jupyter_lab/MedCLIP-SAMv2/generated_neg_output/udiat_clip_image2prompt_closedform/000114.png,"A breast imaging study revealing a well-defined, encapsulated mass likely representing a benign breast tumor."
/home/woojye2020/decs_jupyter_lab/MedCLIP-SAMv2/UDIAT/Benign/000114.png,"A mammogram showing a sharply marginated, round mass suggestive of a benign breast tumor.",/home/woojye2020/decs_jupyter_lab/MedCLIP-SAMv2/UDIAT/Benign/000114.png,A diagnostic mammogram displaying normal glandular tissue without any detectable lesions.
/home/woojye2020/decs_jupyter_lab/MedCLIP-SAMv2/generated_neg_output/udiat_clip_image2prompt_closedform/000114.png,A diagnostic mammogram displaying normal glandular tissue without any detectable lesions.,/home/woojye2020/decs_jupyter_lab/MedCLIP-SAMv2/generated_neg_output/udiat_clip_image2prompt_closedform/000114.png,"A mammogram showing a sharply marginated, round mass suggestive of a benign breast tumor."
/home/woojye2020/decs_jupyter_lab/MedCLIP-SAMv2/UDIAT/Benign/000115.png,"A medical breast mammogram showing a well-defined, round mass suggestive of a benign breast tumor.",/home/woojye2020/decs_jupyter_lab/MedCLIP-SAMv2/UDIAT/Benign/000115.png,A medical breast mammogram showing normal breast tissue with no evidence of tumor.
/home/woojye2020/decs_jupyter_lab/MedCLIP-SAMv2/generated_neg_output/udiat_clip_image2prompt_closedform/000115.png,A medical breast mammogram showing normal breast tissue with no evidence of tumor.,/home/woojye2020/decs_jupyter_lab/MedCLIP-SAMv2/generated_neg_output/udiat_clip_image2prompt_closedform/000115.png,"A medical breast mammogram showing a well-defined, round mass suggestive of a benign breast tumor."
/home/woojye2020/decs_jupyter_lab/MedCLIP-SAMv2/UDIAT/Benign/000115.png,"A medical breast mammogram showing a smooth, well-circumscribed mass suggestive of a benign breast tumor.",/home/woojye2020/decs_jupyter_lab/MedCLIP-SAMv2/UDIAT/Benign/000115.png,"A mammogram with no suspicious masses or malignant findings, indicating a normal scan."
/home/woojye2020/decs_jupyter_lab/MedCLIP-SAMv2/generated_neg_output/udiat_clip_image2prompt_closedform/000115.png,"A mammogram with no suspicious masses or malignant findings, indicating a normal scan.",/home/woojye2020/decs_jupyter_lab/MedCLIP-SAMv2/generated_neg_output/udiat_clip_image2prompt_closedform/000115.png,"A medical breast mammogram showing a smooth, well-circumscribed mass suggestive of a benign breast tumor."
/home/woojye2020/decs_jupyter_lab/MedCLIP-SAMv2/UDIAT/Benign/000115.png,"A mammogram displaying a round, homogeneous mass indicative of a benign breast tumor.",/home/woojye2020/decs_jupyter_lab/MedCLIP-SAMv2/UDIAT/Benign/000115.png,A breast imaging study revealing no signs of benign or malignant tumors.
/home/woojye2020/decs_jupyter_lab/MedCLIP-SAMv2/generated_neg_output/udiat_clip_image2prompt_closedform/000115.png,A breast imaging study revealing no signs of benign or malignant tumors.,/home/woojye2020/decs_jupyter_lab/MedCLIP-SAMv2/generated_neg_output/udiat_clip_image2prompt_closedform/000115.png,"A mammogram displaying a round, homogeneous mass indicative of a benign breast tumor."
/home/woojye2020/decs_jupyter_lab/MedCLIP-SAMv2/UDIAT/Benign/000115.png,"A breast imaging study revealing a well-defined, encapsulated mass likely representing a benign breast tumor.",/home/woojye2020/decs_jupyter_lab/MedCLIP-SAMv2/UDIAT/Benign/000115.png,A mammogram showing symmetrical breast tissue with no focal masses or clinical findings.
/home/woojye2020/decs_jupyter_lab/MedCLIP-SAMv2/generated_neg_output/udiat_clip_image2prompt_closedform/000115.png,A mammogram showing symmetrical breast tissue with no focal masses or clinical findings.,/home/woojye2020/decs_jupyter_lab/MedCLIP-SAMv2/generated_neg_output/udiat_clip_image2prompt_closedform/000115.png,"A breast imaging study revealing a well-defined, encapsulated mass likely representing a benign breast tumor."
/home/woojye2020/decs_jupyter_lab/MedCLIP-SAMv2/UDIAT/Benign/000115.png,"A mammogram showing a sharply marginated, round mass suggestive of a benign breast tumor.",/home/woojye2020/decs_jupyter_lab/MedCLIP-SAMv2/UDIAT/Benign/000115.png,A diagnostic mammogram displaying normal glandular tissue without any detectable lesions.
/home/woojye2020/decs_jupyter_lab/MedCLIP-SAMv2/generated_neg_output/udiat_clip_image2prompt_closedform/000115.png,A diagnostic mammogram displaying normal glandular tissue without any detectable lesions.,/home/woojye2020/decs_jupyter_lab/MedCLIP-SAMv2/generated_neg_output/udiat_clip_image2prompt_closedform/000115.png,"A mammogram showing a sharply marginated, round mass suggestive of a benign breast tumor."
/home/woojye2020/decs_jupyter_lab/MedCLIP-SAMv2/UDIAT/Benign/000116.png,"A medical breast mammogram showing a well-defined, round mass suggestive of a benign breast tumor.",/home/woojye2020/decs_jupyter_lab/MedCLIP-SAMv2/UDIAT/Benign/000116.png,A medical breast mammogram showing normal breast tissue with no evidence of tumor.
/home/woojye2020/decs_jupyter_lab/MedCLIP-SAMv2/generated_neg_output/udiat_clip_image2prompt_closedform/000116.png,A medical breast mammogram showing normal breast tissue with no evidence of tumor.,/home/woojye2020/decs_jupyter_lab/MedCLIP-SAMv2/generated_neg_output/udiat_clip_image2prompt_closedform/000116.png,"A medical breast mammogram showing a well-defined, round mass suggestive of a benign breast tumor."
/home/woojye2020/decs_jupyter_lab/MedCLIP-SAMv2/UDIAT/Benign/000116.png,"A medical breast mammogram showing a smooth, well-circumscribed mass suggestive of a benign breast tumor.",/home/woojye2020/decs_jupyter_lab/MedCLIP-SAMv2/UDIAT/Benign/000116.png,"A mammogram with no suspicious masses or malignant findings, indicating a normal scan."
/home/woojye2020/decs_jupyter_lab/MedCLIP-SAMv2/generated_neg_output/udiat_clip_image2prompt_closedform/000116.png,"A mammogram with no suspicious masses or malignant findings, indicating a normal scan.",/home/woojye2020/decs_jupyter_lab/MedCLIP-SAMv2/generated_neg_output/udiat_clip_image2prompt_closedform/000116.png,"A medical breast mammogram showing a smooth, well-circumscribed mass suggestive of a benign breast tumor."
/home/woojye2020/decs_jupyter_lab/MedCLIP-SAMv2/UDIAT/Benign/000116.png,"A mammogram displaying a round, homogeneous mass indicative of a benign breast tumor.",/home/woojye2020/decs_jupyter_lab/MedCLIP-SAMv2/UDIAT/Benign/000116.png,A breast imaging study revealing no signs of benign or malignant tumors.
/home/woojye2020/decs_jupyter_lab/MedCLIP-SAMv2/generated_neg_output/udiat_clip_image2prompt_closedform/000116.png,A breast imaging study revealing no signs of benign or malignant tumors.,/home/woojye2020/decs_jupyter_lab/MedCLIP-SAMv2/generated_neg_output/udiat_clip_image2prompt_closedform/000116.png,"A mammogram displaying a round, homogeneous mass indicative of a benign breast tumor."
/home/woojye2020/decs_jupyter_lab/MedCLIP-SAMv2/UDIAT/Benign/000116.png,"A breast imaging study revealing a well-defined, encapsulated mass likely representing a benign breast tumor.",/home/woojye2020/decs_jupyter_lab/MedCLIP-SAMv2/UDIAT/Benign/000116.png,A mammogram showing symmetrical breast tissue with no focal masses or clinical findings.
/home/woojye2020/decs_jupyter_lab/MedCLIP-SAMv2/generated_neg_output/udiat_clip_image2prompt_closedform/000116.png,A mammogram showing symmetrical breast tissue with no focal masses or clinical findings.,/home/woojye2020/decs_jupyter_lab/MedCLIP-SAMv2/generated_neg_output/udiat_clip_image2prompt_closedform/000116.png,"A breast imaging study revealing a well-defined, encapsulated mass likely representing a benign breast tumor."
/home/woojye2020/decs_jupyter_lab/MedCLIP-SAMv2/UDIAT/Benign/000116.png,"A mammogram showing a sharply marginated, round mass suggestive of a benign breast tumor.",/home/woojye2020/decs_jupyter_lab/MedCLIP-SAMv2/UDIAT/Benign/000116.png,A diagnostic mammogram displaying normal glandular tissue without any detectable lesions.
/home/woojye2020/decs_jupyter_lab/MedCLIP-SAMv2/generated_neg_output/udiat_clip_image2prompt_closedform/000116.png,A diagnostic mammogram displaying normal glandular tissue without any detectable lesions.,/home/woojye2020/decs_jupyter_lab/MedCLIP-SAMv2/generated_neg_output/udiat_clip_image2prompt_closedform/000116.png,"A mammogram showing a sharply marginated, round mass suggestive of a benign breast tumor."
/home/woojye2020/decs_jupyter_lab/MedCLIP-SAMv2/UDIAT/Benign/000117.png,"A medical breast mammogram showing a well-defined, round mass suggestive of a benign breast tumor.",/home/woojye2020/decs_jupyter_lab/MedCLIP-SAMv2/UDIAT/Benign/000117.png,A medical breast mammogram showing normal breast tissue with no evidence of tumor.
/home/woojye2020/decs_jupyter_lab/MedCLIP-SAMv2/generated_neg_output/udiat_clip_image2prompt_closedform/000117.png,A medical breast mammogram showing normal breast tissue with no evidence of tumor.,/home/woojye2020/decs_jupyter_lab/MedCLIP-SAMv2/generated_neg_output/udiat_clip_image2prompt_closedform/000117.png,"A medical breast mammogram showing a well-defined, round mass suggestive of a benign breast tumor."
/home/woojye2020/decs_jupyter_lab/MedCLIP-SAMv2/UDIAT/Benign/000117.png,"A medical breast mammogram showing a smooth, well-circumscribed mass suggestive of a benign breast tumor.",/home/woojye2020/decs_jupyter_lab/MedCLIP-SAMv2/UDIAT/Benign/000117.png,"A mammogram with no suspicious masses or malignant findings, indicating a normal scan."
/home/woojye2020/decs_jupyter_lab/MedCLIP-SAMv2/generated_neg_output/udiat_clip_image2prompt_closedform/000117.png,"A mammogram with no suspicious masses or malignant findings, indicating a normal scan.",/home/woojye2020/decs_jupyter_lab/MedCLIP-SAMv2/generated_neg_output/udiat_clip_image2prompt_closedform/000117.png,"A medical breast mammogram showing a smooth, well-circumscribed mass suggestive of a benign breast tumor."
/home/woojye2020/decs_jupyter_lab/MedCLIP-SAMv2/UDIAT/Benign/000117.png,"A mammogram displaying a round, homogeneous mass indicative of a benign breast tumor.",/home/woojye2020/decs_jupyter_lab/MedCLIP-SAMv2/UDIAT/Benign/000117.png,A breast imaging study revealing no signs of benign or malignant tumors.
/home/woojye2020/decs_jupyter_lab/MedCLIP-SAMv2/generated_neg_output/udiat_clip_image2prompt_closedform/000117.png,A breast imaging study revealing no signs of benign or malignant tumors.,/home/woojye2020/decs_jupyter_lab/MedCLIP-SAMv2/generated_neg_output/udiat_clip_image2prompt_closedform/000117.png,"A mammogram displaying a round, homogeneous mass indicative of a benign breast tumor."
/home/woojye2020/decs_jupyter_lab/MedCLIP-SAMv2/UDIAT/Benign/000117.png,"A breast imaging study revealing a well-defined, encapsulated mass likely representing a benign breast tumor.",/home/woojye2020/decs_jupyter_lab/MedCLIP-SAMv2/UDIAT/Benign/000117.png,A mammogram showing symmetrical breast tissue with no focal masses or clinical findings.
/home/woojye2020/decs_jupyter_lab/MedCLIP-SAMv2/generated_neg_output/udiat_clip_image2prompt_closedform/000117.png,A mammogram showing symmetrical breast tissue with no focal masses or clinical findings.,/home/woojye2020/decs_jupyter_lab/MedCLIP-SAMv2/generated_neg_output/udiat_clip_image2prompt_closedform/000117.png,"A breast imaging study revealing a well-defined, encapsulated mass likely representing a benign breast tumor."
/home/woojye2020/decs_jupyter_lab/MedCLIP-SAMv2/UDIAT/Benign/000117.png,"A mammogram showing a sharply marginated, round mass suggestive of a benign breast tumor.",/home/woojye2020/decs_jupyter_lab/MedCLIP-SAMv2/UDIAT/Benign/000117.png,A diagnostic mammogram displaying normal glandular tissue without any detectable lesions.
/home/woojye2020/decs_jupyter_lab/MedCLIP-SAMv2/generated_neg_output/udiat_clip_image2prompt_closedform/000117.png,A diagnostic mammogram displaying normal glandular tissue without any detectable lesions.,/home/woojye2020/decs_jupyter_lab/MedCLIP-SAMv2/generated_neg_output/udiat_clip_image2prompt_closedform/000117.png,"A mammogram showing a sharply marginated, round mass suggestive of a benign breast tumor."
/home/woojye2020/decs_jupyter_lab/MedCLIP-SAMv2/UDIAT/Benign/000118.png,"A medical breast mammogram showing a well-defined, round mass suggestive of a benign breast tumor.",/home/woojye2020/decs_jupyter_lab/MedCLIP-SAMv2/UDIAT/Benign/000118.png,A medical breast mammogram showing normal breast tissue with no evidence of tumor.
/home/woojye2020/decs_jupyter_lab/MedCLIP-SAMv2/generated_neg_output/udiat_clip_image2prompt_closedform/000118.png,A medical breast mammogram showing normal breast tissue with no evidence of tumor.,/home/woojye2020/decs_jupyter_lab/MedCLIP-SAMv2/generated_neg_output/udiat_clip_image2prompt_closedform/000118.png,"A medical breast mammogram showing a well-defined, round mass suggestive of a benign breast tumor."
/home/woojye2020/decs_jupyter_lab/MedCLIP-SAMv2/UDIAT/Benign/000118.png,"A medical breast mammogram showing a smooth, well-circumscribed mass suggestive of a benign breast tumor.",/home/woojye2020/decs_jupyter_lab/MedCLIP-SAMv2/UDIAT/Benign/000118.png,"A mammogram with no suspicious masses or malignant findings, indicating a normal scan."
/home/woojye2020/decs_jupyter_lab/MedCLIP-SAMv2/generated_neg_output/udiat_clip_image2prompt_closedform/000118.png,"A mammogram with no suspicious masses or malignant findings, indicating a normal scan.",/home/woojye2020/decs_jupyter_lab/MedCLIP-SAMv2/generated_neg_output/udiat_clip_image2prompt_closedform/000118.png,"A medical breast mammogram showing a smooth, well-circumscribed mass suggestive of a benign breast tumor."
/home/woojye2020/decs_jupyter_lab/MedCLIP-SAMv2/UDIAT/Benign/000118.png,"A mammogram displaying a round, homogeneous mass indicative of a benign breast tumor.",/home/woojye2020/decs_jupyter_lab/MedCLIP-SAMv2/UDIAT/Benign/000118.png,A breast imaging study revealing no signs of benign or malignant tumors.
/home/woojye2020/decs_jupyter_lab/MedCLIP-SAMv2/generated_neg_output/udiat_clip_image2prompt_closedform/000118.png,A breast imaging study revealing no signs of benign or malignant tumors.,/home/woojye2020/decs_jupyter_lab/MedCLIP-SAMv2/generated_neg_output/udiat_clip_image2prompt_closedform/000118.png,"A mammogram displaying a round, homogeneous mass indicative of a benign breast tumor."
/home/woojye2020/decs_jupyter_lab/MedCLIP-SAMv2/UDIAT/Benign/000118.png,"A breast imaging study revealing a well-defined, encapsulated mass likely representing a benign breast tumor.",/home/woojye2020/decs_jupyter_lab/MedCLIP-SAMv2/UDIAT/Benign/000118.png,A mammogram showing symmetrical breast tissue with no focal masses or clinical findings.
/home/woojye2020/decs_jupyter_lab/MedCLIP-SAMv2/generated_neg_output/udiat_clip_image2prompt_closedform/000118.png,A mammogram showing symmetrical breast tissue with no focal masses or clinical findings.,/home/woojye2020/decs_jupyter_lab/MedCLIP-SAMv2/generated_neg_output/udiat_clip_image2prompt_closedform/000118.png,"A breast imaging study revealing a well-defined, encapsulated mass likely representing a benign breast tumor."
/home/woojye2020/decs_jupyter_lab/MedCLIP-SAMv2/UDIAT/Benign/000118.png,"A mammogram showing a sharply marginated, round mass suggestive of a benign breast tumor.",/home/woojye2020/decs_jupyter_lab/MedCLIP-SAMv2/UDIAT/Benign/000118.png,A diagnostic mammogram displaying normal glandular tissue without any detectable lesions.
/home/woojye2020/decs_jupyter_lab/MedCLIP-SAMv2/generated_neg_output/udiat_clip_image2prompt_closedform/000118.png,A diagnostic mammogram displaying normal glandular tissue without any detectable lesions.,/home/woojye2020/decs_jupyter_lab/MedCLIP-SAMv2/generated_neg_output/udiat_clip_image2prompt_closedform/000118.png,"A mammogram showing a sharply marginated, round mass suggestive of a benign breast tumor."
/home/woojye2020/decs_jupyter_lab/MedCLIP-SAMv2/UDIAT/Benign/000119.png,"A medical breast mammogram showing a well-defined, round mass suggestive of a benign breast tumor.",/home/woojye2020/decs_jupyter_lab/MedCLIP-SAMv2/UDIAT/Benign/000119.png,A medical breast mammogram showing normal breast tissue with no evidence of tumor.
/home/woojye2020/decs_jupyter_lab/MedCLIP-SAMv2/generated_neg_output/udiat_clip_image2prompt_closedform/000119.png,A medical breast mammogram showing normal breast tissue with no evidence of tumor.,/home/woojye2020/decs_jupyter_lab/MedCLIP-SAMv2/generated_neg_output/udiat_clip_image2prompt_closedform/000119.png,"A medical breast mammogram showing a well-defined, round mass suggestive of a benign breast tumor."
/home/woojye2020/decs_jupyter_lab/MedCLIP-SAMv2/UDIAT/Benign/000119.png,"A medical breast mammogram showing a smooth, well-circumscribed mass suggestive of a benign breast tumor.",/home/woojye2020/decs_jupyter_lab/MedCLIP-SAMv2/UDIAT/Benign/000119.png,"A mammogram with no suspicious masses or malignant findings, indicating a normal scan."
/home/woojye2020/decs_jupyter_lab/MedCLIP-SAMv2/generated_neg_output/udiat_clip_image2prompt_closedform/000119.png,"A mammogram with no suspicious masses or malignant findings, indicating a normal scan.",/home/woojye2020/decs_jupyter_lab/MedCLIP-SAMv2/generated_neg_output/udiat_clip_image2prompt_closedform/000119.png,"A medical breast mammogram showing a smooth, well-circumscribed mass suggestive of a benign breast tumor."
/home/woojye2020/decs_jupyter_lab/MedCLIP-SAMv2/UDIAT/Benign/000119.png,"A mammogram displaying a round, homogeneous mass indicative of a benign breast tumor.",/home/woojye2020/decs_jupyter_lab/MedCLIP-SAMv2/UDIAT/Benign/000119.png,A breast imaging study revealing no signs of benign or malignant tumors.
/home/woojye2020/decs_jupyter_lab/MedCLIP-SAMv2/generated_neg_output/udiat_clip_image2prompt_closedform/000119.png,A breast imaging study revealing no signs of benign or malignant tumors.,/home/woojye2020/decs_jupyter_lab/MedCLIP-SAMv2/generated_neg_output/udiat_clip_image2prompt_closedform/000119.png,"A mammogram displaying a round, homogeneous mass indicative of a benign breast tumor."
/home/woojye2020/decs_jupyter_lab/MedCLIP-SAMv2/UDIAT/Benign/000119.png,"A breast imaging study revealing a well-defined, encapsulated mass likely representing a benign breast tumor.",/home/woojye2020/decs_jupyter_lab/MedCLIP-SAMv2/UDIAT/Benign/000119.png,A mammogram showing symmetrical breast tissue with no focal masses or clinical findings.
/home/woojye2020/decs_jupyter_lab/MedCLIP-SAMv2/generated_neg_output/udiat_clip_image2prompt_closedform/000119.png,A mammogram showing symmetrical breast tissue with no focal masses or clinical findings.,/home/woojye2020/decs_jupyter_lab/MedCLIP-SAMv2/generated_neg_output/udiat_clip_image2prompt_closedform/000119.png,"A breast imaging study revealing a well-defined, encapsulated mass likely representing a benign breast tumor."
/home/woojye2020/decs_jupyter_lab/MedCLIP-SAMv2/UDIAT/Benign/000119.png,"A mammogram showing a sharply marginated, round mass suggestive of a benign breast tumor.",/home/woojye2020/decs_jupyter_lab/MedCLIP-SAMv2/UDIAT/Benign/000119.png,A diagnostic mammogram displaying normal glandular tissue without any detectable lesions.
/home/woojye2020/decs_jupyter_lab/MedCLIP-SAMv2/generated_neg_output/udiat_clip_image2prompt_closedform/000119.png,A diagnostic mammogram displaying normal glandular tissue without any detectable lesions.,/home/woojye2020/decs_jupyter_lab/MedCLIP-SAMv2/generated_neg_output/udiat_clip_image2prompt_closedform/000119.png,"A mammogram showing a sharply marginated, round mass suggestive of a benign breast tumor."
/home/woojye2020/decs_jupyter_lab/MedCLIP-SAMv2/UDIAT/Benign/000120.png,"A medical breast mammogram showing a well-defined, round mass suggestive of a benign breast tumor.",/home/woojye2020/decs_jupyter_lab/MedCLIP-SAMv2/UDIAT/Benign/000120.png,A medical breast mammogram showing normal breast tissue with no evidence of tumor.
/home/woojye2020/decs_jupyter_lab/MedCLIP-SAMv2/generated_neg_output/udiat_clip_image2prompt_closedform/000120.png,A medical breast mammogram showing normal breast tissue with no evidence of tumor.,/home/woojye2020/decs_jupyter_lab/MedCLIP-SAMv2/generated_neg_output/udiat_clip_image2prompt_closedform/000120.png,"A medical breast mammogram showing a well-defined, round mass suggestive of a benign breast tumor."
/home/woojye2020/decs_jupyter_lab/MedCLIP-SAMv2/UDIAT/Benign/000120.png,"A medical breast mammogram showing a smooth, well-circumscribed mass suggestive of a benign breast tumor.",/home/woojye2020/decs_jupyter_lab/MedCLIP-SAMv2/UDIAT/Benign/000120.png,"A mammogram with no suspicious masses or malignant findings, indicating a normal scan."
/home/woojye2020/decs_jupyter_lab/MedCLIP-SAMv2/generated_neg_output/udiat_clip_image2prompt_closedform/000120.png,"A mammogram with no suspicious masses or malignant findings, indicating a normal scan.",/home/woojye2020/decs_jupyter_lab/MedCLIP-SAMv2/generated_neg_output/udiat_clip_image2prompt_closedform/000120.png,"A medical breast mammogram showing a smooth, well-circumscribed mass suggestive of a benign breast tumor."
/home/woojye2020/decs_jupyter_lab/MedCLIP-SAMv2/UDIAT/Benign/000120.png,"A mammogram displaying a round, homogeneous mass indicative of a benign breast tumor.",/home/woojye2020/decs_jupyter_lab/MedCLIP-SAMv2/UDIAT/Benign/000120.png,A breast imaging study revealing no signs of benign or malignant tumors.
/home/woojye2020/decs_jupyter_lab/MedCLIP-SAMv2/generated_neg_output/udiat_clip_image2prompt_closedform/000120.png,A breast imaging study revealing no signs of benign or malignant tumors.,/home/woojye2020/decs_jupyter_lab/MedCLIP-SAMv2/generated_neg_output/udiat_clip_image2prompt_closedform/000120.png,"A mammogram displaying a round, homogeneous mass indicative of a benign breast tumor."
/home/woojye2020/decs_jupyter_lab/MedCLIP-SAMv2/UDIAT/Benign/000120.png,"A breast imaging study revealing a well-defined, encapsulated mass likely representing a benign breast tumor.",/home/woojye2020/decs_jupyter_lab/MedCLIP-SAMv2/UDIAT/Benign/000120.png,A mammogram showing symmetrical breast tissue with no focal masses or clinical findings.
/home/woojye2020/decs_jupyter_lab/MedCLIP-SAMv2/generated_neg_output/udiat_clip_image2prompt_closedform/000120.png,A mammogram showing symmetrical breast tissue with no focal masses or clinical findings.,/home/woojye2020/decs_jupyter_lab/MedCLIP-SAMv2/generated_neg_output/udiat_clip_image2prompt_closedform/000120.png,"A breast imaging study revealing a well-defined, encapsulated mass likely representing a benign breast tumor."
/home/woojye2020/decs_jupyter_lab/MedCLIP-SAMv2/UDIAT/Benign/000120.png,"A mammogram showing a sharply marginated, round mass suggestive of a benign breast tumor.",/home/woojye2020/decs_jupyter_lab/MedCLIP-SAMv2/UDIAT/Benign/000120.png,A diagnostic mammogram displaying normal glandular tissue without any detectable lesions.
/home/woojye2020/decs_jupyter_lab/MedCLIP-SAMv2/generated_neg_output/udiat_clip_image2prompt_closedform/000120.png,A diagnostic mammogram displaying normal glandular tissue without any detectable lesions.,/home/woojye2020/decs_jupyter_lab/MedCLIP-SAMv2/generated_neg_output/udiat_clip_image2prompt_closedform/000120.png,"A mammogram showing a sharply marginated, round mass suggestive of a benign breast tumor."
/home/woojye2020/decs_jupyter_lab/MedCLIP-SAMv2/UDIAT/Benign/000121.png,"A medical breast mammogram showing a well-defined, round mass suggestive of a benign breast tumor.",/home/woojye2020/decs_jupyter_lab/MedCLIP-SAMv2/UDIAT/Benign/000121.png,A medical breast mammogram showing normal breast tissue with no evidence of tumor.
/home/woojye2020/decs_jupyter_lab/MedCLIP-SAMv2/generated_neg_output/udiat_clip_image2prompt_closedform/000121.png,A medical breast mammogram showing normal breast tissue with no evidence of tumor.,/home/woojye2020/decs_jupyter_lab/MedCLIP-SAMv2/generated_neg_output/udiat_clip_image2prompt_closedform/000121.png,"A medical breast mammogram showing a well-defined, round mass suggestive of a benign breast tumor."
/home/woojye2020/decs_jupyter_lab/MedCLIP-SAMv2/UDIAT/Benign/000121.png,"A medical breast mammogram showing a smooth, well-circumscribed mass suggestive of a benign breast tumor.",/home/woojye2020/decs_jupyter_lab/MedCLIP-SAMv2/UDIAT/Benign/000121.png,"A mammogram with no suspicious masses or malignant findings, indicating a normal scan."
/home/woojye2020/decs_jupyter_lab/MedCLIP-SAMv2/generated_neg_output/udiat_clip_image2prompt_closedform/000121.png,"A mammogram with no suspicious masses or malignant findings, indicating a normal scan.",/home/woojye2020/decs_jupyter_lab/MedCLIP-SAMv2/generated_neg_output/udiat_clip_image2prompt_closedform/000121.png,"A medical breast mammogram showing a smooth, well-circumscribed mass suggestive of a benign breast tumor."
/home/woojye2020/decs_jupyter_lab/MedCLIP-SAMv2/UDIAT/Benign/000121.png,"A mammogram displaying a round, homogeneous mass indicative of a benign breast tumor.",/home/woojye2020/decs_jupyter_lab/MedCLIP-SAMv2/UDIAT/Benign/000121.png,A breast imaging study revealing no signs of benign or malignant tumors.
/home/woojye2020/decs_jupyter_lab/MedCLIP-SAMv2/generated_neg_output/udiat_clip_image2prompt_closedform/000121.png,A breast imaging study revealing no signs of benign or malignant tumors.,/home/woojye2020/decs_jupyter_lab/MedCLIP-SAMv2/generated_neg_output/udiat_clip_image2prompt_closedform/000121.png,"A mammogram displaying a round, homogeneous mass indicative of a benign breast tumor."
/home/woojye2020/decs_jupyter_lab/MedCLIP-SAMv2/UDIAT/Benign/000121.png,"A breast imaging study revealing a well-defined, encapsulated mass likely representing a benign breast tumor.",/home/woojye2020/decs_jupyter_lab/MedCLIP-SAMv2/UDIAT/Benign/000121.png,A mammogram showing symmetrical breast tissue with no focal masses or clinical findings.
/home/woojye2020/decs_jupyter_lab/MedCLIP-SAMv2/generated_neg_output/udiat_clip_image2prompt_closedform/000121.png,A mammogram showing symmetrical breast tissue with no focal masses or clinical findings.,/home/woojye2020/decs_jupyter_lab/MedCLIP-SAMv2/generated_neg_output/udiat_clip_image2prompt_closedform/000121.png,"A breast imaging study revealing a well-defined, encapsulated mass likely representing a benign breast tumor."
/home/woojye2020/decs_jupyter_lab/MedCLIP-SAMv2/UDIAT/Benign/000121.png,"A mammogram showing a sharply marginated, round mass suggestive of a benign breast tumor.",/home/woojye2020/decs_jupyter_lab/MedCLIP-SAMv2/UDIAT/Benign/000121.png,A diagnostic mammogram displaying normal glandular tissue without any detectable lesions.
/home/woojye2020/decs_jupyter_lab/MedCLIP-SAMv2/generated_neg_output/udiat_clip_image2prompt_closedform/000121.png,A diagnostic mammogram displaying normal glandular tissue without any detectable lesions.,/home/woojye2020/decs_jupyter_lab/MedCLIP-SAMv2/generated_neg_output/udiat_clip_image2prompt_closedform/000121.png,"A mammogram showing a sharply marginated, round mass suggestive of a benign breast tumor."
/home/woojye2020/decs_jupyter_lab/MedCLIP-SAMv2/UDIAT/Benign/000122.png,"A medical breast mammogram showing a well-defined, round mass suggestive of a benign breast tumor.",/home/woojye2020/decs_jupyter_lab/MedCLIP-SAMv2/UDIAT/Benign/000122.png,A medical breast mammogram showing normal breast tissue with no evidence of tumor.
/home/woojye2020/decs_jupyter_lab/MedCLIP-SAMv2/generated_neg_output/udiat_clip_image2prompt_closedform/000122.png,A medical breast mammogram showing normal breast tissue with no evidence of tumor.,/home/woojye2020/decs_jupyter_lab/MedCLIP-SAMv2/generated_neg_output/udiat_clip_image2prompt_closedform/000122.png,"A medical breast mammogram showing a well-defined, round mass suggestive of a benign breast tumor."
/home/woojye2020/decs_jupyter_lab/MedCLIP-SAMv2/UDIAT/Benign/000122.png,"A medical breast mammogram showing a smooth, well-circumscribed mass suggestive of a benign breast tumor.",/home/woojye2020/decs_jupyter_lab/MedCLIP-SAMv2/UDIAT/Benign/000122.png,"A mammogram with no suspicious masses or malignant findings, indicating a normal scan."
/home/woojye2020/decs_jupyter_lab/MedCLIP-SAMv2/generated_neg_output/udiat_clip_image2prompt_closedform/000122.png,"A mammogram with no suspicious masses or malignant findings, indicating a normal scan.",/home/woojye2020/decs_jupyter_lab/MedCLIP-SAMv2/generated_neg_output/udiat_clip_image2prompt_closedform/000122.png,"A medical breast mammogram showing a smooth, well-circumscribed mass suggestive of a benign breast tumor."
/home/woojye2020/decs_jupyter_lab/MedCLIP-SAMv2/UDIAT/Benign/000122.png,"A mammogram displaying a round, homogeneous mass indicative of a benign breast tumor.",/home/woojye2020/decs_jupyter_lab/MedCLIP-SAMv2/UDIAT/Benign/000122.png,A breast imaging study revealing no signs of benign or malignant tumors.
/home/woojye2020/decs_jupyter_lab/MedCLIP-SAMv2/generated_neg_output/udiat_clip_image2prompt_closedform/000122.png,A breast imaging study revealing no signs of benign or malignant tumors.,/home/woojye2020/decs_jupyter_lab/MedCLIP-SAMv2/generated_neg_output/udiat_clip_image2prompt_closedform/000122.png,"A mammogram displaying a round, homogeneous mass indicative of a benign breast tumor."
/home/woojye2020/decs_jupyter_lab/MedCLIP-SAMv2/UDIAT/Benign/000122.png,"A breast imaging study revealing a well-defined, encapsulated mass likely representing a benign breast tumor.",/home/woojye2020/decs_jupyter_lab/MedCLIP-SAMv2/UDIAT/Benign/000122.png,A mammogram showing symmetrical breast tissue with no focal masses or clinical findings.
/home/woojye2020/decs_jupyter_lab/MedCLIP-SAMv2/generated_neg_output/udiat_clip_image2prompt_closedform/000122.png,A mammogram showing symmetrical breast tissue with no focal masses or clinical findings.,/home/woojye2020/decs_jupyter_lab/MedCLIP-SAMv2/generated_neg_output/udiat_clip_image2prompt_closedform/000122.png,"A breast imaging study revealing a well-defined, encapsulated mass likely representing a benign breast tumor."
/home/woojye2020/decs_jupyter_lab/MedCLIP-SAMv2/UDIAT/Benign/000122.png,"A mammogram showing a sharply marginated, round mass suggestive of a benign breast tumor.",/home/woojye2020/decs_jupyter_lab/MedCLIP-SAMv2/UDIAT/Benign/000122.png,A diagnostic mammogram displaying normal glandular tissue without any detectable lesions.
/home/woojye2020/decs_jupyter_lab/MedCLIP-SAMv2/generated_neg_output/udiat_clip_image2prompt_closedform/000122.png,A diagnostic mammogram displaying normal glandular tissue without any detectable lesions.,/home/woojye2020/decs_jupyter_lab/MedCLIP-SAMv2/generated_neg_output/udiat_clip_image2prompt_closedform/000122.png,"A mammogram showing a sharply marginated, round mass suggestive of a benign breast tumor."
/home/woojye2020/decs_jupyter_lab/MedCLIP-SAMv2/UDIAT/Benign/000123.png,"A medical breast mammogram showing a well-defined, round mass suggestive of a benign breast tumor.",/home/woojye2020/decs_jupyter_lab/MedCLIP-SAMv2/UDIAT/Benign/000123.png,A medical breast mammogram showing normal breast tissue with no evidence of tumor.
/home/woojye2020/decs_jupyter_lab/MedCLIP-SAMv2/generated_neg_output/udiat_clip_image2prompt_closedform/000123.png,A medical breast mammogram showing normal breast tissue with no evidence of tumor.,/home/woojye2020/decs_jupyter_lab/MedCLIP-SAMv2/generated_neg_output/udiat_clip_image2prompt_closedform/000123.png,"A medical breast mammogram showing a well-defined, round mass suggestive of a benign breast tumor."
/home/woojye2020/decs_jupyter_lab/MedCLIP-SAMv2/UDIAT/Benign/000123.png,"A medical breast mammogram showing a smooth, well-circumscribed mass suggestive of a benign breast tumor.",/home/woojye2020/decs_jupyter_lab/MedCLIP-SAMv2/UDIAT/Benign/000123.png,"A mammogram with no suspicious masses or malignant findings, indicating a normal scan."
/home/woojye2020/decs_jupyter_lab/MedCLIP-SAMv2/generated_neg_output/udiat_clip_image2prompt_closedform/000123.png,"A mammogram with no suspicious masses or malignant findings, indicating a normal scan.",/home/woojye2020/decs_jupyter_lab/MedCLIP-SAMv2/generated_neg_output/udiat_clip_image2prompt_closedform/000123.png,"A medical breast mammogram showing a smooth, well-circumscribed mass suggestive of a benign breast tumor."
/home/woojye2020/decs_jupyter_lab/MedCLIP-SAMv2/UDIAT/Benign/000123.png,"A mammogram displaying a round, homogeneous mass indicative of a benign breast tumor.",/home/woojye2020/decs_jupyter_lab/MedCLIP-SAMv2/UDIAT/Benign/000123.png,A breast imaging study revealing no signs of benign or malignant tumors.
/home/woojye2020/decs_jupyter_lab/MedCLIP-SAMv2/generated_neg_output/udiat_clip_image2prompt_closedform/000123.png,A breast imaging study revealing no signs of benign or malignant tumors.,/home/woojye2020/decs_jupyter_lab/MedCLIP-SAMv2/generated_neg_output/udiat_clip_image2prompt_closedform/000123.png,"A mammogram displaying a round, homogeneous mass indicative of a benign breast tumor."
/home/woojye2020/decs_jupyter_lab/MedCLIP-SAMv2/UDIAT/Benign/000123.png,"A breast imaging study revealing a well-defined, encapsulated mass likely representing a benign breast tumor.",/home/woojye2020/decs_jupyter_lab/MedCLIP-SAMv2/UDIAT/Benign/000123.png,A mammogram showing symmetrical breast tissue with no focal masses or clinical findings.
/home/woojye2020/decs_jupyter_lab/MedCLIP-SAMv2/generated_neg_output/udiat_clip_image2prompt_closedform/000123.png,A mammogram showing symmetrical breast tissue with no focal masses or clinical findings.,/home/woojye2020/decs_jupyter_lab/MedCLIP-SAMv2/generated_neg_output/udiat_clip_image2prompt_closedform/000123.png,"A breast imaging study revealing a well-defined, encapsulated mass likely representing a benign breast tumor."
/home/woojye2020/decs_jupyter_lab/MedCLIP-SAMv2/UDIAT/Benign/000123.png,"A mammogram showing a sharply marginated, round mass suggestive of a benign breast tumor.",/home/woojye2020/decs_jupyter_lab/MedCLIP-SAMv2/UDIAT/Benign/000123.png,A diagnostic mammogram displaying normal glandular tissue without any detectable lesions.
/home/woojye2020/decs_jupyter_lab/MedCLIP-SAMv2/generated_neg_output/udiat_clip_image2prompt_closedform/000123.png,A diagnostic mammogram displaying normal glandular tissue without any detectable lesions.,/home/woojye2020/decs_jupyter_lab/MedCLIP-SAMv2/generated_neg_output/udiat_clip_image2prompt_closedform/000123.png,"A mammogram showing a sharply marginated, round mass suggestive of a benign breast tumor."
/home/woojye2020/decs_jupyter_lab/MedCLIP-SAMv2/UDIAT/Benign/000124.png,"A medical breast mammogram showing a well-defined, round mass suggestive of a benign breast tumor.",/home/woojye2020/decs_jupyter_lab/MedCLIP-SAMv2/UDIAT/Benign/000124.png,A medical breast mammogram showing normal breast tissue with no evidence of tumor.
/home/woojye2020/decs_jupyter_lab/MedCLIP-SAMv2/generated_neg_output/udiat_clip_image2prompt_closedform/000124.png,A medical breast mammogram showing normal breast tissue with no evidence of tumor.,/home/woojye2020/decs_jupyter_lab/MedCLIP-SAMv2/generated_neg_output/udiat_clip_image2prompt_closedform/000124.png,"A medical breast mammogram showing a well-defined, round mass suggestive of a benign breast tumor."
/home/woojye2020/decs_jupyter_lab/MedCLIP-SAMv2/UDIAT/Benign/000124.png,"A medical breast mammogram showing a smooth, well-circumscribed mass suggestive of a benign breast tumor.",/home/woojye2020/decs_jupyter_lab/MedCLIP-SAMv2/UDIAT/Benign/000124.png,"A mammogram with no suspicious masses or malignant findings, indicating a normal scan."
/home/woojye2020/decs_jupyter_lab/MedCLIP-SAMv2/generated_neg_output/udiat_clip_image2prompt_closedform/000124.png,"A mammogram with no suspicious masses or malignant findings, indicating a normal scan.",/home/woojye2020/decs_jupyter_lab/MedCLIP-SAMv2/generated_neg_output/udiat_clip_image2prompt_closedform/000124.png,"A medical breast mammogram showing a smooth, well-circumscribed mass suggestive of a benign breast tumor."
/home/woojye2020/decs_jupyter_lab/MedCLIP-SAMv2/UDIAT/Benign/000124.png,"A mammogram displaying a round, homogeneous mass indicative of a benign breast tumor.",/home/woojye2020/decs_jupyter_lab/MedCLIP-SAMv2/UDIAT/Benign/000124.png,A breast imaging study revealing no signs of benign or malignant tumors.
/home/woojye2020/decs_jupyter_lab/MedCLIP-SAMv2/generated_neg_output/udiat_clip_image2prompt_closedform/000124.png,A breast imaging study revealing no signs of benign or malignant tumors.,/home/woojye2020/decs_jupyter_lab/MedCLIP-SAMv2/generated_neg_output/udiat_clip_image2prompt_closedform/000124.png,"A mammogram displaying a round, homogeneous mass indicative of a benign breast tumor."
/home/woojye2020/decs_jupyter_lab/MedCLIP-SAMv2/UDIAT/Benign/000124.png,"A breast imaging study revealing a well-defined, encapsulated mass likely representing a benign breast tumor.",/home/woojye2020/decs_jupyter_lab/MedCLIP-SAMv2/UDIAT/Benign/000124.png,A mammogram showing symmetrical breast tissue with no focal masses or clinical findings.
/home/woojye2020/decs_jupyter_lab/MedCLIP-SAMv2/generated_neg_output/udiat_clip_image2prompt_closedform/000124.png,A mammogram showing symmetrical breast tissue with no focal masses or clinical findings.,/home/woojye2020/decs_jupyter_lab/MedCLIP-SAMv2/generated_neg_output/udiat_clip_image2prompt_closedform/000124.png,"A breast imaging study revealing a well-defined, encapsulated mass likely representing a benign breast tumor."
/home/woojye2020/decs_jupyter_lab/MedCLIP-SAMv2/UDIAT/Benign/000124.png,"A mammogram showing a sharply marginated, round mass suggestive of a benign breast tumor.",/home/woojye2020/decs_jupyter_lab/MedCLIP-SAMv2/UDIAT/Benign/000124.png,A diagnostic mammogram displaying normal glandular tissue without any detectable lesions.
/home/woojye2020/decs_jupyter_lab/MedCLIP-SAMv2/generated_neg_output/udiat_clip_image2prompt_closedform/000124.png,A diagnostic mammogram displaying normal glandular tissue without any detectable lesions.,/home/woojye2020/decs_jupyter_lab/MedCLIP-SAMv2/generated_neg_output/udiat_clip_image2prompt_closedform/000124.png,"A mammogram showing a sharply marginated, round mass suggestive of a benign breast tumor."
/home/woojye2020/decs_jupyter_lab/MedCLIP-SAMv2/UDIAT/Benign/000125.png,"A medical breast mammogram showing a well-defined, round mass suggestive of a benign breast tumor.",/home/woojye2020/decs_jupyter_lab/MedCLIP-SAMv2/UDIAT/Benign/000125.png,A medical breast mammogram showing normal breast tissue with no evidence of tumor.
/home/woojye2020/decs_jupyter_lab/MedCLIP-SAMv2/generated_neg_output/udiat_clip_image2prompt_closedform/000125.png,A medical breast mammogram showing normal breast tissue with no evidence of tumor.,/home/woojye2020/decs_jupyter_lab/MedCLIP-SAMv2/generated_neg_output/udiat_clip_image2prompt_closedform/000125.png,"A medical breast mammogram showing a well-defined, round mass suggestive of a benign breast tumor."
/home/woojye2020/decs_jupyter_lab/MedCLIP-SAMv2/UDIAT/Benign/000125.png,"A medical breast mammogram showing a smooth, well-circumscribed mass suggestive of a benign breast tumor.",/home/woojye2020/decs_jupyter_lab/MedCLIP-SAMv2/UDIAT/Benign/000125.png,"A mammogram with no suspicious masses or malignant findings, indicating a normal scan."
/home/woojye2020/decs_jupyter_lab/MedCLIP-SAMv2/generated_neg_output/udiat_clip_image2prompt_closedform/000125.png,"A mammogram with no suspicious masses or malignant findings, indicating a normal scan.",/home/woojye2020/decs_jupyter_lab/MedCLIP-SAMv2/generated_neg_output/udiat_clip_image2prompt_closedform/000125.png,"A medical breast mammogram showing a smooth, well-circumscribed mass suggestive of a benign breast tumor."
/home/woojye2020/decs_jupyter_lab/MedCLIP-SAMv2/UDIAT/Benign/000125.png,"A mammogram displaying a round, homogeneous mass indicative of a benign breast tumor.",/home/woojye2020/decs_jupyter_lab/MedCLIP-SAMv2/UDIAT/Benign/000125.png,A breast imaging study revealing no signs of benign or malignant tumors.
/home/woojye2020/decs_jupyter_lab/MedCLIP-SAMv2/generated_neg_output/udiat_clip_image2prompt_closedform/000125.png,A breast imaging study revealing no signs of benign or malignant tumors.,/home/woojye2020/decs_jupyter_lab/MedCLIP-SAMv2/generated_neg_output/udiat_clip_image2prompt_closedform/000125.png,"A mammogram displaying a round, homogeneous mass indicative of a benign breast tumor."
/home/woojye2020/decs_jupyter_lab/MedCLIP-SAMv2/UDIAT/Benign/000125.png,"A breast imaging study revealing a well-defined, encapsulated mass likely representing a benign breast tumor.",/home/woojye2020/decs_jupyter_lab/MedCLIP-SAMv2/UDIAT/Benign/000125.png,A mammogram showing symmetrical breast tissue with no focal masses or clinical findings.
/home/woojye2020/decs_jupyter_lab/MedCLIP-SAMv2/generated_neg_output/udiat_clip_image2prompt_closedform/000125.png,A mammogram showing symmetrical breast tissue with no focal masses or clinical findings.,/home/woojye2020/decs_jupyter_lab/MedCLIP-SAMv2/generated_neg_output/udiat_clip_image2prompt_closedform/000125.png,"A breast imaging study revealing a well-defined, encapsulated mass likely representing a benign breast tumor."
/home/woojye2020/decs_jupyter_lab/MedCLIP-SAMv2/UDIAT/Benign/000125.png,"A mammogram showing a sharply marginated, round mass suggestive of a benign breast tumor.",/home/woojye2020/decs_jupyter_lab/MedCLIP-SAMv2/UDIAT/Benign/000125.png,A diagnostic mammogram displaying normal glandular tissue without any detectable lesions.
/home/woojye2020/decs_jupyter_lab/MedCLIP-SAMv2/generated_neg_output/udiat_clip_image2prompt_closedform/000125.png,A diagnostic mammogram displaying normal glandular tissue without any detectable lesions.,/home/woojye2020/decs_jupyter_lab/MedCLIP-SAMv2/generated_neg_output/udiat_clip_image2prompt_closedform/000125.png,"A mammogram showing a sharply marginated, round mass suggestive of a benign breast tumor."
/home/woojye2020/decs_jupyter_lab/MedCLIP-SAMv2/UDIAT/Benign/000126.png,"A medical breast mammogram showing a well-defined, round mass suggestive of a benign breast tumor.",/home/woojye2020/decs_jupyter_lab/MedCLIP-SAMv2/UDIAT/Benign/000126.png,A medical breast mammogram showing normal breast tissue with no evidence of tumor.
/home/woojye2020/decs_jupyter_lab/MedCLIP-SAMv2/generated_neg_output/udiat_clip_image2prompt_closedform/000126.png,A medical breast mammogram showing normal breast tissue with no evidence of tumor.,/home/woojye2020/decs_jupyter_lab/MedCLIP-SAMv2/generated_neg_output/udiat_clip_image2prompt_closedform/000126.png,"A medical breast mammogram showing a well-defined, round mass suggestive of a benign breast tumor."
/home/woojye2020/decs_jupyter_lab/MedCLIP-SAMv2/UDIAT/Benign/000126.png,"A medical breast mammogram showing a smooth, well-circumscribed mass suggestive of a benign breast tumor.",/home/woojye2020/decs_jupyter_lab/MedCLIP-SAMv2/UDIAT/Benign/000126.png,"A mammogram with no suspicious masses or malignant findings, indicating a normal scan."
/home/woojye2020/decs_jupyter_lab/MedCLIP-SAMv2/generated_neg_output/udiat_clip_image2prompt_closedform/000126.png,"A mammogram with no suspicious masses or malignant findings, indicating a normal scan.",/home/woojye2020/decs_jupyter_lab/MedCLIP-SAMv2/generated_neg_output/udiat_clip_image2prompt_closedform/000126.png,"A medical breast mammogram showing a smooth, well-circumscribed mass suggestive of a benign breast tumor."
/home/woojye2020/decs_jupyter_lab/MedCLIP-SAMv2/UDIAT/Benign/000126.png,"A mammogram displaying a round, homogeneous mass indicative of a benign breast tumor.",/home/woojye2020/decs_jupyter_lab/MedCLIP-SAMv2/UDIAT/Benign/000126.png,A breast imaging study revealing no signs of benign or malignant tumors.
/home/woojye2020/decs_jupyter_lab/MedCLIP-SAMv2/generated_neg_output/udiat_clip_image2prompt_closedform/000126.png,A breast imaging study revealing no signs of benign or malignant tumors.,/home/woojye2020/decs_jupyter_lab/MedCLIP-SAMv2/generated_neg_output/udiat_clip_image2prompt_closedform/000126.png,"A mammogram displaying a round, homogeneous mass indicative of a benign breast tumor."
/home/woojye2020/decs_jupyter_lab/MedCLIP-SAMv2/UDIAT/Benign/000126.png,"A breast imaging study revealing a well-defined, encapsulated mass likely representing a benign breast tumor.",/home/woojye2020/decs_jupyter_lab/MedCLIP-SAMv2/UDIAT/Benign/000126.png,A mammogram showing symmetrical breast tissue with no focal masses or clinical findings.
/home/woojye2020/decs_jupyter_lab/MedCLIP-SAMv2/generated_neg_output/udiat_clip_image2prompt_closedform/000126.png,A mammogram showing symmetrical breast tissue with no focal masses or clinical findings.,/home/woojye2020/decs_jupyter_lab/MedCLIP-SAMv2/generated_neg_output/udiat_clip_image2prompt_closedform/000126.png,"A breast imaging study revealing a well-defined, encapsulated mass likely representing a benign breast tumor."
/home/woojye2020/decs_jupyter_lab/MedCLIP-SAMv2/UDIAT/Benign/000126.png,"A mammogram showing a sharply marginated, round mass suggestive of a benign breast tumor.",/home/woojye2020/decs_jupyter_lab/MedCLIP-SAMv2/UDIAT/Benign/000126.png,A diagnostic mammogram displaying normal glandular tissue without any detectable lesions.
/home/woojye2020/decs_jupyter_lab/MedCLIP-SAMv2/generated_neg_output/udiat_clip_image2prompt_closedform/000126.png,A diagnostic mammogram displaying normal glandular tissue without any detectable lesions.,/home/woojye2020/decs_jupyter_lab/MedCLIP-SAMv2/generated_neg_output/udiat_clip_image2prompt_closedform/000126.png,"A mammogram showing a sharply marginated, round mass suggestive of a benign breast tumor."
/home/woojye2020/decs_jupyter_lab/MedCLIP-SAMv2/UDIAT/Benign/000127.png,"A medical breast mammogram showing a well-defined, round mass suggestive of a benign breast tumor.",/home/woojye2020/decs_jupyter_lab/MedCLIP-SAMv2/UDIAT/Benign/000127.png,A medical breast mammogram showing normal breast tissue with no evidence of tumor.
/home/woojye2020/decs_jupyter_lab/MedCLIP-SAMv2/generated_neg_output/udiat_clip_image2prompt_closedform/000127.png,A medical breast mammogram showing normal breast tissue with no evidence of tumor.,/home/woojye2020/decs_jupyter_lab/MedCLIP-SAMv2/generated_neg_output/udiat_clip_image2prompt_closedform/000127.png,"A medical breast mammogram showing a well-defined, round mass suggestive of a benign breast tumor."
/home/woojye2020/decs_jupyter_lab/MedCLIP-SAMv2/UDIAT/Benign/000127.png,"A medical breast mammogram showing a smooth, well-circumscribed mass suggestive of a benign breast tumor.",/home/woojye2020/decs_jupyter_lab/MedCLIP-SAMv2/UDIAT/Benign/000127.png,"A mammogram with no suspicious masses or malignant findings, indicating a normal scan."
/home/woojye2020/decs_jupyter_lab/MedCLIP-SAMv2/generated_neg_output/udiat_clip_image2prompt_closedform/000127.png,"A mammogram with no suspicious masses or malignant findings, indicating a normal scan.",/home/woojye2020/decs_jupyter_lab/MedCLIP-SAMv2/generated_neg_output/udiat_clip_image2prompt_closedform/000127.png,"A medical breast mammogram showing a smooth, well-circumscribed mass suggestive of a benign breast tumor."
/home/woojye2020/decs_jupyter_lab/MedCLIP-SAMv2/UDIAT/Benign/000127.png,"A mammogram displaying a round, homogeneous mass indicative of a benign breast tumor.",/home/woojye2020/decs_jupyter_lab/MedCLIP-SAMv2/UDIAT/Benign/000127.png,A breast imaging study revealing no signs of benign or malignant tumors.
/home/woojye2020/decs_jupyter_lab/MedCLIP-SAMv2/generated_neg_output/udiat_clip_image2prompt_closedform/000127.png,A breast imaging study revealing no signs of benign or malignant tumors.,/home/woojye2020/decs_jupyter_lab/MedCLIP-SAMv2/generated_neg_output/udiat_clip_image2prompt_closedform/000127.png,"A mammogram displaying a round, homogeneous mass indicative of a benign breast tumor."
/home/woojye2020/decs_jupyter_lab/MedCLIP-SAMv2/UDIAT/Benign/000127.png,"A breast imaging study revealing a well-defined, encapsulated mass likely representing a benign breast tumor.",/home/woojye2020/decs_jupyter_lab/MedCLIP-SAMv2/UDIAT/Benign/000127.png,A mammogram showing symmetrical breast tissue with no focal masses or clinical findings.
/home/woojye2020/decs_jupyter_lab/MedCLIP-SAMv2/generated_neg_output/udiat_clip_image2prompt_closedform/000127.png,A mammogram showing symmetrical breast tissue with no focal masses or clinical findings.,/home/woojye2020/decs_jupyter_lab/MedCLIP-SAMv2/generated_neg_output/udiat_clip_image2prompt_closedform/000127.png,"A breast imaging study revealing a well-defined, encapsulated mass likely representing a benign breast tumor."
/home/woojye2020/decs_jupyter_lab/MedCLIP-SAMv2/UDIAT/Benign/000127.png,"A mammogram showing a sharply marginated, round mass suggestive of a benign breast tumor.",/home/woojye2020/decs_jupyter_lab/MedCLIP-SAMv2/UDIAT/Benign/000127.png,A diagnostic mammogram displaying normal glandular tissue without any detectable lesions.
/home/woojye2020/decs_jupyter_lab/MedCLIP-SAMv2/generated_neg_output/udiat_clip_image2prompt_closedform/000127.png,A diagnostic mammogram displaying normal glandular tissue without any detectable lesions.,/home/woojye2020/decs_jupyter_lab/MedCLIP-SAMv2/generated_neg_output/udiat_clip_image2prompt_closedform/000127.png,"A mammogram showing a sharply marginated, round mass suggestive of a benign breast tumor."
/home/woojye2020/decs_jupyter_lab/MedCLIP-SAMv2/UDIAT/Benign/000128.png,"A medical breast mammogram showing a well-defined, round mass suggestive of a benign breast tumor.",/home/woojye2020/decs_jupyter_lab/MedCLIP-SAMv2/UDIAT/Benign/000128.png,A medical breast mammogram showing normal breast tissue with no evidence of tumor.
/home/woojye2020/decs_jupyter_lab/MedCLIP-SAMv2/generated_neg_output/udiat_clip_image2prompt_closedform/000128.png,A medical breast mammogram showing normal breast tissue with no evidence of tumor.,/home/woojye2020/decs_jupyter_lab/MedCLIP-SAMv2/generated_neg_output/udiat_clip_image2prompt_closedform/000128.png,"A medical breast mammogram showing a well-defined, round mass suggestive of a benign breast tumor."
/home/woojye2020/decs_jupyter_lab/MedCLIP-SAMv2/UDIAT/Benign/000128.png,"A medical breast mammogram showing a smooth, well-circumscribed mass suggestive of a benign breast tumor.",/home/woojye2020/decs_jupyter_lab/MedCLIP-SAMv2/UDIAT/Benign/000128.png,"A mammogram with no suspicious masses or malignant findings, indicating a normal scan."
/home/woojye2020/decs_jupyter_lab/MedCLIP-SAMv2/generated_neg_output/udiat_clip_image2prompt_closedform/000128.png,"A mammogram with no suspicious masses or malignant findings, indicating a normal scan.",/home/woojye2020/decs_jupyter_lab/MedCLIP-SAMv2/generated_neg_output/udiat_clip_image2prompt_closedform/000128.png,"A medical breast mammogram showing a smooth, well-circumscribed mass suggestive of a benign breast tumor."
/home/woojye2020/decs_jupyter_lab/MedCLIP-SAMv2/UDIAT/Benign/000128.png,"A mammogram displaying a round, homogeneous mass indicative of a benign breast tumor.",/home/woojye2020/decs_jupyter_lab/MedCLIP-SAMv2/UDIAT/Benign/000128.png,A breast imaging study revealing no signs of benign or malignant tumors.
/home/woojye2020/decs_jupyter_lab/MedCLIP-SAMv2/generated_neg_output/udiat_clip_image2prompt_closedform/000128.png,A breast imaging study revealing no signs of benign or malignant tumors.,/home/woojye2020/decs_jupyter_lab/MedCLIP-SAMv2/generated_neg_output/udiat_clip_image2prompt_closedform/000128.png,"A mammogram displaying a round, homogeneous mass indicative of a benign breast tumor."
/home/woojye2020/decs_jupyter_lab/MedCLIP-SAMv2/UDIAT/Benign/000128.png,"A breast imaging study revealing a well-defined, encapsulated mass likely representing a benign breast tumor.",/home/woojye2020/decs_jupyter_lab/MedCLIP-SAMv2/UDIAT/Benign/000128.png,A mammogram showing symmetrical breast tissue with no focal masses or clinical findings.
/home/woojye2020/decs_jupyter_lab/MedCLIP-SAMv2/generated_neg_output/udiat_clip_image2prompt_closedform/000128.png,A mammogram showing symmetrical breast tissue with no focal masses or clinical findings.,/home/woojye2020/decs_jupyter_lab/MedCLIP-SAMv2/generated_neg_output/udiat_clip_image2prompt_closedform/000128.png,"A breast imaging study revealing a well-defined, encapsulated mass likely representing a benign breast tumor."
/home/woojye2020/decs_jupyter_lab/MedCLIP-SAMv2/UDIAT/Benign/000128.png,"A mammogram showing a sharply marginated, round mass suggestive of a benign breast tumor.",/home/woojye2020/decs_jupyter_lab/MedCLIP-SAMv2/UDIAT/Benign/000128.png,A diagnostic mammogram displaying normal glandular tissue without any detectable lesions.
/home/woojye2020/decs_jupyter_lab/MedCLIP-SAMv2/generated_neg_output/udiat_clip_image2prompt_closedform/000128.png,A diagnostic mammogram displaying normal glandular tissue without any detectable lesions.,/home/woojye2020/decs_jupyter_lab/MedCLIP-SAMv2/generated_neg_output/udiat_clip_image2prompt_closedform/000128.png,"A mammogram showing a sharply marginated, round mass suggestive of a benign breast tumor."
/home/woojye2020/decs_jupyter_lab/MedCLIP-SAMv2/UDIAT/Benign/000129.png,"A medical breast mammogram showing a well-defined, round mass suggestive of a benign breast tumor.",/home/woojye2020/decs_jupyter_lab/MedCLIP-SAMv2/UDIAT/Benign/000129.png,A medical breast mammogram showing normal breast tissue with no evidence of tumor.
/home/woojye2020/decs_jupyter_lab/MedCLIP-SAMv2/generated_neg_output/udiat_clip_image2prompt_closedform/000129.png,A medical breast mammogram showing normal breast tissue with no evidence of tumor.,/home/woojye2020/decs_jupyter_lab/MedCLIP-SAMv2/generated_neg_output/udiat_clip_image2prompt_closedform/000129.png,"A medical breast mammogram showing a well-defined, round mass suggestive of a benign breast tumor."
/home/woojye2020/decs_jupyter_lab/MedCLIP-SAMv2/UDIAT/Benign/000129.png,"A medical breast mammogram showing a smooth, well-circumscribed mass suggestive of a benign breast tumor.",/home/woojye2020/decs_jupyter_lab/MedCLIP-SAMv2/UDIAT/Benign/000129.png,"A mammogram with no suspicious masses or malignant findings, indicating a normal scan."
/home/woojye2020/decs_jupyter_lab/MedCLIP-SAMv2/generated_neg_output/udiat_clip_image2prompt_closedform/000129.png,"A mammogram with no suspicious masses or malignant findings, indicating a normal scan.",/home/woojye2020/decs_jupyter_lab/MedCLIP-SAMv2/generated_neg_output/udiat_clip_image2prompt_closedform/000129.png,"A medical breast mammogram showing a smooth, well-circumscribed mass suggestive of a benign breast tumor."
/home/woojye2020/decs_jupyter_lab/MedCLIP-SAMv2/UDIAT/Benign/000129.png,"A mammogram displaying a round, homogeneous mass indicative of a benign breast tumor.",/home/woojye2020/decs_jupyter_lab/MedCLIP-SAMv2/UDIAT/Benign/000129.png,A breast imaging study revealing no signs of benign or malignant tumors.
/home/woojye2020/decs_jupyter_lab/MedCLIP-SAMv2/generated_neg_output/udiat_clip_image2prompt_closedform/000129.png,A breast imaging study revealing no signs of benign or malignant tumors.,/home/woojye2020/decs_jupyter_lab/MedCLIP-SAMv2/generated_neg_output/udiat_clip_image2prompt_closedform/000129.png,"A mammogram displaying a round, homogeneous mass indicative of a benign breast tumor."
/home/woojye2020/decs_jupyter_lab/MedCLIP-SAMv2/UDIAT/Benign/000129.png,"A breast imaging study revealing a well-defined, encapsulated mass likely representing a benign breast tumor.",/home/woojye2020/decs_jupyter_lab/MedCLIP-SAMv2/UDIAT/Benign/000129.png,A mammogram showing symmetrical breast tissue with no focal masses or clinical findings.
/home/woojye2020/decs_jupyter_lab/MedCLIP-SAMv2/generated_neg_output/udiat_clip_image2prompt_closedform/000129.png,A mammogram showing symmetrical breast tissue with no focal masses or clinical findings.,/home/woojye2020/decs_jupyter_lab/MedCLIP-SAMv2/generated_neg_output/udiat_clip_image2prompt_closedform/000129.png,"A breast imaging study revealing a well-defined, encapsulated mass likely representing a benign breast tumor."
/home/woojye2020/decs_jupyter_lab/MedCLIP-SAMv2/UDIAT/Benign/000129.png,"A mammogram showing a sharply marginated, round mass suggestive of a benign breast tumor.",/home/woojye2020/decs_jupyter_lab/MedCLIP-SAMv2/UDIAT/Benign/000129.png,A diagnostic mammogram displaying normal glandular tissue without any detectable lesions.
/home/woojye2020/decs_jupyter_lab/MedCLIP-SAMv2/generated_neg_output/udiat_clip_image2prompt_closedform/000129.png,A diagnostic mammogram displaying normal glandular tissue without any detectable lesions.,/home/woojye2020/decs_jupyter_lab/MedCLIP-SAMv2/generated_neg_output/udiat_clip_image2prompt_closedform/000129.png,"A mammogram showing a sharply marginated, round mass suggestive of a benign breast tumor."
/home/woojye2020/decs_jupyter_lab/MedCLIP-SAMv2/UDIAT/Benign/000130.png,"A medical breast mammogram showing a well-defined, round mass suggestive of a benign breast tumor.",/home/woojye2020/decs_jupyter_lab/MedCLIP-SAMv2/UDIAT/Benign/000130.png,A medical breast mammogram showing normal breast tissue with no evidence of tumor.
/home/woojye2020/decs_jupyter_lab/MedCLIP-SAMv2/generated_neg_output/udiat_clip_image2prompt_closedform/000130.png,A medical breast mammogram showing normal breast tissue with no evidence of tumor.,/home/woojye2020/decs_jupyter_lab/MedCLIP-SAMv2/generated_neg_output/udiat_clip_image2prompt_closedform/000130.png,"A medical breast mammogram showing a well-defined, round mass suggestive of a benign breast tumor."
/home/woojye2020/decs_jupyter_lab/MedCLIP-SAMv2/UDIAT/Benign/000130.png,"A medical breast mammogram showing a smooth, well-circumscribed mass suggestive of a benign breast tumor.",/home/woojye2020/decs_jupyter_lab/MedCLIP-SAMv2/UDIAT/Benign/000130.png,"A mammogram with no suspicious masses or malignant findings, indicating a normal scan."
/home/woojye2020/decs_jupyter_lab/MedCLIP-SAMv2/generated_neg_output/udiat_clip_image2prompt_closedform/000130.png,"A mammogram with no suspicious masses or malignant findings, indicating a normal scan.",/home/woojye2020/decs_jupyter_lab/MedCLIP-SAMv2/generated_neg_output/udiat_clip_image2prompt_closedform/000130.png,"A medical breast mammogram showing a smooth, well-circumscribed mass suggestive of a benign breast tumor."
/home/woojye2020/decs_jupyter_lab/MedCLIP-SAMv2/UDIAT/Benign/000130.png,"A mammogram displaying a round, homogeneous mass indicative of a benign breast tumor.",/home/woojye2020/decs_jupyter_lab/MedCLIP-SAMv2/UDIAT/Benign/000130.png,A breast imaging study revealing no signs of benign or malignant tumors.
/home/woojye2020/decs_jupyter_lab/MedCLIP-SAMv2/generated_neg_output/udiat_clip_image2prompt_closedform/000130.png,A breast imaging study revealing no signs of benign or malignant tumors.,/home/woojye2020/decs_jupyter_lab/MedCLIP-SAMv2/generated_neg_output/udiat_clip_image2prompt_closedform/000130.png,"A mammogram displaying a round, homogeneous mass indicative of a benign breast tumor."
/home/woojye2020/decs_jupyter_lab/MedCLIP-SAMv2/UDIAT/Benign/000130.png,"A breast imaging study revealing a well-defined, encapsulated mass likely representing a benign breast tumor.",/home/woojye2020/decs_jupyter_lab/MedCLIP-SAMv2/UDIAT/Benign/000130.png,A mammogram showing symmetrical breast tissue with no focal masses or clinical findings.
/home/woojye2020/decs_jupyter_lab/MedCLIP-SAMv2/generated_neg_output/udiat_clip_image2prompt_closedform/000130.png,A mammogram showing symmetrical breast tissue with no focal masses or clinical findings.,/home/woojye2020/decs_jupyter_lab/MedCLIP-SAMv2/generated_neg_output/udiat_clip_image2prompt_closedform/000130.png,"A breast imaging study revealing a well-defined, encapsulated mass likely representing a benign breast tumor."
/home/woojye2020/decs_jupyter_lab/MedCLIP-SAMv2/UDIAT/Benign/000130.png,"A mammogram showing a sharply marginated, round mass suggestive of a benign breast tumor.",/home/woojye2020/decs_jupyter_lab/MedCLIP-SAMv2/UDIAT/Benign/000130.png,A diagnostic mammogram displaying normal glandular tissue without any detectable lesions.
/home/woojye2020/decs_jupyter_lab/MedCLIP-SAMv2/generated_neg_output/udiat_clip_image2prompt_closedform/000130.png,A diagnostic mammogram displaying normal glandular tissue without any detectable lesions.,/home/woojye2020/decs_jupyter_lab/MedCLIP-SAMv2/generated_neg_output/udiat_clip_image2prompt_closedform/000130.png,"A mammogram showing a sharply marginated, round mass suggestive of a benign breast tumor."
/home/woojye2020/decs_jupyter_lab/MedCLIP-SAMv2/UDIAT/Benign/000131.png,"A medical breast mammogram showing a well-defined, round mass suggestive of a benign breast tumor.",/home/woojye2020/decs_jupyter_lab/MedCLIP-SAMv2/UDIAT/Benign/000131.png,A medical breast mammogram showing normal breast tissue with no evidence of tumor.
/home/woojye2020/decs_jupyter_lab/MedCLIP-SAMv2/generated_neg_output/udiat_clip_image2prompt_closedform/000131.png,A medical breast mammogram showing normal breast tissue with no evidence of tumor.,/home/woojye2020/decs_jupyter_lab/MedCLIP-SAMv2/generated_neg_output/udiat_clip_image2prompt_closedform/000131.png,"A medical breast mammogram showing a well-defined, round mass suggestive of a benign breast tumor."
/home/woojye2020/decs_jupyter_lab/MedCLIP-SAMv2/UDIAT/Benign/000131.png,"A medical breast mammogram showing a smooth, well-circumscribed mass suggestive of a benign breast tumor.",/home/woojye2020/decs_jupyter_lab/MedCLIP-SAMv2/UDIAT/Benign/000131.png,"A mammogram with no suspicious masses or malignant findings, indicating a normal scan."
/home/woojye2020/decs_jupyter_lab/MedCLIP-SAMv2/generated_neg_output/udiat_clip_image2prompt_closedform/000131.png,"A mammogram with no suspicious masses or malignant findings, indicating a normal scan.",/home/woojye2020/decs_jupyter_lab/MedCLIP-SAMv2/generated_neg_output/udiat_clip_image2prompt_closedform/000131.png,"A medical breast mammogram showing a smooth, well-circumscribed mass suggestive of a benign breast tumor."
/home/woojye2020/decs_jupyter_lab/MedCLIP-SAMv2/UDIAT/Benign/000131.png,"A mammogram displaying a round, homogeneous mass indicative of a benign breast tumor.",/home/woojye2020/decs_jupyter_lab/MedCLIP-SAMv2/UDIAT/Benign/000131.png,A breast imaging study revealing no signs of benign or malignant tumors.
/home/woojye2020/decs_jupyter_lab/MedCLIP-SAMv2/generated_neg_output/udiat_clip_image2prompt_closedform/000131.png,A breast imaging study revealing no signs of benign or malignant tumors.,/home/woojye2020/decs_jupyter_lab/MedCLIP-SAMv2/generated_neg_output/udiat_clip_image2prompt_closedform/000131.png,"A mammogram displaying a round, homogeneous mass indicative of a benign breast tumor."
/home/woojye2020/decs_jupyter_lab/MedCLIP-SAMv2/UDIAT/Benign/000131.png,"A breast imaging study revealing a well-defined, encapsulated mass likely representing a benign breast tumor.",/home/woojye2020/decs_jupyter_lab/MedCLIP-SAMv2/UDIAT/Benign/000131.png,A mammogram showing symmetrical breast tissue with no focal masses or clinical findings.
/home/woojye2020/decs_jupyter_lab/MedCLIP-SAMv2/generated_neg_output/udiat_clip_image2prompt_closedform/000131.png,A mammogram showing symmetrical breast tissue with no focal masses or clinical findings.,/home/woojye2020/decs_jupyter_lab/MedCLIP-SAMv2/generated_neg_output/udiat_clip_image2prompt_closedform/000131.png,"A breast imaging study revealing a well-defined, encapsulated mass likely representing a benign breast tumor."
/home/woojye2020/decs_jupyter_lab/MedCLIP-SAMv2/UDIAT/Benign/000131.png,"A mammogram showing a sharply marginated, round mass suggestive of a benign breast tumor.",/home/woojye2020/decs_jupyter_lab/MedCLIP-SAMv2/UDIAT/Benign/000131.png,A diagnostic mammogram displaying normal glandular tissue without any detectable lesions.
/home/woojye2020/decs_jupyter_lab/MedCLIP-SAMv2/generated_neg_output/udiat_clip_image2prompt_closedform/000131.png,A diagnostic mammogram displaying normal glandular tissue without any detectable lesions.,/home/woojye2020/decs_jupyter_lab/MedCLIP-SAMv2/generated_neg_output/udiat_clip_image2prompt_closedform/000131.png,"A mammogram showing a sharply marginated, round mass suggestive of a benign breast tumor."
/home/woojye2020/decs_jupyter_lab/MedCLIP-SAMv2/UDIAT/Malignant/000132.png,"A medical breast mammogram showing an irregularly shaped, spiculated mass suggestive of a malignant breast tumor.",/home/woojye2020/decs_jupyter_lab/MedCLIP-SAMv2/UDIAT/Malignant/000132.png,A medical breast mammogram showing normal breast tissue with no evidence of tumor.
/home/woojye2020/decs_jupyter_lab/MedCLIP-SAMv2/generated_neg_output/udiat_clip_image2prompt_closedform/000132.png,A medical breast mammogram showing normal breast tissue with no evidence of tumor.,/home/woojye2020/decs_jupyter_lab/MedCLIP-SAMv2/generated_neg_output/udiat_clip_image2prompt_closedform/000132.png,"A medical breast mammogram showing an irregularly shaped, spiculated mass suggestive of a malignant breast tumor."
/home/woojye2020/decs_jupyter_lab/MedCLIP-SAMv2/UDIAT/Malignant/000132.png,"A medical breast mammogram showing an irregular, spiculated mass suggestive of a malignant breast tumor.",/home/woojye2020/decs_jupyter_lab/MedCLIP-SAMv2/UDIAT/Malignant/000132.png,"A mammogram with no suspicious masses or malignant findings, indicating a normal scan."
/home/woojye2020/decs_jupyter_lab/MedCLIP-SAMv2/generated_neg_output/udiat_clip_image2prompt_closedform/000132.png,"A mammogram with no suspicious masses or malignant findings, indicating a normal scan.",/home/woojye2020/decs_jupyter_lab/MedCLIP-SAMv2/generated_neg_output/udiat_clip_image2prompt_closedform/000132.png,"A medical breast mammogram showing an irregular, spiculated mass suggestive of a malignant breast tumor."
/home/woojye2020/decs_jupyter_lab/MedCLIP-SAMv2/UDIAT/Malignant/000132.png,"A mammogram displaying a poorly defined, lobulated mass indicative of a malignant breast tumor.",/home/woojye2020/decs_jupyter_lab/MedCLIP-SAMv2/UDIAT/Malignant/000132.png,A breast imaging study revealing no signs of benign or malignant tumors.
/home/woojye2020/decs_jupyter_lab/MedCLIP-SAMv2/generated_neg_output/udiat_clip_image2prompt_closedform/000132.png,A breast imaging study revealing no signs of benign or malignant tumors.,/home/woojye2020/decs_jupyter_lab/MedCLIP-SAMv2/generated_neg_output/udiat_clip_image2prompt_closedform/000132.png,"A mammogram displaying a poorly defined, lobulated mass indicative of a malignant breast tumor."
/home/woojye2020/decs_jupyter_lab/MedCLIP-SAMv2/UDIAT/Malignant/000132.png,"A breast imaging study revealing an irregularly shaped, invasive mass likely representing a malignant breast tumor.",/home/woojye2020/decs_jupyter_lab/MedCLIP-SAMv2/UDIAT/Malignant/000132.png,A mammogram showing symmetrical breast tissue with no focal masses or clinical findings.
/home/woojye2020/decs_jupyter_lab/MedCLIP-SAMv2/generated_neg_output/udiat_clip_image2prompt_closedform/000132.png,A mammogram showing symmetrical breast tissue with no focal masses or clinical findings.,/home/woojye2020/decs_jupyter_lab/MedCLIP-SAMv2/generated_neg_output/udiat_clip_image2prompt_closedform/000132.png,"A breast imaging study revealing an irregularly shaped, invasive mass likely representing a malignant breast tumor."
/home/woojye2020/decs_jupyter_lab/MedCLIP-SAMv2/UDIAT/Malignant/000132.png,"A mammogram showing a dense, spiculated mass suggestive of a malignant breast tumor.",/home/woojye2020/decs_jupyter_lab/MedCLIP-SAMv2/UDIAT/Malignant/000132.png,A diagnostic mammogram displaying normal glandular tissue without any detectable lesions.
/home/woojye2020/decs_jupyter_lab/MedCLIP-SAMv2/generated_neg_output/udiat_clip_image2prompt_closedform/000132.png,A diagnostic mammogram displaying normal glandular tissue without any detectable lesions.,/home/woojye2020/decs_jupyter_lab/MedCLIP-SAMv2/generated_neg_output/udiat_clip_image2prompt_closedform/000132.png,"A mammogram showing a dense, spiculated mass suggestive of a malignant breast tumor."
/home/woojye2020/decs_jupyter_lab/MedCLIP-SAMv2/UDIAT/Malignant/000133.png,"A medical breast mammogram showing an irregularly shaped, spiculated mass suggestive of a malignant breast tumor.",/home/woojye2020/decs_jupyter_lab/MedCLIP-SAMv2/UDIAT/Malignant/000133.png,A medical breast mammogram showing normal breast tissue with no evidence of tumor.
/home/woojye2020/decs_jupyter_lab/MedCLIP-SAMv2/generated_neg_output/udiat_clip_image2prompt_closedform/000133.png,A medical breast mammogram showing normal breast tissue with no evidence of tumor.,/home/woojye2020/decs_jupyter_lab/MedCLIP-SAMv2/generated_neg_output/udiat_clip_image2prompt_closedform/000133.png,"A medical breast mammogram showing an irregularly shaped, spiculated mass suggestive of a malignant breast tumor."
/home/woojye2020/decs_jupyter_lab/MedCLIP-SAMv2/UDIAT/Malignant/000133.png,"A medical breast mammogram showing an irregular, spiculated mass suggestive of a malignant breast tumor.",/home/woojye2020/decs_jupyter_lab/MedCLIP-SAMv2/UDIAT/Malignant/000133.png,"A mammogram with no suspicious masses or malignant findings, indicating a normal scan."
/home/woojye2020/decs_jupyter_lab/MedCLIP-SAMv2/generated_neg_output/udiat_clip_image2prompt_closedform/000133.png,"A mammogram with no suspicious masses or malignant findings, indicating a normal scan.",/home/woojye2020/decs_jupyter_lab/MedCLIP-SAMv2/generated_neg_output/udiat_clip_image2prompt_closedform/000133.png,"A medical breast mammogram showing an irregular, spiculated mass suggestive of a malignant breast tumor."
/home/woojye2020/decs_jupyter_lab/MedCLIP-SAMv2/UDIAT/Malignant/000133.png,"A mammogram displaying a poorly defined, lobulated mass indicative of a malignant breast tumor.",/home/woojye2020/decs_jupyter_lab/MedCLIP-SAMv2/UDIAT/Malignant/000133.png,A breast imaging study revealing no signs of benign or malignant tumors.
/home/woojye2020/decs_jupyter_lab/MedCLIP-SAMv2/generated_neg_output/udiat_clip_image2prompt_closedform/000133.png,A breast imaging study revealing no signs of benign or malignant tumors.,/home/woojye2020/decs_jupyter_lab/MedCLIP-SAMv2/generated_neg_output/udiat_clip_image2prompt_closedform/000133.png,"A mammogram displaying a poorly defined, lobulated mass indicative of a malignant breast tumor."
/home/woojye2020/decs_jupyter_lab/MedCLIP-SAMv2/UDIAT/Malignant/000133.png,"A breast imaging study revealing an irregularly shaped, invasive mass likely representing a malignant breast tumor.",/home/woojye2020/decs_jupyter_lab/MedCLIP-SAMv2/UDIAT/Malignant/000133.png,A mammogram showing symmetrical breast tissue with no focal masses or clinical findings.
/home/woojye2020/decs_jupyter_lab/MedCLIP-SAMv2/generated_neg_output/udiat_clip_image2prompt_closedform/000133.png,A mammogram showing symmetrical breast tissue with no focal masses or clinical findings.,/home/woojye2020/decs_jupyter_lab/MedCLIP-SAMv2/generated_neg_output/udiat_clip_image2prompt_closedform/000133.png,"A breast imaging study revealing an irregularly shaped, invasive mass likely representing a malignant breast tumor."
/home/woojye2020/decs_jupyter_lab/MedCLIP-SAMv2/UDIAT/Malignant/000133.png,"A mammogram showing a dense, spiculated mass suggestive of a malignant breast tumor.",/home/woojye2020/decs_jupyter_lab/MedCLIP-SAMv2/UDIAT/Malignant/000133.png,A diagnostic mammogram displaying normal glandular tissue without any detectable lesions.
/home/woojye2020/decs_jupyter_lab/MedCLIP-SAMv2/generated_neg_output/udiat_clip_image2prompt_closedform/000133.png,A diagnostic mammogram displaying normal glandular tissue without any detectable lesions.,/home/woojye2020/decs_jupyter_lab/MedCLIP-SAMv2/generated_neg_output/udiat_clip_image2prompt_closedform/000133.png,"A mammogram showing a dense, spiculated mass suggestive of a malignant breast tumor."
/home/woojye2020/decs_jupyter_lab/MedCLIP-SAMv2/UDIAT/Malignant/000134.png,"A medical breast mammogram showing an irregularly shaped, spiculated mass suggestive of a malignant breast tumor.",/home/woojye2020/decs_jupyter_lab/MedCLIP-SAMv2/UDIAT/Malignant/000134.png,A medical breast mammogram showing normal breast tissue with no evidence of tumor.
/home/woojye2020/decs_jupyter_lab/MedCLIP-SAMv2/generated_neg_output/udiat_clip_image2prompt_closedform/000134.png,A medical breast mammogram showing normal breast tissue with no evidence of tumor.,/home/woojye2020/decs_jupyter_lab/MedCLIP-SAMv2/generated_neg_output/udiat_clip_image2prompt_closedform/000134.png,"A medical breast mammogram showing an irregularly shaped, spiculated mass suggestive of a malignant breast tumor."
/home/woojye2020/decs_jupyter_lab/MedCLIP-SAMv2/UDIAT/Malignant/000134.png,"A medical breast mammogram showing an irregular, spiculated mass suggestive of a malignant breast tumor.",/home/woojye2020/decs_jupyter_lab/MedCLIP-SAMv2/UDIAT/Malignant/000134.png,"A mammogram with no suspicious masses or malignant findings, indicating a normal scan."
/home/woojye2020/decs_jupyter_lab/MedCLIP-SAMv2/generated_neg_output/udiat_clip_image2prompt_closedform/000134.png,"A mammogram with no suspicious masses or malignant findings, indicating a normal scan.",/home/woojye2020/decs_jupyter_lab/MedCLIP-SAMv2/generated_neg_output/udiat_clip_image2prompt_closedform/000134.png,"A medical breast mammogram showing an irregular, spiculated mass suggestive of a malignant breast tumor."
/home/woojye2020/decs_jupyter_lab/MedCLIP-SAMv2/UDIAT/Malignant/000134.png,"A mammogram displaying a poorly defined, lobulated mass indicative of a malignant breast tumor.",/home/woojye2020/decs_jupyter_lab/MedCLIP-SAMv2/UDIAT/Malignant/000134.png,A breast imaging study revealing no signs of benign or malignant tumors.
/home/woojye2020/decs_jupyter_lab/MedCLIP-SAMv2/generated_neg_output/udiat_clip_image2prompt_closedform/000134.png,A breast imaging study revealing no signs of benign or malignant tumors.,/home/woojye2020/decs_jupyter_lab/MedCLIP-SAMv2/generated_neg_output/udiat_clip_image2prompt_closedform/000134.png,"A mammogram displaying a poorly defined, lobulated mass indicative of a malignant breast tumor."
/home/woojye2020/decs_jupyter_lab/MedCLIP-SAMv2/UDIAT/Malignant/000134.png,"A breast imaging study revealing an irregularly shaped, invasive mass likely representing a malignant breast tumor.",/home/woojye2020/decs_jupyter_lab/MedCLIP-SAMv2/UDIAT/Malignant/000134.png,A mammogram showing symmetrical breast tissue with no focal masses or clinical findings.
/home/woojye2020/decs_jupyter_lab/MedCLIP-SAMv2/generated_neg_output/udiat_clip_image2prompt_closedform/000134.png,A mammogram showing symmetrical breast tissue with no focal masses or clinical findings.,/home/woojye2020/decs_jupyter_lab/MedCLIP-SAMv2/generated_neg_output/udiat_clip_image2prompt_closedform/000134.png,"A breast imaging study revealing an irregularly shaped, invasive mass likely representing a malignant breast tumor."
/home/woojye2020/decs_jupyter_lab/MedCLIP-SAMv2/UDIAT/Malignant/000134.png,"A mammogram showing a dense, spiculated mass suggestive of a malignant breast tumor.",/home/woojye2020/decs_jupyter_lab/MedCLIP-SAMv2/UDIAT/Malignant/000134.png,A diagnostic mammogram displaying normal glandular tissue without any detectable lesions.
/home/woojye2020/decs_jupyter_lab/MedCLIP-SAMv2/generated_neg_output/udiat_clip_image2prompt_closedform/000134.png,A diagnostic mammogram displaying normal glandular tissue without any detectable lesions.,/home/woojye2020/decs_jupyter_lab/MedCLIP-SAMv2/generated_neg_output/udiat_clip_image2prompt_closedform/000134.png,"A mammogram showing a dense, spiculated mass suggestive of a malignant breast tumor."
/home/woojye2020/decs_jupyter_lab/MedCLIP-SAMv2/UDIAT/Malignant/000135.png,"A medical breast mammogram showing an irregularly shaped, spiculated mass suggestive of a malignant breast tumor.",/home/woojye2020/decs_jupyter_lab/MedCLIP-SAMv2/UDIAT/Malignant/000135.png,A medical breast mammogram showing normal breast tissue with no evidence of tumor.
/home/woojye2020/decs_jupyter_lab/MedCLIP-SAMv2/generated_neg_output/udiat_clip_image2prompt_closedform/000135.png,A medical breast mammogram showing normal breast tissue with no evidence of tumor.,/home/woojye2020/decs_jupyter_lab/MedCLIP-SAMv2/generated_neg_output/udiat_clip_image2prompt_closedform/000135.png,"A medical breast mammogram showing an irregularly shaped, spiculated mass suggestive of a malignant breast tumor."
/home/woojye2020/decs_jupyter_lab/MedCLIP-SAMv2/UDIAT/Malignant/000135.png,"A medical breast mammogram showing an irregular, spiculated mass suggestive of a malignant breast tumor.",/home/woojye2020/decs_jupyter_lab/MedCLIP-SAMv2/UDIAT/Malignant/000135.png,"A mammogram with no suspicious masses or malignant findings, indicating a normal scan."
/home/woojye2020/decs_jupyter_lab/MedCLIP-SAMv2/generated_neg_output/udiat_clip_image2prompt_closedform/000135.png,"A mammogram with no suspicious masses or malignant findings, indicating a normal scan.",/home/woojye2020/decs_jupyter_lab/MedCLIP-SAMv2/generated_neg_output/udiat_clip_image2prompt_closedform/000135.png,"A medical breast mammogram showing an irregular, spiculated mass suggestive of a malignant breast tumor."
/home/woojye2020/decs_jupyter_lab/MedCLIP-SAMv2/UDIAT/Malignant/000135.png,"A mammogram displaying a poorly defined, lobulated mass indicative of a malignant breast tumor.",/home/woojye2020/decs_jupyter_lab/MedCLIP-SAMv2/UDIAT/Malignant/000135.png,A breast imaging study revealing no signs of benign or malignant tumors.
/home/woojye2020/decs_jupyter_lab/MedCLIP-SAMv2/generated_neg_output/udiat_clip_image2prompt_closedform/000135.png,A breast imaging study revealing no signs of benign or malignant tumors.,/home/woojye2020/decs_jupyter_lab/MedCLIP-SAMv2/generated_neg_output/udiat_clip_image2prompt_closedform/000135.png,"A mammogram displaying a poorly defined, lobulated mass indicative of a malignant breast tumor."
/home/woojye2020/decs_jupyter_lab/MedCLIP-SAMv2/UDIAT/Malignant/000135.png,"A breast imaging study revealing an irregularly shaped, invasive mass likely representing a malignant breast tumor.",/home/woojye2020/decs_jupyter_lab/MedCLIP-SAMv2/UDIAT/Malignant/000135.png,A mammogram showing symmetrical breast tissue with no focal masses or clinical findings.
/home/woojye2020/decs_jupyter_lab/MedCLIP-SAMv2/generated_neg_output/udiat_clip_image2prompt_closedform/000135.png,A mammogram showing symmetrical breast tissue with no focal masses or clinical findings.,/home/woojye2020/decs_jupyter_lab/MedCLIP-SAMv2/generated_neg_output/udiat_clip_image2prompt_closedform/000135.png,"A breast imaging study revealing an irregularly shaped, invasive mass likely representing a malignant breast tumor."
/home/woojye2020/decs_jupyter_lab/MedCLIP-SAMv2/UDIAT/Malignant/000135.png,"A mammogram showing a dense, spiculated mass suggestive of a malignant breast tumor.",/home/woojye2020/decs_jupyter_lab/MedCLIP-SAMv2/UDIAT/Malignant/000135.png,A diagnostic mammogram displaying normal glandular tissue without any detectable lesions.
/home/woojye2020/decs_jupyter_lab/MedCLIP-SAMv2/generated_neg_output/udiat_clip_image2prompt_closedform/000135.png,A diagnostic mammogram displaying normal glandular tissue without any detectable lesions.,/home/woojye2020/decs_jupyter_lab/MedCLIP-SAMv2/generated_neg_output/udiat_clip_image2prompt_closedform/000135.png,"A mammogram showing a dense, spiculated mass suggestive of a malignant breast tumor."
/home/woojye2020/decs_jupyter_lab/MedCLIP-SAMv2/UDIAT/Malignant/000136.png,"A medical breast mammogram showing an irregularly shaped, spiculated mass suggestive of a malignant breast tumor.",/home/woojye2020/decs_jupyter_lab/MedCLIP-SAMv2/UDIAT/Malignant/000136.png,A medical breast mammogram showing normal breast tissue with no evidence of tumor.
/home/woojye2020/decs_jupyter_lab/MedCLIP-SAMv2/generated_neg_output/udiat_clip_image2prompt_closedform/000136.png,A medical breast mammogram showing normal breast tissue with no evidence of tumor.,/home/woojye2020/decs_jupyter_lab/MedCLIP-SAMv2/generated_neg_output/udiat_clip_image2prompt_closedform/000136.png,"A medical breast mammogram showing an irregularly shaped, spiculated mass suggestive of a malignant breast tumor."
/home/woojye2020/decs_jupyter_lab/MedCLIP-SAMv2/UDIAT/Malignant/000136.png,"A medical breast mammogram showing an irregular, spiculated mass suggestive of a malignant breast tumor.",/home/woojye2020/decs_jupyter_lab/MedCLIP-SAMv2/UDIAT/Malignant/000136.png,"A mammogram with no suspicious masses or malignant findings, indicating a normal scan."
/home/woojye2020/decs_jupyter_lab/MedCLIP-SAMv2/generated_neg_output/udiat_clip_image2prompt_closedform/000136.png,"A mammogram with no suspicious masses or malignant findings, indicating a normal scan.",/home/woojye2020/decs_jupyter_lab/MedCLIP-SAMv2/generated_neg_output/udiat_clip_image2prompt_closedform/000136.png,"A medical breast mammogram showing an irregular, spiculated mass suggestive of a malignant breast tumor."
/home/woojye2020/decs_jupyter_lab/MedCLIP-SAMv2/UDIAT/Malignant/000136.png,"A mammogram displaying a poorly defined, lobulated mass indicative of a malignant breast tumor.",/home/woojye2020/decs_jupyter_lab/MedCLIP-SAMv2/UDIAT/Malignant/000136.png,A breast imaging study revealing no signs of benign or malignant tumors.
/home/woojye2020/decs_jupyter_lab/MedCLIP-SAMv2/generated_neg_output/udiat_clip_image2prompt_closedform/000136.png,A breast imaging study revealing no signs of benign or malignant tumors.,/home/woojye2020/decs_jupyter_lab/MedCLIP-SAMv2/generated_neg_output/udiat_clip_image2prompt_closedform/000136.png,"A mammogram displaying a poorly defined, lobulated mass indicative of a malignant breast tumor."
/home/woojye2020/decs_jupyter_lab/MedCLIP-SAMv2/UDIAT/Malignant/000136.png,"A breast imaging study revealing an irregularly shaped, invasive mass likely representing a malignant breast tumor.",/home/woojye2020/decs_jupyter_lab/MedCLIP-SAMv2/UDIAT/Malignant/000136.png,A mammogram showing symmetrical breast tissue with no focal masses or clinical findings.
/home/woojye2020/decs_jupyter_lab/MedCLIP-SAMv2/generated_neg_output/udiat_clip_image2prompt_closedform/000136.png,A mammogram showing symmetrical breast tissue with no focal masses or clinical findings.,/home/woojye2020/decs_jupyter_lab/MedCLIP-SAMv2/generated_neg_output/udiat_clip_image2prompt_closedform/000136.png,"A breast imaging study revealing an irregularly shaped, invasive mass likely representing a malignant breast tumor."
/home/woojye2020/decs_jupyter_lab/MedCLIP-SAMv2/UDIAT/Malignant/000136.png,"A mammogram showing a dense, spiculated mass suggestive of a malignant breast tumor.",/home/woojye2020/decs_jupyter_lab/MedCLIP-SAMv2/UDIAT/Malignant/000136.png,A diagnostic mammogram displaying normal glandular tissue without any detectable lesions.
/home/woojye2020/decs_jupyter_lab/MedCLIP-SAMv2/generated_neg_output/udiat_clip_image2prompt_closedform/000136.png,A diagnostic mammogram displaying normal glandular tissue without any detectable lesions.,/home/woojye2020/decs_jupyter_lab/MedCLIP-SAMv2/generated_neg_output/udiat_clip_image2prompt_closedform/000136.png,"A mammogram showing a dense, spiculated mass suggestive of a malignant breast tumor."
/home/woojye2020/decs_jupyter_lab/MedCLIP-SAMv2/UDIAT/Malignant/000137.png,"A medical breast mammogram showing an irregularly shaped, spiculated mass suggestive of a malignant breast tumor.",/home/woojye2020/decs_jupyter_lab/MedCLIP-SAMv2/UDIAT/Malignant/000137.png,A medical breast mammogram showing normal breast tissue with no evidence of tumor.
/home/woojye2020/decs_jupyter_lab/MedCLIP-SAMv2/generated_neg_output/udiat_clip_image2prompt_closedform/000137.png,A medical breast mammogram showing normal breast tissue with no evidence of tumor.,/home/woojye2020/decs_jupyter_lab/MedCLIP-SAMv2/generated_neg_output/udiat_clip_image2prompt_closedform/000137.png,"A medical breast mammogram showing an irregularly shaped, spiculated mass suggestive of a malignant breast tumor."
/home/woojye2020/decs_jupyter_lab/MedCLIP-SAMv2/UDIAT/Malignant/000137.png,"A medical breast mammogram showing an irregular, spiculated mass suggestive of a malignant breast tumor.",/home/woojye2020/decs_jupyter_lab/MedCLIP-SAMv2/UDIAT/Malignant/000137.png,"A mammogram with no suspicious masses or malignant findings, indicating a normal scan."
/home/woojye2020/decs_jupyter_lab/MedCLIP-SAMv2/generated_neg_output/udiat_clip_image2prompt_closedform/000137.png,"A mammogram with no suspicious masses or malignant findings, indicating a normal scan.",/home/woojye2020/decs_jupyter_lab/MedCLIP-SAMv2/generated_neg_output/udiat_clip_image2prompt_closedform/000137.png,"A medical breast mammogram showing an irregular, spiculated mass suggestive of a malignant breast tumor."
/home/woojye2020/decs_jupyter_lab/MedCLIP-SAMv2/UDIAT/Malignant/000137.png,"A mammogram displaying a poorly defined, lobulated mass indicative of a malignant breast tumor.",/home/woojye2020/decs_jupyter_lab/MedCLIP-SAMv2/UDIAT/Malignant/000137.png,A breast imaging study revealing no signs of benign or malignant tumors.
/home/woojye2020/decs_jupyter_lab/MedCLIP-SAMv2/generated_neg_output/udiat_clip_image2prompt_closedform/000137.png,A breast imaging study revealing no signs of benign or malignant tumors.,/home/woojye2020/decs_jupyter_lab/MedCLIP-SAMv2/generated_neg_output/udiat_clip_image2prompt_closedform/000137.png,"A mammogram displaying a poorly defined, lobulated mass indicative of a malignant breast tumor."
/home/woojye2020/decs_jupyter_lab/MedCLIP-SAMv2/UDIAT/Malignant/000137.png,"A breast imaging study revealing an irregularly shaped, invasive mass likely representing a malignant breast tumor.",/home/woojye2020/decs_jupyter_lab/MedCLIP-SAMv2/UDIAT/Malignant/000137.png,A mammogram showing symmetrical breast tissue with no focal masses or clinical findings.
/home/woojye2020/decs_jupyter_lab/MedCLIP-SAMv2/generated_neg_output/udiat_clip_image2prompt_closedform/000137.png,A mammogram showing symmetrical breast tissue with no focal masses or clinical findings.,/home/woojye2020/decs_jupyter_lab/MedCLIP-SAMv2/generated_neg_output/udiat_clip_image2prompt_closedform/000137.png,"A breast imaging study revealing an irregularly shaped, invasive mass likely representing a malignant breast tumor."
/home/woojye2020/decs_jupyter_lab/MedCLIP-SAMv2/UDIAT/Malignant/000137.png,"A mammogram showing a dense, spiculated mass suggestive of a malignant breast tumor.",/home/woojye2020/decs_jupyter_lab/MedCLIP-SAMv2/UDIAT/Malignant/000137.png,A diagnostic mammogram displaying normal glandular tissue without any detectable lesions.
/home/woojye2020/decs_jupyter_lab/MedCLIP-SAMv2/generated_neg_output/udiat_clip_image2prompt_closedform/000137.png,A diagnostic mammogram displaying normal glandular tissue without any detectable lesions.,/home/woojye2020/decs_jupyter_lab/MedCLIP-SAMv2/generated_neg_output/udiat_clip_image2prompt_closedform/000137.png,"A mammogram showing a dense, spiculated mass suggestive of a malignant breast tumor."
/home/woojye2020/decs_jupyter_lab/MedCLIP-SAMv2/UDIAT/Malignant/000138.png,"A medical breast mammogram showing an irregularly shaped, spiculated mass suggestive of a malignant breast tumor.",/home/woojye2020/decs_jupyter_lab/MedCLIP-SAMv2/UDIAT/Malignant/000138.png,A medical breast mammogram showing normal breast tissue with no evidence of tumor.
/home/woojye2020/decs_jupyter_lab/MedCLIP-SAMv2/generated_neg_output/udiat_clip_image2prompt_closedform/000138.png,A medical breast mammogram showing normal breast tissue with no evidence of tumor.,/home/woojye2020/decs_jupyter_lab/MedCLIP-SAMv2/generated_neg_output/udiat_clip_image2prompt_closedform/000138.png,"A medical breast mammogram showing an irregularly shaped, spiculated mass suggestive of a malignant breast tumor."
/home/woojye2020/decs_jupyter_lab/MedCLIP-SAMv2/UDIAT/Malignant/000138.png,"A medical breast mammogram showing an irregular, spiculated mass suggestive of a malignant breast tumor.",/home/woojye2020/decs_jupyter_lab/MedCLIP-SAMv2/UDIAT/Malignant/000138.png,"A mammogram with no suspicious masses or malignant findings, indicating a normal scan."
/home/woojye2020/decs_jupyter_lab/MedCLIP-SAMv2/generated_neg_output/udiat_clip_image2prompt_closedform/000138.png,"A mammogram with no suspicious masses or malignant findings, indicating a normal scan.",/home/woojye2020/decs_jupyter_lab/MedCLIP-SAMv2/generated_neg_output/udiat_clip_image2prompt_closedform/000138.png,"A medical breast mammogram showing an irregular, spiculated mass suggestive of a malignant breast tumor."
/home/woojye2020/decs_jupyter_lab/MedCLIP-SAMv2/UDIAT/Malignant/000138.png,"A mammogram displaying a poorly defined, lobulated mass indicative of a malignant breast tumor.",/home/woojye2020/decs_jupyter_lab/MedCLIP-SAMv2/UDIAT/Malignant/000138.png,A breast imaging study revealing no signs of benign or malignant tumors.
/home/woojye2020/decs_jupyter_lab/MedCLIP-SAMv2/generated_neg_output/udiat_clip_image2prompt_closedform/000138.png,A breast imaging study revealing no signs of benign or malignant tumors.,/home/woojye2020/decs_jupyter_lab/MedCLIP-SAMv2/generated_neg_output/udiat_clip_image2prompt_closedform/000138.png,"A mammogram displaying a poorly defined, lobulated mass indicative of a malignant breast tumor."
/home/woojye2020/decs_jupyter_lab/MedCLIP-SAMv2/UDIAT/Malignant/000138.png,"A breast imaging study revealing an irregularly shaped, invasive mass likely representing a malignant breast tumor.",/home/woojye2020/decs_jupyter_lab/MedCLIP-SAMv2/UDIAT/Malignant/000138.png,A mammogram showing symmetrical breast tissue with no focal masses or clinical findings.
/home/woojye2020/decs_jupyter_lab/MedCLIP-SAMv2/generated_neg_output/udiat_clip_image2prompt_closedform/000138.png,A mammogram showing symmetrical breast tissue with no focal masses or clinical findings.,/home/woojye2020/decs_jupyter_lab/MedCLIP-SAMv2/generated_neg_output/udiat_clip_image2prompt_closedform/000138.png,"A breast imaging study revealing an irregularly shaped, invasive mass likely representing a malignant breast tumor."
/home/woojye2020/decs_jupyter_lab/MedCLIP-SAMv2/UDIAT/Malignant/000138.png,"A mammogram showing a dense, spiculated mass suggestive of a malignant breast tumor.",/home/woojye2020/decs_jupyter_lab/MedCLIP-SAMv2/UDIAT/Malignant/000138.png,A diagnostic mammogram displaying normal glandular tissue without any detectable lesions.
/home/woojye2020/decs_jupyter_lab/MedCLIP-SAMv2/generated_neg_output/udiat_clip_image2prompt_closedform/000138.png,A diagnostic mammogram displaying normal glandular tissue without any detectable lesions.,/home/woojye2020/decs_jupyter_lab/MedCLIP-SAMv2/generated_neg_output/udiat_clip_image2prompt_closedform/000138.png,"A mammogram showing a dense, spiculated mass suggestive of a malignant breast tumor."
/home/woojye2020/decs_jupyter_lab/MedCLIP-SAMv2/UDIAT/Malignant/000139.png,"A medical breast mammogram showing an irregularly shaped, spiculated mass suggestive of a malignant breast tumor.",/home/woojye2020/decs_jupyter_lab/MedCLIP-SAMv2/UDIAT/Malignant/000139.png,A medical breast mammogram showing normal breast tissue with no evidence of tumor.
/home/woojye2020/decs_jupyter_lab/MedCLIP-SAMv2/generated_neg_output/udiat_clip_image2prompt_closedform/000139.png,A medical breast mammogram showing normal breast tissue with no evidence of tumor.,/home/woojye2020/decs_jupyter_lab/MedCLIP-SAMv2/generated_neg_output/udiat_clip_image2prompt_closedform/000139.png,"A medical breast mammogram showing an irregularly shaped, spiculated mass suggestive of a malignant breast tumor."
/home/woojye2020/decs_jupyter_lab/MedCLIP-SAMv2/UDIAT/Malignant/000139.png,"A medical breast mammogram showing an irregular, spiculated mass suggestive of a malignant breast tumor.",/home/woojye2020/decs_jupyter_lab/MedCLIP-SAMv2/UDIAT/Malignant/000139.png,"A mammogram with no suspicious masses or malignant findings, indicating a normal scan."
/home/woojye2020/decs_jupyter_lab/MedCLIP-SAMv2/generated_neg_output/udiat_clip_image2prompt_closedform/000139.png,"A mammogram with no suspicious masses or malignant findings, indicating a normal scan.",/home/woojye2020/decs_jupyter_lab/MedCLIP-SAMv2/generated_neg_output/udiat_clip_image2prompt_closedform/000139.png,"A medical breast mammogram showing an irregular, spiculated mass suggestive of a malignant breast tumor."
/home/woojye2020/decs_jupyter_lab/MedCLIP-SAMv2/UDIAT/Malignant/000139.png,"A mammogram displaying a poorly defined, lobulated mass indicative of a malignant breast tumor.",/home/woojye2020/decs_jupyter_lab/MedCLIP-SAMv2/UDIAT/Malignant/000139.png,A breast imaging study revealing no signs of benign or malignant tumors.
/home/woojye2020/decs_jupyter_lab/MedCLIP-SAMv2/generated_neg_output/udiat_clip_image2prompt_closedform/000139.png,A breast imaging study revealing no signs of benign or malignant tumors.,/home/woojye2020/decs_jupyter_lab/MedCLIP-SAMv2/generated_neg_output/udiat_clip_image2prompt_closedform/000139.png,"A mammogram displaying a poorly defined, lobulated mass indicative of a malignant breast tumor."
/home/woojye2020/decs_jupyter_lab/MedCLIP-SAMv2/UDIAT/Malignant/000139.png,"A breast imaging study revealing an irregularly shaped, invasive mass likely representing a malignant breast tumor.",/home/woojye2020/decs_jupyter_lab/MedCLIP-SAMv2/UDIAT/Malignant/000139.png,A mammogram showing symmetrical breast tissue with no focal masses or clinical findings.
/home/woojye2020/decs_jupyter_lab/MedCLIP-SAMv2/generated_neg_output/udiat_clip_image2prompt_closedform/000139.png,A mammogram showing symmetrical breast tissue with no focal masses or clinical findings.,/home/woojye2020/decs_jupyter_lab/MedCLIP-SAMv2/generated_neg_output/udiat_clip_image2prompt_closedform/000139.png,"A breast imaging study revealing an irregularly shaped, invasive mass likely representing a malignant breast tumor."
/home/woojye2020/decs_jupyter_lab/MedCLIP-SAMv2/UDIAT/Malignant/000139.png,"A mammogram showing a dense, spiculated mass suggestive of a malignant breast tumor.",/home/woojye2020/decs_jupyter_lab/MedCLIP-SAMv2/UDIAT/Malignant/000139.png,A diagnostic mammogram displaying normal glandular tissue without any detectable lesions.
/home/woojye2020/decs_jupyter_lab/MedCLIP-SAMv2/generated_neg_output/udiat_clip_image2prompt_closedform/000139.png,A diagnostic mammogram displaying normal glandular tissue without any detectable lesions.,/home/woojye2020/decs_jupyter_lab/MedCLIP-SAMv2/generated_neg_output/udiat_clip_image2prompt_closedform/000139.png,"A mammogram showing a dense, spiculated mass suggestive of a malignant breast tumor."
/home/woojye2020/decs_jupyter_lab/MedCLIP-SAMv2/UDIAT/Malignant/000140.png,"A medical breast mammogram showing an irregularly shaped, spiculated mass suggestive of a malignant breast tumor.",/home/woojye2020/decs_jupyter_lab/MedCLIP-SAMv2/UDIAT/Malignant/000140.png,A medical breast mammogram showing normal breast tissue with no evidence of tumor.
/home/woojye2020/decs_jupyter_lab/MedCLIP-SAMv2/generated_neg_output/udiat_clip_image2prompt_closedform/000140.png,A medical breast mammogram showing normal breast tissue with no evidence of tumor.,/home/woojye2020/decs_jupyter_lab/MedCLIP-SAMv2/generated_neg_output/udiat_clip_image2prompt_closedform/000140.png,"A medical breast mammogram showing an irregularly shaped, spiculated mass suggestive of a malignant breast tumor."
/home/woojye2020/decs_jupyter_lab/MedCLIP-SAMv2/UDIAT/Malignant/000140.png,"A medical breast mammogram showing an irregular, spiculated mass suggestive of a malignant breast tumor.",/home/woojye2020/decs_jupyter_lab/MedCLIP-SAMv2/UDIAT/Malignant/000140.png,"A mammogram with no suspicious masses or malignant findings, indicating a normal scan."
/home/woojye2020/decs_jupyter_lab/MedCLIP-SAMv2/generated_neg_output/udiat_clip_image2prompt_closedform/000140.png,"A mammogram with no suspicious masses or malignant findings, indicating a normal scan.",/home/woojye2020/decs_jupyter_lab/MedCLIP-SAMv2/generated_neg_output/udiat_clip_image2prompt_closedform/000140.png,"A medical breast mammogram showing an irregular, spiculated mass suggestive of a malignant breast tumor."
/home/woojye2020/decs_jupyter_lab/MedCLIP-SAMv2/UDIAT/Malignant/000140.png,"A mammogram displaying a poorly defined, lobulated mass indicative of a malignant breast tumor.",/home/woojye2020/decs_jupyter_lab/MedCLIP-SAMv2/UDIAT/Malignant/000140.png,A breast imaging study revealing no signs of benign or malignant tumors.
/home/woojye2020/decs_jupyter_lab/MedCLIP-SAMv2/generated_neg_output/udiat_clip_image2prompt_closedform/000140.png,A breast imaging study revealing no signs of benign or malignant tumors.,/home/woojye2020/decs_jupyter_lab/MedCLIP-SAMv2/generated_neg_output/udiat_clip_image2prompt_closedform/000140.png,"A mammogram displaying a poorly defined, lobulated mass indicative of a malignant breast tumor."
/home/woojye2020/decs_jupyter_lab/MedCLIP-SAMv2/UDIAT/Malignant/000140.png,"A breast imaging study revealing an irregularly shaped, invasive mass likely representing a malignant breast tumor.",/home/woojye2020/decs_jupyter_lab/MedCLIP-SAMv2/UDIAT/Malignant/000140.png,A mammogram showing symmetrical breast tissue with no focal masses or clinical findings.
/home/woojye2020/decs_jupyter_lab/MedCLIP-SAMv2/generated_neg_output/udiat_clip_image2prompt_closedform/000140.png,A mammogram showing symmetrical breast tissue with no focal masses or clinical findings.,/home/woojye2020/decs_jupyter_lab/MedCLIP-SAMv2/generated_neg_output/udiat_clip_image2prompt_closedform/000140.png,"A breast imaging study revealing an irregularly shaped, invasive mass likely representing a malignant breast tumor."
/home/woojye2020/decs_jupyter_lab/MedCLIP-SAMv2/UDIAT/Malignant/000140.png,"A mammogram showing a dense, spiculated mass suggestive of a malignant breast tumor.",/home/woojye2020/decs_jupyter_lab/MedCLIP-SAMv2/UDIAT/Malignant/000140.png,A diagnostic mammogram displaying normal glandular tissue without any detectable lesions.
/home/woojye2020/decs_jupyter_lab/MedCLIP-SAMv2/generated_neg_output/udiat_clip_image2prompt_closedform/000140.png,A diagnostic mammogram displaying normal glandular tissue without any detectable lesions.,/home/woojye2020/decs_jupyter_lab/MedCLIP-SAMv2/generated_neg_output/udiat_clip_image2prompt_closedform/000140.png,"A mammogram showing a dense, spiculated mass suggestive of a malignant breast tumor."
/home/woojye2020/decs_jupyter_lab/MedCLIP-SAMv2/UDIAT/Malignant/000141.png,"A medical breast mammogram showing an irregularly shaped, spiculated mass suggestive of a malignant breast tumor.",/home/woojye2020/decs_jupyter_lab/MedCLIP-SAMv2/UDIAT/Malignant/000141.png,A medical breast mammogram showing normal breast tissue with no evidence of tumor.
/home/woojye2020/decs_jupyter_lab/MedCLIP-SAMv2/generated_neg_output/udiat_clip_image2prompt_closedform/000141.png,A medical breast mammogram showing normal breast tissue with no evidence of tumor.,/home/woojye2020/decs_jupyter_lab/MedCLIP-SAMv2/generated_neg_output/udiat_clip_image2prompt_closedform/000141.png,"A medical breast mammogram showing an irregularly shaped, spiculated mass suggestive of a malignant breast tumor."
/home/woojye2020/decs_jupyter_lab/MedCLIP-SAMv2/UDIAT/Malignant/000141.png,"A medical breast mammogram showing an irregular, spiculated mass suggestive of a malignant breast tumor.",/home/woojye2020/decs_jupyter_lab/MedCLIP-SAMv2/UDIAT/Malignant/000141.png,"A mammogram with no suspicious masses or malignant findings, indicating a normal scan."
/home/woojye2020/decs_jupyter_lab/MedCLIP-SAMv2/generated_neg_output/udiat_clip_image2prompt_closedform/000141.png,"A mammogram with no suspicious masses or malignant findings, indicating a normal scan.",/home/woojye2020/decs_jupyter_lab/MedCLIP-SAMv2/generated_neg_output/udiat_clip_image2prompt_closedform/000141.png,"A medical breast mammogram showing an irregular, spiculated mass suggestive of a malignant breast tumor."
/home/woojye2020/decs_jupyter_lab/MedCLIP-SAMv2/UDIAT/Malignant/000141.png,"A mammogram displaying a poorly defined, lobulated mass indicative of a malignant breast tumor.",/home/woojye2020/decs_jupyter_lab/MedCLIP-SAMv2/UDIAT/Malignant/000141.png,A breast imaging study revealing no signs of benign or malignant tumors.
/home/woojye2020/decs_jupyter_lab/MedCLIP-SAMv2/generated_neg_output/udiat_clip_image2prompt_closedform/000141.png,A breast imaging study revealing no signs of benign or malignant tumors.,/home/woojye2020/decs_jupyter_lab/MedCLIP-SAMv2/generated_neg_output/udiat_clip_image2prompt_closedform/000141.png,"A mammogram displaying a poorly defined, lobulated mass indicative of a malignant breast tumor."
/home/woojye2020/decs_jupyter_lab/MedCLIP-SAMv2/UDIAT/Malignant/000141.png,"A breast imaging study revealing an irregularly shaped, invasive mass likely representing a malignant breast tumor.",/home/woojye2020/decs_jupyter_lab/MedCLIP-SAMv2/UDIAT/Malignant/000141.png,A mammogram showing symmetrical breast tissue with no focal masses or clinical findings.
/home/woojye2020/decs_jupyter_lab/MedCLIP-SAMv2/generated_neg_output/udiat_clip_image2prompt_closedform/000141.png,A mammogram showing symmetrical breast tissue with no focal masses or clinical findings.,/home/woojye2020/decs_jupyter_lab/MedCLIP-SAMv2/generated_neg_output/udiat_clip_image2prompt_closedform/000141.png,"A breast imaging study revealing an irregularly shaped, invasive mass likely representing a malignant breast tumor."
/home/woojye2020/decs_jupyter_lab/MedCLIP-SAMv2/UDIAT/Malignant/000141.png,"A mammogram showing a dense, spiculated mass suggestive of a malignant breast tumor.",/home/woojye2020/decs_jupyter_lab/MedCLIP-SAMv2/UDIAT/Malignant/000141.png,A diagnostic mammogram displaying normal glandular tissue without any detectable lesions.
/home/woojye2020/decs_jupyter_lab/MedCLIP-SAMv2/generated_neg_output/udiat_clip_image2prompt_closedform/000141.png,A diagnostic mammogram displaying normal glandular tissue without any detectable lesions.,/home/woojye2020/decs_jupyter_lab/MedCLIP-SAMv2/generated_neg_output/udiat_clip_image2prompt_closedform/000141.png,"A mammogram showing a dense, spiculated mass suggestive of a malignant breast tumor."
/home/woojye2020/decs_jupyter_lab/MedCLIP-SAMv2/UDIAT/Malignant/000142.png,"A medical breast mammogram showing an irregularly shaped, spiculated mass suggestive of a malignant breast tumor.",/home/woojye2020/decs_jupyter_lab/MedCLIP-SAMv2/UDIAT/Malignant/000142.png,A medical breast mammogram showing normal breast tissue with no evidence of tumor.
/home/woojye2020/decs_jupyter_lab/MedCLIP-SAMv2/generated_neg_output/udiat_clip_image2prompt_closedform/000142.png,A medical breast mammogram showing normal breast tissue with no evidence of tumor.,/home/woojye2020/decs_jupyter_lab/MedCLIP-SAMv2/generated_neg_output/udiat_clip_image2prompt_closedform/000142.png,"A medical breast mammogram showing an irregularly shaped, spiculated mass suggestive of a malignant breast tumor."
/home/woojye2020/decs_jupyter_lab/MedCLIP-SAMv2/UDIAT/Malignant/000142.png,"A medical breast mammogram showing an irregular, spiculated mass suggestive of a malignant breast tumor.",/home/woojye2020/decs_jupyter_lab/MedCLIP-SAMv2/UDIAT/Malignant/000142.png,"A mammogram with no suspicious masses or malignant findings, indicating a normal scan."
/home/woojye2020/decs_jupyter_lab/MedCLIP-SAMv2/generated_neg_output/udiat_clip_image2prompt_closedform/000142.png,"A mammogram with no suspicious masses or malignant findings, indicating a normal scan.",/home/woojye2020/decs_jupyter_lab/MedCLIP-SAMv2/generated_neg_output/udiat_clip_image2prompt_closedform/000142.png,"A medical breast mammogram showing an irregular, spiculated mass suggestive of a malignant breast tumor."
/home/woojye2020/decs_jupyter_lab/MedCLIP-SAMv2/UDIAT/Malignant/000142.png,"A mammogram displaying a poorly defined, lobulated mass indicative of a malignant breast tumor.",/home/woojye2020/decs_jupyter_lab/MedCLIP-SAMv2/UDIAT/Malignant/000142.png,A breast imaging study revealing no signs of benign or malignant tumors.
/home/woojye2020/decs_jupyter_lab/MedCLIP-SAMv2/generated_neg_output/udiat_clip_image2prompt_closedform/000142.png,A breast imaging study revealing no signs of benign or malignant tumors.,/home/woojye2020/decs_jupyter_lab/MedCLIP-SAMv2/generated_neg_output/udiat_clip_image2prompt_closedform/000142.png,"A mammogram displaying a poorly defined, lobulated mass indicative of a malignant breast tumor."
/home/woojye2020/decs_jupyter_lab/MedCLIP-SAMv2/UDIAT/Malignant/000142.png,"A breast imaging study revealing an irregularly shaped, invasive mass likely representing a malignant breast tumor.",/home/woojye2020/decs_jupyter_lab/MedCLIP-SAMv2/UDIAT/Malignant/000142.png,A mammogram showing symmetrical breast tissue with no focal masses or clinical findings.
/home/woojye2020/decs_jupyter_lab/MedCLIP-SAMv2/generated_neg_output/udiat_clip_image2prompt_closedform/000142.png,A mammogram showing symmetrical breast tissue with no focal masses or clinical findings.,/home/woojye2020/decs_jupyter_lab/MedCLIP-SAMv2/generated_neg_output/udiat_clip_image2prompt_closedform/000142.png,"A breast imaging study revealing an irregularly shaped, invasive mass likely representing a malignant breast tumor."
/home/woojye2020/decs_jupyter_lab/MedCLIP-SAMv2/UDIAT/Malignant/000142.png,"A mammogram showing a dense, spiculated mass suggestive of a malignant breast tumor.",/home/woojye2020/decs_jupyter_lab/MedCLIP-SAMv2/UDIAT/Malignant/000142.png,A diagnostic mammogram displaying normal glandular tissue without any detectable lesions.
/home/woojye2020/decs_jupyter_lab/MedCLIP-SAMv2/generated_neg_output/udiat_clip_image2prompt_closedform/000142.png,A diagnostic mammogram displaying normal glandular tissue without any detectable lesions.,/home/woojye2020/decs_jupyter_lab/MedCLIP-SAMv2/generated_neg_output/udiat_clip_image2prompt_closedform/000142.png,"A mammogram showing a dense, spiculated mass suggestive of a malignant breast tumor."
/home/woojye2020/decs_jupyter_lab/MedCLIP-SAMv2/UDIAT/Malignant/000143.png,"A medical breast mammogram showing an irregularly shaped, spiculated mass suggestive of a malignant breast tumor.",/home/woojye2020/decs_jupyter_lab/MedCLIP-SAMv2/UDIAT/Malignant/000143.png,A medical breast mammogram showing normal breast tissue with no evidence of tumor.
/home/woojye2020/decs_jupyter_lab/MedCLIP-SAMv2/generated_neg_output/udiat_clip_image2prompt_closedform/000143.png,A medical breast mammogram showing normal breast tissue with no evidence of tumor.,/home/woojye2020/decs_jupyter_lab/MedCLIP-SAMv2/generated_neg_output/udiat_clip_image2prompt_closedform/000143.png,"A medical breast mammogram showing an irregularly shaped, spiculated mass suggestive of a malignant breast tumor."
/home/woojye2020/decs_jupyter_lab/MedCLIP-SAMv2/UDIAT/Malignant/000143.png,"A medical breast mammogram showing an irregular, spiculated mass suggestive of a malignant breast tumor.",/home/woojye2020/decs_jupyter_lab/MedCLIP-SAMv2/UDIAT/Malignant/000143.png,"A mammogram with no suspicious masses or malignant findings, indicating a normal scan."
/home/woojye2020/decs_jupyter_lab/MedCLIP-SAMv2/generated_neg_output/udiat_clip_image2prompt_closedform/000143.png,"A mammogram with no suspicious masses or malignant findings, indicating a normal scan.",/home/woojye2020/decs_jupyter_lab/MedCLIP-SAMv2/generated_neg_output/udiat_clip_image2prompt_closedform/000143.png,"A medical breast mammogram showing an irregular, spiculated mass suggestive of a malignant breast tumor."
/home/woojye2020/decs_jupyter_lab/MedCLIP-SAMv2/UDIAT/Malignant/000143.png,"A mammogram displaying a poorly defined, lobulated mass indicative of a malignant breast tumor.",/home/woojye2020/decs_jupyter_lab/MedCLIP-SAMv2/UDIAT/Malignant/000143.png,A breast imaging study revealing no signs of benign or malignant tumors.
/home/woojye2020/decs_jupyter_lab/MedCLIP-SAMv2/generated_neg_output/udiat_clip_image2prompt_closedform/000143.png,A breast imaging study revealing no signs of benign or malignant tumors.,/home/woojye2020/decs_jupyter_lab/MedCLIP-SAMv2/generated_neg_output/udiat_clip_image2prompt_closedform/000143.png,"A mammogram displaying a poorly defined, lobulated mass indicative of a malignant breast tumor."
/home/woojye2020/decs_jupyter_lab/MedCLIP-SAMv2/UDIAT/Malignant/000143.png,"A breast imaging study revealing an irregularly shaped, invasive mass likely representing a malignant breast tumor.",/home/woojye2020/decs_jupyter_lab/MedCLIP-SAMv2/UDIAT/Malignant/000143.png,A mammogram showing symmetrical breast tissue with no focal masses or clinical findings.
/home/woojye2020/decs_jupyter_lab/MedCLIP-SAMv2/generated_neg_output/udiat_clip_image2prompt_closedform/000143.png,A mammogram showing symmetrical breast tissue with no focal masses or clinical findings.,/home/woojye2020/decs_jupyter_lab/MedCLIP-SAMv2/generated_neg_output/udiat_clip_image2prompt_closedform/000143.png,"A breast imaging study revealing an irregularly shaped, invasive mass likely representing a malignant breast tumor."
/home/woojye2020/decs_jupyter_lab/MedCLIP-SAMv2/UDIAT/Malignant/000143.png,"A mammogram showing a dense, spiculated mass suggestive of a malignant breast tumor.",/home/woojye2020/decs_jupyter_lab/MedCLIP-SAMv2/UDIAT/Malignant/000143.png,A diagnostic mammogram displaying normal glandular tissue without any detectable lesions.
/home/woojye2020/decs_jupyter_lab/MedCLIP-SAMv2/generated_neg_output/udiat_clip_image2prompt_closedform/000143.png,A diagnostic mammogram displaying normal glandular tissue without any detectable lesions.,/home/woojye2020/decs_jupyter_lab/MedCLIP-SAMv2/generated_neg_output/udiat_clip_image2prompt_closedform/000143.png,"A mammogram showing a dense, spiculated mass suggestive of a malignant breast tumor."
/home/woojye2020/decs_jupyter_lab/MedCLIP-SAMv2/UDIAT/Malignant/000144.png,"A medical breast mammogram showing an irregularly shaped, spiculated mass suggestive of a malignant breast tumor.",/home/woojye2020/decs_jupyter_lab/MedCLIP-SAMv2/UDIAT/Malignant/000144.png,A medical breast mammogram showing normal breast tissue with no evidence of tumor.
/home/woojye2020/decs_jupyter_lab/MedCLIP-SAMv2/generated_neg_output/udiat_clip_image2prompt_closedform/000144.png,A medical breast mammogram showing normal breast tissue with no evidence of tumor.,/home/woojye2020/decs_jupyter_lab/MedCLIP-SAMv2/generated_neg_output/udiat_clip_image2prompt_closedform/000144.png,"A medical breast mammogram showing an irregularly shaped, spiculated mass suggestive of a malignant breast tumor."
/home/woojye2020/decs_jupyter_lab/MedCLIP-SAMv2/UDIAT/Malignant/000144.png,"A medical breast mammogram showing an irregular, spiculated mass suggestive of a malignant breast tumor.",/home/woojye2020/decs_jupyter_lab/MedCLIP-SAMv2/UDIAT/Malignant/000144.png,"A mammogram with no suspicious masses or malignant findings, indicating a normal scan."
/home/woojye2020/decs_jupyter_lab/MedCLIP-SAMv2/generated_neg_output/udiat_clip_image2prompt_closedform/000144.png,"A mammogram with no suspicious masses or malignant findings, indicating a normal scan.",/home/woojye2020/decs_jupyter_lab/MedCLIP-SAMv2/generated_neg_output/udiat_clip_image2prompt_closedform/000144.png,"A medical breast mammogram showing an irregular, spiculated mass suggestive of a malignant breast tumor."
/home/woojye2020/decs_jupyter_lab/MedCLIP-SAMv2/UDIAT/Malignant/000144.png,"A mammogram displaying a poorly defined, lobulated mass indicative of a malignant breast tumor.",/home/woojye2020/decs_jupyter_lab/MedCLIP-SAMv2/UDIAT/Malignant/000144.png,A breast imaging study revealing no signs of benign or malignant tumors.
/home/woojye2020/decs_jupyter_lab/MedCLIP-SAMv2/generated_neg_output/udiat_clip_image2prompt_closedform/000144.png,A breast imaging study revealing no signs of benign or malignant tumors.,/home/woojye2020/decs_jupyter_lab/MedCLIP-SAMv2/generated_neg_output/udiat_clip_image2prompt_closedform/000144.png,"A mammogram displaying a poorly defined, lobulated mass indicative of a malignant breast tumor."
/home/woojye2020/decs_jupyter_lab/MedCLIP-SAMv2/UDIAT/Malignant/000144.png,"A breast imaging study revealing an irregularly shaped, invasive mass likely representing a malignant breast tumor.",/home/woojye2020/decs_jupyter_lab/MedCLIP-SAMv2/UDIAT/Malignant/000144.png,A mammogram showing symmetrical breast tissue with no focal masses or clinical findings.
/home/woojye2020/decs_jupyter_lab/MedCLIP-SAMv2/generated_neg_output/udiat_clip_image2prompt_closedform/000144.png,A mammogram showing symmetrical breast tissue with no focal masses or clinical findings.,/home/woojye2020/decs_jupyter_lab/MedCLIP-SAMv2/generated_neg_output/udiat_clip_image2prompt_closedform/000144.png,"A breast imaging study revealing an irregularly shaped, invasive mass likely representing a malignant breast tumor."
/home/woojye2020/decs_jupyter_lab/MedCLIP-SAMv2/UDIAT/Malignant/000144.png,"A mammogram showing a dense, spiculated mass suggestive of a malignant breast tumor.",/home/woojye2020/decs_jupyter_lab/MedCLIP-SAMv2/UDIAT/Malignant/000144.png,A diagnostic mammogram displaying normal glandular tissue without any detectable lesions.
/home/woojye2020/decs_jupyter_lab/MedCLIP-SAMv2/generated_neg_output/udiat_clip_image2prompt_closedform/000144.png,A diagnostic mammogram displaying normal glandular tissue without any detectable lesions.,/home/woojye2020/decs_jupyter_lab/MedCLIP-SAMv2/generated_neg_output/udiat_clip_image2prompt_closedform/000144.png,"A mammogram showing a dense, spiculated mass suggestive of a malignant breast tumor."
/home/woojye2020/decs_jupyter_lab/MedCLIP-SAMv2/UDIAT/Malignant/000145.png,"A medical breast mammogram showing an irregularly shaped, spiculated mass suggestive of a malignant breast tumor.",/home/woojye2020/decs_jupyter_lab/MedCLIP-SAMv2/UDIAT/Malignant/000145.png,A medical breast mammogram showing normal breast tissue with no evidence of tumor.
/home/woojye2020/decs_jupyter_lab/MedCLIP-SAMv2/generated_neg_output/udiat_clip_image2prompt_closedform/000145.png,A medical breast mammogram showing normal breast tissue with no evidence of tumor.,/home/woojye2020/decs_jupyter_lab/MedCLIP-SAMv2/generated_neg_output/udiat_clip_image2prompt_closedform/000145.png,"A medical breast mammogram showing an irregularly shaped, spiculated mass suggestive of a malignant breast tumor."
/home/woojye2020/decs_jupyter_lab/MedCLIP-SAMv2/UDIAT/Malignant/000145.png,"A medical breast mammogram showing an irregular, spiculated mass suggestive of a malignant breast tumor.",/home/woojye2020/decs_jupyter_lab/MedCLIP-SAMv2/UDIAT/Malignant/000145.png,"A mammogram with no suspicious masses or malignant findings, indicating a normal scan."
/home/woojye2020/decs_jupyter_lab/MedCLIP-SAMv2/generated_neg_output/udiat_clip_image2prompt_closedform/000145.png,"A mammogram with no suspicious masses or malignant findings, indicating a normal scan.",/home/woojye2020/decs_jupyter_lab/MedCLIP-SAMv2/generated_neg_output/udiat_clip_image2prompt_closedform/000145.png,"A medical breast mammogram showing an irregular, spiculated mass suggestive of a malignant breast tumor."
/home/woojye2020/decs_jupyter_lab/MedCLIP-SAMv2/UDIAT/Malignant/000145.png,"A mammogram displaying a poorly defined, lobulated mass indicative of a malignant breast tumor.",/home/woojye2020/decs_jupyter_lab/MedCLIP-SAMv2/UDIAT/Malignant/000145.png,A breast imaging study revealing no signs of benign or malignant tumors.
/home/woojye2020/decs_jupyter_lab/MedCLIP-SAMv2/generated_neg_output/udiat_clip_image2prompt_closedform/000145.png,A breast imaging study revealing no signs of benign or malignant tumors.,/home/woojye2020/decs_jupyter_lab/MedCLIP-SAMv2/generated_neg_output/udiat_clip_image2prompt_closedform/000145.png,"A mammogram displaying a poorly defined, lobulated mass indicative of a malignant breast tumor."
/home/woojye2020/decs_jupyter_lab/MedCLIP-SAMv2/UDIAT/Malignant/000145.png,"A breast imaging study revealing an irregularly shaped, invasive mass likely representing a malignant breast tumor.",/home/woojye2020/decs_jupyter_lab/MedCLIP-SAMv2/UDIAT/Malignant/000145.png,A mammogram showing symmetrical breast tissue with no focal masses or clinical findings.
/home/woojye2020/decs_jupyter_lab/MedCLIP-SAMv2/generated_neg_output/udiat_clip_image2prompt_closedform/000145.png,A mammogram showing symmetrical breast tissue with no focal masses or clinical findings.,/home/woojye2020/decs_jupyter_lab/MedCLIP-SAMv2/generated_neg_output/udiat_clip_image2prompt_closedform/000145.png,"A breast imaging study revealing an irregularly shaped, invasive mass likely representing a malignant breast tumor."
/home/woojye2020/decs_jupyter_lab/MedCLIP-SAMv2/UDIAT/Malignant/000145.png,"A mammogram showing a dense, spiculated mass suggestive of a malignant breast tumor.",/home/woojye2020/decs_jupyter_lab/MedCLIP-SAMv2/UDIAT/Malignant/000145.png,A diagnostic mammogram displaying normal glandular tissue without any detectable lesions.
/home/woojye2020/decs_jupyter_lab/MedCLIP-SAMv2/generated_neg_output/udiat_clip_image2prompt_closedform/000145.png,A diagnostic mammogram displaying normal glandular tissue without any detectable lesions.,/home/woojye2020/decs_jupyter_lab/MedCLIP-SAMv2/generated_neg_output/udiat_clip_image2prompt_closedform/000145.png,"A mammogram showing a dense, spiculated mass suggestive of a malignant breast tumor."
/home/woojye2020/decs_jupyter_lab/MedCLIP-SAMv2/UDIAT/Malignant/000146.png,"A medical breast mammogram showing an irregularly shaped, spiculated mass suggestive of a malignant breast tumor.",/home/woojye2020/decs_jupyter_lab/MedCLIP-SAMv2/UDIAT/Malignant/000146.png,A medical breast mammogram showing normal breast tissue with no evidence of tumor.
/home/woojye2020/decs_jupyter_lab/MedCLIP-SAMv2/generated_neg_output/udiat_clip_image2prompt_closedform/000146.png,A medical breast mammogram showing normal breast tissue with no evidence of tumor.,/home/woojye2020/decs_jupyter_lab/MedCLIP-SAMv2/generated_neg_output/udiat_clip_image2prompt_closedform/000146.png,"A medical breast mammogram showing an irregularly shaped, spiculated mass suggestive of a malignant breast tumor."
/home/woojye2020/decs_jupyter_lab/MedCLIP-SAMv2/UDIAT/Malignant/000146.png,"A medical breast mammogram showing an irregular, spiculated mass suggestive of a malignant breast tumor.",/home/woojye2020/decs_jupyter_lab/MedCLIP-SAMv2/UDIAT/Malignant/000146.png,"A mammogram with no suspicious masses or malignant findings, indicating a normal scan."
/home/woojye2020/decs_jupyter_lab/MedCLIP-SAMv2/generated_neg_output/udiat_clip_image2prompt_closedform/000146.png,"A mammogram with no suspicious masses or malignant findings, indicating a normal scan.",/home/woojye2020/decs_jupyter_lab/MedCLIP-SAMv2/generated_neg_output/udiat_clip_image2prompt_closedform/000146.png,"A medical breast mammogram showing an irregular, spiculated mass suggestive of a malignant breast tumor."
/home/woojye2020/decs_jupyter_lab/MedCLIP-SAMv2/UDIAT/Malignant/000146.png,"A mammogram displaying a poorly defined, lobulated mass indicative of a malignant breast tumor.",/home/woojye2020/decs_jupyter_lab/MedCLIP-SAMv2/UDIAT/Malignant/000146.png,A breast imaging study revealing no signs of benign or malignant tumors.
/home/woojye2020/decs_jupyter_lab/MedCLIP-SAMv2/generated_neg_output/udiat_clip_image2prompt_closedform/000146.png,A breast imaging study revealing no signs of benign or malignant tumors.,/home/woojye2020/decs_jupyter_lab/MedCLIP-SAMv2/generated_neg_output/udiat_clip_image2prompt_closedform/000146.png,"A mammogram displaying a poorly defined, lobulated mass indicative of a malignant breast tumor."
/home/woojye2020/decs_jupyter_lab/MedCLIP-SAMv2/UDIAT/Malignant/000146.png,"A breast imaging study revealing an irregularly shaped, invasive mass likely representing a malignant breast tumor.",/home/woojye2020/decs_jupyter_lab/MedCLIP-SAMv2/UDIAT/Malignant/000146.png,A mammogram showing symmetrical breast tissue with no focal masses or clinical findings.
/home/woojye2020/decs_jupyter_lab/MedCLIP-SAMv2/generated_neg_output/udiat_clip_image2prompt_closedform/000146.png,A mammogram showing symmetrical breast tissue with no focal masses or clinical findings.,/home/woojye2020/decs_jupyter_lab/MedCLIP-SAMv2/generated_neg_output/udiat_clip_image2prompt_closedform/000146.png,"A breast imaging study revealing an irregularly shaped, invasive mass likely representing a malignant breast tumor."
/home/woojye2020/decs_jupyter_lab/MedCLIP-SAMv2/UDIAT/Malignant/000146.png,"A mammogram showing a dense, spiculated mass suggestive of a malignant breast tumor.",/home/woojye2020/decs_jupyter_lab/MedCLIP-SAMv2/UDIAT/Malignant/000146.png,A diagnostic mammogram displaying normal glandular tissue without any detectable lesions.
/home/woojye2020/decs_jupyter_lab/MedCLIP-SAMv2/generated_neg_output/udiat_clip_image2prompt_closedform/000146.png,A diagnostic mammogram displaying normal glandular tissue without any detectable lesions.,/home/woojye2020/decs_jupyter_lab/MedCLIP-SAMv2/generated_neg_output/udiat_clip_image2prompt_closedform/000146.png,"A mammogram showing a dense, spiculated mass suggestive of a malignant breast tumor."
/home/woojye2020/decs_jupyter_lab/MedCLIP-SAMv2/UDIAT/Malignant/000147.png,"A medical breast mammogram showing an irregularly shaped, spiculated mass suggestive of a malignant breast tumor.",/home/woojye2020/decs_jupyter_lab/MedCLIP-SAMv2/UDIAT/Malignant/000147.png,A medical breast mammogram showing normal breast tissue with no evidence of tumor.
/home/woojye2020/decs_jupyter_lab/MedCLIP-SAMv2/generated_neg_output/udiat_clip_image2prompt_closedform/000147.png,A medical breast mammogram showing normal breast tissue with no evidence of tumor.,/home/woojye2020/decs_jupyter_lab/MedCLIP-SAMv2/generated_neg_output/udiat_clip_image2prompt_closedform/000147.png,"A medical breast mammogram showing an irregularly shaped, spiculated mass suggestive of a malignant breast tumor."
/home/woojye2020/decs_jupyter_lab/MedCLIP-SAMv2/UDIAT/Malignant/000147.png,"A medical breast mammogram showing an irregular, spiculated mass suggestive of a malignant breast tumor.",/home/woojye2020/decs_jupyter_lab/MedCLIP-SAMv2/UDIAT/Malignant/000147.png,"A mammogram with no suspicious masses or malignant findings, indicating a normal scan."
/home/woojye2020/decs_jupyter_lab/MedCLIP-SAMv2/generated_neg_output/udiat_clip_image2prompt_closedform/000147.png,"A mammogram with no suspicious masses or malignant findings, indicating a normal scan.",/home/woojye2020/decs_jupyter_lab/MedCLIP-SAMv2/generated_neg_output/udiat_clip_image2prompt_closedform/000147.png,"A medical breast mammogram showing an irregular, spiculated mass suggestive of a malignant breast tumor."
/home/woojye2020/decs_jupyter_lab/MedCLIP-SAMv2/UDIAT/Malignant/000147.png,"A mammogram displaying a poorly defined, lobulated mass indicative of a malignant breast tumor.",/home/woojye2020/decs_jupyter_lab/MedCLIP-SAMv2/UDIAT/Malignant/000147.png,A breast imaging study revealing no signs of benign or malignant tumors.
/home/woojye2020/decs_jupyter_lab/MedCLIP-SAMv2/generated_neg_output/udiat_clip_image2prompt_closedform/000147.png,A breast imaging study revealing no signs of benign or malignant tumors.,/home/woojye2020/decs_jupyter_lab/MedCLIP-SAMv2/generated_neg_output/udiat_clip_image2prompt_closedform/000147.png,"A mammogram displaying a poorly defined, lobulated mass indicative of a malignant breast tumor."
/home/woojye2020/decs_jupyter_lab/MedCLIP-SAMv2/UDIAT/Malignant/000147.png,"A breast imaging study revealing an irregularly shaped, invasive mass likely representing a malignant breast tumor.",/home/woojye2020/decs_jupyter_lab/MedCLIP-SAMv2/UDIAT/Malignant/000147.png,A mammogram showing symmetrical breast tissue with no focal masses or clinical findings.
/home/woojye2020/decs_jupyter_lab/MedCLIP-SAMv2/generated_neg_output/udiat_clip_image2prompt_closedform/000147.png,A mammogram showing symmetrical breast tissue with no focal masses or clinical findings.,/home/woojye2020/decs_jupyter_lab/MedCLIP-SAMv2/generated_neg_output/udiat_clip_image2prompt_closedform/000147.png,"A breast imaging study revealing an irregularly shaped, invasive mass likely representing a malignant breast tumor."
/home/woojye2020/decs_jupyter_lab/MedCLIP-SAMv2/UDIAT/Malignant/000147.png,"A mammogram showing a dense, spiculated mass suggestive of a malignant breast tumor.",/home/woojye2020/decs_jupyter_lab/MedCLIP-SAMv2/UDIAT/Malignant/000147.png,A diagnostic mammogram displaying normal glandular tissue without any detectable lesions.
/home/woojye2020/decs_jupyter_lab/MedCLIP-SAMv2/generated_neg_output/udiat_clip_image2prompt_closedform/000147.png,A diagnostic mammogram displaying normal glandular tissue without any detectable lesions.,/home/woojye2020/decs_jupyter_lab/MedCLIP-SAMv2/generated_neg_output/udiat_clip_image2prompt_closedform/000147.png,"A mammogram showing a dense, spiculated mass suggestive of a malignant breast tumor."
/home/woojye2020/decs_jupyter_lab/MedCLIP-SAMv2/UDIAT/Malignant/000295.png,"A medical breast mammogram showing an irregularly shaped, spiculated mass suggestive of a malignant breast tumor.",/home/woojye2020/decs_jupyter_lab/MedCLIP-SAMv2/UDIAT/Malignant/000295.png,A medical breast mammogram showing normal breast tissue with no evidence of tumor.
/home/woojye2020/decs_jupyter_lab/MedCLIP-SAMv2/generated_neg_output/udiat_clip_image2prompt_closedform/000295.png,A medical breast mammogram showing normal breast tissue with no evidence of tumor.,/home/woojye2020/decs_jupyter_lab/MedCLIP-SAMv2/generated_neg_output/udiat_clip_image2prompt_closedform/000295.png,"A medical breast mammogram showing an irregularly shaped, spiculated mass suggestive of a malignant breast tumor."
/home/woojye2020/decs_jupyter_lab/MedCLIP-SAMv2/UDIAT/Malignant/000295.png,"A medical breast mammogram showing an irregular, spiculated mass suggestive of a malignant breast tumor.",/home/woojye2020/decs_jupyter_lab/MedCLIP-SAMv2/UDIAT/Malignant/000295.png,"A mammogram with no suspicious masses or malignant findings, indicating a normal scan."
/home/woojye2020/decs_jupyter_lab/MedCLIP-SAMv2/generated_neg_output/udiat_clip_image2prompt_closedform/000295.png,"A mammogram with no suspicious masses or malignant findings, indicating a normal scan.",/home/woojye2020/decs_jupyter_lab/MedCLIP-SAMv2/generated_neg_output/udiat_clip_image2prompt_closedform/000295.png,"A medical breast mammogram showing an irregular, spiculated mass suggestive of a malignant breast tumor."
/home/woojye2020/decs_jupyter_lab/MedCLIP-SAMv2/UDIAT/Malignant/000295.png,"A mammogram displaying a poorly defined, lobulated mass indicative of a malignant breast tumor.",/home/woojye2020/decs_jupyter_lab/MedCLIP-SAMv2/UDIAT/Malignant/000295.png,A breast imaging study revealing no signs of benign or malignant tumors.
/home/woojye2020/decs_jupyter_lab/MedCLIP-SAMv2/generated_neg_output/udiat_clip_image2prompt_closedform/000295.png,A breast imaging study revealing no signs of benign or malignant tumors.,/home/woojye2020/decs_jupyter_lab/MedCLIP-SAMv2/generated_neg_output/udiat_clip_image2prompt_closedform/000295.png,"A mammogram displaying a poorly defined, lobulated mass indicative of a malignant breast tumor."
/home/woojye2020/decs_jupyter_lab/MedCLIP-SAMv2/UDIAT/Malignant/000295.png,"A breast imaging study revealing an irregularly shaped, invasive mass likely representing a malignant breast tumor.",/home/woojye2020/decs_jupyter_lab/MedCLIP-SAMv2/UDIAT/Malignant/000295.png,A mammogram showing symmetrical breast tissue with no focal masses or clinical findings.
/home/woojye2020/decs_jupyter_lab/MedCLIP-SAMv2/generated_neg_output/udiat_clip_image2prompt_closedform/000295.png,A mammogram showing symmetrical breast tissue with no focal masses or clinical findings.,/home/woojye2020/decs_jupyter_lab/MedCLIP-SAMv2/generated_neg_output/udiat_clip_image2prompt_closedform/000295.png,"A breast imaging study revealing an irregularly shaped, invasive mass likely representing a malignant breast tumor."
/home/woojye2020/decs_jupyter_lab/MedCLIP-SAMv2/UDIAT/Malignant/000295.png,"A mammogram showing a dense, spiculated mass suggestive of a malignant breast tumor.",/home/woojye2020/decs_jupyter_lab/MedCLIP-SAMv2/UDIAT/Malignant/000295.png,A diagnostic mammogram displaying normal glandular tissue without any detectable lesions.
/home/woojye2020/decs_jupyter_lab/MedCLIP-SAMv2/generated_neg_output/udiat_clip_image2prompt_closedform/000295.png,A diagnostic mammogram displaying normal glandular tissue without any detectable lesions.,/home/woojye2020/decs_jupyter_lab/MedCLIP-SAMv2/generated_neg_output/udiat_clip_image2prompt_closedform/000295.png,"A mammogram showing a dense, spiculated mass suggestive of a malignant breast tumor."
/home/woojye2020/decs_jupyter_lab/MedCLIP-SAMv2/UDIAT/Malignant/000296.png,"A medical breast mammogram showing an irregularly shaped, spiculated mass suggestive of a malignant breast tumor.",/home/woojye2020/decs_jupyter_lab/MedCLIP-SAMv2/UDIAT/Malignant/000296.png,A medical breast mammogram showing normal breast tissue with no evidence of tumor.
/home/woojye2020/decs_jupyter_lab/MedCLIP-SAMv2/generated_neg_output/udiat_clip_image2prompt_closedform/000296.png,A medical breast mammogram showing normal breast tissue with no evidence of tumor.,/home/woojye2020/decs_jupyter_lab/MedCLIP-SAMv2/generated_neg_output/udiat_clip_image2prompt_closedform/000296.png,"A medical breast mammogram showing an irregularly shaped, spiculated mass suggestive of a malignant breast tumor."
/home/woojye2020/decs_jupyter_lab/MedCLIP-SAMv2/UDIAT/Malignant/000296.png,"A medical breast mammogram showing an irregular, spiculated mass suggestive of a malignant breast tumor.",/home/woojye2020/decs_jupyter_lab/MedCLIP-SAMv2/UDIAT/Malignant/000296.png,"A mammogram with no suspicious masses or malignant findings, indicating a normal scan."
/home/woojye2020/decs_jupyter_lab/MedCLIP-SAMv2/generated_neg_output/udiat_clip_image2prompt_closedform/000296.png,"A mammogram with no suspicious masses or malignant findings, indicating a normal scan.",/home/woojye2020/decs_jupyter_lab/MedCLIP-SAMv2/generated_neg_output/udiat_clip_image2prompt_closedform/000296.png,"A medical breast mammogram showing an irregular, spiculated mass suggestive of a malignant breast tumor."
/home/woojye2020/decs_jupyter_lab/MedCLIP-SAMv2/UDIAT/Malignant/000296.png,"A mammogram displaying a poorly defined, lobulated mass indicative of a malignant breast tumor.",/home/woojye2020/decs_jupyter_lab/MedCLIP-SAMv2/UDIAT/Malignant/000296.png,A breast imaging study revealing no signs of benign or malignant tumors.
/home/woojye2020/decs_jupyter_lab/MedCLIP-SAMv2/generated_neg_output/udiat_clip_image2prompt_closedform/000296.png,A breast imaging study revealing no signs of benign or malignant tumors.,/home/woojye2020/decs_jupyter_lab/MedCLIP-SAMv2/generated_neg_output/udiat_clip_image2prompt_closedform/000296.png,"A mammogram displaying a poorly defined, lobulated mass indicative of a malignant breast tumor."
/home/woojye2020/decs_jupyter_lab/MedCLIP-SAMv2/UDIAT/Malignant/000296.png,"A breast imaging study revealing an irregularly shaped, invasive mass likely representing a malignant breast tumor.",/home/woojye2020/decs_jupyter_lab/MedCLIP-SAMv2/UDIAT/Malignant/000296.png,A mammogram showing symmetrical breast tissue with no focal masses or clinical findings.
/home/woojye2020/decs_jupyter_lab/MedCLIP-SAMv2/generated_neg_output/udiat_clip_image2prompt_closedform/000296.png,A mammogram showing symmetrical breast tissue with no focal masses or clinical findings.,/home/woojye2020/decs_jupyter_lab/MedCLIP-SAMv2/generated_neg_output/udiat_clip_image2prompt_closedform/000296.png,"A breast imaging study revealing an irregularly shaped, invasive mass likely representing a malignant breast tumor."
/home/woojye2020/decs_jupyter_lab/MedCLIP-SAMv2/UDIAT/Malignant/000296.png,"A mammogram showing a dense, spiculated mass suggestive of a malignant breast tumor.",/home/woojye2020/decs_jupyter_lab/MedCLIP-SAMv2/UDIAT/Malignant/000296.png,A diagnostic mammogram displaying normal glandular tissue without any detectable lesions.
/home/woojye2020/decs_jupyter_lab/MedCLIP-SAMv2/generated_neg_output/udiat_clip_image2prompt_closedform/000296.png,A diagnostic mammogram displaying normal glandular tissue without any detectable lesions.,/home/woojye2020/decs_jupyter_lab/MedCLIP-SAMv2/generated_neg_output/udiat_clip_image2prompt_closedform/000296.png,"A mammogram showing a dense, spiculated mass suggestive of a malignant breast tumor."
/home/woojye2020/decs_jupyter_lab/MedCLIP-SAMv2/UDIAT/Malignant/000297.png,"A medical breast mammogram showing an irregularly shaped, spiculated mass suggestive of a malignant breast tumor.",/home/woojye2020/decs_jupyter_lab/MedCLIP-SAMv2/UDIAT/Malignant/000297.png,A medical breast mammogram showing normal breast tissue with no evidence of tumor.
/home/woojye2020/decs_jupyter_lab/MedCLIP-SAMv2/generated_neg_output/udiat_clip_image2prompt_closedform/000297.png,A medical breast mammogram showing normal breast tissue with no evidence of tumor.,/home/woojye2020/decs_jupyter_lab/MedCLIP-SAMv2/generated_neg_output/udiat_clip_image2prompt_closedform/000297.png,"A medical breast mammogram showing an irregularly shaped, spiculated mass suggestive of a malignant breast tumor."
/home/woojye2020/decs_jupyter_lab/MedCLIP-SAMv2/UDIAT/Malignant/000297.png,"A medical breast mammogram showing an irregular, spiculated mass suggestive of a malignant breast tumor.",/home/woojye2020/decs_jupyter_lab/MedCLIP-SAMv2/UDIAT/Malignant/000297.png,"A mammogram with no suspicious masses or malignant findings, indicating a normal scan."
/home/woojye2020/decs_jupyter_lab/MedCLIP-SAMv2/generated_neg_output/udiat_clip_image2prompt_closedform/000297.png,"A mammogram with no suspicious masses or malignant findings, indicating a normal scan.",/home/woojye2020/decs_jupyter_lab/MedCLIP-SAMv2/generated_neg_output/udiat_clip_image2prompt_closedform/000297.png,"A medical breast mammogram showing an irregular, spiculated mass suggestive of a malignant breast tumor."
/home/woojye2020/decs_jupyter_lab/MedCLIP-SAMv2/UDIAT/Malignant/000297.png,"A mammogram displaying a poorly defined, lobulated mass indicative of a malignant breast tumor.",/home/woojye2020/decs_jupyter_lab/MedCLIP-SAMv2/UDIAT/Malignant/000297.png,A breast imaging study revealing no signs of benign or malignant tumors.
/home/woojye2020/decs_jupyter_lab/MedCLIP-SAMv2/generated_neg_output/udiat_clip_image2prompt_closedform/000297.png,A breast imaging study revealing no signs of benign or malignant tumors.,/home/woojye2020/decs_jupyter_lab/MedCLIP-SAMv2/generated_neg_output/udiat_clip_image2prompt_closedform/000297.png,"A mammogram displaying a poorly defined, lobulated mass indicative of a malignant breast tumor."
/home/woojye2020/decs_jupyter_lab/MedCLIP-SAMv2/UDIAT/Malignant/000297.png,"A breast imaging study revealing an irregularly shaped, invasive mass likely representing a malignant breast tumor.",/home/woojye2020/decs_jupyter_lab/MedCLIP-SAMv2/UDIAT/Malignant/000297.png,A mammogram showing symmetrical breast tissue with no focal masses or clinical findings.
/home/woojye2020/decs_jupyter_lab/MedCLIP-SAMv2/generated_neg_output/udiat_clip_image2prompt_closedform/000297.png,A mammogram showing symmetrical breast tissue with no focal masses or clinical findings.,/home/woojye2020/decs_jupyter_lab/MedCLIP-SAMv2/generated_neg_output/udiat_clip_image2prompt_closedform/000297.png,"A breast imaging study revealing an irregularly shaped, invasive mass likely representing a malignant breast tumor."
/home/woojye2020/decs_jupyter_lab/MedCLIP-SAMv2/UDIAT/Malignant/000297.png,"A mammogram showing a dense, spiculated mass suggestive of a malignant breast tumor.",/home/woojye2020/decs_jupyter_lab/MedCLIP-SAMv2/UDIAT/Malignant/000297.png,A diagnostic mammogram displaying normal glandular tissue without any detectable lesions.
/home/woojye2020/decs_jupyter_lab/MedCLIP-SAMv2/generated_neg_output/udiat_clip_image2prompt_closedform/000297.png,A diagnostic mammogram displaying normal glandular tissue without any detectable lesions.,/home/woojye2020/decs_jupyter_lab/MedCLIP-SAMv2/generated_neg_output/udiat_clip_image2prompt_closedform/000297.png,"A mammogram showing a dense, spiculated mass suggestive of a malignant breast tumor."
/home/woojye2020/decs_jupyter_lab/MedCLIP-SAMv2/UDIAT/Malignant/000298.png,"A medical breast mammogram showing an irregularly shaped, spiculated mass suggestive of a malignant breast tumor.",/home/woojye2020/decs_jupyter_lab/MedCLIP-SAMv2/UDIAT/Malignant/000298.png,A medical breast mammogram showing normal breast tissue with no evidence of tumor.
/home/woojye2020/decs_jupyter_lab/MedCLIP-SAMv2/generated_neg_output/udiat_clip_image2prompt_closedform/000298.png,A medical breast mammogram showing normal breast tissue with no evidence of tumor.,/home/woojye2020/decs_jupyter_lab/MedCLIP-SAMv2/generated_neg_output/udiat_clip_image2prompt_closedform/000298.png,"A medical breast mammogram showing an irregularly shaped, spiculated mass suggestive of a malignant breast tumor."
/home/woojye2020/decs_jupyter_lab/MedCLIP-SAMv2/UDIAT/Malignant/000298.png,"A medical breast mammogram showing an irregular, spiculated mass suggestive of a malignant breast tumor.",/home/woojye2020/decs_jupyter_lab/MedCLIP-SAMv2/UDIAT/Malignant/000298.png,"A mammogram with no suspicious masses or malignant findings, indicating a normal scan."
/home/woojye2020/decs_jupyter_lab/MedCLIP-SAMv2/generated_neg_output/udiat_clip_image2prompt_closedform/000298.png,"A mammogram with no suspicious masses or malignant findings, indicating a normal scan.",/home/woojye2020/decs_jupyter_lab/MedCLIP-SAMv2/generated_neg_output/udiat_clip_image2prompt_closedform/000298.png,"A medical breast mammogram showing an irregular, spiculated mass suggestive of a malignant breast tumor."
/home/woojye2020/decs_jupyter_lab/MedCLIP-SAMv2/UDIAT/Malignant/000298.png,"A mammogram displaying a poorly defined, lobulated mass indicative of a malignant breast tumor.",/home/woojye2020/decs_jupyter_lab/MedCLIP-SAMv2/UDIAT/Malignant/000298.png,A breast imaging study revealing no signs of benign or malignant tumors.
/home/woojye2020/decs_jupyter_lab/MedCLIP-SAMv2/generated_neg_output/udiat_clip_image2prompt_closedform/000298.png,A breast imaging study revealing no signs of benign or malignant tumors.,/home/woojye2020/decs_jupyter_lab/MedCLIP-SAMv2/generated_neg_output/udiat_clip_image2prompt_closedform/000298.png,"A mammogram displaying a poorly defined, lobulated mass indicative of a malignant breast tumor."
/home/woojye2020/decs_jupyter_lab/MedCLIP-SAMv2/UDIAT/Malignant/000298.png,"A breast imaging study revealing an irregularly shaped, invasive mass likely representing a malignant breast tumor.",/home/woojye2020/decs_jupyter_lab/MedCLIP-SAMv2/UDIAT/Malignant/000298.png,A mammogram showing symmetrical breast tissue with no focal masses or clinical findings.
/home/woojye2020/decs_jupyter_lab/MedCLIP-SAMv2/generated_neg_output/udiat_clip_image2prompt_closedform/000298.png,A mammogram showing symmetrical breast tissue with no focal masses or clinical findings.,/home/woojye2020/decs_jupyter_lab/MedCLIP-SAMv2/generated_neg_output/udiat_clip_image2prompt_closedform/000298.png,"A breast imaging study revealing an irregularly shaped, invasive mass likely representing a malignant breast tumor."
/home/woojye2020/decs_jupyter_lab/MedCLIP-SAMv2/UDIAT/Malignant/000298.png,"A mammogram showing a dense, spiculated mass suggestive of a malignant breast tumor.",/home/woojye2020/decs_jupyter_lab/MedCLIP-SAMv2/UDIAT/Malignant/000298.png,A diagnostic mammogram displaying normal glandular tissue without any detectable lesions.
/home/woojye2020/decs_jupyter_lab/MedCLIP-SAMv2/generated_neg_output/udiat_clip_image2prompt_closedform/000298.png,A diagnostic mammogram displaying normal glandular tissue without any detectable lesions.,/home/woojye2020/decs_jupyter_lab/MedCLIP-SAMv2/generated_neg_output/udiat_clip_image2prompt_closedform/000298.png,"A mammogram showing a dense, spiculated mass suggestive of a malignant breast tumor."
/home/woojye2020/decs_jupyter_lab/MedCLIP-SAMv2/UDIAT/Malignant/000299.png,"A medical breast mammogram showing an irregularly shaped, spiculated mass suggestive of a malignant breast tumor.",/home/woojye2020/decs_jupyter_lab/MedCLIP-SAMv2/UDIAT/Malignant/000299.png,A medical breast mammogram showing normal breast tissue with no evidence of tumor.
/home/woojye2020/decs_jupyter_lab/MedCLIP-SAMv2/generated_neg_output/udiat_clip_image2prompt_closedform/000299.png,A medical breast mammogram showing normal breast tissue with no evidence of tumor.,/home/woojye2020/decs_jupyter_lab/MedCLIP-SAMv2/generated_neg_output/udiat_clip_image2prompt_closedform/000299.png,"A medical breast mammogram showing an irregularly shaped, spiculated mass suggestive of a malignant breast tumor."
/home/woojye2020/decs_jupyter_lab/MedCLIP-SAMv2/UDIAT/Malignant/000299.png,"A medical breast mammogram showing an irregular, spiculated mass suggestive of a malignant breast tumor.",/home/woojye2020/decs_jupyter_lab/MedCLIP-SAMv2/UDIAT/Malignant/000299.png,"A mammogram with no suspicious masses or malignant findings, indicating a normal scan."
/home/woojye2020/decs_jupyter_lab/MedCLIP-SAMv2/generated_neg_output/udiat_clip_image2prompt_closedform/000299.png,"A mammogram with no suspicious masses or malignant findings, indicating a normal scan.",/home/woojye2020/decs_jupyter_lab/MedCLIP-SAMv2/generated_neg_output/udiat_clip_image2prompt_closedform/000299.png,"A medical breast mammogram showing an irregular, spiculated mass suggestive of a malignant breast tumor."
/home/woojye2020/decs_jupyter_lab/MedCLIP-SAMv2/UDIAT/Malignant/000299.png,"A mammogram displaying a poorly defined, lobulated mass indicative of a malignant breast tumor.",/home/woojye2020/decs_jupyter_lab/MedCLIP-SAMv2/UDIAT/Malignant/000299.png,A breast imaging study revealing no signs of benign or malignant tumors.
/home/woojye2020/decs_jupyter_lab/MedCLIP-SAMv2/generated_neg_output/udiat_clip_image2prompt_closedform/000299.png,A breast imaging study revealing no signs of benign or malignant tumors.,/home/woojye2020/decs_jupyter_lab/MedCLIP-SAMv2/generated_neg_output/udiat_clip_image2prompt_closedform/000299.png,"A mammogram displaying a poorly defined, lobulated mass indicative of a malignant breast tumor."
/home/woojye2020/decs_jupyter_lab/MedCLIP-SAMv2/UDIAT/Malignant/000299.png,"A breast imaging study revealing an irregularly shaped, invasive mass likely representing a malignant breast tumor.",/home/woojye2020/decs_jupyter_lab/MedCLIP-SAMv2/UDIAT/Malignant/000299.png,A mammogram showing symmetrical breast tissue with no focal masses or clinical findings.
/home/woojye2020/decs_jupyter_lab/MedCLIP-SAMv2/generated_neg_output/udiat_clip_image2prompt_closedform/000299.png,A mammogram showing symmetrical breast tissue with no focal masses or clinical findings.,/home/woojye2020/decs_jupyter_lab/MedCLIP-SAMv2/generated_neg_output/udiat_clip_image2prompt_closedform/000299.png,"A breast imaging study revealing an irregularly shaped, invasive mass likely representing a malignant breast tumor."
/home/woojye2020/decs_jupyter_lab/MedCLIP-SAMv2/UDIAT/Malignant/000299.png,"A mammogram showing a dense, spiculated mass suggestive of a malignant breast tumor.",/home/woojye2020/decs_jupyter_lab/MedCLIP-SAMv2/UDIAT/Malignant/000299.png,A diagnostic mammogram displaying normal glandular tissue without any detectable lesions.
/home/woojye2020/decs_jupyter_lab/MedCLIP-SAMv2/generated_neg_output/udiat_clip_image2prompt_closedform/000299.png,A diagnostic mammogram displaying normal glandular tissue without any detectable lesions.,/home/woojye2020/decs_jupyter_lab/MedCLIP-SAMv2/generated_neg_output/udiat_clip_image2prompt_closedform/000299.png,"A mammogram showing a dense, spiculated mass suggestive of a malignant breast tumor."
/home/woojye2020/decs_jupyter_lab/MedCLIP-SAMv2/UDIAT/Malignant/000300.png,"A medical breast mammogram showing an irregularly shaped, spiculated mass suggestive of a malignant breast tumor.",/home/woojye2020/decs_jupyter_lab/MedCLIP-SAMv2/UDIAT/Malignant/000300.png,A medical breast mammogram showing normal breast tissue with no evidence of tumor.
/home/woojye2020/decs_jupyter_lab/MedCLIP-SAMv2/generated_neg_output/udiat_clip_image2prompt_closedform/000300.png,A medical breast mammogram showing normal breast tissue with no evidence of tumor.,/home/woojye2020/decs_jupyter_lab/MedCLIP-SAMv2/generated_neg_output/udiat_clip_image2prompt_closedform/000300.png,"A medical breast mammogram showing an irregularly shaped, spiculated mass suggestive of a malignant breast tumor."
/home/woojye2020/decs_jupyter_lab/MedCLIP-SAMv2/UDIAT/Malignant/000300.png,"A medical breast mammogram showing an irregular, spiculated mass suggestive of a malignant breast tumor.",/home/woojye2020/decs_jupyter_lab/MedCLIP-SAMv2/UDIAT/Malignant/000300.png,"A mammogram with no suspicious masses or malignant findings, indicating a normal scan."
/home/woojye2020/decs_jupyter_lab/MedCLIP-SAMv2/generated_neg_output/udiat_clip_image2prompt_closedform/000300.png,"A mammogram with no suspicious masses or malignant findings, indicating a normal scan.",/home/woojye2020/decs_jupyter_lab/MedCLIP-SAMv2/generated_neg_output/udiat_clip_image2prompt_closedform/000300.png,"A medical breast mammogram showing an irregular, spiculated mass suggestive of a malignant breast tumor."
/home/woojye2020/decs_jupyter_lab/MedCLIP-SAMv2/UDIAT/Malignant/000300.png,"A mammogram displaying a poorly defined, lobulated mass indicative of a malignant breast tumor.",/home/woojye2020/decs_jupyter_lab/MedCLIP-SAMv2/UDIAT/Malignant/000300.png,A breast imaging study revealing no signs of benign or malignant tumors.
/home/woojye2020/decs_jupyter_lab/MedCLIP-SAMv2/generated_neg_output/udiat_clip_image2prompt_closedform/000300.png,A breast imaging study revealing no signs of benign or malignant tumors.,/home/woojye2020/decs_jupyter_lab/MedCLIP-SAMv2/generated_neg_output/udiat_clip_image2prompt_closedform/000300.png,"A mammogram displaying a poorly defined, lobulated mass indicative of a malignant breast tumor."
/home/woojye2020/decs_jupyter_lab/MedCLIP-SAMv2/UDIAT/Malignant/000300.png,"A breast imaging study revealing an irregularly shaped, invasive mass likely representing a malignant breast tumor.",/home/woojye2020/decs_jupyter_lab/MedCLIP-SAMv2/UDIAT/Malignant/000300.png,A mammogram showing symmetrical breast tissue with no focal masses or clinical findings.
/home/woojye2020/decs_jupyter_lab/MedCLIP-SAMv2/generated_neg_output/udiat_clip_image2prompt_closedform/000300.png,A mammogram showing symmetrical breast tissue with no focal masses or clinical findings.,/home/woojye2020/decs_jupyter_lab/MedCLIP-SAMv2/generated_neg_output/udiat_clip_image2prompt_closedform/000300.png,"A breast imaging study revealing an irregularly shaped, invasive mass likely representing a malignant breast tumor."
/home/woojye2020/decs_jupyter_lab/MedCLIP-SAMv2/UDIAT/Malignant/000300.png,"A mammogram showing a dense, spiculated mass suggestive of a malignant breast tumor.",/home/woojye2020/decs_jupyter_lab/MedCLIP-SAMv2/UDIAT/Malignant/000300.png,A diagnostic mammogram displaying normal glandular tissue without any detectable lesions.
/home/woojye2020/decs_jupyter_lab/MedCLIP-SAMv2/generated_neg_output/udiat_clip_image2prompt_closedform/000300.png,A diagnostic mammogram displaying normal glandular tissue without any detectable lesions.,/home/woojye2020/decs_jupyter_lab/MedCLIP-SAMv2/generated_neg_output/udiat_clip_image2prompt_closedform/000300.png,"A mammogram showing a dense, spiculated mass suggestive of a malignant breast tumor."
/home/woojye2020/decs_jupyter_lab/MedCLIP-SAMv2/UDIAT/Malignant/000301.png,"A medical breast mammogram showing an irregularly shaped, spiculated mass suggestive of a malignant breast tumor.",/home/woojye2020/decs_jupyter_lab/MedCLIP-SAMv2/UDIAT/Malignant/000301.png,A medical breast mammogram showing normal breast tissue with no evidence of tumor.
/home/woojye2020/decs_jupyter_lab/MedCLIP-SAMv2/generated_neg_output/udiat_clip_image2prompt_closedform/000301.png,A medical breast mammogram showing normal breast tissue with no evidence of tumor.,/home/woojye2020/decs_jupyter_lab/MedCLIP-SAMv2/generated_neg_output/udiat_clip_image2prompt_closedform/000301.png,"A medical breast mammogram showing an irregularly shaped, spiculated mass suggestive of a malignant breast tumor."
/home/woojye2020/decs_jupyter_lab/MedCLIP-SAMv2/UDIAT/Malignant/000301.png,"A medical breast mammogram showing an irregular, spiculated mass suggestive of a malignant breast tumor.",/home/woojye2020/decs_jupyter_lab/MedCLIP-SAMv2/UDIAT/Malignant/000301.png,"A mammogram with no suspicious masses or malignant findings, indicating a normal scan."
/home/woojye2020/decs_jupyter_lab/MedCLIP-SAMv2/generated_neg_output/udiat_clip_image2prompt_closedform/000301.png,"A mammogram with no suspicious masses or malignant findings, indicating a normal scan.",/home/woojye2020/decs_jupyter_lab/MedCLIP-SAMv2/generated_neg_output/udiat_clip_image2prompt_closedform/000301.png,"A medical breast mammogram showing an irregular, spiculated mass suggestive of a malignant breast tumor."
/home/woojye2020/decs_jupyter_lab/MedCLIP-SAMv2/UDIAT/Malignant/000301.png,"A mammogram displaying a poorly defined, lobulated mass indicative of a malignant breast tumor.",/home/woojye2020/decs_jupyter_lab/MedCLIP-SAMv2/UDIAT/Malignant/000301.png,A breast imaging study revealing no signs of benign or malignant tumors.
/home/woojye2020/decs_jupyter_lab/MedCLIP-SAMv2/generated_neg_output/udiat_clip_image2prompt_closedform/000301.png,A breast imaging study revealing no signs of benign or malignant tumors.,/home/woojye2020/decs_jupyter_lab/MedCLIP-SAMv2/generated_neg_output/udiat_clip_image2prompt_closedform/000301.png,"A mammogram displaying a poorly defined, lobulated mass indicative of a malignant breast tumor."
/home/woojye2020/decs_jupyter_lab/MedCLIP-SAMv2/UDIAT/Malignant/000301.png,"A breast imaging study revealing an irregularly shaped, invasive mass likely representing a malignant breast tumor.",/home/woojye2020/decs_jupyter_lab/MedCLIP-SAMv2/UDIAT/Malignant/000301.png,A mammogram showing symmetrical breast tissue with no focal masses or clinical findings.
/home/woojye2020/decs_jupyter_lab/MedCLIP-SAMv2/generated_neg_output/udiat_clip_image2prompt_closedform/000301.png,A mammogram showing symmetrical breast tissue with no focal masses or clinical findings.,/home/woojye2020/decs_jupyter_lab/MedCLIP-SAMv2/generated_neg_output/udiat_clip_image2prompt_closedform/000301.png,"A breast imaging study revealing an irregularly shaped, invasive mass likely representing a malignant breast tumor."
/home/woojye2020/decs_jupyter_lab/MedCLIP-SAMv2/UDIAT/Malignant/000301.png,"A mammogram showing a dense, spiculated mass suggestive of a malignant breast tumor.",/home/woojye2020/decs_jupyter_lab/MedCLIP-SAMv2/UDIAT/Malignant/000301.png,A diagnostic mammogram displaying normal glandular tissue without any detectable lesions.
/home/woojye2020/decs_jupyter_lab/MedCLIP-SAMv2/generated_neg_output/udiat_clip_image2prompt_closedform/000301.png,A diagnostic mammogram displaying normal glandular tissue without any detectable lesions.,/home/woojye2020/decs_jupyter_lab/MedCLIP-SAMv2/generated_neg_output/udiat_clip_image2prompt_closedform/000301.png,"A mammogram showing a dense, spiculated mass suggestive of a malignant breast tumor."
/home/woojye2020/decs_jupyter_lab/MedCLIP-SAMv2/UDIAT/Malignant/000302.png,"A medical breast mammogram showing an irregularly shaped, spiculated mass suggestive of a malignant breast tumor.",/home/woojye2020/decs_jupyter_lab/MedCLIP-SAMv2/UDIAT/Malignant/000302.png,A medical breast mammogram showing normal breast tissue with no evidence of tumor.
/home/woojye2020/decs_jupyter_lab/MedCLIP-SAMv2/generated_neg_output/udiat_clip_image2prompt_closedform/000302.png,A medical breast mammogram showing normal breast tissue with no evidence of tumor.,/home/woojye2020/decs_jupyter_lab/MedCLIP-SAMv2/generated_neg_output/udiat_clip_image2prompt_closedform/000302.png,"A medical breast mammogram showing an irregularly shaped, spiculated mass suggestive of a malignant breast tumor."
/home/woojye2020/decs_jupyter_lab/MedCLIP-SAMv2/UDIAT/Malignant/000302.png,"A medical breast mammogram showing an irregular, spiculated mass suggestive of a malignant breast tumor.",/home/woojye2020/decs_jupyter_lab/MedCLIP-SAMv2/UDIAT/Malignant/000302.png,"A mammogram with no suspicious masses or malignant findings, indicating a normal scan."
/home/woojye2020/decs_jupyter_lab/MedCLIP-SAMv2/generated_neg_output/udiat_clip_image2prompt_closedform/000302.png,"A mammogram with no suspicious masses or malignant findings, indicating a normal scan.",/home/woojye2020/decs_jupyter_lab/MedCLIP-SAMv2/generated_neg_output/udiat_clip_image2prompt_closedform/000302.png,"A medical breast mammogram showing an irregular, spiculated mass suggestive of a malignant breast tumor."
/home/woojye2020/decs_jupyter_lab/MedCLIP-SAMv2/UDIAT/Malignant/000302.png,"A mammogram displaying a poorly defined, lobulated mass indicative of a malignant breast tumor.",/home/woojye2020/decs_jupyter_lab/MedCLIP-SAMv2/UDIAT/Malignant/000302.png,A breast imaging study revealing no signs of benign or malignant tumors.
/home/woojye2020/decs_jupyter_lab/MedCLIP-SAMv2/generated_neg_output/udiat_clip_image2prompt_closedform/000302.png,A breast imaging study revealing no signs of benign or malignant tumors.,/home/woojye2020/decs_jupyter_lab/MedCLIP-SAMv2/generated_neg_output/udiat_clip_image2prompt_closedform/000302.png,"A mammogram displaying a poorly defined, lobulated mass indicative of a malignant breast tumor."
/home/woojye2020/decs_jupyter_lab/MedCLIP-SAMv2/UDIAT/Malignant/000302.png,"A breast imaging study revealing an irregularly shaped, invasive mass likely representing a malignant breast tumor.",/home/woojye2020/decs_jupyter_lab/MedCLIP-SAMv2/UDIAT/Malignant/000302.png,A mammogram showing symmetrical breast tissue with no focal masses or clinical findings.
/home/woojye2020/decs_jupyter_lab/MedCLIP-SAMv2/generated_neg_output/udiat_clip_image2prompt_closedform/000302.png,A mammogram showing symmetrical breast tissue with no focal masses or clinical findings.,/home/woojye2020/decs_jupyter_lab/MedCLIP-SAMv2/generated_neg_output/udiat_clip_image2prompt_closedform/000302.png,"A breast imaging study revealing an irregularly shaped, invasive mass likely representing a malignant breast tumor."
/home/woojye2020/decs_jupyter_lab/MedCLIP-SAMv2/UDIAT/Malignant/000302.png,"A mammogram showing a dense, spiculated mass suggestive of a malignant breast tumor.",/home/woojye2020/decs_jupyter_lab/MedCLIP-SAMv2/UDIAT/Malignant/000302.png,A diagnostic mammogram displaying normal glandular tissue without any detectable lesions.
/home/woojye2020/decs_jupyter_lab/MedCLIP-SAMv2/generated_neg_output/udiat_clip_image2prompt_closedform/000302.png,A diagnostic mammogram displaying normal glandular tissue without any detectable lesions.,/home/woojye2020/decs_jupyter_lab/MedCLIP-SAMv2/generated_neg_output/udiat_clip_image2prompt_closedform/000302.png,"A mammogram showing a dense, spiculated mass suggestive of a malignant breast tumor."
/home/woojye2020/decs_jupyter_lab/MedCLIP-SAMv2/UDIAT/Malignant/000303.png,"A medical breast mammogram showing an irregularly shaped, spiculated mass suggestive of a malignant breast tumor.",/home/woojye2020/decs_jupyter_lab/MedCLIP-SAMv2/UDIAT/Malignant/000303.png,A medical breast mammogram showing normal breast tissue with no evidence of tumor.
/home/woojye2020/decs_jupyter_lab/MedCLIP-SAMv2/generated_neg_output/udiat_clip_image2prompt_closedform/000303.png,A medical breast mammogram showing normal breast tissue with no evidence of tumor.,/home/woojye2020/decs_jupyter_lab/MedCLIP-SAMv2/generated_neg_output/udiat_clip_image2prompt_closedform/000303.png,"A medical breast mammogram showing an irregularly shaped, spiculated mass suggestive of a malignant breast tumor."
/home/woojye2020/decs_jupyter_lab/MedCLIP-SAMv2/UDIAT/Malignant/000303.png,"A medical breast mammogram showing an irregular, spiculated mass suggestive of a malignant breast tumor.",/home/woojye2020/decs_jupyter_lab/MedCLIP-SAMv2/UDIAT/Malignant/000303.png,"A mammogram with no suspicious masses or malignant findings, indicating a normal scan."
/home/woojye2020/decs_jupyter_lab/MedCLIP-SAMv2/generated_neg_output/udiat_clip_image2prompt_closedform/000303.png,"A mammogram with no suspicious masses or malignant findings, indicating a normal scan.",/home/woojye2020/decs_jupyter_lab/MedCLIP-SAMv2/generated_neg_output/udiat_clip_image2prompt_closedform/000303.png,"A medical breast mammogram showing an irregular, spiculated mass suggestive of a malignant breast tumor."
/home/woojye2020/decs_jupyter_lab/MedCLIP-SAMv2/UDIAT/Malignant/000303.png,"A mammogram displaying a poorly defined, lobulated mass indicative of a malignant breast tumor.",/home/woojye2020/decs_jupyter_lab/MedCLIP-SAMv2/UDIAT/Malignant/000303.png,A breast imaging study revealing no signs of benign or malignant tumors.
/home/woojye2020/decs_jupyter_lab/MedCLIP-SAMv2/generated_neg_output/udiat_clip_image2prompt_closedform/000303.png,A breast imaging study revealing no signs of benign or malignant tumors.,/home/woojye2020/decs_jupyter_lab/MedCLIP-SAMv2/generated_neg_output/udiat_clip_image2prompt_closedform/000303.png,"A mammogram displaying a poorly defined, lobulated mass indicative of a malignant breast tumor."
/home/woojye2020/decs_jupyter_lab/MedCLIP-SAMv2/UDIAT/Malignant/000303.png,"A breast imaging study revealing an irregularly shaped, invasive mass likely representing a malignant breast tumor.",/home/woojye2020/decs_jupyter_lab/MedCLIP-SAMv2/UDIAT/Malignant/000303.png,A mammogram showing symmetrical breast tissue with no focal masses or clinical findings.
/home/woojye2020/decs_jupyter_lab/MedCLIP-SAMv2/generated_neg_output/udiat_clip_image2prompt_closedform/000303.png,A mammogram showing symmetrical breast tissue with no focal masses or clinical findings.,/home/woojye2020/decs_jupyter_lab/MedCLIP-SAMv2/generated_neg_output/udiat_clip_image2prompt_closedform/000303.png,"A breast imaging study revealing an irregularly shaped, invasive mass likely representing a malignant breast tumor."
/home/woojye2020/decs_jupyter_lab/MedCLIP-SAMv2/UDIAT/Malignant/000303.png,"A mammogram showing a dense, spiculated mass suggestive of a malignant breast tumor.",/home/woojye2020/decs_jupyter_lab/MedCLIP-SAMv2/UDIAT/Malignant/000303.png,A diagnostic mammogram displaying normal glandular tissue without any detectable lesions.
/home/woojye2020/decs_jupyter_lab/MedCLIP-SAMv2/generated_neg_output/udiat_clip_image2prompt_closedform/000303.png,A diagnostic mammogram displaying normal glandular tissue without any detectable lesions.,/home/woojye2020/decs_jupyter_lab/MedCLIP-SAMv2/generated_neg_output/udiat_clip_image2prompt_closedform/000303.png,"A mammogram showing a dense, spiculated mass suggestive of a malignant breast tumor."
/home/woojye2020/decs_jupyter_lab/MedCLIP-SAMv2/UDIAT/Malignant/000304.png,"A medical breast mammogram showing an irregularly shaped, spiculated mass suggestive of a malignant breast tumor.",/home/woojye2020/decs_jupyter_lab/MedCLIP-SAMv2/UDIAT/Malignant/000304.png,A medical breast mammogram showing normal breast tissue with no evidence of tumor.
/home/woojye2020/decs_jupyter_lab/MedCLIP-SAMv2/generated_neg_output/udiat_clip_image2prompt_closedform/000304.png,A medical breast mammogram showing normal breast tissue with no evidence of tumor.,/home/woojye2020/decs_jupyter_lab/MedCLIP-SAMv2/generated_neg_output/udiat_clip_image2prompt_closedform/000304.png,"A medical breast mammogram showing an irregularly shaped, spiculated mass suggestive of a malignant breast tumor."
/home/woojye2020/decs_jupyter_lab/MedCLIP-SAMv2/UDIAT/Malignant/000304.png,"A medical breast mammogram showing an irregular, spiculated mass suggestive of a malignant breast tumor.",/home/woojye2020/decs_jupyter_lab/MedCLIP-SAMv2/UDIAT/Malignant/000304.png,"A mammogram with no suspicious masses or malignant findings, indicating a normal scan."
/home/woojye2020/decs_jupyter_lab/MedCLIP-SAMv2/generated_neg_output/udiat_clip_image2prompt_closedform/000304.png,"A mammogram with no suspicious masses or malignant findings, indicating a normal scan.",/home/woojye2020/decs_jupyter_lab/MedCLIP-SAMv2/generated_neg_output/udiat_clip_image2prompt_closedform/000304.png,"A medical breast mammogram showing an irregular, spiculated mass suggestive of a malignant breast tumor."
/home/woojye2020/decs_jupyter_lab/MedCLIP-SAMv2/UDIAT/Malignant/000304.png,"A mammogram displaying a poorly defined, lobulated mass indicative of a malignant breast tumor.",/home/woojye2020/decs_jupyter_lab/MedCLIP-SAMv2/UDIAT/Malignant/000304.png,A breast imaging study revealing no signs of benign or malignant tumors.
/home/woojye2020/decs_jupyter_lab/MedCLIP-SAMv2/generated_neg_output/udiat_clip_image2prompt_closedform/000304.png,A breast imaging study revealing no signs of benign or malignant tumors.,/home/woojye2020/decs_jupyter_lab/MedCLIP-SAMv2/generated_neg_output/udiat_clip_image2prompt_closedform/000304.png,"A mammogram displaying a poorly defined, lobulated mass indicative of a malignant breast tumor."
/home/woojye2020/decs_jupyter_lab/MedCLIP-SAMv2/UDIAT/Malignant/000304.png,"A breast imaging study revealing an irregularly shaped, invasive mass likely representing a malignant breast tumor.",/home/woojye2020/decs_jupyter_lab/MedCLIP-SAMv2/UDIAT/Malignant/000304.png,A mammogram showing symmetrical breast tissue with no focal masses or clinical findings.
/home/woojye2020/decs_jupyter_lab/MedCLIP-SAMv2/generated_neg_output/udiat_clip_image2prompt_closedform/000304.png,A mammogram showing symmetrical breast tissue with no focal masses or clinical findings.,/home/woojye2020/decs_jupyter_lab/MedCLIP-SAMv2/generated_neg_output/udiat_clip_image2prompt_closedform/000304.png,"A breast imaging study revealing an irregularly shaped, invasive mass likely representing a malignant breast tumor."
/home/woojye2020/decs_jupyter_lab/MedCLIP-SAMv2/UDIAT/Malignant/000304.png,"A mammogram showing a dense, spiculated mass suggestive of a malignant breast tumor.",/home/woojye2020/decs_jupyter_lab/MedCLIP-SAMv2/UDIAT/Malignant/000304.png,A diagnostic mammogram displaying normal glandular tissue without any detectable lesions.
/home/woojye2020/decs_jupyter_lab/MedCLIP-SAMv2/generated_neg_output/udiat_clip_image2prompt_closedform/000304.png,A diagnostic mammogram displaying normal glandular tissue without any detectable lesions.,/home/woojye2020/decs_jupyter_lab/MedCLIP-SAMv2/generated_neg_output/udiat_clip_image2prompt_closedform/000304.png,"A mammogram showing a dense, spiculated mass suggestive of a malignant breast tumor."
/home/woojye2020/decs_jupyter_lab/MedCLIP-SAMv2/UDIAT/Malignant/000305.png,"A medical breast mammogram showing an irregularly shaped, spiculated mass suggestive of a malignant breast tumor.",/home/woojye2020/decs_jupyter_lab/MedCLIP-SAMv2/UDIAT/Malignant/000305.png,A medical breast mammogram showing normal breast tissue with no evidence of tumor.
/home/woojye2020/decs_jupyter_lab/MedCLIP-SAMv2/generated_neg_output/udiat_clip_image2prompt_closedform/000305.png,A medical breast mammogram showing normal breast tissue with no evidence of tumor.,/home/woojye2020/decs_jupyter_lab/MedCLIP-SAMv2/generated_neg_output/udiat_clip_image2prompt_closedform/000305.png,"A medical breast mammogram showing an irregularly shaped, spiculated mass suggestive of a malignant breast tumor."
/home/woojye2020/decs_jupyter_lab/MedCLIP-SAMv2/UDIAT/Malignant/000305.png,"A medical breast mammogram showing an irregular, spiculated mass suggestive of a malignant breast tumor.",/home/woojye2020/decs_jupyter_lab/MedCLIP-SAMv2/UDIAT/Malignant/000305.png,"A mammogram with no suspicious masses or malignant findings, indicating a normal scan."
/home/woojye2020/decs_jupyter_lab/MedCLIP-SAMv2/generated_neg_output/udiat_clip_image2prompt_closedform/000305.png,"A mammogram with no suspicious masses or malignant findings, indicating a normal scan.",/home/woojye2020/decs_jupyter_lab/MedCLIP-SAMv2/generated_neg_output/udiat_clip_image2prompt_closedform/000305.png,"A medical breast mammogram showing an irregular, spiculated mass suggestive of a malignant breast tumor."
/home/woojye2020/decs_jupyter_lab/MedCLIP-SAMv2/UDIAT/Malignant/000305.png,"A mammogram displaying a poorly defined, lobulated mass indicative of a malignant breast tumor.",/home/woojye2020/decs_jupyter_lab/MedCLIP-SAMv2/UDIAT/Malignant/000305.png,A breast imaging study revealing no signs of benign or malignant tumors.
/home/woojye2020/decs_jupyter_lab/MedCLIP-SAMv2/generated_neg_output/udiat_clip_image2prompt_closedform/000305.png,A breast imaging study revealing no signs of benign or malignant tumors.,/home/woojye2020/decs_jupyter_lab/MedCLIP-SAMv2/generated_neg_output/udiat_clip_image2prompt_closedform/000305.png,"A mammogram displaying a poorly defined, lobulated mass indicative of a malignant breast tumor."
/home/woojye2020/decs_jupyter_lab/MedCLIP-SAMv2/UDIAT/Malignant/000305.png,"A breast imaging study revealing an irregularly shaped, invasive mass likely representing a malignant breast tumor.",/home/woojye2020/decs_jupyter_lab/MedCLIP-SAMv2/UDIAT/Malignant/000305.png,A mammogram showing symmetrical breast tissue with no focal masses or clinical findings.
/home/woojye2020/decs_jupyter_lab/MedCLIP-SAMv2/generated_neg_output/udiat_clip_image2prompt_closedform/000305.png,A mammogram showing symmetrical breast tissue with no focal masses or clinical findings.,/home/woojye2020/decs_jupyter_lab/MedCLIP-SAMv2/generated_neg_output/udiat_clip_image2prompt_closedform/000305.png,"A breast imaging study revealing an irregularly shaped, invasive mass likely representing a malignant breast tumor."
/home/woojye2020/decs_jupyter_lab/MedCLIP-SAMv2/UDIAT/Malignant/000305.png,"A mammogram showing a dense, spiculated mass suggestive of a malignant breast tumor.",/home/woojye2020/decs_jupyter_lab/MedCLIP-SAMv2/UDIAT/Malignant/000305.png,A diagnostic mammogram displaying normal glandular tissue without any detectable lesions.
/home/woojye2020/decs_jupyter_lab/MedCLIP-SAMv2/generated_neg_output/udiat_clip_image2prompt_closedform/000305.png,A diagnostic mammogram displaying normal glandular tissue without any detectable lesions.,/home/woojye2020/decs_jupyter_lab/MedCLIP-SAMv2/generated_neg_output/udiat_clip_image2prompt_closedform/000305.png,"A mammogram showing a dense, spiculated mass suggestive of a malignant breast tumor."
/home/woojye2020/decs_jupyter_lab/MedCLIP-SAMv2/UDIAT/Malignant/000306.png,"A medical breast mammogram showing an irregularly shaped, spiculated mass suggestive of a malignant breast tumor.",/home/woojye2020/decs_jupyter_lab/MedCLIP-SAMv2/UDIAT/Malignant/000306.png,A medical breast mammogram showing normal breast tissue with no evidence of tumor.
/home/woojye2020/decs_jupyter_lab/MedCLIP-SAMv2/generated_neg_output/udiat_clip_image2prompt_closedform/000306.png,A medical breast mammogram showing normal breast tissue with no evidence of tumor.,/home/woojye2020/decs_jupyter_lab/MedCLIP-SAMv2/generated_neg_output/udiat_clip_image2prompt_closedform/000306.png,"A medical breast mammogram showing an irregularly shaped, spiculated mass suggestive of a malignant breast tumor."
/home/woojye2020/decs_jupyter_lab/MedCLIP-SAMv2/UDIAT/Malignant/000306.png,"A medical breast mammogram showing an irregular, spiculated mass suggestive of a malignant breast tumor.",/home/woojye2020/decs_jupyter_lab/MedCLIP-SAMv2/UDIAT/Malignant/000306.png,"A mammogram with no suspicious masses or malignant findings, indicating a normal scan."
/home/woojye2020/decs_jupyter_lab/MedCLIP-SAMv2/generated_neg_output/udiat_clip_image2prompt_closedform/000306.png,"A mammogram with no suspicious masses or malignant findings, indicating a normal scan.",/home/woojye2020/decs_jupyter_lab/MedCLIP-SAMv2/generated_neg_output/udiat_clip_image2prompt_closedform/000306.png,"A medical breast mammogram showing an irregular, spiculated mass suggestive of a malignant breast tumor."
/home/woojye2020/decs_jupyter_lab/MedCLIP-SAMv2/UDIAT/Malignant/000306.png,"A mammogram displaying a poorly defined, lobulated mass indicative of a malignant breast tumor.",/home/woojye2020/decs_jupyter_lab/MedCLIP-SAMv2/UDIAT/Malignant/000306.png,A breast imaging study revealing no signs of benign or malignant tumors.
/home/woojye2020/decs_jupyter_lab/MedCLIP-SAMv2/generated_neg_output/udiat_clip_image2prompt_closedform/000306.png,A breast imaging study revealing no signs of benign or malignant tumors.,/home/woojye2020/decs_jupyter_lab/MedCLIP-SAMv2/generated_neg_output/udiat_clip_image2prompt_closedform/000306.png,"A mammogram displaying a poorly defined, lobulated mass indicative of a malignant breast tumor."
/home/woojye2020/decs_jupyter_lab/MedCLIP-SAMv2/UDIAT/Malignant/000306.png,"A breast imaging study revealing an irregularly shaped, invasive mass likely representing a malignant breast tumor.",/home/woojye2020/decs_jupyter_lab/MedCLIP-SAMv2/UDIAT/Malignant/000306.png,A mammogram showing symmetrical breast tissue with no focal masses or clinical findings.
/home/woojye2020/decs_jupyter_lab/MedCLIP-SAMv2/generated_neg_output/udiat_clip_image2prompt_closedform/000306.png,A mammogram showing symmetrical breast tissue with no focal masses or clinical findings.,/home/woojye2020/decs_jupyter_lab/MedCLIP-SAMv2/generated_neg_output/udiat_clip_image2prompt_closedform/000306.png,"A breast imaging study revealing an irregularly shaped, invasive mass likely representing a malignant breast tumor."
/home/woojye2020/decs_jupyter_lab/MedCLIP-SAMv2/UDIAT/Malignant/000306.png,"A mammogram showing a dense, spiculated mass suggestive of a malignant breast tumor.",/home/woojye2020/decs_jupyter_lab/MedCLIP-SAMv2/UDIAT/Malignant/000306.png,A diagnostic mammogram displaying normal glandular tissue without any detectable lesions.
/home/woojye2020/decs_jupyter_lab/MedCLIP-SAMv2/generated_neg_output/udiat_clip_image2prompt_closedform/000306.png,A diagnostic mammogram displaying normal glandular tissue without any detectable lesions.,/home/woojye2020/decs_jupyter_lab/MedCLIP-SAMv2/generated_neg_output/udiat_clip_image2prompt_closedform/000306.png,"A mammogram showing a dense, spiculated mass suggestive of a malignant breast tumor."
/home/woojye2020/decs_jupyter_lab/MedCLIP-SAMv2/UDIAT/Malignant/000307.png,"A medical breast mammogram showing an irregularly shaped, spiculated mass suggestive of a malignant breast tumor.",/home/woojye2020/decs_jupyter_lab/MedCLIP-SAMv2/UDIAT/Malignant/000307.png,A medical breast mammogram showing normal breast tissue with no evidence of tumor.
/home/woojye2020/decs_jupyter_lab/MedCLIP-SAMv2/generated_neg_output/udiat_clip_image2prompt_closedform/000307.png,A medical breast mammogram showing normal breast tissue with no evidence of tumor.,/home/woojye2020/decs_jupyter_lab/MedCLIP-SAMv2/generated_neg_output/udiat_clip_image2prompt_closedform/000307.png,"A medical breast mammogram showing an irregularly shaped, spiculated mass suggestive of a malignant breast tumor."
/home/woojye2020/decs_jupyter_lab/MedCLIP-SAMv2/UDIAT/Malignant/000307.png,"A medical breast mammogram showing an irregular, spiculated mass suggestive of a malignant breast tumor.",/home/woojye2020/decs_jupyter_lab/MedCLIP-SAMv2/UDIAT/Malignant/000307.png,"A mammogram with no suspicious masses or malignant findings, indicating a normal scan."
/home/woojye2020/decs_jupyter_lab/MedCLIP-SAMv2/generated_neg_output/udiat_clip_image2prompt_closedform/000307.png,"A mammogram with no suspicious masses or malignant findings, indicating a normal scan.",/home/woojye2020/decs_jupyter_lab/MedCLIP-SAMv2/generated_neg_output/udiat_clip_image2prompt_closedform/000307.png,"A medical breast mammogram showing an irregular, spiculated mass suggestive of a malignant breast tumor."
/home/woojye2020/decs_jupyter_lab/MedCLIP-SAMv2/UDIAT/Malignant/000307.png,"A mammogram displaying a poorly defined, lobulated mass indicative of a malignant breast tumor.",/home/woojye2020/decs_jupyter_lab/MedCLIP-SAMv2/UDIAT/Malignant/000307.png,A breast imaging study revealing no signs of benign or malignant tumors.
/home/woojye2020/decs_jupyter_lab/MedCLIP-SAMv2/generated_neg_output/udiat_clip_image2prompt_closedform/000307.png,A breast imaging study revealing no signs of benign or malignant tumors.,/home/woojye2020/decs_jupyter_lab/MedCLIP-SAMv2/generated_neg_output/udiat_clip_image2prompt_closedform/000307.png,"A mammogram displaying a poorly defined, lobulated mass indicative of a malignant breast tumor."
/home/woojye2020/decs_jupyter_lab/MedCLIP-SAMv2/UDIAT/Malignant/000307.png,"A breast imaging study revealing an irregularly shaped, invasive mass likely representing a malignant breast tumor.",/home/woojye2020/decs_jupyter_lab/MedCLIP-SAMv2/UDIAT/Malignant/000307.png,A mammogram showing symmetrical breast tissue with no focal masses or clinical findings.
/home/woojye2020/decs_jupyter_lab/MedCLIP-SAMv2/generated_neg_output/udiat_clip_image2prompt_closedform/000307.png,A mammogram showing symmetrical breast tissue with no focal masses or clinical findings.,/home/woojye2020/decs_jupyter_lab/MedCLIP-SAMv2/generated_neg_output/udiat_clip_image2prompt_closedform/000307.png,"A breast imaging study revealing an irregularly shaped, invasive mass likely representing a malignant breast tumor."
/home/woojye2020/decs_jupyter_lab/MedCLIP-SAMv2/UDIAT/Malignant/000307.png,"A mammogram showing a dense, spiculated mass suggestive of a malignant breast tumor.",/home/woojye2020/decs_jupyter_lab/MedCLIP-SAMv2/UDIAT/Malignant/000307.png,A diagnostic mammogram displaying normal glandular tissue without any detectable lesions.
/home/woojye2020/decs_jupyter_lab/MedCLIP-SAMv2/generated_neg_output/udiat_clip_image2prompt_closedform/000307.png,A diagnostic mammogram displaying normal glandular tissue without any detectable lesions.,/home/woojye2020/decs_jupyter_lab/MedCLIP-SAMv2/generated_neg_output/udiat_clip_image2prompt_closedform/000307.png,"A mammogram showing a dense, spiculated mass suggestive of a malignant breast tumor."
/home/woojye2020/decs_jupyter_lab/MedCLIP-SAMv2/UDIAT/Malignant/000308.png,"A medical breast mammogram showing an irregularly shaped, spiculated mass suggestive of a malignant breast tumor.",/home/woojye2020/decs_jupyter_lab/MedCLIP-SAMv2/UDIAT/Malignant/000308.png,A medical breast mammogram showing normal breast tissue with no evidence of tumor.
/home/woojye2020/decs_jupyter_lab/MedCLIP-SAMv2/generated_neg_output/udiat_clip_image2prompt_closedform/000308.png,A medical breast mammogram showing normal breast tissue with no evidence of tumor.,/home/woojye2020/decs_jupyter_lab/MedCLIP-SAMv2/generated_neg_output/udiat_clip_image2prompt_closedform/000308.png,"A medical breast mammogram showing an irregularly shaped, spiculated mass suggestive of a malignant breast tumor."
/home/woojye2020/decs_jupyter_lab/MedCLIP-SAMv2/UDIAT/Malignant/000308.png,"A medical breast mammogram showing an irregular, spiculated mass suggestive of a malignant breast tumor.",/home/woojye2020/decs_jupyter_lab/MedCLIP-SAMv2/UDIAT/Malignant/000308.png,"A mammogram with no suspicious masses or malignant findings, indicating a normal scan."
/home/woojye2020/decs_jupyter_lab/MedCLIP-SAMv2/generated_neg_output/udiat_clip_image2prompt_closedform/000308.png,"A mammogram with no suspicious masses or malignant findings, indicating a normal scan.",/home/woojye2020/decs_jupyter_lab/MedCLIP-SAMv2/generated_neg_output/udiat_clip_image2prompt_closedform/000308.png,"A medical breast mammogram showing an irregular, spiculated mass suggestive of a malignant breast tumor."
/home/woojye2020/decs_jupyter_lab/MedCLIP-SAMv2/UDIAT/Malignant/000308.png,"A mammogram displaying a poorly defined, lobulated mass indicative of a malignant breast tumor.",/home/woojye2020/decs_jupyter_lab/MedCLIP-SAMv2/UDIAT/Malignant/000308.png,A breast imaging study revealing no signs of benign or malignant tumors.
/home/woojye2020/decs_jupyter_lab/MedCLIP-SAMv2/generated_neg_output/udiat_clip_image2prompt_closedform/000308.png,A breast imaging study revealing no signs of benign or malignant tumors.,/home/woojye2020/decs_jupyter_lab/MedCLIP-SAMv2/generated_neg_output/udiat_clip_image2prompt_closedform/000308.png,"A mammogram displaying a poorly defined, lobulated mass indicative of a malignant breast tumor."
/home/woojye2020/decs_jupyter_lab/MedCLIP-SAMv2/UDIAT/Malignant/000308.png,"A breast imaging study revealing an irregularly shaped, invasive mass likely representing a malignant breast tumor.",/home/woojye2020/decs_jupyter_lab/MedCLIP-SAMv2/UDIAT/Malignant/000308.png,A mammogram showing symmetrical breast tissue with no focal masses or clinical findings.
/home/woojye2020/decs_jupyter_lab/MedCLIP-SAMv2/generated_neg_output/udiat_clip_image2prompt_closedform/000308.png,A mammogram showing symmetrical breast tissue with no focal masses or clinical findings.,/home/woojye2020/decs_jupyter_lab/MedCLIP-SAMv2/generated_neg_output/udiat_clip_image2prompt_closedform/000308.png,"A breast imaging study revealing an irregularly shaped, invasive mass likely representing a malignant breast tumor."
/home/woojye2020/decs_jupyter_lab/MedCLIP-SAMv2/UDIAT/Malignant/000308.png,"A mammogram showing a dense, spiculated mass suggestive of a malignant breast tumor.",/home/woojye2020/decs_jupyter_lab/MedCLIP-SAMv2/UDIAT/Malignant/000308.png,A diagnostic mammogram displaying normal glandular tissue without any detectable lesions.
/home/woojye2020/decs_jupyter_lab/MedCLIP-SAMv2/generated_neg_output/udiat_clip_image2prompt_closedform/000308.png,A diagnostic mammogram displaying normal glandular tissue without any detectable lesions.,/home/woojye2020/decs_jupyter_lab/MedCLIP-SAMv2/generated_neg_output/udiat_clip_image2prompt_closedform/000308.png,"A mammogram showing a dense, spiculated mass suggestive of a malignant breast tumor."
/home/woojye2020/decs_jupyter_lab/MedCLIP-SAMv2/UDIAT/Malignant/000309.png,"A medical breast mammogram showing an irregularly shaped, spiculated mass suggestive of a malignant breast tumor.",/home/woojye2020/decs_jupyter_lab/MedCLIP-SAMv2/UDIAT/Malignant/000309.png,A medical breast mammogram showing normal breast tissue with no evidence of tumor.
/home/woojye2020/decs_jupyter_lab/MedCLIP-SAMv2/generated_neg_output/udiat_clip_image2prompt_closedform/000309.png,A medical breast mammogram showing normal breast tissue with no evidence of tumor.,/home/woojye2020/decs_jupyter_lab/MedCLIP-SAMv2/generated_neg_output/udiat_clip_image2prompt_closedform/000309.png,"A medical breast mammogram showing an irregularly shaped, spiculated mass suggestive of a malignant breast tumor."
/home/woojye2020/decs_jupyter_lab/MedCLIP-SAMv2/UDIAT/Malignant/000309.png,"A medical breast mammogram showing an irregular, spiculated mass suggestive of a malignant breast tumor.",/home/woojye2020/decs_jupyter_lab/MedCLIP-SAMv2/UDIAT/Malignant/000309.png,"A mammogram with no suspicious masses or malignant findings, indicating a normal scan."
/home/woojye2020/decs_jupyter_lab/MedCLIP-SAMv2/generated_neg_output/udiat_clip_image2prompt_closedform/000309.png,"A mammogram with no suspicious masses or malignant findings, indicating a normal scan.",/home/woojye2020/decs_jupyter_lab/MedCLIP-SAMv2/generated_neg_output/udiat_clip_image2prompt_closedform/000309.png,"A medical breast mammogram showing an irregular, spiculated mass suggestive of a malignant breast tumor."
/home/woojye2020/decs_jupyter_lab/MedCLIP-SAMv2/UDIAT/Malignant/000309.png,"A mammogram displaying a poorly defined, lobulated mass indicative of a malignant breast tumor.",/home/woojye2020/decs_jupyter_lab/MedCLIP-SAMv2/UDIAT/Malignant/000309.png,A breast imaging study revealing no signs of benign or malignant tumors.
/home/woojye2020/decs_jupyter_lab/MedCLIP-SAMv2/generated_neg_output/udiat_clip_image2prompt_closedform/000309.png,A breast imaging study revealing no signs of benign or malignant tumors.,/home/woojye2020/decs_jupyter_lab/MedCLIP-SAMv2/generated_neg_output/udiat_clip_image2prompt_closedform/000309.png,"A mammogram displaying a poorly defined, lobulated mass indicative of a malignant breast tumor."
/home/woojye2020/decs_jupyter_lab/MedCLIP-SAMv2/UDIAT/Malignant/000309.png,"A breast imaging study revealing an irregularly shaped, invasive mass likely representing a malignant breast tumor.",/home/woojye2020/decs_jupyter_lab/MedCLIP-SAMv2/UDIAT/Malignant/000309.png,A mammogram showing symmetrical breast tissue with no focal masses or clinical findings.
/home/woojye2020/decs_jupyter_lab/MedCLIP-SAMv2/generated_neg_output/udiat_clip_image2prompt_closedform/000309.png,A mammogram showing symmetrical breast tissue with no focal masses or clinical findings.,/home/woojye2020/decs_jupyter_lab/MedCLIP-SAMv2/generated_neg_output/udiat_clip_image2prompt_closedform/000309.png,"A breast imaging study revealing an irregularly shaped, invasive mass likely representing a malignant breast tumor."
/home/woojye2020/decs_jupyter_lab/MedCLIP-SAMv2/UDIAT/Malignant/000309.png,"A mammogram showing a dense, spiculated mass suggestive of a malignant breast tumor.",/home/woojye2020/decs_jupyter_lab/MedCLIP-SAMv2/UDIAT/Malignant/000309.png,A diagnostic mammogram displaying normal glandular tissue without any detectable lesions.
/home/woojye2020/decs_jupyter_lab/MedCLIP-SAMv2/generated_neg_output/udiat_clip_image2prompt_closedform/000309.png,A diagnostic mammogram displaying normal glandular tissue without any detectable lesions.,/home/woojye2020/decs_jupyter_lab/MedCLIP-SAMv2/generated_neg_output/udiat_clip_image2prompt_closedform/000309.png,"A mammogram showing a dense, spiculated mass suggestive of a malignant breast tumor."
/home/woojye2020/decs_jupyter_lab/MedCLIP-SAMv2/UDIAT/Malignant/000310.png,"A medical breast mammogram showing an irregularly shaped, spiculated mass suggestive of a malignant breast tumor.",/home/woojye2020/decs_jupyter_lab/MedCLIP-SAMv2/UDIAT/Malignant/000310.png,A medical breast mammogram showing normal breast tissue with no evidence of tumor.
/home/woojye2020/decs_jupyter_lab/MedCLIP-SAMv2/generated_neg_output/udiat_clip_image2prompt_closedform/000310.png,A medical breast mammogram showing normal breast tissue with no evidence of tumor.,/home/woojye2020/decs_jupyter_lab/MedCLIP-SAMv2/generated_neg_output/udiat_clip_image2prompt_closedform/000310.png,"A medical breast mammogram showing an irregularly shaped, spiculated mass suggestive of a malignant breast tumor."
/home/woojye2020/decs_jupyter_lab/MedCLIP-SAMv2/UDIAT/Malignant/000310.png,"A medical breast mammogram showing an irregular, spiculated mass suggestive of a malignant breast tumor.",/home/woojye2020/decs_jupyter_lab/MedCLIP-SAMv2/UDIAT/Malignant/000310.png,"A mammogram with no suspicious masses or malignant findings, indicating a normal scan."
/home/woojye2020/decs_jupyter_lab/MedCLIP-SAMv2/generated_neg_output/udiat_clip_image2prompt_closedform/000310.png,"A mammogram with no suspicious masses or malignant findings, indicating a normal scan.",/home/woojye2020/decs_jupyter_lab/MedCLIP-SAMv2/generated_neg_output/udiat_clip_image2prompt_closedform/000310.png,"A medical breast mammogram showing an irregular, spiculated mass suggestive of a malignant breast tumor."
/home/woojye2020/decs_jupyter_lab/MedCLIP-SAMv2/UDIAT/Malignant/000310.png,"A mammogram displaying a poorly defined, lobulated mass indicative of a malignant breast tumor.",/home/woojye2020/decs_jupyter_lab/MedCLIP-SAMv2/UDIAT/Malignant/000310.png,A breast imaging study revealing no signs of benign or malignant tumors.
/home/woojye2020/decs_jupyter_lab/MedCLIP-SAMv2/generated_neg_output/udiat_clip_image2prompt_closedform/000310.png,A breast imaging study revealing no signs of benign or malignant tumors.,/home/woojye2020/decs_jupyter_lab/MedCLIP-SAMv2/generated_neg_output/udiat_clip_image2prompt_closedform/000310.png,"A mammogram displaying a poorly defined, lobulated mass indicative of a malignant breast tumor."
/home/woojye2020/decs_jupyter_lab/MedCLIP-SAMv2/UDIAT/Malignant/000310.png,"A breast imaging study revealing an irregularly shaped, invasive mass likely representing a malignant breast tumor.",/home/woojye2020/decs_jupyter_lab/MedCLIP-SAMv2/UDIAT/Malignant/000310.png,A mammogram showing symmetrical breast tissue with no focal masses or clinical findings.
/home/woojye2020/decs_jupyter_lab/MedCLIP-SAMv2/generated_neg_output/udiat_clip_image2prompt_closedform/000310.png,A mammogram showing symmetrical breast tissue with no focal masses or clinical findings.,/home/woojye2020/decs_jupyter_lab/MedCLIP-SAMv2/generated_neg_output/udiat_clip_image2prompt_closedform/000310.png,"A breast imaging study revealing an irregularly shaped, invasive mass likely representing a malignant breast tumor."
/home/woojye2020/decs_jupyter_lab/MedCLIP-SAMv2/UDIAT/Malignant/000310.png,"A mammogram showing a dense, spiculated mass suggestive of a malignant breast tumor.",/home/woojye2020/decs_jupyter_lab/MedCLIP-SAMv2/UDIAT/Malignant/000310.png,A diagnostic mammogram displaying normal glandular tissue without any detectable lesions.
/home/woojye2020/decs_jupyter_lab/MedCLIP-SAMv2/generated_neg_output/udiat_clip_image2prompt_closedform/000310.png,A diagnostic mammogram displaying normal glandular tissue without any detectable lesions.,/home/woojye2020/decs_jupyter_lab/MedCLIP-SAMv2/generated_neg_output/udiat_clip_image2prompt_closedform/000310.png,"A mammogram showing a dense, spiculated mass suggestive of a malignant breast tumor."
