nohup: ignoring input
2026-01-31,19:00:10 | INFO | Running with a single process. Device cuda.
2026-01-31,19:00:11 | INFO | Loaded hf-hub:microsoft/BiomedCLIP-PubMedBERT_256-vit_base_patch16_224 model config.
loading configuration file config.json from cache at /home/woojye2020/.cache/huggingface/hub/models--microsoft--BiomedNLP-BiomedBERT-base-uncased-abstract/snapshots/d673b8835373c6fa116d6d8006b33d48734e305d/config.json
Model config BertConfig {
  "architectures": [
    "BertForMaskedLM"
  ],
  "attention_probs_dropout_prob": 0.1,
  "classifier_dropout": null,
  "hidden_act": "gelu",
  "hidden_dropout_prob": 0.1,
  "hidden_size": 768,
  "initializer_range": 0.02,
  "intermediate_size": 3072,
  "layer_norm_eps": 1e-12,
  "max_position_embeddings": 512,
  "model_type": "bert",
  "num_attention_heads": 12,
  "num_hidden_layers": 12,
  "pad_token_id": 0,
  "position_embedding_type": "absolute",
  "transformers_version": "4.57.5",
  "type_vocab_size": 2,
  "use_cache": true,
  "vocab_size": 30522
}

2026-01-31,19:00:14 | INFO | Loading pretrained hf-hub:microsoft/BiomedCLIP-PubMedBERT_256-vit_base_patch16_224 weights (/home/woojye2020/.cache/huggingface/hub/models--microsoft--BiomedCLIP-PubMedBERT_256-vit_base_patch16_224/snapshots/9f341de24bfb00180f1b847274256e9b65a3a32e/open_clip_pytorch_model.bin).
2026-01-31,19:00:15 | INFO | Model:
2026-01-31,19:00:15 | INFO | CustomTextCLIP(
  (visual): TimmModel(
    (trunk): VisionTransformer(
      (patch_embed): PatchEmbed(
        (proj): Conv2d(3, 768, kernel_size=(16, 16), stride=(16, 16))
        (norm): Identity()
      )
      (pos_drop): Dropout(p=0.0, inplace=False)
      (patch_drop): Identity()
      (norm_pre): Identity()
      (blocks): Sequential(
        (0): Block(
          (norm1): LayerNorm((768,), eps=1e-06, elementwise_affine=True)
          (attn): Attention(
            (qkv): Linear(in_features=768, out_features=2304, bias=True)
            (q_norm): Identity()
            (k_norm): Identity()
            (attn_drop): Dropout(p=0.0, inplace=False)
            (norm): Identity()
            (proj): Linear(in_features=768, out_features=768, bias=True)
            (proj_drop): Dropout(p=0.0, inplace=False)
          )
          (ls1): Identity()
          (drop_path1): Identity()
          (norm2): LayerNorm((768,), eps=1e-06, elementwise_affine=True)
          (mlp): Mlp(
            (fc1): Linear(in_features=768, out_features=3072, bias=True)
            (act): GELU(approximate='none')
            (drop1): Dropout(p=0.0, inplace=False)
            (norm): Identity()
            (fc2): Linear(in_features=3072, out_features=768, bias=True)
            (drop2): Dropout(p=0.0, inplace=False)
          )
          (ls2): Identity()
          (drop_path2): Identity()
        )
        (1): Block(
          (norm1): LayerNorm((768,), eps=1e-06, elementwise_affine=True)
          (attn): Attention(
            (qkv): Linear(in_features=768, out_features=2304, bias=True)
            (q_norm): Identity()
            (k_norm): Identity()
            (attn_drop): Dropout(p=0.0, inplace=False)
            (norm): Identity()
            (proj): Linear(in_features=768, out_features=768, bias=True)
            (proj_drop): Dropout(p=0.0, inplace=False)
          )
          (ls1): Identity()
          (drop_path1): Identity()
          (norm2): LayerNorm((768,), eps=1e-06, elementwise_affine=True)
          (mlp): Mlp(
            (fc1): Linear(in_features=768, out_features=3072, bias=True)
            (act): GELU(approximate='none')
            (drop1): Dropout(p=0.0, inplace=False)
            (norm): Identity()
            (fc2): Linear(in_features=3072, out_features=768, bias=True)
            (drop2): Dropout(p=0.0, inplace=False)
          )
          (ls2): Identity()
          (drop_path2): Identity()
        )
        (2): Block(
          (norm1): LayerNorm((768,), eps=1e-06, elementwise_affine=True)
          (attn): Attention(
            (qkv): Linear(in_features=768, out_features=2304, bias=True)
            (q_norm): Identity()
            (k_norm): Identity()
            (attn_drop): Dropout(p=0.0, inplace=False)
            (norm): Identity()
            (proj): Linear(in_features=768, out_features=768, bias=True)
            (proj_drop): Dropout(p=0.0, inplace=False)
          )
          (ls1): Identity()
          (drop_path1): Identity()
          (norm2): LayerNorm((768,), eps=1e-06, elementwise_affine=True)
          (mlp): Mlp(
            (fc1): Linear(in_features=768, out_features=3072, bias=True)
            (act): GELU(approximate='none')
            (drop1): Dropout(p=0.0, inplace=False)
            (norm): Identity()
            (fc2): Linear(in_features=3072, out_features=768, bias=True)
            (drop2): Dropout(p=0.0, inplace=False)
          )
          (ls2): Identity()
          (drop_path2): Identity()
        )
        (3): Block(
          (norm1): LayerNorm((768,), eps=1e-06, elementwise_affine=True)
          (attn): Attention(
            (qkv): Linear(in_features=768, out_features=2304, bias=True)
            (q_norm): Identity()
            (k_norm): Identity()
            (attn_drop): Dropout(p=0.0, inplace=False)
            (norm): Identity()
            (proj): Linear(in_features=768, out_features=768, bias=True)
            (proj_drop): Dropout(p=0.0, inplace=False)
          )
          (ls1): Identity()
          (drop_path1): Identity()
          (norm2): LayerNorm((768,), eps=1e-06, elementwise_affine=True)
          (mlp): Mlp(
            (fc1): Linear(in_features=768, out_features=3072, bias=True)
            (act): GELU(approximate='none')
            (drop1): Dropout(p=0.0, inplace=False)
            (norm): Identity()
            (fc2): Linear(in_features=3072, out_features=768, bias=True)
            (drop2): Dropout(p=0.0, inplace=False)
          )
          (ls2): Identity()
          (drop_path2): Identity()
        )
        (4): Block(
          (norm1): LayerNorm((768,), eps=1e-06, elementwise_affine=True)
          (attn): Attention(
            (qkv): Linear(in_features=768, out_features=2304, bias=True)
            (q_norm): Identity()
            (k_norm): Identity()
            (attn_drop): Dropout(p=0.0, inplace=False)
            (norm): Identity()
            (proj): Linear(in_features=768, out_features=768, bias=True)
            (proj_drop): Dropout(p=0.0, inplace=False)
          )
          (ls1): Identity()
          (drop_path1): Identity()
          (norm2): LayerNorm((768,), eps=1e-06, elementwise_affine=True)
          (mlp): Mlp(
            (fc1): Linear(in_features=768, out_features=3072, bias=True)
            (act): GELU(approximate='none')
            (drop1): Dropout(p=0.0, inplace=False)
            (norm): Identity()
            (fc2): Linear(in_features=3072, out_features=768, bias=True)
            (drop2): Dropout(p=0.0, inplace=False)
          )
          (ls2): Identity()
          (drop_path2): Identity()
        )
        (5): Block(
          (norm1): LayerNorm((768,), eps=1e-06, elementwise_affine=True)
          (attn): Attention(
            (qkv): Linear(in_features=768, out_features=2304, bias=True)
            (q_norm): Identity()
            (k_norm): Identity()
            (attn_drop): Dropout(p=0.0, inplace=False)
            (norm): Identity()
            (proj): Linear(in_features=768, out_features=768, bias=True)
            (proj_drop): Dropout(p=0.0, inplace=False)
          )
          (ls1): Identity()
          (drop_path1): Identity()
          (norm2): LayerNorm((768,), eps=1e-06, elementwise_affine=True)
          (mlp): Mlp(
            (fc1): Linear(in_features=768, out_features=3072, bias=True)
            (act): GELU(approximate='none')
            (drop1): Dropout(p=0.0, inplace=False)
            (norm): Identity()
            (fc2): Linear(in_features=3072, out_features=768, bias=True)
            (drop2): Dropout(p=0.0, inplace=False)
          )
          (ls2): Identity()
          (drop_path2): Identity()
        )
        (6): Block(
          (norm1): LayerNorm((768,), eps=1e-06, elementwise_affine=True)
          (attn): Attention(
            (qkv): Linear(in_features=768, out_features=2304, bias=True)
            (q_norm): Identity()
            (k_norm): Identity()
            (attn_drop): Dropout(p=0.0, inplace=False)
            (norm): Identity()
            (proj): Linear(in_features=768, out_features=768, bias=True)
            (proj_drop): Dropout(p=0.0, inplace=False)
          )
          (ls1): Identity()
          (drop_path1): Identity()
          (norm2): LayerNorm((768,), eps=1e-06, elementwise_affine=True)
          (mlp): Mlp(
            (fc1): Linear(in_features=768, out_features=3072, bias=True)
            (act): GELU(approximate='none')
            (drop1): Dropout(p=0.0, inplace=False)
            (norm): Identity()
            (fc2): Linear(in_features=3072, out_features=768, bias=True)
            (drop2): Dropout(p=0.0, inplace=False)
          )
          (ls2): Identity()
          (drop_path2): Identity()
        )
        (7): Block(
          (norm1): LayerNorm((768,), eps=1e-06, elementwise_affine=True)
          (attn): Attention(
            (qkv): Linear(in_features=768, out_features=2304, bias=True)
            (q_norm): Identity()
            (k_norm): Identity()
            (attn_drop): Dropout(p=0.0, inplace=False)
            (norm): Identity()
            (proj): Linear(in_features=768, out_features=768, bias=True)
            (proj_drop): Dropout(p=0.0, inplace=False)
          )
          (ls1): Identity()
          (drop_path1): Identity()
          (norm2): LayerNorm((768,), eps=1e-06, elementwise_affine=True)
          (mlp): Mlp(
            (fc1): Linear(in_features=768, out_features=3072, bias=True)
            (act): GELU(approximate='none')
            (drop1): Dropout(p=0.0, inplace=False)
            (norm): Identity()
            (fc2): Linear(in_features=3072, out_features=768, bias=True)
            (drop2): Dropout(p=0.0, inplace=False)
          )
          (ls2): Identity()
          (drop_path2): Identity()
        )
        (8): Block(
          (norm1): LayerNorm((768,), eps=1e-06, elementwise_affine=True)
          (attn): Attention(
            (qkv): Linear(in_features=768, out_features=2304, bias=True)
            (q_norm): Identity()
            (k_norm): Identity()
            (attn_drop): Dropout(p=0.0, inplace=False)
            (norm): Identity()
            (proj): Linear(in_features=768, out_features=768, bias=True)
            (proj_drop): Dropout(p=0.0, inplace=False)
          )
          (ls1): Identity()
          (drop_path1): Identity()
          (norm2): LayerNorm((768,), eps=1e-06, elementwise_affine=True)
          (mlp): Mlp(
            (fc1): Linear(in_features=768, out_features=3072, bias=True)
            (act): GELU(approximate='none')
            (drop1): Dropout(p=0.0, inplace=False)
            (norm): Identity()
            (fc2): Linear(in_features=3072, out_features=768, bias=True)
            (drop2): Dropout(p=0.0, inplace=False)
          )
          (ls2): Identity()
          (drop_path2): Identity()
        )
        (9): Block(
          (norm1): LayerNorm((768,), eps=1e-06, elementwise_affine=True)
          (attn): Attention(
            (qkv): Linear(in_features=768, out_features=2304, bias=True)
            (q_norm): Identity()
            (k_norm): Identity()
            (attn_drop): Dropout(p=0.0, inplace=False)
            (norm): Identity()
            (proj): Linear(in_features=768, out_features=768, bias=True)
            (proj_drop): Dropout(p=0.0, inplace=False)
          )
          (ls1): Identity()
          (drop_path1): Identity()
          (norm2): LayerNorm((768,), eps=1e-06, elementwise_affine=True)
          (mlp): Mlp(
            (fc1): Linear(in_features=768, out_features=3072, bias=True)
            (act): GELU(approximate='none')
            (drop1): Dropout(p=0.0, inplace=False)
            (norm): Identity()
            (fc2): Linear(in_features=3072, out_features=768, bias=True)
            (drop2): Dropout(p=0.0, inplace=False)
          )
          (ls2): Identity()
          (drop_path2): Identity()
        )
        (10): Block(
          (norm1): LayerNorm((768,), eps=1e-06, elementwise_affine=True)
          (attn): Attention(
            (qkv): Linear(in_features=768, out_features=2304, bias=True)
            (q_norm): Identity()
            (k_norm): Identity()
            (attn_drop): Dropout(p=0.0, inplace=False)
            (norm): Identity()
            (proj): Linear(in_features=768, out_features=768, bias=True)
            (proj_drop): Dropout(p=0.0, inplace=False)
          )
          (ls1): Identity()
          (drop_path1): Identity()
          (norm2): LayerNorm((768,), eps=1e-06, elementwise_affine=True)
          (mlp): Mlp(
            (fc1): Linear(in_features=768, out_features=3072, bias=True)
            (act): GELU(approximate='none')
            (drop1): Dropout(p=0.0, inplace=False)
            (norm): Identity()
            (fc2): Linear(in_features=3072, out_features=768, bias=True)
            (drop2): Dropout(p=0.0, inplace=False)
          )
          (ls2): Identity()
          (drop_path2): Identity()
        )
        (11): Block(
          (norm1): LayerNorm((768,), eps=1e-06, elementwise_affine=True)
          (attn): Attention(
            (qkv): Linear(in_features=768, out_features=2304, bias=True)
            (q_norm): Identity()
            (k_norm): Identity()
            (attn_drop): Dropout(p=0.0, inplace=False)
            (norm): Identity()
            (proj): Linear(in_features=768, out_features=768, bias=True)
            (proj_drop): Dropout(p=0.0, inplace=False)
          )
          (ls1): Identity()
          (drop_path1): Identity()
          (norm2): LayerNorm((768,), eps=1e-06, elementwise_affine=True)
          (mlp): Mlp(
            (fc1): Linear(in_features=768, out_features=3072, bias=True)
            (act): GELU(approximate='none')
            (drop1): Dropout(p=0.0, inplace=False)
            (norm): Identity()
            (fc2): Linear(in_features=3072, out_features=768, bias=True)
            (drop2): Dropout(p=0.0, inplace=False)
          )
          (ls2): Identity()
          (drop_path2): Identity()
        )
      )
      (norm): LayerNorm((768,), eps=1e-06, elementwise_affine=True)
      (fc_norm): Identity()
      (head_drop): Dropout(p=0.0, inplace=False)
      (head): Identity()
    )
    (head): Sequential(
      (drop): Dropout(p=0.0, inplace=False)
      (proj): Linear(in_features=768, out_features=512, bias=False)
    )
  )
  (text): HFTextEncoder(
    (transformer): BertModel(
      (embeddings): BertEmbeddings(
        (word_embeddings): Embedding(30522, 768, padding_idx=0)
        (position_embeddings): Embedding(512, 768)
        (token_type_embeddings): Embedding(2, 768)
        (LayerNorm): LayerNorm((768,), eps=1e-12, elementwise_affine=True)
        (dropout): Dropout(p=0.1, inplace=False)
      )
      (encoder): BertEncoder(
        (layer): ModuleList(
          (0-11): 12 x BertLayer(
            (attention): BertAttention(
              (self): BertSdpaSelfAttention(
                (query): Linear(in_features=768, out_features=768, bias=True)
                (key): Linear(in_features=768, out_features=768, bias=True)
                (value): Linear(in_features=768, out_features=768, bias=True)
                (dropout): Dropout(p=0.1, inplace=False)
              )
              (output): BertSelfOutput(
                (dense): Linear(in_features=768, out_features=768, bias=True)
                (LayerNorm): LayerNorm((768,), eps=1e-12, elementwise_affine=True)
                (dropout): Dropout(p=0.1, inplace=False)
              )
            )
            (intermediate): BertIntermediate(
              (dense): Linear(in_features=768, out_features=3072, bias=True)
              (intermediate_act_fn): GELUActivation()
            )
            (output): BertOutput(
              (dense): Linear(in_features=3072, out_features=768, bias=True)
              (LayerNorm): LayerNorm((768,), eps=1e-12, elementwise_affine=True)
              (dropout): Dropout(p=0.1, inplace=False)
            )
          )
        )
      )
    )
    (pooler): ClsLastHiddenStatePooler()
    (proj): Sequential(
      (0): Linear(in_features=768, out_features=640, bias=False)
      (1): GELU(approximate='none')
      (2): Linear(in_features=640, out_features=512, bias=False)
    )
  )
)
2026-01-31,19:00:15 | INFO | Params:
2026-01-31,19:00:15 | INFO |   accum_freq: 1
2026-01-31,19:00:15 | INFO |   alpha_dhnnce: 0.0
2026-01-31,19:00:15 | INFO |   aug_cfg: {}
2026-01-31,19:00:15 | INFO |   batch_size: 16
2026-01-31,19:00:15 | INFO |   beta1: 0.9
2026-01-31,19:00:15 | INFO |   beta1_dhnnce: 0.15
2026-01-31,19:00:15 | INFO |   beta2: 0.98
2026-01-31,19:00:15 | INFO |   beta2_dhnnce: 0.15
2026-01-31,19:00:15 | INFO |   cache_dir: None
2026-01-31,19:00:15 | INFO |   checkpoint_path: logs/2026_01_31-19_00_10-model_hf-hub:microsoft-BiomedCLIP-PubMedBERT_256-vit_base_patch16_224-lr_0.001-b_16-j_4-p_amp/checkpoints
2026-01-31,19:00:15 | INFO |   coca_caption_loss_weight: 2.0
2026-01-31,19:00:15 | INFO |   coca_contrastive_loss_weight: 1.0
2026-01-31,19:00:15 | INFO |   copy_codebase: False
2026-01-31,19:00:15 | INFO |   csv_caption_key: Caption
2026-01-31,19:00:15 | INFO |   csv_img_key: filename
2026-01-31,19:00:15 | INFO |   csv_separator: ,
2026-01-31,19:00:15 | INFO |   dataset_resampled: False
2026-01-31,19:00:15 | INFO |   dataset_type: csv
2026-01-31,19:00:15 | INFO |   ddp_static_graph: False
2026-01-31,19:00:15 | INFO |   debug: False
2026-01-31,19:00:15 | INFO |   delete_previous_checkpoint: False
2026-01-31,19:00:15 | INFO |   device: cuda
2026-01-31,19:00:15 | INFO |   dhn_base_entropy_loss: False
2026-01-31,19:00:15 | INFO |   dhn_entropy_loss: False
2026-01-31,19:00:15 | INFO |   dhn_feature_entropy_loss: False
2026-01-31,19:00:15 | INFO |   dhnnce_loss: True
2026-01-31,19:00:15 | INFO |   dist_backend: None
2026-01-31,19:00:15 | INFO |   dist_url: None
2026-01-31,19:00:15 | INFO |   distill: False
2026-01-31,19:00:15 | INFO |   distill_model: None
2026-01-31,19:00:15 | INFO |   distill_pretrained: None
2026-01-31,19:00:15 | INFO |   distributed: False
2026-01-31,19:00:15 | INFO |   entropy_weight: 0.0
2026-01-31,19:00:15 | INFO |   epochs: 32
2026-01-31,19:00:15 | INFO |   epochs_cooldown: None
2026-01-31,19:00:15 | INFO |   eps: 1e-06
2026-01-31,19:00:15 | INFO |   force_custom_text: False
2026-01-31,19:00:15 | INFO |   force_image_size: None
2026-01-31,19:00:15 | INFO |   force_patch_dropout: None
2026-01-31,19:00:15 | INFO |   force_quick_gelu: False
2026-01-31,19:00:15 | INFO |   gather_with_grad: False
2026-01-31,19:00:15 | INFO |   grad_checkpointing: False
2026-01-31,19:00:15 | INFO |   grad_clip_norm: None
2026-01-31,19:00:15 | INFO |   horovod: False
2026-01-31,19:00:15 | INFO |   image_interpolation: None
2026-01-31,19:00:15 | INFO |   image_mean: None
2026-01-31,19:00:15 | INFO |   image_resize_mode: None
2026-01-31,19:00:15 | INFO |   image_std: None
2026-01-31,19:00:15 | INFO |   imagenet_v2: None
2026-01-31,19:00:15 | INFO |   imagenet_val: None
2026-01-31,19:00:15 | INFO |   local_loss: False
2026-01-31,19:00:15 | INFO |   local_rank: 0
2026-01-31,19:00:15 | INFO |   lock_image: False
2026-01-31,19:00:15 | INFO |   lock_image_freeze_bn_stats: False
2026-01-31,19:00:15 | INFO |   lock_image_unlocked_groups: 0
2026-01-31,19:00:15 | INFO |   lock_text: False
2026-01-31,19:00:15 | INFO |   lock_text_freeze_layer_norm: False
2026-01-31,19:00:15 | INFO |   lock_text_unlocked_layers: 0
2026-01-31,19:00:15 | INFO |   log_every_n_steps: 100
2026-01-31,19:00:15 | INFO |   log_level: 20
2026-01-31,19:00:15 | INFO |   log_local: False
2026-01-31,19:00:15 | INFO |   log_path: logs/2026_01_31-19_00_10-model_hf-hub:microsoft-BiomedCLIP-PubMedBERT_256-vit_base_patch16_224-lr_0.001-b_16-j_4-p_amp/out.log
2026-01-31,19:00:15 | INFO |   logs: logs
2026-01-31,19:00:15 | INFO |   lr: 0.001
2026-01-31,19:00:15 | INFO |   lr_cooldown_end: 0.0
2026-01-31,19:00:15 | INFO |   lr_cooldown_power: 1.0
2026-01-31,19:00:15 | INFO |   lr_scheduler: cosine
2026-01-31,19:00:15 | INFO |   model: hf-hub:microsoft/BiomedCLIP-PubMedBERT_256-vit_base_patch16_224
2026-01-31,19:00:15 | INFO |   name: 2026_01_31-19_00_10-model_hf-hub:microsoft-BiomedCLIP-PubMedBERT_256-vit_base_patch16_224-lr_0.001-b_16-j_4-p_amp
2026-01-31,19:00:15 | INFO |   no_set_device_rank: False
2026-01-31,19:00:15 | INFO |   precision: amp
2026-01-31,19:00:15 | INFO |   pretrained: 
2026-01-31,19:00:15 | INFO |   pretrained_image: False
2026-01-31,19:00:15 | INFO |   rank: 0
2026-01-31,19:00:15 | INFO |   remote_sync: None
2026-01-31,19:00:15 | INFO |   remote_sync_frequency: 300
2026-01-31,19:00:15 | INFO |   remote_sync_protocol: s3
2026-01-31,19:00:15 | INFO |   report_to: tensorboard
2026-01-31,19:00:15 | INFO |   resume: None
2026-01-31,19:00:15 | INFO |   save_frequency: 1
2026-01-31,19:00:15 | INFO |   save_most_recent: False
2026-01-31,19:00:15 | INFO |   seed: 0
2026-01-31,19:00:15 | INFO |   siglip: False
2026-01-31,19:00:15 | INFO |   skip_scheduler: False
2026-01-31,19:00:15 | INFO |   temperature_dhnnce: 0.6
2026-01-31,19:00:15 | INFO |   tensorboard: True
2026-01-31,19:00:15 | INFO |   tensorboard_path: logs/2026_01_31-19_00_10-model_hf-hub:microsoft-BiomedCLIP-PubMedBERT_256-vit_base_patch16_224-lr_0.001-b_16-j_4-p_amp/tensorboard
2026-01-31,19:00:15 | INFO |   torchcompile: False
2026-01-31,19:00:15 | INFO |   torchscript: False
2026-01-31,19:00:15 | INFO |   trace: False
2026-01-31,19:00:15 | INFO |   train_data: data/medpix_dataset/medpix_dataset_clean.csv
2026-01-31,19:00:15 | INFO |   train_data_upsampling_factors: None
2026-01-31,19:00:15 | INFO |   train_num_samples: None
2026-01-31,19:00:15 | INFO |   use_bn_sync: False
2026-01-31,19:00:15 | INFO |   use_bnb_linear: None
2026-01-31,19:00:15 | INFO |   val_data: None
2026-01-31,19:00:15 | INFO |   val_frequency: 1
2026-01-31,19:00:15 | INFO |   val_num_samples: None
2026-01-31,19:00:15 | INFO |   wandb: False
2026-01-31,19:00:15 | INFO |   wandb_notes: 
2026-01-31,19:00:15 | INFO |   wandb_project_name: open-clip
2026-01-31,19:00:15 | INFO |   warmup: 1000
2026-01-31,19:00:15 | INFO |   wd: 0.1
2026-01-31,19:00:15 | INFO |   workers: 4
2026-01-31,19:00:15 | INFO |   world_size: 1
2026-01-31,19:00:15 | INFO |   zeroshot_frequency: 2
loading configuration file config.json from cache at /home/woojye2020/.cache/huggingface/hub/models--microsoft--BiomedNLP-BiomedBERT-base-uncased-abstract/snapshots/d673b8835373c6fa116d6d8006b33d48734e305d/config.json
Model config BertConfig {
  "architectures": [
    "BertForMaskedLM"
  ],
  "attention_probs_dropout_prob": 0.1,
  "classifier_dropout": null,
  "hidden_act": "gelu",
  "hidden_dropout_prob": 0.1,
  "hidden_size": 768,
  "initializer_range": 0.02,
  "intermediate_size": 3072,
  "layer_norm_eps": 1e-12,
  "max_position_embeddings": 512,
  "model_type": "bert",
  "num_attention_heads": 12,
  "num_hidden_layers": 12,
  "pad_token_id": 0,
  "position_embedding_type": "absolute",
  "transformers_version": "4.57.5",
  "type_vocab_size": 2,
  "use_cache": true,
  "vocab_size": 30522
}

loading file vocab.txt from cache at /home/woojye2020/.cache/huggingface/hub/models--microsoft--BiomedNLP-BiomedBERT-base-uncased-abstract/snapshots/d673b8835373c6fa116d6d8006b33d48734e305d/vocab.txt
loading file tokenizer.json from cache at None
loading file added_tokens.json from cache at None
loading file special_tokens_map.json from cache at None
loading file tokenizer_config.json from cache at /home/woojye2020/.cache/huggingface/hub/models--microsoft--BiomedNLP-BiomedBERT-base-uncased-abstract/snapshots/d673b8835373c6fa116d6d8006b33d48734e305d/tokenizer_config.json
loading file chat_template.jinja from cache at None
loading configuration file config.json from cache at /home/woojye2020/.cache/huggingface/hub/models--microsoft--BiomedNLP-BiomedBERT-base-uncased-abstract/snapshots/d673b8835373c6fa116d6d8006b33d48734e305d/config.json
Model config BertConfig {
  "architectures": [
    "BertForMaskedLM"
  ],
  "attention_probs_dropout_prob": 0.1,
  "classifier_dropout": null,
  "hidden_act": "gelu",
  "hidden_dropout_prob": 0.1,
  "hidden_size": 768,
  "initializer_range": 0.02,
  "intermediate_size": 3072,
  "layer_norm_eps": 1e-12,
  "max_position_embeddings": 512,
  "model_type": "bert",
  "num_attention_heads": 12,
  "num_hidden_layers": 12,
  "pad_token_id": 0,
  "position_embedding_type": "absolute",
  "transformers_version": "4.57.5",
  "type_vocab_size": 2,
  "use_cache": true,
  "vocab_size": 30522
}

loading configuration file config.json from cache at /home/woojye2020/.cache/huggingface/hub/models--microsoft--BiomedNLP-BiomedBERT-base-uncased-abstract/snapshots/d673b8835373c6fa116d6d8006b33d48734e305d/config.json
Model config BertConfig {
  "architectures": [
    "BertForMaskedLM"
  ],
  "attention_probs_dropout_prob": 0.1,
  "classifier_dropout": null,
  "hidden_act": "gelu",
  "hidden_dropout_prob": 0.1,
  "hidden_size": 768,
  "initializer_range": 0.02,
  "intermediate_size": 3072,
  "layer_norm_eps": 1e-12,
  "max_position_embeddings": 512,
  "model_type": "bert",
  "num_attention_heads": 12,
  "num_hidden_layers": 12,
  "pad_token_id": 0,
  "position_embedding_type": "absolute",
  "transformers_version": "4.57.5",
  "type_vocab_size": 2,
  "use_cache": true,
  "vocab_size": 30522
}

2026-01-31,19:00:16 | INFO | Start epoch 0
DEBUG: open_clip imported from /home/woojye2020/decs_jupyter_lab/MedCLIP-SAMv2/biomedclip_finetuning/open_clip/src/open_clip/__init__.py
2026-01-31,19:00:18 | INFO | Train Epoch: 0 [   16/24478 (0%)] Data (t): 0.504 Batch (t): 1.636, 9.78100/s, 9.78100/s/gpu LR: 0.000001 Logit Scale: 85.232 Contrastive_loss: -0.15921 (-0.15921) Loss: -0.15921 (-0.15921)
2026-01-31,19:00:31 | INFO | Train Epoch: 0 [ 1616/24478 (7%)] Data (t): 0.000 Batch (t): 0.127, 124.440/s, 124.440/s/gpu LR: 0.000101 Logit Scale: 85.232 Contrastive_loss: -0.65443 (-0.40682) Loss: -0.65443 (-0.40682)
2026-01-31,19:00:43 | INFO | Train Epoch: 0 [ 3216/24478 (13%)] Data (t): 0.000 Batch (t): 0.126, 124.137/s, 124.137/s/gpu LR: 0.000201 Logit Scale: 85.232 Contrastive_loss: -0.65621 (-0.48995) Loss: -0.65621 (-0.48995)
2026-01-31,19:00:56 | INFO | Train Epoch: 0 [ 4816/24478 (20%)] Data (t): 0.001 Batch (t): 0.130, 123.453/s, 123.453/s/gpu LR: 0.000301 Logit Scale: 85.232 Contrastive_loss: -0.65628 (-0.53153) Loss: -0.65628 (-0.53153)
2026-01-31,19:01:09 | INFO | Train Epoch: 0 [ 6416/24478 (26%)] Data (t): 0.001 Batch (t): 0.128, 125.866/s, 125.866/s/gpu LR: 0.000401 Logit Scale: 85.232 Contrastive_loss: -0.65660 (-0.55655) Loss: -0.65660 (-0.55655)
2026-01-31,19:01:22 | INFO | Train Epoch: 0 [ 8016/24478 (33%)] Data (t): 0.001 Batch (t): 0.128, 126.097/s, 126.097/s/gpu LR: 0.000501 Logit Scale: 85.232 Contrastive_loss: -0.65677 (-0.57325) Loss: -0.65677 (-0.57325)
2026-01-31,19:01:35 | INFO | Train Epoch: 0 [ 9616/24478 (39%)] Data (t): 0.001 Batch (t): 0.128, 126.183/s, 126.183/s/gpu LR: 0.000601 Logit Scale: 85.232 Contrastive_loss: -0.65677 (-0.58518) Loss: -0.65677 (-0.58518)
2026-01-31,19:01:48 | INFO | Train Epoch: 0 [11216/24478 (46%)] Data (t): 0.001 Batch (t): 0.129, 125.031/s, 125.031/s/gpu LR: 0.000701 Logit Scale: 85.232 Contrastive_loss: -0.65677 (-0.59413) Loss: -0.65677 (-0.59413)
2026-01-31,19:02:01 | INFO | Train Epoch: 0 [12816/24478 (52%)] Data (t): 0.001 Batch (t): 0.130, 119.987/s, 119.987/s/gpu LR: 0.000801 Logit Scale: 85.232 Contrastive_loss: -0.65677 (-0.60109) Loss: -0.65677 (-0.60109)
2026-01-31,19:02:14 | INFO | Train Epoch: 0 [14416/24478 (59%)] Data (t): 0.001 Batch (t): 0.129, 126.351/s, 126.351/s/gpu LR: 0.000901 Logit Scale: 85.232 Contrastive_loss: -0.65677 (-0.60666) Loss: -0.65677 (-0.60666)
2026-01-31,19:02:27 | INFO | Train Epoch: 0 [16016/24478 (65%)] Data (t): 0.000 Batch (t): 0.128, 123.312/s, 123.312/s/gpu LR: 0.001000 Logit Scale: 85.232 Contrastive_loss: -0.65677 (-0.61121) Loss: -0.65677 (-0.61121)
2026-01-31,19:02:39 | INFO | Train Epoch: 0 [17616/24478 (72%)] Data (t): 0.001 Batch (t): 0.128, 124.569/s, 124.569/s/gpu LR: 0.001000 Logit Scale: 85.232 Contrastive_loss: -0.65677 (-0.61501) Loss: -0.65677 (-0.61501)
2026-01-31,19:02:52 | INFO | Train Epoch: 0 [19216/24478 (79%)] Data (t): 0.001 Batch (t): 0.128, 119.818/s, 119.818/s/gpu LR: 0.001000 Logit Scale: 85.232 Contrastive_loss: -0.65677 (-0.61822) Loss: -0.65677 (-0.61822)
2026-01-31,19:03:05 | INFO | Train Epoch: 0 [20816/24478 (85%)] Data (t): 0.001 Batch (t): 0.128, 126.454/s, 126.454/s/gpu LR: 0.001000 Logit Scale: 85.232 Contrastive_loss: -0.65677 (-0.62098) Loss: -0.65677 (-0.62098)
2026-01-31,19:03:18 | INFO | Train Epoch: 0 [22416/24478 (92%)] Data (t): 0.001 Batch (t): 0.128, 124.393/s, 124.393/s/gpu LR: 0.001000 Logit Scale: 85.232 Contrastive_loss: -0.65677 (-0.62336) Loss: -0.65677 (-0.62336)
2026-01-31,19:03:31 | INFO | Train Epoch: 0 [24016/24478 (98%)] Data (t): 0.001 Batch (t): 0.128, 125.527/s, 125.527/s/gpu LR: 0.001000 Logit Scale: 85.232 Contrastive_loss: -0.65677 (-0.62545) Loss: -0.65677 (-0.62545)
2026-01-31,19:03:34 | INFO | Train Epoch: 0 [24464/24478 (100%)] Data (t): 0.001 Batch (t): 0.128, 126.858/s, 126.858/s/gpu LR: 0.001000 Logit Scale: 85.232 Contrastive_loss: -0.65677 (-0.62729) Loss: -0.65677 (-0.62729)
2026-01-31,19:03:41 | INFO | Start epoch 1
2026-01-31,19:03:41 | INFO | Train Epoch: 1 [   16/24478 (0%)] Data (t): 0.477 Batch (t): 0.647, 24.7446/s, 24.7446/s/gpu LR: 0.001000 Logit Scale: 85.232 Contrastive_loss: -0.65677 (-0.65677) Loss: -0.65677 (-0.65677)
2026-01-31,19:03:55 | INFO | Train Epoch: 1 [ 1616/24478 (7%)] Data (t): 0.001 Batch (t): 0.131, 122.965/s, 122.965/s/gpu LR: 0.001000 Logit Scale: 85.232 Contrastive_loss: -0.65677 (-0.65677) Loss: -0.65677 (-0.65677)
2026-01-31,19:04:08 | INFO | Train Epoch: 1 [ 3216/24478 (13%)] Data (t): 0.001 Batch (t): 0.131, 120.063/s, 120.063/s/gpu LR: 0.000999 Logit Scale: 85.232 Contrastive_loss: -0.65677 (-0.65677) Loss: -0.65677 (-0.65677)
2026-01-31,19:04:21 | INFO | Train Epoch: 1 [ 4816/24478 (20%)] Data (t): 0.001 Batch (t): 0.132, 121.519/s, 121.519/s/gpu LR: 0.000999 Logit Scale: 85.232 Contrastive_loss: -0.65677 (-0.65677) Loss: -0.65677 (-0.65677)
2026-01-31,19:04:34 | INFO | Train Epoch: 1 [ 6416/24478 (26%)] Data (t): 0.001 Batch (t): 0.132, 122.312/s, 122.312/s/gpu LR: 0.000999 Logit Scale: 85.232 Contrastive_loss: -0.65677 (-0.65677) Loss: -0.65677 (-0.65677)
2026-01-31,19:04:47 | INFO | Train Epoch: 1 [ 8016/24478 (33%)] Data (t): 0.001 Batch (t): 0.131, 122.621/s, 122.621/s/gpu LR: 0.000999 Logit Scale: 85.232 Contrastive_loss: -0.65677 (-0.65677) Loss: -0.65677 (-0.65677)
2026-01-31,19:05:00 | INFO | Train Epoch: 1 [ 9616/24478 (39%)] Data (t): 0.001 Batch (t): 0.131, 121.994/s, 121.994/s/gpu LR: 0.000999 Logit Scale: 85.232 Contrastive_loss: -0.65677 (-0.65677) Loss: -0.65677 (-0.65677)
2026-01-31,19:05:13 | INFO | Train Epoch: 1 [11216/24478 (46%)] Data (t): 0.001 Batch (t): 0.131, 117.524/s, 117.524/s/gpu LR: 0.000998 Logit Scale: 85.232 Contrastive_loss: -0.65677 (-0.65677) Loss: -0.65677 (-0.65677)
2026-01-31,19:05:26 | INFO | Train Epoch: 1 [12816/24478 (52%)] Data (t): 0.001 Batch (t): 0.128, 126.069/s, 126.069/s/gpu LR: 0.000998 Logit Scale: 85.232 Contrastive_loss: -0.65677 (-0.65677) Loss: -0.65677 (-0.65677)
2026-01-31,19:05:39 | INFO | Train Epoch: 1 [14416/24478 (59%)] Data (t): 0.001 Batch (t): 0.128, 125.640/s, 125.640/s/gpu LR: 0.000998 Logit Scale: 85.232 Contrastive_loss: -0.65677 (-0.65677) Loss: -0.65677 (-0.65677)
2026-01-31,19:05:52 | INFO | Train Epoch: 1 [16016/24478 (65%)] Data (t): 0.001 Batch (t): 0.128, 124.148/s, 124.148/s/gpu LR: 0.000997 Logit Scale: 85.232 Contrastive_loss: -0.65677 (-0.65677) Loss: -0.65677 (-0.65677)
2026-01-31,19:06:05 | INFO | Train Epoch: 1 [17616/24478 (72%)] Data (t): 0.001 Batch (t): 0.128, 125.350/s, 125.350/s/gpu LR: 0.000997 Logit Scale: 85.232 Contrastive_loss: -0.65677 (-0.65677) Loss: -0.65677 (-0.65677)
2026-01-31,19:06:18 | INFO | Train Epoch: 1 [19216/24478 (79%)] Data (t): 0.001 Batch (t): 0.128, 125.928/s, 125.928/s/gpu LR: 0.000997 Logit Scale: 85.232 Contrastive_loss: -0.65677 (-0.65677) Loss: -0.65677 (-0.65677)
2026-01-31,19:06:30 | INFO | Train Epoch: 1 [20816/24478 (85%)] Data (t): 0.001 Batch (t): 0.128, 124.379/s, 124.379/s/gpu LR: 0.000996 Logit Scale: 85.232 Contrastive_loss: -0.65677 (-0.65677) Loss: -0.65677 (-0.65677)
2026-01-31,19:06:43 | INFO | Train Epoch: 1 [22416/24478 (92%)] Data (t): 0.001 Batch (t): 0.129, 124.426/s, 124.426/s/gpu LR: 0.000996 Logit Scale: 85.232 Contrastive_loss: -0.65677 (-0.65677) Loss: -0.65677 (-0.65677)
2026-01-31,19:06:56 | INFO | Train Epoch: 1 [24016/24478 (98%)] Data (t): 0.001 Batch (t): 0.129, 125.110/s, 125.110/s/gpu LR: 0.000996 Logit Scale: 85.232 Contrastive_loss: -0.65677 (-0.65677) Loss: -0.65677 (-0.65677)
2026-01-31,19:07:00 | INFO | Train Epoch: 1 [24464/24478 (100%)] Data (t): 0.001 Batch (t): 0.128, 127.060/s, 127.060/s/gpu LR: 0.000995 Logit Scale: 85.232 Contrastive_loss: -0.65677 (-0.65677) Loss: -0.65677 (-0.65677)
2026-01-31,19:07:06 | INFO | Start epoch 2
2026-01-31,19:07:07 | INFO | Train Epoch: 2 [   16/24478 (0%)] Data (t): 0.443 Batch (t): 0.609, 26.2693/s, 26.2693/s/gpu LR: 0.000995 Logit Scale: 85.232 Contrastive_loss: -0.65677 (-0.65677) Loss: -0.65677 (-0.65677)
2026-01-31,19:07:20 | INFO | Train Epoch: 2 [ 1616/24478 (7%)] Data (t): 0.001 Batch (t): 0.132, 122.514/s, 122.514/s/gpu LR: 0.000995 Logit Scale: 85.232 Contrastive_loss: -0.65677 (-0.65677) Loss: -0.65677 (-0.65677)
2026-01-31,19:07:33 | INFO | Train Epoch: 2 [ 3216/24478 (13%)] Data (t): 0.001 Batch (t): 0.129, 125.673/s, 125.673/s/gpu LR: 0.000995 Logit Scale: 85.232 Contrastive_loss: -0.65677 (-0.65677) Loss: -0.65677 (-0.65677)
2026-01-31,19:07:46 | INFO | Train Epoch: 2 [ 4816/24478 (20%)] Data (t): 0.001 Batch (t): 0.128, 115.999/s, 115.999/s/gpu LR: 0.000994 Logit Scale: 85.232 Contrastive_loss: -0.65677 (-0.65677) Loss: -0.65677 (-0.65677)
2026-01-31,19:07:58 | INFO | Train Epoch: 2 [ 6416/24478 (26%)] Data (t): 0.001 Batch (t): 0.128, 124.797/s, 124.797/s/gpu LR: 0.000994 Logit Scale: 85.232 Contrastive_loss: -0.65677 (-0.65677) Loss: -0.65677 (-0.65677)
2026-01-31,19:08:11 | INFO | Train Epoch: 2 [ 8016/24478 (33%)] Data (t): 0.001 Batch (t): 0.128, 125.005/s, 125.005/s/gpu LR: 0.000993 Logit Scale: 85.232 Contrastive_loss: -0.65677 (-0.65677) Loss: -0.65677 (-0.65677)
2026-01-31,19:08:24 | INFO | Train Epoch: 2 [ 9616/24478 (39%)] Data (t): 0.001 Batch (t): 0.128, 126.330/s, 126.330/s/gpu LR: 0.000992 Logit Scale: 85.232 Contrastive_loss: -0.65677 (-0.65677) Loss: -0.65677 (-0.65677)
2026-01-31,19:08:37 | INFO | Train Epoch: 2 [11216/24478 (46%)] Data (t): 0.001 Batch (t): 0.128, 125.052/s, 125.052/s/gpu LR: 0.000992 Logit Scale: 85.232 Contrastive_loss: -0.65677 (-0.65677) Loss: -0.65677 (-0.65677)
2026-01-31,19:08:50 | INFO | Train Epoch: 2 [12816/24478 (52%)] Data (t): 0.001 Batch (t): 0.128, 124.892/s, 124.892/s/gpu LR: 0.000991 Logit Scale: 85.232 Contrastive_loss: -0.65677 (-0.65677) Loss: -0.65677 (-0.65677)
2026-01-31,19:09:02 | INFO | Train Epoch: 2 [14416/24478 (59%)] Data (t): 0.001 Batch (t): 0.128, 127.038/s, 127.038/s/gpu LR: 0.000991 Logit Scale: 85.232 Contrastive_loss: -0.65677 (-0.65677) Loss: -0.65677 (-0.65677)
2026-01-31,19:09:15 | INFO | Train Epoch: 2 [16016/24478 (65%)] Data (t): 0.001 Batch (t): 0.128, 119.173/s, 119.173/s/gpu LR: 0.000990 Logit Scale: 85.232 Contrastive_loss: -0.65677 (-0.65677) Loss: -0.65677 (-0.65677)
2026-01-31,19:09:28 | INFO | Train Epoch: 2 [17616/24478 (72%)] Data (t): 0.001 Batch (t): 0.128, 125.610/s, 125.610/s/gpu LR: 0.000989 Logit Scale: 85.232 Contrastive_loss: -0.65677 (-0.65677) Loss: -0.65677 (-0.65677)
2026-01-31,19:09:41 | INFO | Train Epoch: 2 [19216/24478 (79%)] Data (t): 0.001 Batch (t): 0.128, 125.797/s, 125.797/s/gpu LR: 0.000989 Logit Scale: 85.232 Contrastive_loss: -0.65677 (-0.65677) Loss: -0.65677 (-0.65677)
2026-01-31,19:09:54 | INFO | Train Epoch: 2 [20816/24478 (85%)] Data (t): 0.001 Batch (t): 0.128, 126.075/s, 126.075/s/gpu LR: 0.000988 Logit Scale: 85.232 Contrastive_loss: -0.65677 (-0.65677) Loss: -0.65677 (-0.65677)
2026-01-31,19:10:06 | INFO | Train Epoch: 2 [22416/24478 (92%)] Data (t): 0.001 Batch (t): 0.128, 121.264/s, 121.264/s/gpu LR: 0.000987 Logit Scale: 85.232 Contrastive_loss: -0.65677 (-0.65677) Loss: -0.65677 (-0.65677)
2026-01-31,19:10:19 | INFO | Train Epoch: 2 [24016/24478 (98%)] Data (t): 0.001 Batch (t): 0.128, 125.220/s, 125.220/s/gpu LR: 0.000986 Logit Scale: 85.232 Contrastive_loss: -0.65677 (-0.65677) Loss: -0.65677 (-0.65677)
2026-01-31,19:10:23 | INFO | Train Epoch: 2 [24464/24478 (100%)] Data (t): 0.001 Batch (t): 0.128, 127.083/s, 127.083/s/gpu LR: 0.000986 Logit Scale: 85.232 Contrastive_loss: -0.65677 (-0.65677) Loss: -0.65677 (-0.65677)
2026-01-31,19:10:30 | INFO | Start epoch 3
2026-01-31,19:10:31 | INFO | Train Epoch: 3 [   16/24478 (0%)] Data (t): 0.468 Batch (t): 0.627, 25.5311/s, 25.5311/s/gpu LR: 0.000986 Logit Scale: 85.232 Contrastive_loss: -0.65677 (-0.65677) Loss: -0.65677 (-0.65677)
2026-01-31,19:10:44 | INFO | Train Epoch: 3 [ 1616/24478 (7%)] Data (t): 0.001 Batch (t): 0.130, 125.229/s, 125.229/s/gpu LR: 0.000985 Logit Scale: 85.232 Contrastive_loss: -0.65677 (-0.65677) Loss: -0.65677 (-0.65677)
2026-01-31,19:10:57 | INFO | Train Epoch: 3 [ 3216/24478 (13%)] Data (t): 0.001 Batch (t): 0.129, 125.139/s, 125.139/s/gpu LR: 0.000985 Logit Scale: 85.232 Contrastive_loss: -0.65677 (-0.65677) Loss: -0.65677 (-0.65677)
2026-01-31,19:11:10 | INFO | Train Epoch: 3 [ 4816/24478 (20%)] Data (t): 0.001 Batch (t): 0.130, 123.042/s, 123.042/s/gpu LR: 0.000984 Logit Scale: 85.232 Contrastive_loss: -0.65677 (-0.65677) Loss: -0.65677 (-0.65677)
2026-01-31,19:11:23 | INFO | Train Epoch: 3 [ 6416/24478 (26%)] Data (t): 0.001 Batch (t): 0.130, 125.068/s, 125.068/s/gpu LR: 0.000983 Logit Scale: 85.232 Contrastive_loss: -0.65677 (-0.65677) Loss: -0.65677 (-0.65677)
2026-01-31,19:11:36 | INFO | Train Epoch: 3 [ 8016/24478 (33%)] Data (t): 0.001 Batch (t): 0.129, 122.780/s, 122.780/s/gpu LR: 0.000982 Logit Scale: 85.232 Contrastive_loss: -0.65677 (-0.65677) Loss: -0.65677 (-0.65677)
2026-01-31,19:11:49 | INFO | Train Epoch: 3 [ 9616/24478 (39%)] Data (t): 0.001 Batch (t): 0.129, 124.903/s, 124.903/s/gpu LR: 0.000981 Logit Scale: 85.232 Contrastive_loss: -0.65677 (-0.65677) Loss: -0.65677 (-0.65677)
2026-01-31,19:12:02 | INFO | Train Epoch: 3 [11216/24478 (46%)] Data (t): 0.001 Batch (t): 0.129, 124.495/s, 124.495/s/gpu LR: 0.000980 Logit Scale: 85.232 Contrastive_loss: -0.65677 (-0.65677) Loss: -0.65677 (-0.65677)
2026-01-31,19:12:15 | INFO | Train Epoch: 3 [12816/24478 (52%)] Data (t): 0.001 Batch (t): 0.129, 124.942/s, 124.942/s/gpu LR: 0.000979 Logit Scale: 85.232 Contrastive_loss: -0.65677 (-0.65677) Loss: -0.65677 (-0.65677)
2026-01-31,19:12:27 | INFO | Train Epoch: 3 [14416/24478 (59%)] Data (t): 0.001 Batch (t): 0.129, 123.066/s, 123.066/s/gpu LR: 0.000979 Logit Scale: 85.232 Contrastive_loss: -0.65677 (-0.65677) Loss: -0.65677 (-0.65677)
2026-01-31,19:12:40 | INFO | Train Epoch: 3 [16016/24478 (65%)] Data (t): 0.001 Batch (t): 0.129, 123.996/s, 123.996/s/gpu LR: 0.000978 Logit Scale: 85.232 Contrastive_loss: -0.65677 (-0.65677) Loss: -0.65677 (-0.65677)
2026-01-31,19:12:53 | INFO | Train Epoch: 3 [17616/24478 (72%)] Data (t): 0.001 Batch (t): 0.129, 124.969/s, 124.969/s/gpu LR: 0.000977 Logit Scale: 85.232 Contrastive_loss: -0.65677 (-0.65677) Loss: -0.65677 (-0.65677)
2026-01-31,19:13:06 | INFO | Train Epoch: 3 [19216/24478 (79%)] Data (t): 0.001 Batch (t): 0.129, 124.326/s, 124.326/s/gpu LR: 0.000976 Logit Scale: 85.232 Contrastive_loss: -0.65677 (-0.65677) Loss: -0.65677 (-0.65677)
2026-01-31,19:13:19 | INFO | Train Epoch: 3 [20816/24478 (85%)] Data (t): 0.001 Batch (t): 0.130, 122.994/s, 122.994/s/gpu LR: 0.000975 Logit Scale: 85.232 Contrastive_loss: -0.65677 (-0.65677) Loss: -0.65677 (-0.65677)
2026-01-31,19:13:32 | INFO | Train Epoch: 3 [22416/24478 (92%)] Data (t): 0.001 Batch (t): 0.129, 121.444/s, 121.444/s/gpu LR: 0.000974 Logit Scale: 85.232 Contrastive_loss: -0.65677 (-0.65677) Loss: -0.65677 (-0.65677)
2026-01-31,19:13:45 | INFO | Train Epoch: 3 [24016/24478 (98%)] Data (t): 0.001 Batch (t): 0.130, 123.478/s, 123.478/s/gpu LR: 0.000972 Logit Scale: 85.232 Contrastive_loss: -0.65677 (-0.65677) Loss: -0.65677 (-0.65677)
2026-01-31,19:13:49 | INFO | Train Epoch: 3 [24464/24478 (100%)] Data (t): 0.001 Batch (t): 0.129, 125.818/s, 125.818/s/gpu LR: 0.000972 Logit Scale: 85.232 Contrastive_loss: -0.65677 (-0.65677) Loss: -0.65677 (-0.65677)
2026-01-31,19:13:56 | INFO | Start epoch 4
2026-01-31,19:13:57 | INFO | Train Epoch: 4 [   16/24478 (0%)] Data (t): 0.497 Batch (t): 0.667, 23.9758/s, 23.9758/s/gpu LR: 0.000972 Logit Scale: 85.232 Contrastive_loss: -0.65677 (-0.65677) Loss: -0.65677 (-0.65677)
2026-01-31,19:14:10 | INFO | Train Epoch: 4 [ 1616/24478 (7%)] Data (t): 0.001 Batch (t): 0.133, 121.447/s, 121.447/s/gpu LR: 0.000971 Logit Scale: 85.232 Contrastive_loss: -0.65677 (-0.65677) Loss: -0.65677 (-0.65677)
2026-01-31,19:14:23 | INFO | Train Epoch: 4 [ 3216/24478 (13%)] Data (t): 0.001 Batch (t): 0.133, 120.762/s, 120.762/s/gpu LR: 0.000970 Logit Scale: 85.232 Contrastive_loss: -0.65677 (-0.65677) Loss: -0.65677 (-0.65677)
2026-01-31,19:14:37 | INFO | Train Epoch: 4 [ 4816/24478 (20%)] Data (t): 0.001 Batch (t): 0.135, 120.794/s, 120.794/s/gpu LR: 0.000969 Logit Scale: 85.232 Contrastive_loss: -0.65677 (-0.65677) Loss: -0.65677 (-0.65677)
2026-01-31,19:14:51 | INFO | Train Epoch: 4 [ 6416/24478 (26%)] Data (t): 0.001 Batch (t): 0.140, 121.252/s, 121.252/s/gpu LR: 0.000968 Logit Scale: 85.232 Contrastive_loss: -0.65677 (-0.65677) Loss: -0.65677 (-0.65677)
2026-01-31,19:15:04 | INFO | Train Epoch: 4 [ 8016/24478 (33%)] Data (t): 0.001 Batch (t): 0.133, 119.945/s, 119.945/s/gpu LR: 0.000967 Logit Scale: 85.232 Contrastive_loss: -0.65677 (-0.65677) Loss: -0.65677 (-0.65677)
2026-01-31,19:15:18 | INFO | Train Epoch: 4 [ 9616/24478 (39%)] Data (t): 0.001 Batch (t): 0.133, 121.270/s, 121.270/s/gpu LR: 0.000965 Logit Scale: 85.232 Contrastive_loss: -0.65677 (-0.65677) Loss: -0.65677 (-0.65677)
2026-01-31,19:15:31 | INFO | Train Epoch: 4 [11216/24478 (46%)] Data (t): 0.001 Batch (t): 0.132, 124.629/s, 124.629/s/gpu LR: 0.000964 Logit Scale: 85.232 Contrastive_loss: -0.65677 (-0.65677) Loss: -0.65677 (-0.65677)
2026-01-31,19:15:44 | INFO | Train Epoch: 4 [12816/24478 (52%)] Data (t): 0.001 Batch (t): 0.129, 123.726/s, 123.726/s/gpu LR: 0.000963 Logit Scale: 85.232 Contrastive_loss: -0.65677 (-0.65677) Loss: -0.65677 (-0.65677)
2026-01-31,19:15:57 | INFO | Train Epoch: 4 [14416/24478 (59%)] Data (t): 0.001 Batch (t): 0.129, 124.335/s, 124.335/s/gpu LR: 0.000962 Logit Scale: 85.232 Contrastive_loss: -0.65677 (-0.65677) Loss: -0.65677 (-0.65677)
2026-01-31,19:16:09 | INFO | Train Epoch: 4 [16016/24478 (65%)] Data (t): 0.001 Batch (t): 0.129, 124.794/s, 124.794/s/gpu LR: 0.000960 Logit Scale: 85.232 Contrastive_loss: -0.65677 (-0.65677) Loss: -0.65677 (-0.65677)
2026-01-31,19:16:22 | INFO | Train Epoch: 4 [17616/24478 (72%)] Data (t): 0.001 Batch (t): 0.129, 124.770/s, 124.770/s/gpu LR: 0.000959 Logit Scale: 85.232 Contrastive_loss: -0.65677 (-0.65677) Loss: -0.65677 (-0.65677)
2026-01-31,19:16:35 | INFO | Train Epoch: 4 [19216/24478 (79%)] Data (t): 0.001 Batch (t): 0.130, 124.841/s, 124.841/s/gpu LR: 0.000958 Logit Scale: 85.232 Contrastive_loss: -0.65677 (-0.65677) Loss: -0.65677 (-0.65677)
2026-01-31,19:16:48 | INFO | Train Epoch: 4 [20816/24478 (85%)] Data (t): 0.001 Batch (t): 0.129, 123.333/s, 123.333/s/gpu LR: 0.000956 Logit Scale: 85.232 Contrastive_loss: -0.65677 (-0.65677) Loss: -0.65677 (-0.65677)
2026-01-31,19:17:01 | INFO | Train Epoch: 4 [22416/24478 (92%)] Data (t): 0.001 Batch (t): 0.129, 124.428/s, 124.428/s/gpu LR: 0.000955 Logit Scale: 85.232 Contrastive_loss: -0.65677 (-0.65677) Loss: -0.65677 (-0.65677)
2026-01-31,19:17:14 | INFO | Train Epoch: 4 [24016/24478 (98%)] Data (t): 0.001 Batch (t): 0.129, 123.832/s, 123.832/s/gpu LR: 0.000954 Logit Scale: 85.232 Contrastive_loss: -0.65677 (-0.65677) Loss: -0.65677 (-0.65677)
2026-01-31,19:17:18 | INFO | Train Epoch: 4 [24464/24478 (100%)] Data (t): 0.001 Batch (t): 0.128, 126.262/s, 126.262/s/gpu LR: 0.000953 Logit Scale: 85.232 Contrastive_loss: -0.65677 (-0.65677) Loss: -0.65677 (-0.65677)
2026-01-31,19:17:25 | INFO | Start epoch 5
2026-01-31,19:17:25 | INFO | Train Epoch: 5 [   16/24478 (0%)] Data (t): 0.419 Batch (t): 0.585, 27.3719/s, 27.3719/s/gpu LR: 0.000953 Logit Scale: 85.232 Contrastive_loss: -0.65677 (-0.65677) Loss: -0.65677 (-0.65677)
2026-01-31,19:17:39 | INFO | Train Epoch: 5 [ 1616/24478 (7%)] Data (t): 0.001 Batch (t): 0.133, 122.188/s, 122.188/s/gpu LR: 0.000952 Logit Scale: 85.232 Contrastive_loss: -0.65677 (-0.65677) Loss: -0.65677 (-0.65677)
2026-01-31,19:17:52 | INFO | Train Epoch: 5 [ 3216/24478 (13%)] Data (t): 0.001 Batch (t): 0.132, 122.160/s, 122.160/s/gpu LR: 0.000951 Logit Scale: 85.232 Contrastive_loss: -0.65677 (-0.65677) Loss: -0.65677 (-0.65677)
2026-01-31,19:18:05 | INFO | Train Epoch: 5 [ 4816/24478 (20%)] Data (t): 0.001 Batch (t): 0.132, 120.123/s, 120.123/s/gpu LR: 0.000949 Logit Scale: 85.232 Contrastive_loss: -0.65677 (-0.65677) Loss: -0.65677 (-0.65677)
2026-01-31,19:18:18 | INFO | Train Epoch: 5 [ 6416/24478 (26%)] Data (t): 0.001 Batch (t): 0.131, 125.505/s, 125.505/s/gpu LR: 0.000948 Logit Scale: 85.232 Contrastive_loss: -0.65677 (-0.65677) Loss: -0.65677 (-0.65677)
2026-01-31,19:18:31 | INFO | Train Epoch: 5 [ 8016/24478 (33%)] Data (t): 0.001 Batch (t): 0.129, 118.755/s, 118.755/s/gpu LR: 0.000946 Logit Scale: 85.232 Contrastive_loss: -0.65677 (-0.65677) Loss: -0.65677 (-0.65677)
2026-01-31,19:18:44 | INFO | Train Epoch: 5 [ 9616/24478 (39%)] Data (t): 0.001 Batch (t): 0.129, 124.998/s, 124.998/s/gpu LR: 0.000945 Logit Scale: 85.232 Contrastive_loss: -0.65677 (-0.65677) Loss: -0.65677 (-0.65677)
2026-01-31,19:18:57 | INFO | Train Epoch: 5 [11216/24478 (46%)] Data (t): 0.001 Batch (t): 0.130, 124.692/s, 124.692/s/gpu LR: 0.000943 Logit Scale: 85.232 Contrastive_loss: -0.65677 (-0.65677) Loss: -0.65677 (-0.65677)
2026-01-31,19:19:10 | INFO | Train Epoch: 5 [12816/24478 (52%)] Data (t): 0.001 Batch (t): 0.129, 125.286/s, 125.286/s/gpu LR: 0.000942 Logit Scale: 85.232 Contrastive_loss: -0.65677 (-0.65677) Loss: -0.65677 (-0.65677)
2026-01-31,19:19:23 | INFO | Train Epoch: 5 [14416/24478 (59%)] Data (t): 0.001 Batch (t): 0.129, 124.996/s, 124.996/s/gpu LR: 0.000940 Logit Scale: 85.232 Contrastive_loss: -0.65677 (-0.65677) Loss: -0.65677 (-0.65677)
2026-01-31,19:19:35 | INFO | Train Epoch: 5 [16016/24478 (65%)] Data (t): 0.001 Batch (t): 0.129, 124.388/s, 124.388/s/gpu LR: 0.000939 Logit Scale: 85.232 Contrastive_loss: -0.65677 (-0.65677) Loss: -0.65677 (-0.65677)
2026-01-31,19:19:48 | INFO | Train Epoch: 5 [17616/24478 (72%)] Data (t): 0.001 Batch (t): 0.129, 124.605/s, 124.605/s/gpu LR: 0.000937 Logit Scale: 85.232 Contrastive_loss: -0.65677 (-0.65677) Loss: -0.65677 (-0.65677)
2026-01-31,19:20:01 | INFO | Train Epoch: 5 [19216/24478 (79%)] Data (t): 0.001 Batch (t): 0.129, 125.422/s, 125.422/s/gpu LR: 0.000935 Logit Scale: 85.232 Contrastive_loss: -0.65677 (-0.65677) Loss: -0.65677 (-0.65677)
2026-01-31,19:20:14 | INFO | Train Epoch: 5 [20816/24478 (85%)] Data (t): 0.001 Batch (t): 0.129, 124.965/s, 124.965/s/gpu LR: 0.000934 Logit Scale: 85.232 Contrastive_loss: -0.65677 (-0.65677) Loss: -0.65677 (-0.65677)
2026-01-31,19:20:27 | INFO | Train Epoch: 5 [22416/24478 (92%)] Data (t): 0.001 Batch (t): 0.129, 122.254/s, 122.254/s/gpu LR: 0.000932 Logit Scale: 85.232 Contrastive_loss: -0.65677 (-0.65677) Loss: -0.65677 (-0.65677)
2026-01-31,19:20:40 | INFO | Train Epoch: 5 [24016/24478 (98%)] Data (t): 0.001 Batch (t): 0.129, 124.272/s, 124.272/s/gpu LR: 0.000930 Logit Scale: 85.232 Contrastive_loss: -0.65677 (-0.65677) Loss: -0.65677 (-0.65677)
2026-01-31,19:20:44 | INFO | Train Epoch: 5 [24464/24478 (100%)] Data (t): 0.001 Batch (t): 0.128, 126.509/s, 126.509/s/gpu LR: 0.000930 Logit Scale: 85.232 Contrastive_loss: -0.65677 (-0.65677) Loss: -0.65677 (-0.65677)
2026-01-31,19:20:50 | INFO | Start epoch 6
2026-01-31,19:20:51 | INFO | Train Epoch: 6 [   16/24478 (0%)] Data (t): 0.442 Batch (t): 0.625, 25.6137/s, 25.6137/s/gpu LR: 0.000930 Logit Scale: 85.232 Contrastive_loss: -0.65677 (-0.65677) Loss: -0.65677 (-0.65677)
2026-01-31,19:21:04 | INFO | Train Epoch: 6 [ 1616/24478 (7%)] Data (t): 0.001 Batch (t): 0.129, 125.107/s, 125.107/s/gpu LR: 0.000928 Logit Scale: 85.232 Contrastive_loss: -0.65677 (-0.65677) Loss: -0.65677 (-0.65677)
2026-01-31,19:21:17 | INFO | Train Epoch: 6 [ 3216/24478 (13%)] Data (t): 0.001 Batch (t): 0.128, 124.888/s, 124.888/s/gpu LR: 0.000927 Logit Scale: 85.232 Contrastive_loss: -0.65677 (-0.65677) Loss: -0.65677 (-0.65677)
2026-01-31,19:21:30 | INFO | Train Epoch: 6 [ 4816/24478 (20%)] Data (t): 0.001 Batch (t): 0.129, 125.128/s, 125.128/s/gpu LR: 0.000925 Logit Scale: 85.232 Contrastive_loss: -0.65677 (-0.65677) Loss: -0.65677 (-0.65677)
2026-01-31,19:21:43 | INFO | Train Epoch: 6 [ 6416/24478 (26%)] Data (t): 0.001 Batch (t): 0.129, 124.770/s, 124.770/s/gpu LR: 0.000923 Logit Scale: 85.232 Contrastive_loss: -0.65677 (-0.65677) Loss: -0.65677 (-0.65677)
2026-01-31,19:21:55 | INFO | Train Epoch: 6 [ 8016/24478 (33%)] Data (t): 0.001 Batch (t): 0.129, 124.728/s, 124.728/s/gpu LR: 0.000921 Logit Scale: 85.232 Contrastive_loss: -0.65677 (-0.65677) Loss: -0.65677 (-0.65677)
2026-01-31,19:22:08 | INFO | Train Epoch: 6 [ 9616/24478 (39%)] Data (t): 0.001 Batch (t): 0.130, 124.737/s, 124.737/s/gpu LR: 0.000920 Logit Scale: 85.232 Contrastive_loss: -0.65677 (-0.65677) Loss: -0.65677 (-0.65677)
2026-01-31,19:22:21 | INFO | Train Epoch: 6 [11216/24478 (46%)] Data (t): 0.001 Batch (t): 0.129, 124.187/s, 124.187/s/gpu LR: 0.000918 Logit Scale: 85.232 Contrastive_loss: -0.65677 (-0.65677) Loss: -0.65677 (-0.65677)
2026-01-31,19:22:34 | INFO | Train Epoch: 6 [12816/24478 (52%)] Data (t): 0.001 Batch (t): 0.130, 121.252/s, 121.252/s/gpu LR: 0.000916 Logit Scale: 85.232 Contrastive_loss: -0.65677 (-0.65677) Loss: -0.65677 (-0.65677)
2026-01-31,19:22:47 | INFO | Train Epoch: 6 [14416/24478 (59%)] Data (t): 0.001 Batch (t): 0.131, 121.547/s, 121.547/s/gpu LR: 0.000914 Logit Scale: 85.232 Contrastive_loss: -0.65677 (-0.65677) Loss: -0.65677 (-0.65677)
2026-01-31,19:23:00 | INFO | Train Epoch: 6 [16016/24478 (65%)] Data (t): 0.001 Batch (t): 0.131, 124.385/s, 124.385/s/gpu LR: 0.000912 Logit Scale: 85.232 Contrastive_loss: -0.65677 (-0.65677) Loss: -0.65677 (-0.65677)
2026-01-31,19:23:13 | INFO | Train Epoch: 6 [17616/24478 (72%)] Data (t): 0.001 Batch (t): 0.129, 123.736/s, 123.736/s/gpu LR: 0.000910 Logit Scale: 85.232 Contrastive_loss: -0.65677 (-0.65677) Loss: -0.65677 (-0.65677)
2026-01-31,19:23:26 | INFO | Train Epoch: 6 [19216/24478 (79%)] Data (t): 0.001 Batch (t): 0.129, 123.806/s, 123.806/s/gpu LR: 0.000909 Logit Scale: 85.232 Contrastive_loss: -0.65677 (-0.65677) Loss: -0.65677 (-0.65677)
2026-01-31,19:23:39 | INFO | Train Epoch: 6 [20816/24478 (85%)] Data (t): 0.001 Batch (t): 0.129, 121.409/s, 121.409/s/gpu LR: 0.000907 Logit Scale: 85.232 Contrastive_loss: -0.65677 (-0.65677) Loss: -0.65677 (-0.65677)
2026-01-31,19:23:52 | INFO | Train Epoch: 6 [22416/24478 (92%)] Data (t): 0.001 Batch (t): 0.129, 121.105/s, 121.105/s/gpu LR: 0.000905 Logit Scale: 85.232 Contrastive_loss: -0.65677 (-0.65677) Loss: -0.65677 (-0.65677)
2026-01-31,19:24:05 | INFO | Train Epoch: 6 [24016/24478 (98%)] Data (t): 0.001 Batch (t): 0.129, 124.076/s, 124.076/s/gpu LR: 0.000903 Logit Scale: 85.232 Contrastive_loss: -0.65677 (-0.65677) Loss: -0.65677 (-0.65677)
2026-01-31,19:24:09 | INFO | Train Epoch: 6 [24464/24478 (100%)] Data (t): 0.001 Batch (t): 0.128, 126.011/s, 126.011/s/gpu LR: 0.000902 Logit Scale: 85.232 Contrastive_loss: -0.65677 (-0.65677) Loss: -0.65677 (-0.65677)
2026-01-31,19:24:16 | INFO | Start epoch 7
2026-01-31,19:24:16 | INFO | Train Epoch: 7 [   16/24478 (0%)] Data (t): 0.452 Batch (t): 0.594, 26.9505/s, 26.9505/s/gpu LR: 0.000902 Logit Scale: 85.232 Contrastive_loss: -0.65677 (-0.65677) Loss: -0.65677 (-0.65677)
2026-01-31,19:24:29 | INFO | Train Epoch: 7 [ 1616/24478 (7%)] Data (t): 0.001 Batch (t): 0.132, 121.306/s, 121.306/s/gpu LR: 0.000900 Logit Scale: 85.232 Contrastive_loss: -0.65677 (-0.65677) Loss: -0.65677 (-0.65677)
2026-01-31,19:24:42 | INFO | Train Epoch: 7 [ 3216/24478 (13%)] Data (t): 0.001 Batch (t): 0.130, 125.458/s, 125.458/s/gpu LR: 0.000898 Logit Scale: 85.232 Contrastive_loss: -0.65677 (-0.65677) Loss: -0.65677 (-0.65677)
2026-01-31,19:24:55 | INFO | Train Epoch: 7 [ 4816/24478 (20%)] Data (t): 0.001 Batch (t): 0.128, 124.513/s, 124.513/s/gpu LR: 0.000896 Logit Scale: 85.232 Contrastive_loss: -0.65677 (-0.65677) Loss: -0.65677 (-0.65677)
2026-01-31,19:25:08 | INFO | Train Epoch: 7 [ 6416/24478 (26%)] Data (t): 0.001 Batch (t): 0.128, 124.658/s, 124.658/s/gpu LR: 0.000894 Logit Scale: 85.232 Contrastive_loss: -0.65677 (-0.65677) Loss: -0.65677 (-0.65677)
2026-01-31,19:25:21 | INFO | Train Epoch: 7 [ 8016/24478 (33%)] Data (t): 0.001 Batch (t): 0.128, 124.654/s, 124.654/s/gpu LR: 0.000892 Logit Scale: 85.232 Contrastive_loss: -0.65677 (-0.65677) Loss: -0.65677 (-0.65677)
2026-01-31,19:25:34 | INFO | Train Epoch: 7 [ 9616/24478 (39%)] Data (t): 0.001 Batch (t): 0.129, 124.919/s, 124.919/s/gpu LR: 0.000890 Logit Scale: 85.232 Contrastive_loss: -0.65677 (-0.65677) Loss: -0.65677 (-0.65677)
2026-01-31,19:25:47 | INFO | Train Epoch: 7 [11216/24478 (46%)] Data (t): 0.001 Batch (t): 0.129, 125.169/s, 125.169/s/gpu LR: 0.000888 Logit Scale: 85.232 Contrastive_loss: -0.65677 (-0.65677) Loss: -0.65677 (-0.65677)
2026-01-31,19:26:00 | INFO | Train Epoch: 7 [12816/24478 (52%)] Data (t): 0.001 Batch (t): 0.129, 123.563/s, 123.563/s/gpu LR: 0.000886 Logit Scale: 85.232 Contrastive_loss: -0.65677 (-0.65677) Loss: -0.65677 (-0.65677)
2026-01-31,19:26:12 | INFO | Train Epoch: 7 [14416/24478 (59%)] Data (t): 0.001 Batch (t): 0.128, 125.295/s, 125.295/s/gpu LR: 0.000884 Logit Scale: 85.232 Contrastive_loss: -0.65677 (-0.65677) Loss: -0.65677 (-0.65677)
2026-01-31,19:26:25 | INFO | Train Epoch: 7 [16016/24478 (65%)] Data (t): 0.001 Batch (t): 0.128, 125.227/s, 125.227/s/gpu LR: 0.000882 Logit Scale: 85.232 Contrastive_loss: -0.65677 (-0.65677) Loss: -0.65677 (-0.65677)
2026-01-31,19:26:38 | INFO | Train Epoch: 7 [17616/24478 (72%)] Data (t): 0.001 Batch (t): 0.128, 124.702/s, 124.702/s/gpu LR: 0.000880 Logit Scale: 85.232 Contrastive_loss: -0.65677 (-0.65677) Loss: -0.65677 (-0.65677)
2026-01-31,19:26:51 | INFO | Train Epoch: 7 [19216/24478 (79%)] Data (t): 0.001 Batch (t): 0.129, 125.536/s, 125.536/s/gpu LR: 0.000878 Logit Scale: 85.232 Contrastive_loss: -0.65677 (-0.65677) Loss: -0.65677 (-0.65677)
2026-01-31,19:27:04 | INFO | Train Epoch: 7 [20816/24478 (85%)] Data (t): 0.001 Batch (t): 0.128, 125.431/s, 125.431/s/gpu LR: 0.000875 Logit Scale: 85.232 Contrastive_loss: -0.65677 (-0.65677) Loss: -0.65677 (-0.65677)
2026-01-31,19:27:17 | INFO | Train Epoch: 7 [22416/24478 (92%)] Data (t): 0.001 Batch (t): 0.128, 124.883/s, 124.883/s/gpu LR: 0.000873 Logit Scale: 85.232 Contrastive_loss: -0.65677 (-0.65677) Loss: -0.65677 (-0.65677)
2026-01-31,19:27:30 | INFO | Train Epoch: 7 [24016/24478 (98%)] Data (t): 0.001 Batch (t): 0.128, 124.379/s, 124.379/s/gpu LR: 0.000871 Logit Scale: 85.232 Contrastive_loss: -0.65677 (-0.65677) Loss: -0.65677 (-0.65677)
2026-01-31,19:27:33 | INFO | Train Epoch: 7 [24464/24478 (100%)] Data (t): 0.001 Batch (t): 0.128, 125.881/s, 125.881/s/gpu LR: 0.000871 Logit Scale: 85.232 Contrastive_loss: -0.65677 (-0.65677) Loss: -0.65677 (-0.65677)
2026-01-31,19:27:40 | INFO | Start epoch 8
2026-01-31,19:27:41 | INFO | Train Epoch: 8 [   16/24478 (0%)] Data (t): 0.410 Batch (t): 0.563, 28.4168/s, 28.4168/s/gpu LR: 0.000871 Logit Scale: 85.232 Contrastive_loss: -0.65677 (-0.65677) Loss: -0.65677 (-0.65677)
2026-01-31,19:27:54 | INFO | Train Epoch: 8 [ 1616/24478 (7%)] Data (t): 0.001 Batch (t): 0.132, 121.832/s, 121.832/s/gpu LR: 0.000868 Logit Scale: 85.232 Contrastive_loss: -0.65677 (-0.65677) Loss: -0.65677 (-0.65677)
2026-01-31,19:28:07 | INFO | Train Epoch: 8 [ 3216/24478 (13%)] Data (t): 0.001 Batch (t): 0.132, 121.465/s, 121.465/s/gpu LR: 0.000866 Logit Scale: 85.232 Contrastive_loss: -0.65677 (-0.65677) Loss: -0.65677 (-0.65677)
2026-01-31,19:28:20 | INFO | Train Epoch: 8 [ 4816/24478 (20%)] Data (t): 0.001 Batch (t): 0.133, 117.803/s, 117.803/s/gpu LR: 0.000864 Logit Scale: 85.232 Contrastive_loss: -0.65677 (-0.65677) Loss: -0.65677 (-0.65677)
2026-01-31,19:28:33 | INFO | Train Epoch: 8 [ 6416/24478 (26%)] Data (t): 0.001 Batch (t): 0.131, 124.869/s, 124.869/s/gpu LR: 0.000862 Logit Scale: 85.232 Contrastive_loss: -0.65677 (-0.65677) Loss: -0.65677 (-0.65677)
2026-01-31,19:28:46 | INFO | Train Epoch: 8 [ 8016/24478 (33%)] Data (t): 0.001 Batch (t): 0.129, 124.855/s, 124.855/s/gpu LR: 0.000859 Logit Scale: 85.232 Contrastive_loss: -0.65677 (-0.65677) Loss: -0.65677 (-0.65677)
2026-01-31,19:28:59 | INFO | Train Epoch: 8 [ 9616/24478 (39%)] Data (t): 0.001 Batch (t): 0.129, 124.978/s, 124.978/s/gpu LR: 0.000857 Logit Scale: 85.232 Contrastive_loss: -0.65677 (-0.65677) Loss: -0.65677 (-0.65677)
2026-01-31,19:29:12 | INFO | Train Epoch: 8 [11216/24478 (46%)] Data (t): 0.001 Batch (t): 0.129, 124.919/s, 124.919/s/gpu LR: 0.000855 Logit Scale: 85.232 Contrastive_loss: -0.65677 (-0.65677) Loss: -0.65677 (-0.65677)
2026-01-31,19:29:25 | INFO | Train Epoch: 8 [12816/24478 (52%)] Data (t): 0.001 Batch (t): 0.129, 124.973/s, 124.973/s/gpu LR: 0.000852 Logit Scale: 85.232 Contrastive_loss: -0.65677 (-0.65677) Loss: -0.65677 (-0.65677)
2026-01-31,19:29:38 | INFO | Train Epoch: 8 [14416/24478 (59%)] Data (t): 0.001 Batch (t): 0.129, 125.459/s, 125.459/s/gpu LR: 0.000850 Logit Scale: 85.232 Contrastive_loss: -0.65677 (-0.65677) Loss: -0.65677 (-0.65677)
2026-01-31,19:29:51 | INFO | Train Epoch: 8 [16016/24478 (65%)] Data (t): 0.001 Batch (t): 0.129, 123.698/s, 123.698/s/gpu LR: 0.000848 Logit Scale: 85.232 Contrastive_loss: -0.65677 (-0.65677) Loss: -0.65677 (-0.65677)
2026-01-31,19:30:04 | INFO | Train Epoch: 8 [17616/24478 (72%)] Data (t): 0.001 Batch (t): 0.130, 123.990/s, 123.990/s/gpu LR: 0.000845 Logit Scale: 85.232 Contrastive_loss: -0.65677 (-0.65677) Loss: -0.65677 (-0.65677)
2026-01-31,19:30:17 | INFO | Train Epoch: 8 [19216/24478 (79%)] Data (t): 0.001 Batch (t): 0.130, 122.867/s, 122.867/s/gpu LR: 0.000843 Logit Scale: 85.232 Contrastive_loss: -0.65677 (-0.65677) Loss: -0.65677 (-0.65677)
2026-01-31,19:30:30 | INFO | Train Epoch: 8 [20816/24478 (85%)] Data (t): 0.001 Batch (t): 0.128, 127.228/s, 127.228/s/gpu LR: 0.000841 Logit Scale: 85.232 Contrastive_loss: -0.65677 (-0.65677) Loss: -0.65677 (-0.65677)
2026-01-31,19:30:42 | INFO | Train Epoch: 8 [22416/24478 (92%)] Data (t): 0.001 Batch (t): 0.127, 125.452/s, 125.452/s/gpu LR: 0.000838 Logit Scale: 85.232 Contrastive_loss: -0.65677 (-0.65677) Loss: -0.65677 (-0.65677)
2026-01-31,19:30:55 | INFO | Train Epoch: 8 [24016/24478 (98%)] Data (t): 0.001 Batch (t): 0.127, 126.837/s, 126.837/s/gpu LR: 0.000836 Logit Scale: 85.232 Contrastive_loss: -0.65677 (-0.65677) Loss: -0.65677 (-0.65677)
2026-01-31,19:30:59 | INFO | Train Epoch: 8 [24464/24478 (100%)] Data (t): 0.001 Batch (t): 0.127, 127.264/s, 127.264/s/gpu LR: 0.000835 Logit Scale: 85.232 Contrastive_loss: -0.65677 (-0.65677) Loss: -0.65677 (-0.65677)
2026-01-31,19:31:05 | INFO | Start epoch 9
2026-01-31,19:31:06 | INFO | Train Epoch: 9 [   16/24478 (0%)] Data (t): 0.455 Batch (t): 0.624, 25.6434/s, 25.6434/s/gpu LR: 0.000835 Logit Scale: 85.232 Contrastive_loss: -0.65677 (-0.65677) Loss: -0.65677 (-0.65677)
2026-01-31,19:31:19 | INFO | Train Epoch: 9 [ 1616/24478 (7%)] Data (t): 0.001 Batch (t): 0.132, 123.908/s, 123.908/s/gpu LR: 0.000833 Logit Scale: 85.232 Contrastive_loss: -0.65677 (-0.65677) Loss: -0.65677 (-0.65677)
2026-01-31,19:31:32 | INFO | Train Epoch: 9 [ 3216/24478 (13%)] Data (t): 0.001 Batch (t): 0.130, 125.418/s, 125.418/s/gpu LR: 0.000830 Logit Scale: 85.232 Contrastive_loss: -0.65677 (-0.65677) Loss: -0.65677 (-0.65677)
2026-01-31,19:31:45 | INFO | Train Epoch: 9 [ 4816/24478 (20%)] Data (t): 0.001 Batch (t): 0.128, 125.783/s, 125.783/s/gpu LR: 0.000828 Logit Scale: 85.232 Contrastive_loss: -0.65677 (-0.65677) Loss: -0.65677 (-0.65677)
2026-01-31,19:31:58 | INFO | Train Epoch: 9 [ 6416/24478 (26%)] Data (t): 0.001 Batch (t): 0.130, 125.220/s, 125.220/s/gpu LR: 0.000825 Logit Scale: 85.232 Contrastive_loss: -0.65677 (-0.65677) Loss: -0.65677 (-0.65677)
2026-01-31,19:32:11 | INFO | Train Epoch: 9 [ 8016/24478 (33%)] Data (t): 0.001 Batch (t): 0.129, 124.581/s, 124.581/s/gpu LR: 0.000823 Logit Scale: 85.232 Contrastive_loss: -0.65677 (-0.65677) Loss: -0.65677 (-0.65677)
2026-01-31,19:32:24 | INFO | Train Epoch: 9 [ 9616/24478 (39%)] Data (t): 0.001 Batch (t): 0.131, 120.825/s, 120.825/s/gpu LR: 0.000820 Logit Scale: 85.232 Contrastive_loss: -0.65677 (-0.65677) Loss: -0.65677 (-0.65677)
2026-01-31,19:32:37 | INFO | Train Epoch: 9 [11216/24478 (46%)] Data (t): 0.001 Batch (t): 0.132, 121.554/s, 121.554/s/gpu LR: 0.000818 Logit Scale: 85.232 Contrastive_loss: -0.65677 (-0.65677) Loss: -0.65677 (-0.65677)
2026-01-31,19:32:50 | INFO | Train Epoch: 9 [12816/24478 (52%)] Data (t): 0.001 Batch (t): 0.132, 122.549/s, 122.549/s/gpu LR: 0.000815 Logit Scale: 85.232 Contrastive_loss: -0.65677 (-0.65677) Loss: -0.65677 (-0.65677)
2026-01-31,19:33:04 | INFO | Train Epoch: 9 [14416/24478 (59%)] Data (t): 0.001 Batch (t): 0.132, 122.154/s, 122.154/s/gpu LR: 0.000813 Logit Scale: 85.232 Contrastive_loss: -0.65677 (-0.65677) Loss: -0.65677 (-0.65677)
2026-01-31,19:33:17 | INFO | Train Epoch: 9 [16016/24478 (65%)] Data (t): 0.001 Batch (t): 0.129, 120.711/s, 120.711/s/gpu LR: 0.000810 Logit Scale: 85.232 Contrastive_loss: -0.65677 (-0.65677) Loss: -0.65677 (-0.65677)
2026-01-31,19:33:29 | INFO | Train Epoch: 9 [17616/24478 (72%)] Data (t): 0.001 Batch (t): 0.129, 124.663/s, 124.663/s/gpu LR: 0.000807 Logit Scale: 85.232 Contrastive_loss: -0.65677 (-0.65677) Loss: -0.65677 (-0.65677)
2026-01-31,19:33:42 | INFO | Train Epoch: 9 [19216/24478 (79%)] Data (t): 0.001 Batch (t): 0.129, 124.682/s, 124.682/s/gpu LR: 0.000805 Logit Scale: 85.232 Contrastive_loss: -0.65677 (-0.65677) Loss: -0.65677 (-0.65677)
2026-01-31,19:33:55 | INFO | Train Epoch: 9 [20816/24478 (85%)] Data (t): 0.001 Batch (t): 0.131, 122.205/s, 122.205/s/gpu LR: 0.000802 Logit Scale: 85.232 Contrastive_loss: -0.65677 (-0.65677) Loss: -0.65677 (-0.65677)
2026-01-31,19:34:09 | INFO | Train Epoch: 9 [22416/24478 (92%)] Data (t): 0.001 Batch (t): 0.132, 118.638/s, 118.638/s/gpu LR: 0.000800 Logit Scale: 85.232 Contrastive_loss: -0.65677 (-0.65677) Loss: -0.65677 (-0.65677)
2026-01-31,19:34:22 | INFO | Train Epoch: 9 [24016/24478 (98%)] Data (t): 0.001 Batch (t): 0.132, 119.290/s, 119.290/s/gpu LR: 0.000797 Logit Scale: 85.232 Contrastive_loss: -0.65677 (-0.65677) Loss: -0.65677 (-0.65677)
2026-01-31,19:34:26 | INFO | Train Epoch: 9 [24464/24478 (100%)] Data (t): 0.001 Batch (t): 0.131, 124.409/s, 124.409/s/gpu LR: 0.000796 Logit Scale: 85.232 Contrastive_loss: -0.65677 (-0.65677) Loss: -0.65677 (-0.65677)
2026-01-31,19:34:34 | INFO | Start epoch 10
2026-01-31,19:34:35 | INFO | Train Epoch: 10 [   16/24478 (0%)] Data (t): 0.575 Batch (t): 0.718, 22.2711/s, 22.2711/s/gpu LR: 0.000796 Logit Scale: 85.232 Contrastive_loss: -0.65677 (-0.65677) Loss: -0.65677 (-0.65677)
2026-01-31,19:34:48 | INFO | Train Epoch: 10 [ 1616/24478 (7%)] Data (t): 0.001 Batch (t): 0.134, 115.827/s, 115.827/s/gpu LR: 0.000794 Logit Scale: 85.232 Contrastive_loss: -0.65677 (-0.65677) Loss: -0.65677 (-0.65677)
2026-01-31,19:35:01 | INFO | Train Epoch: 10 [ 3216/24478 (13%)] Data (t): 0.001 Batch (t): 0.132, 120.167/s, 120.167/s/gpu LR: 0.000791 Logit Scale: 85.232 Contrastive_loss: -0.65677 (-0.65677) Loss: -0.65677 (-0.65677)
2026-01-31,19:35:15 | INFO | Train Epoch: 10 [ 4816/24478 (20%)] Data (t): 0.001 Batch (t): 0.134, 119.083/s, 119.083/s/gpu LR: 0.000788 Logit Scale: 85.232 Contrastive_loss: -0.65677 (-0.65677) Loss: -0.65677 (-0.65677)
2026-01-31,19:35:28 | INFO | Train Epoch: 10 [ 6416/24478 (26%)] Data (t): 0.001 Batch (t): 0.133, 121.063/s, 121.063/s/gpu LR: 0.000786 Logit Scale: 85.232 Contrastive_loss: -0.65677 (-0.65677) Loss: -0.65677 (-0.65677)
2026-01-31,19:35:41 | INFO | Train Epoch: 10 [ 8016/24478 (33%)] Data (t): 0.001 Batch (t): 0.133, 121.790/s, 121.790/s/gpu LR: 0.000783 Logit Scale: 85.232 Contrastive_loss: -0.65677 (-0.65677) Loss: -0.65677 (-0.65677)
2026-01-31,19:35:55 | INFO | Train Epoch: 10 [ 9616/24478 (39%)] Data (t): 0.001 Batch (t): 0.132, 122.672/s, 122.672/s/gpu LR: 0.000780 Logit Scale: 85.232 Contrastive_loss: -0.65677 (-0.65677) Loss: -0.65677 (-0.65677)
2026-01-31,19:36:08 | INFO | Train Epoch: 10 [11216/24478 (46%)] Data (t): 0.001 Batch (t): 0.129, 124.481/s, 124.481/s/gpu LR: 0.000777 Logit Scale: 85.232 Contrastive_loss: -0.65677 (-0.65677) Loss: -0.65677 (-0.65677)
2026-01-31,19:36:20 | INFO | Train Epoch: 10 [12816/24478 (52%)] Data (t): 0.001 Batch (t): 0.129, 124.795/s, 124.795/s/gpu LR: 0.000775 Logit Scale: 85.232 Contrastive_loss: -0.65677 (-0.65677) Loss: -0.65677 (-0.65677)
2026-01-31,19:36:33 | INFO | Train Epoch: 10 [14416/24478 (59%)] Data (t): 0.001 Batch (t): 0.129, 124.479/s, 124.479/s/gpu LR: 0.000772 Logit Scale: 85.232 Contrastive_loss: -0.65677 (-0.65677) Loss: -0.65677 (-0.65677)
2026-01-31,19:36:46 | INFO | Train Epoch: 10 [16016/24478 (65%)] Data (t): 0.001 Batch (t): 0.129, 124.983/s, 124.983/s/gpu LR: 0.000769 Logit Scale: 85.232 Contrastive_loss: -0.65677 (-0.65677) Loss: -0.65677 (-0.65677)
2026-01-31,19:36:59 | INFO | Train Epoch: 10 [17616/24478 (72%)] Data (t): 0.001 Batch (t): 0.129, 124.189/s, 124.189/s/gpu LR: 0.000766 Logit Scale: 85.232 Contrastive_loss: -0.65677 (-0.65677) Loss: -0.65677 (-0.65677)
2026-01-31,19:37:12 | INFO | Train Epoch: 10 [19216/24478 (79%)] Data (t): 0.001 Batch (t): 0.129, 124.213/s, 124.213/s/gpu LR: 0.000764 Logit Scale: 85.232 Contrastive_loss: -0.65677 (-0.65677) Loss: -0.65677 (-0.65677)
2026-01-31,19:37:25 | INFO | Train Epoch: 10 [20816/24478 (85%)] Data (t): 0.001 Batch (t): 0.129, 124.696/s, 124.696/s/gpu LR: 0.000761 Logit Scale: 85.232 Contrastive_loss: -0.65677 (-0.65677) Loss: -0.65677 (-0.65677)
2026-01-31,19:37:38 | INFO | Train Epoch: 10 [22416/24478 (92%)] Data (t): 0.001 Batch (t): 0.132, 122.186/s, 122.186/s/gpu LR: 0.000758 Logit Scale: 85.232 Contrastive_loss: -0.65677 (-0.65677) Loss: -0.65677 (-0.65677)
2026-01-31,19:37:51 | INFO | Train Epoch: 10 [24016/24478 (98%)] Data (t): 0.001 Batch (t): 0.129, 117.170/s, 117.170/s/gpu LR: 0.000755 Logit Scale: 85.232 Contrastive_loss: -0.65677 (-0.65677) Loss: -0.65677 (-0.65677)
2026-01-31,19:37:55 | INFO | Train Epoch: 10 [24464/24478 (100%)] Data (t): 0.001 Batch (t): 0.128, 126.409/s, 126.409/s/gpu LR: 0.000754 Logit Scale: 85.232 Contrastive_loss: -0.65677 (-0.65677) Loss: -0.65677 (-0.65677)
2026-01-31,19:38:01 | INFO | Start epoch 11
2026-01-31,19:38:02 | INFO | Train Epoch: 11 [   16/24478 (0%)] Data (t): 0.368 Batch (t): 0.531, 30.1546/s, 30.1546/s/gpu LR: 0.000754 Logit Scale: 85.232 Contrastive_loss: -0.65677 (-0.65677) Loss: -0.65677 (-0.65677)
2026-01-31,19:38:15 | INFO | Train Epoch: 11 [ 1616/24478 (7%)] Data (t): 0.001 Batch (t): 0.132, 120.245/s, 120.245/s/gpu LR: 0.000752 Logit Scale: 85.232 Contrastive_loss: -0.65677 (-0.65677) Loss: -0.65677 (-0.65677)
2026-01-31,19:38:28 | INFO | Train Epoch: 11 [ 3216/24478 (13%)] Data (t): 0.001 Batch (t): 0.130, 125.392/s, 125.392/s/gpu LR: 0.000749 Logit Scale: 85.232 Contrastive_loss: -0.65677 (-0.65677) Loss: -0.65677 (-0.65677)
2026-01-31,19:38:41 | INFO | Train Epoch: 11 [ 4816/24478 (20%)] Data (t): 0.001 Batch (t): 0.129, 125.563/s, 125.563/s/gpu LR: 0.000746 Logit Scale: 85.232 Contrastive_loss: -0.65677 (-0.65677) Loss: -0.65677 (-0.65677)
2026-01-31,19:38:54 | INFO | Train Epoch: 11 [ 6416/24478 (26%)] Data (t): 0.001 Batch (t): 0.128, 125.248/s, 125.248/s/gpu LR: 0.000743 Logit Scale: 85.232 Contrastive_loss: -0.65677 (-0.65677) Loss: -0.65677 (-0.65677)
2026-01-31,19:39:07 | INFO | Train Epoch: 11 [ 8016/24478 (33%)] Data (t): 0.001 Batch (t): 0.128, 124.994/s, 124.994/s/gpu LR: 0.000740 Logit Scale: 85.232 Contrastive_loss: -0.65677 (-0.65677) Loss: -0.65677 (-0.65677)
2026-01-31,19:39:20 | INFO | Train Epoch: 11 [ 9616/24478 (39%)] Data (t): 0.001 Batch (t): 0.129, 122.611/s, 122.611/s/gpu LR: 0.000737 Logit Scale: 85.232 Contrastive_loss: -0.65677 (-0.65677) Loss: -0.65677 (-0.65677)
2026-01-31,19:39:33 | INFO | Train Epoch: 11 [11216/24478 (46%)] Data (t): 0.001 Batch (t): 0.129, 124.317/s, 124.317/s/gpu LR: 0.000734 Logit Scale: 85.232 Contrastive_loss: -0.65677 (-0.65677) Loss: -0.65677 (-0.65677)
2026-01-31,19:39:46 | INFO | Train Epoch: 11 [12816/24478 (52%)] Data (t): 0.001 Batch (t): 0.130, 121.349/s, 121.349/s/gpu LR: 0.000732 Logit Scale: 85.232 Contrastive_loss: -0.65677 (-0.65677) Loss: -0.65677 (-0.65677)
2026-01-31,19:39:59 | INFO | Train Epoch: 11 [14416/24478 (59%)] Data (t): 0.001 Batch (t): 0.133, 121.197/s, 121.197/s/gpu LR: 0.000729 Logit Scale: 85.232 Contrastive_loss: -0.65677 (-0.65677) Loss: -0.65677 (-0.65677)
2026-01-31,19:40:12 | INFO | Train Epoch: 11 [16016/24478 (65%)] Data (t): 0.001 Batch (t): 0.129, 124.771/s, 124.771/s/gpu LR: 0.000726 Logit Scale: 85.232 Contrastive_loss: -0.65677 (-0.65677) Loss: -0.65677 (-0.65677)
2026-01-31,19:40:25 | INFO | Train Epoch: 11 [17616/24478 (72%)] Data (t): 0.001 Batch (t): 0.129, 124.721/s, 124.721/s/gpu LR: 0.000723 Logit Scale: 85.232 Contrastive_loss: -0.65677 (-0.65677) Loss: -0.65677 (-0.65677)
2026-01-31,19:40:38 | INFO | Train Epoch: 11 [19216/24478 (79%)] Data (t): 0.001 Batch (t): 0.129, 125.593/s, 125.593/s/gpu LR: 0.000720 Logit Scale: 85.232 Contrastive_loss: -0.65677 (-0.65677) Loss: -0.65677 (-0.65677)
2026-01-31,19:40:50 | INFO | Train Epoch: 11 [20816/24478 (85%)] Data (t): 0.001 Batch (t): 0.129, 124.732/s, 124.732/s/gpu LR: 0.000717 Logit Scale: 85.232 Contrastive_loss: -0.65677 (-0.65677) Loss: -0.65677 (-0.65677)
2026-01-31,19:41:03 | INFO | Train Epoch: 11 [22416/24478 (92%)] Data (t): 0.001 Batch (t): 0.129, 123.539/s, 123.539/s/gpu LR: 0.000714 Logit Scale: 85.232 Contrastive_loss: -0.65677 (-0.65677) Loss: -0.65677 (-0.65677)
2026-01-31,19:41:16 | INFO | Train Epoch: 11 [24016/24478 (98%)] Data (t): 0.001 Batch (t): 0.131, 121.301/s, 121.301/s/gpu LR: 0.000711 Logit Scale: 85.232 Contrastive_loss: -0.65677 (-0.65677) Loss: -0.65677 (-0.65677)
2026-01-31,19:41:20 | INFO | Train Epoch: 11 [24464/24478 (100%)] Data (t): 0.001 Batch (t): 0.132, 123.464/s, 123.464/s/gpu LR: 0.000710 Logit Scale: 85.232 Contrastive_loss: -0.65677 (-0.65677) Loss: -0.65677 (-0.65677)
2026-01-31,19:41:27 | INFO | Start epoch 12
2026-01-31,19:41:28 | INFO | Train Epoch: 12 [   16/24478 (0%)] Data (t): 0.424 Batch (t): 0.595, 26.8801/s, 26.8801/s/gpu LR: 0.000710 Logit Scale: 85.232 Contrastive_loss: -0.65677 (-0.65677) Loss: -0.65677 (-0.65677)
2026-01-31,19:41:41 | INFO | Train Epoch: 12 [ 1616/24478 (7%)] Data (t): 0.001 Batch (t): 0.133, 120.312/s, 120.312/s/gpu LR: 0.000707 Logit Scale: 85.232 Contrastive_loss: -0.65677 (-0.65677) Loss: -0.65677 (-0.65677)
2026-01-31,19:41:54 | INFO | Train Epoch: 12 [ 3216/24478 (13%)] Data (t): 0.001 Batch (t): 0.133, 110.640/s, 110.640/s/gpu LR: 0.000704 Logit Scale: 85.232 Contrastive_loss: -0.65677 (-0.65677) Loss: -0.65677 (-0.65677)
2026-01-31,19:42:08 | INFO | Train Epoch: 12 [ 4816/24478 (20%)] Data (t): 0.001 Batch (t): 0.132, 123.311/s, 123.311/s/gpu LR: 0.000701 Logit Scale: 85.232 Contrastive_loss: -0.65677 (-0.65677) Loss: -0.65677 (-0.65677)
2026-01-31,19:42:20 | INFO | Train Epoch: 12 [ 6416/24478 (26%)] Data (t): 0.001 Batch (t): 0.129, 125.560/s, 125.560/s/gpu LR: 0.000698 Logit Scale: 85.232 Contrastive_loss: -0.65677 (-0.65677) Loss: -0.65677 (-0.65677)
2026-01-31,19:42:33 | INFO | Train Epoch: 12 [ 8016/24478 (33%)] Data (t): 0.001 Batch (t): 0.128, 124.601/s, 124.601/s/gpu LR: 0.000695 Logit Scale: 85.232 Contrastive_loss: -0.65677 (-0.65677) Loss: -0.65677 (-0.65677)
2026-01-31,19:42:46 | INFO | Train Epoch: 12 [ 9616/24478 (39%)] Data (t): 0.001 Batch (t): 0.129, 124.955/s, 124.955/s/gpu LR: 0.000692 Logit Scale: 85.232 Contrastive_loss: -0.65677 (-0.65677) Loss: -0.65677 (-0.65677)
2026-01-31,19:42:59 | INFO | Train Epoch: 12 [11216/24478 (46%)] Data (t): 0.001 Batch (t): 0.129, 124.175/s, 124.175/s/gpu LR: 0.000689 Logit Scale: 85.232 Contrastive_loss: -0.65677 (-0.65677) Loss: -0.65677 (-0.65677)
2026-01-31,19:43:12 | INFO | Train Epoch: 12 [12816/24478 (52%)] Data (t): 0.001 Batch (t): 0.129, 123.643/s, 123.643/s/gpu LR: 0.000686 Logit Scale: 85.232 Contrastive_loss: -0.65677 (-0.65677) Loss: -0.65677 (-0.65677)
2026-01-31,19:43:25 | INFO | Train Epoch: 12 [14416/24478 (59%)] Data (t): 0.001 Batch (t): 0.129, 124.481/s, 124.481/s/gpu LR: 0.000683 Logit Scale: 85.232 Contrastive_loss: -0.65677 (-0.65677) Loss: -0.65677 (-0.65677)
2026-01-31,19:43:38 | INFO | Train Epoch: 12 [16016/24478 (65%)] Data (t): 0.001 Batch (t): 0.129, 124.581/s, 124.581/s/gpu LR: 0.000680 Logit Scale: 85.232 Contrastive_loss: -0.65677 (-0.65677) Loss: -0.65677 (-0.65677)
2026-01-31,19:43:51 | INFO | Train Epoch: 12 [17616/24478 (72%)] Data (t): 0.001 Batch (t): 0.129, 122.927/s, 122.927/s/gpu LR: 0.000677 Logit Scale: 85.232 Contrastive_loss: -0.65677 (-0.65677) Loss: -0.65677 (-0.65677)
2026-01-31,19:44:03 | INFO | Train Epoch: 12 [19216/24478 (79%)] Data (t): 0.001 Batch (t): 0.129, 125.229/s, 125.229/s/gpu LR: 0.000674 Logit Scale: 85.232 Contrastive_loss: -0.65677 (-0.65677) Loss: -0.65677 (-0.65677)
2026-01-31,19:44:16 | INFO | Train Epoch: 12 [20816/24478 (85%)] Data (t): 0.001 Batch (t): 0.129, 119.303/s, 119.303/s/gpu LR: 0.000671 Logit Scale: 85.232 Contrastive_loss: -0.65677 (-0.65677) Loss: -0.65677 (-0.65677)
2026-01-31,19:44:29 | INFO | Train Epoch: 12 [22416/24478 (92%)] Data (t): 0.001 Batch (t): 0.128, 125.373/s, 125.373/s/gpu LR: 0.000668 Logit Scale: 85.232 Contrastive_loss: -0.65677 (-0.65677) Loss: -0.65677 (-0.65677)
2026-01-31,19:44:42 | INFO | Train Epoch: 12 [24016/24478 (98%)] Data (t): 0.001 Batch (t): 0.129, 123.383/s, 123.383/s/gpu LR: 0.000665 Logit Scale: 85.232 Contrastive_loss: -0.65677 (-0.65677) Loss: -0.65677 (-0.65677)
2026-01-31,19:44:46 | INFO | Train Epoch: 12 [24464/24478 (100%)] Data (t): 0.001 Batch (t): 0.128, 126.122/s, 126.122/s/gpu LR: 0.000664 Logit Scale: 85.232 Contrastive_loss: -0.65677 (-0.65677) Loss: -0.65677 (-0.65677)
2026-01-31,19:44:52 | INFO | Start epoch 13
2026-01-31,19:44:53 | INFO | Train Epoch: 13 [   16/24478 (0%)] Data (t): 0.444 Batch (t): 0.597, 26.8089/s, 26.8089/s/gpu LR: 0.000664 Logit Scale: 85.232 Contrastive_loss: -0.65677 (-0.65677) Loss: -0.65677 (-0.65677)
2026-01-31,19:45:06 | INFO | Train Epoch: 13 [ 1616/24478 (7%)] Data (t): 0.001 Batch (t): 0.130, 122.848/s, 122.848/s/gpu LR: 0.000661 Logit Scale: 85.232 Contrastive_loss: -0.65677 (-0.65677) Loss: -0.65677 (-0.65677)
2026-01-31,19:45:19 | INFO | Train Epoch: 13 [ 3216/24478 (13%)] Data (t): 0.001 Batch (t): 0.131, 123.144/s, 123.144/s/gpu LR: 0.000657 Logit Scale: 85.232 Contrastive_loss: -0.65677 (-0.65677) Loss: -0.65677 (-0.65677)
2026-01-31,19:45:32 | INFO | Train Epoch: 13 [ 4816/24478 (20%)] Data (t): 0.001 Batch (t): 0.128, 127.253/s, 127.253/s/gpu LR: 0.000654 Logit Scale: 85.232 Contrastive_loss: -0.65677 (-0.65677) Loss: -0.65677 (-0.65677)
2026-01-31,19:45:45 | INFO | Train Epoch: 13 [ 6416/24478 (26%)] Data (t): 0.001 Batch (t): 0.126, 127.195/s, 127.195/s/gpu LR: 0.000651 Logit Scale: 85.232 Contrastive_loss: -0.65677 (-0.65677) Loss: -0.65677 (-0.65677)
2026-01-31,19:45:57 | INFO | Train Epoch: 13 [ 8016/24478 (33%)] Data (t): 0.001 Batch (t): 0.126, 126.422/s, 126.422/s/gpu LR: 0.000648 Logit Scale: 85.232 Contrastive_loss: -0.65677 (-0.65677) Loss: -0.65677 (-0.65677)
2026-01-31,19:46:10 | INFO | Train Epoch: 13 [ 9616/24478 (39%)] Data (t): 0.001 Batch (t): 0.127, 125.409/s, 125.409/s/gpu LR: 0.000645 Logit Scale: 85.232 Contrastive_loss: -0.65677 (-0.65677) Loss: -0.65677 (-0.65677)
2026-01-31,19:46:23 | INFO | Train Epoch: 13 [11216/24478 (46%)] Data (t): 0.001 Batch (t): 0.127, 127.007/s, 127.007/s/gpu LR: 0.000642 Logit Scale: 85.232 Contrastive_loss: -0.65677 (-0.65677) Loss: -0.65677 (-0.65677)
2026-01-31,19:46:35 | INFO | Train Epoch: 13 [12816/24478 (52%)] Data (t): 0.001 Batch (t): 0.127, 126.768/s, 126.768/s/gpu LR: 0.000639 Logit Scale: 85.232 Contrastive_loss: -0.65677 (-0.65677) Loss: -0.65677 (-0.65677)
2026-01-31,19:46:48 | INFO | Train Epoch: 13 [14416/24478 (59%)] Data (t): 0.001 Batch (t): 0.127, 127.191/s, 127.191/s/gpu LR: 0.000636 Logit Scale: 85.232 Contrastive_loss: -0.65677 (-0.65677) Loss: -0.65677 (-0.65677)
2026-01-31,19:47:01 | INFO | Train Epoch: 13 [16016/24478 (65%)] Data (t): 0.001 Batch (t): 0.126, 117.097/s, 117.097/s/gpu LR: 0.000632 Logit Scale: 85.232 Contrastive_loss: -0.65677 (-0.65677) Loss: -0.65677 (-0.65677)
2026-01-31,19:47:13 | INFO | Train Epoch: 13 [17616/24478 (72%)] Data (t): 0.001 Batch (t): 0.126, 128.323/s, 128.323/s/gpu LR: 0.000629 Logit Scale: 85.232 Contrastive_loss: -0.65677 (-0.65677) Loss: -0.65677 (-0.65677)
2026-01-31,19:47:26 | INFO | Train Epoch: 13 [19216/24478 (79%)] Data (t): 0.001 Batch (t): 0.129, 124.126/s, 124.126/s/gpu LR: 0.000626 Logit Scale: 85.232 Contrastive_loss: -0.65677 (-0.65677) Loss: -0.65677 (-0.65677)
2026-01-31,19:47:39 | INFO | Train Epoch: 13 [20816/24478 (85%)] Data (t): 0.001 Batch (t): 0.128, 126.142/s, 126.142/s/gpu LR: 0.000623 Logit Scale: 85.232 Contrastive_loss: -0.65677 (-0.65677) Loss: -0.65677 (-0.65677)
2026-01-31,19:47:52 | INFO | Train Epoch: 13 [22416/24478 (92%)] Data (t): 0.001 Batch (t): 0.127, 126.583/s, 126.583/s/gpu LR: 0.000620 Logit Scale: 85.232 Contrastive_loss: -0.65677 (-0.65677) Loss: -0.65677 (-0.65677)
2026-01-31,19:48:04 | INFO | Train Epoch: 13 [24016/24478 (98%)] Data (t): 0.001 Batch (t): 0.127, 126.567/s, 126.567/s/gpu LR: 0.000616 Logit Scale: 85.232 Contrastive_loss: -0.65677 (-0.65677) Loss: -0.65677 (-0.65677)
2026-01-31,19:48:08 | INFO | Train Epoch: 13 [24464/24478 (100%)] Data (t): 0.001 Batch (t): 0.127, 127.152/s, 127.152/s/gpu LR: 0.000616 Logit Scale: 85.232 Contrastive_loss: -0.65677 (-0.65677) Loss: -0.65677 (-0.65677)
2026-01-31,19:48:15 | INFO | Start epoch 14
2026-01-31,19:48:15 | INFO | Train Epoch: 14 [   16/24478 (0%)] Data (t): 0.422 Batch (t): 0.569, 28.1180/s, 28.1180/s/gpu LR: 0.000616 Logit Scale: 85.232 Contrastive_loss: -0.65677 (-0.65677) Loss: -0.65677 (-0.65677)
2026-01-31,19:48:28 | INFO | Train Epoch: 14 [ 1616/24478 (7%)] Data (t): 0.001 Batch (t): 0.131, 121.737/s, 121.737/s/gpu LR: 0.000612 Logit Scale: 85.232 Contrastive_loss: -0.65677 (-0.65677) Loss: -0.65677 (-0.65677)
2026-01-31,19:48:41 | INFO | Train Epoch: 14 [ 3216/24478 (13%)] Data (t): 0.001 Batch (t): 0.132, 122.636/s, 122.636/s/gpu LR: 0.000609 Logit Scale: 85.232 Contrastive_loss: -0.65677 (-0.65677) Loss: -0.65677 (-0.65677)
2026-01-31,19:48:55 | INFO | Train Epoch: 14 [ 4816/24478 (20%)] Data (t): 0.001 Batch (t): 0.132, 121.522/s, 121.522/s/gpu LR: 0.000606 Logit Scale: 85.232 Contrastive_loss: -0.65677 (-0.65677) Loss: -0.65677 (-0.65677)
2026-01-31,19:49:08 | INFO | Train Epoch: 14 [ 6416/24478 (26%)] Data (t): 0.001 Batch (t): 0.131, 122.578/s, 122.578/s/gpu LR: 0.000603 Logit Scale: 85.232 Contrastive_loss: -0.65677 (-0.65677) Loss: -0.65677 (-0.65677)
2026-01-31,19:49:20 | INFO | Train Epoch: 14 [ 8016/24478 (33%)] Data (t): 0.001 Batch (t): 0.128, 126.251/s, 126.251/s/gpu LR: 0.000600 Logit Scale: 85.232 Contrastive_loss: -0.65677 (-0.65677) Loss: -0.65677 (-0.65677)
2026-01-31,19:49:33 | INFO | Train Epoch: 14 [ 9616/24478 (39%)] Data (t): 0.001 Batch (t): 0.128, 118.661/s, 118.661/s/gpu LR: 0.000596 Logit Scale: 85.232 Contrastive_loss: -0.65677 (-0.65677) Loss: -0.65677 (-0.65677)
2026-01-31,19:49:46 | INFO | Train Epoch: 14 [11216/24478 (46%)] Data (t): 0.001 Batch (t): 0.127, 126.121/s, 126.121/s/gpu LR: 0.000593 Logit Scale: 85.232 Contrastive_loss: -0.65677 (-0.65677) Loss: -0.65677 (-0.65677)
2026-01-31,19:49:59 | INFO | Train Epoch: 14 [12816/24478 (52%)] Data (t): 0.001 Batch (t): 0.127, 125.498/s, 125.498/s/gpu LR: 0.000590 Logit Scale: 85.232 Contrastive_loss: -0.65677 (-0.65677) Loss: -0.65677 (-0.65677)
2026-01-31,19:50:11 | INFO | Train Epoch: 14 [14416/24478 (59%)] Data (t): 0.001 Batch (t): 0.128, 124.962/s, 124.962/s/gpu LR: 0.000587 Logit Scale: 85.232 Contrastive_loss: -0.65677 (-0.65677) Loss: -0.65677 (-0.65677)
2026-01-31,19:50:24 | INFO | Train Epoch: 14 [16016/24478 (65%)] Data (t): 0.001 Batch (t): 0.128, 125.754/s, 125.754/s/gpu LR: 0.000583 Logit Scale: 85.232 Contrastive_loss: -0.65677 (-0.65677) Loss: -0.65677 (-0.65677)
2026-01-31,19:50:37 | INFO | Train Epoch: 14 [17616/24478 (72%)] Data (t): 0.001 Batch (t): 0.127, 126.379/s, 126.379/s/gpu LR: 0.000580 Logit Scale: 85.232 Contrastive_loss: -0.65677 (-0.65677) Loss: -0.65677 (-0.65677)
2026-01-31,19:50:50 | INFO | Train Epoch: 14 [19216/24478 (79%)] Data (t): 0.001 Batch (t): 0.127, 124.606/s, 124.606/s/gpu LR: 0.000577 Logit Scale: 85.232 Contrastive_loss: -0.65677 (-0.65677) Loss: -0.65677 (-0.65677)
2026-01-31,19:51:02 | INFO | Train Epoch: 14 [20816/24478 (85%)] Data (t): 0.001 Batch (t): 0.127, 126.389/s, 126.389/s/gpu LR: 0.000574 Logit Scale: 85.232 Contrastive_loss: -0.65677 (-0.65677) Loss: -0.65677 (-0.65677)
2026-01-31,19:51:15 | INFO | Train Epoch: 14 [22416/24478 (92%)] Data (t): 0.001 Batch (t): 0.128, 125.573/s, 125.573/s/gpu LR: 0.000570 Logit Scale: 85.232 Contrastive_loss: -0.65677 (-0.65677) Loss: -0.65677 (-0.65677)
2026-01-31,19:51:28 | INFO | Train Epoch: 14 [24016/24478 (98%)] Data (t): 0.001 Batch (t): 0.128, 116.537/s, 116.537/s/gpu LR: 0.000567 Logit Scale: 85.232 Contrastive_loss: -0.65677 (-0.65677) Loss: -0.65677 (-0.65677)
2026-01-31,19:51:32 | INFO | Train Epoch: 14 [24464/24478 (100%)] Data (t): 0.001 Batch (t): 0.127, 126.486/s, 126.486/s/gpu LR: 0.000566 Logit Scale: 85.232 Contrastive_loss: -0.65677 (-0.65677) Loss: -0.65677 (-0.65677)
2026-01-31,19:51:37 | INFO | Start epoch 15
2026-01-31,19:51:38 | INFO | Train Epoch: 15 [   16/24478 (0%)] Data (t): 0.488 Batch (t): 0.627, 25.5025/s, 25.5025/s/gpu LR: 0.000566 Logit Scale: 85.232 Contrastive_loss: -0.65677 (-0.65677) Loss: -0.65677 (-0.65677)
2026-01-31,19:51:51 | INFO | Train Epoch: 15 [ 1616/24478 (7%)] Data (t): 0.001 Batch (t): 0.129, 125.612/s, 125.612/s/gpu LR: 0.000563 Logit Scale: 85.232 Contrastive_loss: -0.65677 (-0.65677) Loss: -0.65677 (-0.65677)
2026-01-31,19:52:04 | INFO | Train Epoch: 15 [ 3216/24478 (13%)] Data (t): 0.001 Batch (t): 0.129, 125.635/s, 125.635/s/gpu LR: 0.000560 Logit Scale: 85.232 Contrastive_loss: -0.65677 (-0.65677) Loss: -0.65677 (-0.65677)
2026-01-31,19:52:17 | INFO | Train Epoch: 15 [ 4816/24478 (20%)] Data (t): 0.001 Batch (t): 0.130, 123.638/s, 123.638/s/gpu LR: 0.000557 Logit Scale: 85.232 Contrastive_loss: -0.65677 (-0.65677) Loss: -0.65677 (-0.65677)
2026-01-31,19:52:30 | INFO | Train Epoch: 15 [ 6416/24478 (26%)] Data (t): 0.001 Batch (t): 0.133, 122.827/s, 122.827/s/gpu LR: 0.000553 Logit Scale: 85.232 Contrastive_loss: -0.65677 (-0.65677) Loss: -0.65677 (-0.65677)
2026-01-31,19:52:43 | INFO | Train Epoch: 15 [ 8016/24478 (33%)] Data (t): 0.001 Batch (t): 0.133, 121.153/s, 121.153/s/gpu LR: 0.000550 Logit Scale: 85.232 Contrastive_loss: -0.65677 (-0.65677) Loss: -0.65677 (-0.65677)
2026-01-31,19:52:57 | INFO | Train Epoch: 15 [ 9616/24478 (39%)] Data (t): 0.001 Batch (t): 0.133, 121.580/s, 121.580/s/gpu LR: 0.000547 Logit Scale: 85.232 Contrastive_loss: -0.65677 (-0.65677) Loss: -0.65677 (-0.65677)
2026-01-31,19:53:10 | INFO | Train Epoch: 15 [11216/24478 (46%)] Data (t): 0.001 Batch (t): 0.134, 118.661/s, 118.661/s/gpu LR: 0.000544 Logit Scale: 85.232 Contrastive_loss: -0.65677 (-0.65677) Loss: -0.65677 (-0.65677)
2026-01-31,19:53:23 | INFO | Train Epoch: 15 [12816/24478 (52%)] Data (t): 0.001 Batch (t): 0.134, 115.107/s, 115.107/s/gpu LR: 0.000540 Logit Scale: 85.232 Contrastive_loss: -0.65677 (-0.65677) Loss: -0.65677 (-0.65677)
2026-01-31,19:53:37 | INFO | Train Epoch: 15 [14416/24478 (59%)] Data (t): 0.001 Batch (t): 0.133, 120.812/s, 120.812/s/gpu LR: 0.000537 Logit Scale: 85.232 Contrastive_loss: -0.65677 (-0.65677) Loss: -0.65677 (-0.65677)
2026-01-31,19:53:50 | INFO | Train Epoch: 15 [16016/24478 (65%)] Data (t): 0.001 Batch (t): 0.133, 116.187/s, 116.187/s/gpu LR: 0.000534 Logit Scale: 85.232 Contrastive_loss: -0.65677 (-0.65677) Loss: -0.65677 (-0.65677)
2026-01-31,19:54:03 | INFO | Train Epoch: 15 [17616/24478 (72%)] Data (t): 0.001 Batch (t): 0.133, 121.356/s, 121.356/s/gpu LR: 0.000530 Logit Scale: 85.232 Contrastive_loss: -0.65677 (-0.65677) Loss: -0.65677 (-0.65677)
2026-01-31,19:54:16 | INFO | Train Epoch: 15 [19216/24478 (79%)] Data (t): 0.001 Batch (t): 0.131, 125.068/s, 125.068/s/gpu LR: 0.000527 Logit Scale: 85.232 Contrastive_loss: -0.65677 (-0.65677) Loss: -0.65677 (-0.65677)
2026-01-31,19:54:29 | INFO | Train Epoch: 15 [20816/24478 (85%)] Data (t): 0.001 Batch (t): 0.129, 124.611/s, 124.611/s/gpu LR: 0.000524 Logit Scale: 85.232 Contrastive_loss: -0.65677 (-0.65677) Loss: -0.65677 (-0.65677)
2026-01-31,19:54:42 | INFO | Train Epoch: 15 [22416/24478 (92%)] Data (t): 0.001 Batch (t): 0.129, 125.685/s, 125.685/s/gpu LR: 0.000521 Logit Scale: 85.232 Contrastive_loss: -0.65677 (-0.65677) Loss: -0.65677 (-0.65677)
2026-01-31,19:54:55 | INFO | Train Epoch: 15 [24016/24478 (98%)] Data (t): 0.001 Batch (t): 0.129, 124.886/s, 124.886/s/gpu LR: 0.000517 Logit Scale: 85.232 Contrastive_loss: -0.65677 (-0.65677) Loss: -0.65677 (-0.65677)
2026-01-31,19:54:59 | INFO | Train Epoch: 15 [24464/24478 (100%)] Data (t): 0.001 Batch (t): 0.129, 125.859/s, 125.859/s/gpu LR: 0.000516 Logit Scale: 85.232 Contrastive_loss: -0.65677 (-0.65677) Loss: -0.65677 (-0.65677)
2026-01-31,19:55:06 | INFO | Start epoch 16
2026-01-31,19:55:06 | INFO | Train Epoch: 16 [   16/24478 (0%)] Data (t): 0.480 Batch (t): 0.649, 24.6453/s, 24.6453/s/gpu LR: 0.000516 Logit Scale: 85.232 Contrastive_loss: -0.65677 (-0.65677) Loss: -0.65677 (-0.65677)
2026-01-31,19:55:19 | INFO | Train Epoch: 16 [ 1616/24478 (7%)] Data (t): 0.001 Batch (t): 0.130, 118.929/s, 118.929/s/gpu LR: 0.000513 Logit Scale: 85.232 Contrastive_loss: -0.65677 (-0.65677) Loss: -0.65677 (-0.65677)
2026-01-31,19:55:32 | INFO | Train Epoch: 16 [ 3216/24478 (13%)] Data (t): 0.001 Batch (t): 0.129, 114.778/s, 114.778/s/gpu LR: 0.000510 Logit Scale: 85.232 Contrastive_loss: -0.65677 (-0.65677) Loss: -0.65677 (-0.65677)
2026-01-31,19:55:45 | INFO | Train Epoch: 16 [ 4816/24478 (20%)] Data (t): 0.001 Batch (t): 0.129, 124.010/s, 124.010/s/gpu LR: 0.000507 Logit Scale: 85.232 Contrastive_loss: -0.65677 (-0.65677) Loss: -0.65677 (-0.65677)
2026-01-31,19:55:58 | INFO | Train Epoch: 16 [ 6416/24478 (26%)] Data (t): 0.001 Batch (t): 0.129, 124.422/s, 124.422/s/gpu LR: 0.000503 Logit Scale: 85.232 Contrastive_loss: -0.65677 (-0.65677) Loss: -0.65677 (-0.65677)
2026-01-31,19:56:11 | INFO | Train Epoch: 16 [ 8016/24478 (33%)] Data (t): 0.001 Batch (t): 0.129, 125.130/s, 125.130/s/gpu LR: 0.000500 Logit Scale: 85.232 Contrastive_loss: -0.65677 (-0.65677) Loss: -0.65677 (-0.65677)
2026-01-31,19:56:24 | INFO | Train Epoch: 16 [ 9616/24478 (39%)] Data (t): 0.001 Batch (t): 0.130, 125.675/s, 125.675/s/gpu LR: 0.000497 Logit Scale: 85.232 Contrastive_loss: -0.65677 (-0.65677) Loss: -0.65677 (-0.65677)
2026-01-31,19:56:37 | INFO | Train Epoch: 16 [11216/24478 (46%)] Data (t): 0.001 Batch (t): 0.128, 124.736/s, 124.736/s/gpu LR: 0.000493 Logit Scale: 85.232 Contrastive_loss: -0.65677 (-0.65677) Loss: -0.65677 (-0.65677)
2026-01-31,19:56:50 | INFO | Train Epoch: 16 [12816/24478 (52%)] Data (t): 0.001 Batch (t): 0.129, 120.732/s, 120.732/s/gpu LR: 0.000490 Logit Scale: 85.232 Contrastive_loss: -0.65677 (-0.65677) Loss: -0.65677 (-0.65677)
2026-01-31,19:57:02 | INFO | Train Epoch: 16 [14416/24478 (59%)] Data (t): 0.001 Batch (t): 0.129, 124.939/s, 124.939/s/gpu LR: 0.000487 Logit Scale: 85.232 Contrastive_loss: -0.65677 (-0.65677) Loss: -0.65677 (-0.65677)
2026-01-31,19:57:15 | INFO | Train Epoch: 16 [16016/24478 (65%)] Data (t): 0.001 Batch (t): 0.129, 124.429/s, 124.429/s/gpu LR: 0.000484 Logit Scale: 85.232 Contrastive_loss: -0.65677 (-0.65677) Loss: -0.65677 (-0.65677)
2026-01-31,19:57:28 | INFO | Train Epoch: 16 [17616/24478 (72%)] Data (t): 0.001 Batch (t): 0.129, 123.639/s, 123.639/s/gpu LR: 0.000480 Logit Scale: 85.232 Contrastive_loss: -0.65677 (-0.65677) Loss: -0.65677 (-0.65677)
2026-01-31,19:57:41 | INFO | Train Epoch: 16 [19216/24478 (79%)] Data (t): 0.001 Batch (t): 0.129, 124.692/s, 124.692/s/gpu LR: 0.000477 Logit Scale: 85.232 Contrastive_loss: -0.65677 (-0.65677) Loss: -0.65677 (-0.65677)
2026-01-31,19:57:54 | INFO | Train Epoch: 16 [20816/24478 (85%)] Data (t): 0.001 Batch (t): 0.129, 125.265/s, 125.265/s/gpu LR: 0.000474 Logit Scale: 85.232 Contrastive_loss: -0.65677 (-0.65677) Loss: -0.65677 (-0.65677)
2026-01-31,19:58:07 | INFO | Train Epoch: 16 [22416/24478 (92%)] Data (t): 0.001 Batch (t): 0.129, 125.582/s, 125.582/s/gpu LR: 0.000471 Logit Scale: 85.232 Contrastive_loss: -0.65677 (-0.65677) Loss: -0.65677 (-0.65677)
2026-01-31,19:58:20 | INFO | Train Epoch: 16 [24016/24478 (98%)] Data (t): 0.001 Batch (t): 0.129, 124.637/s, 124.637/s/gpu LR: 0.000467 Logit Scale: 85.232 Contrastive_loss: -0.65677 (-0.65677) Loss: -0.65677 (-0.65677)
2026-01-31,19:58:23 | INFO | Train Epoch: 16 [24464/24478 (100%)] Data (t): 0.001 Batch (t): 0.128, 126.111/s, 126.111/s/gpu LR: 0.000466 Logit Scale: 85.232 Contrastive_loss: -0.65677 (-0.65677) Loss: -0.65677 (-0.65677)
2026-01-31,19:58:30 | INFO | Start epoch 17
2026-01-31,19:58:31 | INFO | Train Epoch: 17 [   16/24478 (0%)] Data (t): 0.506 Batch (t): 0.675, 23.7209/s, 23.7209/s/gpu LR: 0.000466 Logit Scale: 85.232 Contrastive_loss: -0.65677 (-0.65677) Loss: -0.65677 (-0.65677)
2026-01-31,19:58:44 | INFO | Train Epoch: 17 [ 1616/24478 (7%)] Data (t): 0.001 Batch (t): 0.132, 121.883/s, 121.883/s/gpu LR: 0.000463 Logit Scale: 85.232 Contrastive_loss: -0.65677 (-0.65677) Loss: -0.65677 (-0.65677)
2026-01-31,19:58:57 | INFO | Train Epoch: 17 [ 3216/24478 (13%)] Data (t): 0.001 Batch (t): 0.132, 118.391/s, 118.391/s/gpu LR: 0.000460 Logit Scale: 85.232 Contrastive_loss: -0.65677 (-0.65677) Loss: -0.65677 (-0.65677)
2026-01-31,19:59:10 | INFO | Train Epoch: 17 [ 4816/24478 (20%)] Data (t): 0.001 Batch (t): 0.132, 121.596/s, 121.596/s/gpu LR: 0.000456 Logit Scale: 85.232 Contrastive_loss: -0.65677 (-0.65677) Loss: -0.65677 (-0.65677)
2026-01-31,19:59:24 | INFO | Train Epoch: 17 [ 6416/24478 (26%)] Data (t): 0.001 Batch (t): 0.134, 110.182/s, 110.182/s/gpu LR: 0.000453 Logit Scale: 85.232 Contrastive_loss: -0.65677 (-0.65677) Loss: -0.65677 (-0.65677)
2026-01-31,19:59:37 | INFO | Train Epoch: 17 [ 8016/24478 (33%)] Data (t): 0.001 Batch (t): 0.134, 119.996/s, 119.996/s/gpu LR: 0.000450 Logit Scale: 85.232 Contrastive_loss: -0.65677 (-0.65677) Loss: -0.65677 (-0.65677)
2026-01-31,19:59:50 | INFO | Train Epoch: 17 [ 9616/24478 (39%)] Data (t): 0.001 Batch (t): 0.131, 123.327/s, 123.327/s/gpu LR: 0.000447 Logit Scale: 85.232 Contrastive_loss: -0.65677 (-0.65677) Loss: -0.65677 (-0.65677)
2026-01-31,20:00:03 | INFO | Train Epoch: 17 [11216/24478 (46%)] Data (t): 0.001 Batch (t): 0.130, 124.151/s, 124.151/s/gpu LR: 0.000443 Logit Scale: 85.232 Contrastive_loss: -0.65677 (-0.65677) Loss: -0.65677 (-0.65677)
2026-01-31,20:00:16 | INFO | Train Epoch: 17 [12816/24478 (52%)] Data (t): 0.001 Batch (t): 0.129, 125.276/s, 125.276/s/gpu LR: 0.000440 Logit Scale: 85.232 Contrastive_loss: -0.65677 (-0.65677) Loss: -0.65677 (-0.65677)
2026-01-31,20:00:29 | INFO | Train Epoch: 17 [14416/24478 (59%)] Data (t): 0.001 Batch (t): 0.129, 125.108/s, 125.108/s/gpu LR: 0.000437 Logit Scale: 85.232 Contrastive_loss: -0.65677 (-0.65677) Loss: -0.65677 (-0.65677)
2026-01-31,20:00:42 | INFO | Train Epoch: 17 [16016/24478 (65%)] Data (t): 0.001 Batch (t): 0.129, 124.353/s, 124.353/s/gpu LR: 0.000434 Logit Scale: 85.232 Contrastive_loss: -0.65677 (-0.65677) Loss: -0.65677 (-0.65677)
2026-01-31,20:00:55 | INFO | Train Epoch: 17 [17616/24478 (72%)] Data (t): 0.001 Batch (t): 0.129, 122.358/s, 122.358/s/gpu LR: 0.000430 Logit Scale: 85.232 Contrastive_loss: -0.65677 (-0.65677) Loss: -0.65677 (-0.65677)
2026-01-31,20:01:08 | INFO | Train Epoch: 17 [19216/24478 (79%)] Data (t): 0.001 Batch (t): 0.132, 120.672/s, 120.672/s/gpu LR: 0.000427 Logit Scale: 85.232 Contrastive_loss: -0.65677 (-0.65677) Loss: -0.65677 (-0.65677)
2026-01-31,20:01:21 | INFO | Train Epoch: 17 [20816/24478 (85%)] Data (t): 0.001 Batch (t): 0.129, 124.964/s, 124.964/s/gpu LR: 0.000424 Logit Scale: 85.232 Contrastive_loss: -0.65677 (-0.65677) Loss: -0.65677 (-0.65677)
2026-01-31,20:01:34 | INFO | Train Epoch: 17 [22416/24478 (92%)] Data (t): 0.001 Batch (t): 0.129, 124.773/s, 124.773/s/gpu LR: 0.000421 Logit Scale: 85.232 Contrastive_loss: -0.65677 (-0.65677) Loss: -0.65677 (-0.65677)
2026-01-31,20:01:47 | INFO | Train Epoch: 17 [24016/24478 (98%)] Data (t): 0.001 Batch (t): 0.129, 124.083/s, 124.083/s/gpu LR: 0.000417 Logit Scale: 85.232 Contrastive_loss: -0.65677 (-0.65677) Loss: -0.65677 (-0.65677)
2026-01-31,20:01:51 | INFO | Train Epoch: 17 [24464/24478 (100%)] Data (t): 0.001 Batch (t): 0.128, 126.106/s, 126.106/s/gpu LR: 0.000417 Logit Scale: 85.232 Contrastive_loss: -0.65677 (-0.65677) Loss: -0.65677 (-0.65677)
2026-01-31,20:01:57 | INFO | Start epoch 18
2026-01-31,20:01:58 | INFO | Train Epoch: 18 [   16/24478 (0%)] Data (t): 0.450 Batch (t): 0.623, 25.6790/s, 25.6790/s/gpu LR: 0.000417 Logit Scale: 85.232 Contrastive_loss: -0.65677 (-0.65677) Loss: -0.65677 (-0.65677)
2026-01-31,20:02:11 | INFO | Train Epoch: 18 [ 1616/24478 (7%)] Data (t): 0.001 Batch (t): 0.132, 125.649/s, 125.649/s/gpu LR: 0.000413 Logit Scale: 85.232 Contrastive_loss: -0.65677 (-0.65677) Loss: -0.65677 (-0.65677)
2026-01-31,20:02:24 | INFO | Train Epoch: 18 [ 3216/24478 (13%)] Data (t): 0.001 Batch (t): 0.129, 120.682/s, 120.682/s/gpu LR: 0.000410 Logit Scale: 85.232 Contrastive_loss: -0.65677 (-0.65677) Loss: -0.65677 (-0.65677)
2026-01-31,20:02:37 | INFO | Train Epoch: 18 [ 4816/24478 (20%)] Data (t): 0.001 Batch (t): 0.129, 125.486/s, 125.486/s/gpu LR: 0.000407 Logit Scale: 85.232 Contrastive_loss: -0.65677 (-0.65677) Loss: -0.65677 (-0.65677)
2026-01-31,20:02:50 | INFO | Train Epoch: 18 [ 6416/24478 (26%)] Data (t): 0.001 Batch (t): 0.129, 124.609/s, 124.609/s/gpu LR: 0.000404 Logit Scale: 85.232 Contrastive_loss: -0.65677 (-0.65677) Loss: -0.65677 (-0.65677)
2026-01-31,20:03:03 | INFO | Train Epoch: 18 [ 8016/24478 (33%)] Data (t): 0.001 Batch (t): 0.129, 124.654/s, 124.654/s/gpu LR: 0.000400 Logit Scale: 85.232 Contrastive_loss: -0.65677 (-0.65677) Loss: -0.65677 (-0.65677)
2026-01-31,20:03:15 | INFO | Train Epoch: 18 [ 9616/24478 (39%)] Data (t): 0.001 Batch (t): 0.129, 117.304/s, 117.304/s/gpu LR: 0.000397 Logit Scale: 85.232 Contrastive_loss: -0.65677 (-0.65677) Loss: -0.65677 (-0.65677)
2026-01-31,20:03:28 | INFO | Train Epoch: 18 [11216/24478 (46%)] Data (t): 0.001 Batch (t): 0.129, 123.690/s, 123.690/s/gpu LR: 0.000394 Logit Scale: 85.232 Contrastive_loss: -0.65677 (-0.65677) Loss: -0.65677 (-0.65677)
2026-01-31,20:03:41 | INFO | Train Epoch: 18 [12816/24478 (52%)] Data (t): 0.001 Batch (t): 0.129, 124.668/s, 124.668/s/gpu LR: 0.000391 Logit Scale: 85.232 Contrastive_loss: -0.65677 (-0.65677) Loss: -0.65677 (-0.65677)
2026-01-31,20:03:54 | INFO | Train Epoch: 18 [14416/24478 (59%)] Data (t): 0.001 Batch (t): 0.129, 124.153/s, 124.153/s/gpu LR: 0.000388 Logit Scale: 85.232 Contrastive_loss: -0.65677 (-0.65677) Loss: -0.65677 (-0.65677)
2026-01-31,20:04:07 | INFO | Train Epoch: 18 [16016/24478 (65%)] Data (t): 0.001 Batch (t): 0.129, 123.099/s, 123.099/s/gpu LR: 0.000384 Logit Scale: 85.232 Contrastive_loss: -0.65677 (-0.65677) Loss: -0.65677 (-0.65677)
2026-01-31,20:04:20 | INFO | Train Epoch: 18 [17616/24478 (72%)] Data (t): 0.001 Batch (t): 0.131, 125.249/s, 125.249/s/gpu LR: 0.000381 Logit Scale: 85.232 Contrastive_loss: -0.65677 (-0.65677) Loss: -0.65677 (-0.65677)
2026-01-31,20:04:33 | INFO | Train Epoch: 18 [19216/24478 (79%)] Data (t): 0.001 Batch (t): 0.132, 122.294/s, 122.294/s/gpu LR: 0.000378 Logit Scale: 85.232 Contrastive_loss: -0.65677 (-0.65677) Loss: -0.65677 (-0.65677)
2026-01-31,20:04:47 | INFO | Train Epoch: 18 [20816/24478 (85%)] Data (t): 0.001 Batch (t): 0.133, 119.803/s, 119.803/s/gpu LR: 0.000375 Logit Scale: 85.232 Contrastive_loss: -0.65677 (-0.65677) Loss: -0.65677 (-0.65677)
2026-01-31,20:05:00 | INFO | Train Epoch: 18 [22416/24478 (92%)] Data (t): 0.001 Batch (t): 0.133, 125.218/s, 125.218/s/gpu LR: 0.000372 Logit Scale: 85.232 Contrastive_loss: -0.65677 (-0.65677) Loss: -0.65677 (-0.65677)
2026-01-31,20:05:13 | INFO | Train Epoch: 18 [24016/24478 (98%)] Data (t): 0.001 Batch (t): 0.129, 119.284/s, 119.284/s/gpu LR: 0.000369 Logit Scale: 85.232 Contrastive_loss: -0.65677 (-0.65677) Loss: -0.65677 (-0.65677)
2026-01-31,20:05:16 | INFO | Train Epoch: 18 [24464/24478 (100%)] Data (t): 0.001 Batch (t): 0.129, 126.225/s, 126.225/s/gpu LR: 0.000368 Logit Scale: 85.232 Contrastive_loss: -0.65677 (-0.65677) Loss: -0.65677 (-0.65677)
2026-01-31,20:05:22 | INFO | Start epoch 19
2026-01-31,20:05:23 | INFO | Train Epoch: 19 [   16/24478 (0%)] Data (t): 0.457 Batch (t): 0.629, 25.4289/s, 25.4289/s/gpu LR: 0.000368 Logit Scale: 85.232 Contrastive_loss: -0.65677 (-0.65677) Loss: -0.65677 (-0.65677)
2026-01-31,20:05:36 | INFO | Train Epoch: 19 [ 1616/24478 (7%)] Data (t): 0.001 Batch (t): 0.133, 120.511/s, 120.511/s/gpu LR: 0.000364 Logit Scale: 85.232 Contrastive_loss: -0.65677 (-0.65677) Loss: -0.65677 (-0.65677)
2026-01-31,20:05:50 | INFO | Train Epoch: 19 [ 3216/24478 (13%)] Data (t): 0.001 Batch (t): 0.133, 123.407/s, 123.407/s/gpu LR: 0.000361 Logit Scale: 85.232 Contrastive_loss: -0.65677 (-0.65677) Loss: -0.65677 (-0.65677)
2026-01-31,20:06:03 | INFO | Train Epoch: 19 [ 4816/24478 (20%)] Data (t): 0.001 Batch (t): 0.129, 125.014/s, 125.014/s/gpu LR: 0.000358 Logit Scale: 85.232 Contrastive_loss: -0.65677 (-0.65677) Loss: -0.65677 (-0.65677)
2026-01-31,20:06:15 | INFO | Train Epoch: 19 [ 6416/24478 (26%)] Data (t): 0.001 Batch (t): 0.129, 122.813/s, 122.813/s/gpu LR: 0.000355 Logit Scale: 85.232 Contrastive_loss: -0.65677 (-0.65677) Loss: -0.65677 (-0.65677)
2026-01-31,20:06:28 | INFO | Train Epoch: 19 [ 8016/24478 (33%)] Data (t): 0.001 Batch (t): 0.129, 124.805/s, 124.805/s/gpu LR: 0.000352 Logit Scale: 85.232 Contrastive_loss: -0.65677 (-0.65677) Loss: -0.65677 (-0.65677)
2026-01-31,20:06:41 | INFO | Train Epoch: 19 [ 9616/24478 (39%)] Data (t): 0.001 Batch (t): 0.129, 124.476/s, 124.476/s/gpu LR: 0.000349 Logit Scale: 85.232 Contrastive_loss: -0.65677 (-0.65677) Loss: -0.65677 (-0.65677)
2026-01-31,20:06:54 | INFO | Train Epoch: 19 [11216/24478 (46%)] Data (t): 0.001 Batch (t): 0.129, 125.193/s, 125.193/s/gpu LR: 0.000346 Logit Scale: 85.232 Contrastive_loss: -0.65677 (-0.65677) Loss: -0.65677 (-0.65677)
2026-01-31,20:07:07 | INFO | Train Epoch: 19 [12816/24478 (52%)] Data (t): 0.001 Batch (t): 0.129, 124.841/s, 124.841/s/gpu LR: 0.000343 Logit Scale: 85.232 Contrastive_loss: -0.65677 (-0.65677) Loss: -0.65677 (-0.65677)
2026-01-31,20:07:20 | INFO | Train Epoch: 19 [14416/24478 (59%)] Data (t): 0.001 Batch (t): 0.129, 125.116/s, 125.116/s/gpu LR: 0.000339 Logit Scale: 85.232 Contrastive_loss: -0.65677 (-0.65677) Loss: -0.65677 (-0.65677)
2026-01-31,20:07:33 | INFO | Train Epoch: 19 [16016/24478 (65%)] Data (t): 0.001 Batch (t): 0.129, 124.678/s, 124.678/s/gpu LR: 0.000336 Logit Scale: 85.232 Contrastive_loss: -0.65677 (-0.65677) Loss: -0.65677 (-0.65677)
2026-01-31,20:07:46 | INFO | Train Epoch: 19 [17616/24478 (72%)] Data (t): 0.001 Batch (t): 0.129, 124.363/s, 124.363/s/gpu LR: 0.000333 Logit Scale: 85.232 Contrastive_loss: -0.65677 (-0.65677) Loss: -0.65677 (-0.65677)
2026-01-31,20:07:59 | INFO | Train Epoch: 19 [19216/24478 (79%)] Data (t): 0.001 Batch (t): 0.129, 124.692/s, 124.692/s/gpu LR: 0.000330 Logit Scale: 85.232 Contrastive_loss: -0.65677 (-0.65677) Loss: -0.65677 (-0.65677)
2026-01-31,20:08:12 | INFO | Train Epoch: 19 [20816/24478 (85%)] Data (t): 0.001 Batch (t): 0.130, 124.228/s, 124.228/s/gpu LR: 0.000327 Logit Scale: 85.232 Contrastive_loss: -0.65677 (-0.65677) Loss: -0.65677 (-0.65677)
2026-01-31,20:08:25 | INFO | Train Epoch: 19 [22416/24478 (92%)] Data (t): 0.001 Batch (t): 0.129, 124.021/s, 124.021/s/gpu LR: 0.000324 Logit Scale: 85.232 Contrastive_loss: -0.65677 (-0.65677) Loss: -0.65677 (-0.65677)
2026-01-31,20:08:38 | INFO | Train Epoch: 19 [24016/24478 (98%)] Data (t): 0.001 Batch (t): 0.130, 124.672/s, 124.672/s/gpu LR: 0.000321 Logit Scale: 85.232 Contrastive_loss: -0.65677 (-0.65677) Loss: -0.65677 (-0.65677)
2026-01-31,20:08:41 | INFO | Train Epoch: 19 [24464/24478 (100%)] Data (t): 0.001 Batch (t): 0.129, 126.148/s, 126.148/s/gpu LR: 0.000320 Logit Scale: 85.232 Contrastive_loss: -0.65677 (-0.65677) Loss: -0.65677 (-0.65677)
2026-01-31,20:08:48 | INFO | Start epoch 20
2026-01-31,20:08:48 | INFO | Train Epoch: 20 [   16/24478 (0%)] Data (t): 0.415 Batch (t): 0.571, 28.0186/s, 28.0186/s/gpu LR: 0.000320 Logit Scale: 85.232 Contrastive_loss: -0.65677 (-0.65677) Loss: -0.65677 (-0.65677)
2026-01-31,20:09:02 | INFO | Train Epoch: 20 [ 1616/24478 (7%)] Data (t): 0.001 Batch (t): 0.134, 120.552/s, 120.552/s/gpu LR: 0.000317 Logit Scale: 85.232 Contrastive_loss: -0.65677 (-0.65677) Loss: -0.65677 (-0.65677)
2026-01-31,20:09:15 | INFO | Train Epoch: 20 [ 3216/24478 (13%)] Data (t): 0.001 Batch (t): 0.131, 120.975/s, 120.975/s/gpu LR: 0.000314 Logit Scale: 85.232 Contrastive_loss: -0.65677 (-0.65677) Loss: -0.65677 (-0.65677)
2026-01-31,20:09:28 | INFO | Train Epoch: 20 [ 4816/24478 (20%)] Data (t): 0.001 Batch (t): 0.129, 124.644/s, 124.644/s/gpu LR: 0.000311 Logit Scale: 85.232 Contrastive_loss: -0.65677 (-0.65677) Loss: -0.65677 (-0.65677)
2026-01-31,20:09:41 | INFO | Train Epoch: 20 [ 6416/24478 (26%)] Data (t): 0.001 Batch (t): 0.129, 124.436/s, 124.436/s/gpu LR: 0.000308 Logit Scale: 85.232 Contrastive_loss: -0.65677 (-0.65677) Loss: -0.65677 (-0.65677)
2026-01-31,20:09:54 | INFO | Train Epoch: 20 [ 8016/24478 (33%)] Data (t): 0.001 Batch (t): 0.130, 124.860/s, 124.860/s/gpu LR: 0.000305 Logit Scale: 85.232 Contrastive_loss: -0.65677 (-0.65677) Loss: -0.65677 (-0.65677)
2026-01-31,20:10:07 | INFO | Train Epoch: 20 [ 9616/24478 (39%)] Data (t): 0.001 Batch (t): 0.129, 124.315/s, 124.315/s/gpu LR: 0.000302 Logit Scale: 85.232 Contrastive_loss: -0.65677 (-0.65677) Loss: -0.65677 (-0.65677)
2026-01-31,20:10:20 | INFO | Train Epoch: 20 [11216/24478 (46%)] Data (t): 0.001 Batch (t): 0.129, 123.767/s, 123.767/s/gpu LR: 0.000299 Logit Scale: 85.232 Contrastive_loss: -0.65677 (-0.65677) Loss: -0.65677 (-0.65677)
2026-01-31,20:10:32 | INFO | Train Epoch: 20 [12816/24478 (52%)] Data (t): 0.001 Batch (t): 0.129, 124.339/s, 124.339/s/gpu LR: 0.000296 Logit Scale: 85.232 Contrastive_loss: -0.65677 (-0.65677) Loss: -0.65677 (-0.65677)
2026-01-31,20:10:45 | INFO | Train Epoch: 20 [14416/24478 (59%)] Data (t): 0.001 Batch (t): 0.129, 124.672/s, 124.672/s/gpu LR: 0.000293 Logit Scale: 85.232 Contrastive_loss: -0.65677 (-0.65677) Loss: -0.65677 (-0.65677)
2026-01-31,20:10:58 | INFO | Train Epoch: 20 [16016/24478 (65%)] Data (t): 0.001 Batch (t): 0.129, 124.787/s, 124.787/s/gpu LR: 0.000290 Logit Scale: 85.232 Contrastive_loss: -0.65677 (-0.65677) Loss: -0.65677 (-0.65677)
2026-01-31,20:11:11 | INFO | Train Epoch: 20 [17616/24478 (72%)] Data (t): 0.001 Batch (t): 0.129, 124.615/s, 124.615/s/gpu LR: 0.000287 Logit Scale: 85.232 Contrastive_loss: -0.65677 (-0.65677) Loss: -0.65677 (-0.65677)
2026-01-31,20:11:24 | INFO | Train Epoch: 20 [19216/24478 (79%)] Data (t): 0.001 Batch (t): 0.129, 125.042/s, 125.042/s/gpu LR: 0.000284 Logit Scale: 85.232 Contrastive_loss: -0.65677 (-0.65677) Loss: -0.65677 (-0.65677)
2026-01-31,20:11:37 | INFO | Train Epoch: 20 [20816/24478 (85%)] Data (t): 0.001 Batch (t): 0.129, 120.579/s, 120.579/s/gpu LR: 0.000281 Logit Scale: 85.232 Contrastive_loss: -0.65677 (-0.65677) Loss: -0.65677 (-0.65677)
2026-01-31,20:11:50 | INFO | Train Epoch: 20 [22416/24478 (92%)] Data (t): 0.001 Batch (t): 0.129, 124.887/s, 124.887/s/gpu LR: 0.000278 Logit Scale: 85.232 Contrastive_loss: -0.65677 (-0.65677) Loss: -0.65677 (-0.65677)
2026-01-31,20:12:03 | INFO | Train Epoch: 20 [24016/24478 (98%)] Data (t): 0.001 Batch (t): 0.129, 125.367/s, 125.367/s/gpu LR: 0.000275 Logit Scale: 85.232 Contrastive_loss: -0.65677 (-0.65677) Loss: -0.65677 (-0.65677)
2026-01-31,20:12:06 | INFO | Train Epoch: 20 [24464/24478 (100%)] Data (t): 0.001 Batch (t): 0.128, 126.546/s, 126.546/s/gpu LR: 0.000274 Logit Scale: 85.232 Contrastive_loss: -0.65677 (-0.65677) Loss: -0.65677 (-0.65677)
2026-01-31,20:12:12 | INFO | Start epoch 21
2026-01-31,20:12:13 | INFO | Train Epoch: 21 [   16/24478 (0%)] Data (t): 0.457 Batch (t): 0.602, 26.5602/s, 26.5602/s/gpu LR: 0.000274 Logit Scale: 85.232 Contrastive_loss: -0.65677 (-0.65677) Loss: -0.65677 (-0.65677)
2026-01-31,20:12:26 | INFO | Train Epoch: 21 [ 1616/24478 (7%)] Data (t): 0.001 Batch (t): 0.132, 122.106/s, 122.106/s/gpu LR: 0.000271 Logit Scale: 85.232 Contrastive_loss: -0.65677 (-0.65677) Loss: -0.65677 (-0.65677)
2026-01-31,20:12:39 | INFO | Train Epoch: 21 [ 3216/24478 (13%)] Data (t): 0.001 Batch (t): 0.130, 124.548/s, 124.548/s/gpu LR: 0.000268 Logit Scale: 85.232 Contrastive_loss: -0.65677 (-0.65677) Loss: -0.65677 (-0.65677)
2026-01-31,20:12:52 | INFO | Train Epoch: 21 [ 4816/24478 (20%)] Data (t): 0.001 Batch (t): 0.129, 125.582/s, 125.582/s/gpu LR: 0.000266 Logit Scale: 85.232 Contrastive_loss: -0.65677 (-0.65677) Loss: -0.65677 (-0.65677)
2026-01-31,20:13:05 | INFO | Train Epoch: 21 [ 6416/24478 (26%)] Data (t): 0.001 Batch (t): 0.129, 120.366/s, 120.366/s/gpu LR: 0.000263 Logit Scale: 85.232 Contrastive_loss: -0.65677 (-0.65677) Loss: -0.65677 (-0.65677)
2026-01-31,20:13:18 | INFO | Train Epoch: 21 [ 8016/24478 (33%)] Data (t): 0.001 Batch (t): 0.132, 123.206/s, 123.206/s/gpu LR: 0.000260 Logit Scale: 85.232 Contrastive_loss: -0.65677 (-0.65677) Loss: -0.65677 (-0.65677)
2026-01-31,20:13:31 | INFO | Train Epoch: 21 [ 9616/24478 (39%)] Data (t): 0.001 Batch (t): 0.130, 124.667/s, 124.667/s/gpu LR: 0.000257 Logit Scale: 85.232 Contrastive_loss: -0.65677 (-0.65677) Loss: -0.65677 (-0.65677)
2026-01-31,20:13:44 | INFO | Train Epoch: 21 [11216/24478 (46%)] Data (t): 0.001 Batch (t): 0.130, 124.980/s, 124.980/s/gpu LR: 0.000254 Logit Scale: 85.232 Contrastive_loss: -0.65677 (-0.65677) Loss: -0.65677 (-0.65677)
2026-01-31,20:13:57 | INFO | Train Epoch: 21 [12816/24478 (52%)] Data (t): 0.001 Batch (t): 0.130, 119.566/s, 119.566/s/gpu LR: 0.000251 Logit Scale: 85.232 Contrastive_loss: -0.65677 (-0.65677) Loss: -0.65677 (-0.65677)
2026-01-31,20:14:11 | INFO | Train Epoch: 21 [14416/24478 (59%)] Data (t): 0.001 Batch (t): 0.134, 119.524/s, 119.524/s/gpu LR: 0.000248 Logit Scale: 85.232 Contrastive_loss: -0.65677 (-0.65677) Loss: -0.65677 (-0.65677)
2026-01-31,20:14:24 | INFO | Train Epoch: 21 [16016/24478 (65%)] Data (t): 0.001 Batch (t): 0.135, 116.618/s, 116.618/s/gpu LR: 0.000246 Logit Scale: 85.232 Contrastive_loss: -0.65677 (-0.65677) Loss: -0.65677 (-0.65677)
2026-01-31,20:14:38 | INFO | Train Epoch: 21 [17616/24478 (72%)] Data (t): 0.001 Batch (t): 0.134, 119.317/s, 119.317/s/gpu LR: 0.000243 Logit Scale: 85.232 Contrastive_loss: -0.65677 (-0.65677) Loss: -0.65677 (-0.65677)
2026-01-31,20:14:51 | INFO | Train Epoch: 21 [19216/24478 (79%)] Data (t): 0.001 Batch (t): 0.133, 119.839/s, 119.839/s/gpu LR: 0.000240 Logit Scale: 85.232 Contrastive_loss: -0.65677 (-0.65677) Loss: -0.65677 (-0.65677)
2026-01-31,20:15:04 | INFO | Train Epoch: 21 [20816/24478 (85%)] Data (t): 0.001 Batch (t): 0.129, 124.885/s, 124.885/s/gpu LR: 0.000237 Logit Scale: 85.232 Contrastive_loss: -0.65677 (-0.65677) Loss: -0.65677 (-0.65677)
2026-01-31,20:15:17 | INFO | Train Epoch: 21 [22416/24478 (92%)] Data (t): 0.001 Batch (t): 0.132, 122.043/s, 122.043/s/gpu LR: 0.000234 Logit Scale: 85.232 Contrastive_loss: -0.65677 (-0.65677) Loss: -0.65677 (-0.65677)
2026-01-31,20:15:30 | INFO | Train Epoch: 21 [24016/24478 (98%)] Data (t): 0.001 Batch (t): 0.133, 121.276/s, 121.276/s/gpu LR: 0.000232 Logit Scale: 85.232 Contrastive_loss: -0.65677 (-0.65677) Loss: -0.65677 (-0.65677)
2026-01-31,20:15:34 | INFO | Train Epoch: 21 [24464/24478 (100%)] Data (t): 0.001 Batch (t): 0.132, 124.105/s, 124.105/s/gpu LR: 0.000231 Logit Scale: 85.232 Contrastive_loss: -0.65677 (-0.65677) Loss: -0.65677 (-0.65677)
2026-01-31,20:15:41 | INFO | Start epoch 22
2026-01-31,20:15:42 | INFO | Train Epoch: 22 [   16/24478 (0%)] Data (t): 0.393 Batch (t): 0.534, 29.9382/s, 29.9382/s/gpu LR: 0.000231 Logit Scale: 85.232 Contrastive_loss: -0.65677 (-0.65677) Loss: -0.65677 (-0.65677)
2026-01-31,20:15:55 | INFO | Train Epoch: 22 [ 1616/24478 (7%)] Data (t): 0.001 Batch (t): 0.132, 120.376/s, 120.376/s/gpu LR: 0.000228 Logit Scale: 85.232 Contrastive_loss: -0.65677 (-0.65677) Loss: -0.65677 (-0.65677)
2026-01-31,20:16:08 | INFO | Train Epoch: 22 [ 3216/24478 (13%)] Data (t): 0.001 Batch (t): 0.130, 125.141/s, 125.141/s/gpu LR: 0.000225 Logit Scale: 85.232 Contrastive_loss: -0.65677 (-0.65677) Loss: -0.65677 (-0.65677)
2026-01-31,20:16:21 | INFO | Train Epoch: 22 [ 4816/24478 (20%)] Data (t): 0.001 Batch (t): 0.129, 124.616/s, 124.616/s/gpu LR: 0.000223 Logit Scale: 85.232 Contrastive_loss: -0.65677 (-0.65677) Loss: -0.65677 (-0.65677)
2026-01-31,20:16:34 | INFO | Train Epoch: 22 [ 6416/24478 (26%)] Data (t): 0.001 Batch (t): 0.129, 124.707/s, 124.707/s/gpu LR: 0.000220 Logit Scale: 85.232 Contrastive_loss: -0.65677 (-0.65677) Loss: -0.65677 (-0.65677)
2026-01-31,20:16:46 | INFO | Train Epoch: 22 [ 8016/24478 (33%)] Data (t): 0.001 Batch (t): 0.129, 123.254/s, 123.254/s/gpu LR: 0.000217 Logit Scale: 85.232 Contrastive_loss: -0.65677 (-0.65677) Loss: -0.65677 (-0.65677)
2026-01-31,20:16:59 | INFO | Train Epoch: 22 [ 9616/24478 (39%)] Data (t): 0.001 Batch (t): 0.128, 125.231/s, 125.231/s/gpu LR: 0.000214 Logit Scale: 85.232 Contrastive_loss: -0.65677 (-0.65677) Loss: -0.65677 (-0.65677)
2026-01-31,20:17:12 | INFO | Train Epoch: 22 [11216/24478 (46%)] Data (t): 0.001 Batch (t): 0.130, 119.924/s, 119.924/s/gpu LR: 0.000212 Logit Scale: 85.232 Contrastive_loss: -0.65677 (-0.65677) Loss: -0.65677 (-0.65677)
2026-01-31,20:17:26 | INFO | Train Epoch: 22 [12816/24478 (52%)] Data (t): 0.001 Batch (t): 0.133, 122.417/s, 122.417/s/gpu LR: 0.000209 Logit Scale: 85.232 Contrastive_loss: -0.65677 (-0.65677) Loss: -0.65677 (-0.65677)
2026-01-31,20:17:39 | INFO | Train Epoch: 22 [14416/24478 (59%)] Data (t): 0.001 Batch (t): 0.133, 121.768/s, 121.768/s/gpu LR: 0.000206 Logit Scale: 85.232 Contrastive_loss: -0.65677 (-0.65677) Loss: -0.65677 (-0.65677)
2026-01-31,20:17:52 | INFO | Train Epoch: 22 [16016/24478 (65%)] Data (t): 0.001 Batch (t): 0.133, 119.513/s, 119.513/s/gpu LR: 0.000204 Logit Scale: 85.232 Contrastive_loss: -0.65677 (-0.65677) Loss: -0.65677 (-0.65677)
2026-01-31,20:18:05 | INFO | Train Epoch: 22 [17616/24478 (72%)] Data (t): 0.001 Batch (t): 0.133, 120.129/s, 120.129/s/gpu LR: 0.000201 Logit Scale: 85.232 Contrastive_loss: -0.65677 (-0.65677) Loss: -0.65677 (-0.65677)
2026-01-31,20:18:19 | INFO | Train Epoch: 22 [19216/24478 (79%)] Data (t): 0.001 Batch (t): 0.133, 121.138/s, 121.138/s/gpu LR: 0.000199 Logit Scale: 85.232 Contrastive_loss: -0.65677 (-0.65677) Loss: -0.65677 (-0.65677)
2026-01-31,20:18:32 | INFO | Train Epoch: 22 [20816/24478 (85%)] Data (t): 0.001 Batch (t): 0.135, 120.474/s, 120.474/s/gpu LR: 0.000196 Logit Scale: 85.232 Contrastive_loss: -0.65677 (-0.65677) Loss: -0.65677 (-0.65677)
2026-01-31,20:18:45 | INFO | Train Epoch: 22 [22416/24478 (92%)] Data (t): 0.001 Batch (t): 0.133, 119.972/s, 119.972/s/gpu LR: 0.000193 Logit Scale: 85.232 Contrastive_loss: -0.65677 (-0.65677) Loss: -0.65677 (-0.65677)
2026-01-31,20:18:58 | INFO | Train Epoch: 22 [24016/24478 (98%)] Data (t): 0.001 Batch (t): 0.129, 124.851/s, 124.851/s/gpu LR: 0.000191 Logit Scale: 85.232 Contrastive_loss: -0.65677 (-0.65677) Loss: -0.65677 (-0.65677)
2026-01-31,20:19:02 | INFO | Train Epoch: 22 [24464/24478 (100%)] Data (t): 0.001 Batch (t): 0.128, 126.314/s, 126.314/s/gpu LR: 0.000190 Logit Scale: 85.232 Contrastive_loss: -0.65677 (-0.65677) Loss: -0.65677 (-0.65677)
2026-01-31,20:19:09 | INFO | Start epoch 23
2026-01-31,20:19:10 | INFO | Train Epoch: 23 [   16/24478 (0%)] Data (t): 0.524 Batch (t): 0.693, 23.0996/s, 23.0996/s/gpu LR: 0.000190 Logit Scale: 85.232 Contrastive_loss: -0.65677 (-0.65677) Loss: -0.65677 (-0.65677)
2026-01-31,20:19:23 | INFO | Train Epoch: 23 [ 1616/24478 (7%)] Data (t): 0.001 Batch (t): 0.129, 124.108/s, 124.108/s/gpu LR: 0.000187 Logit Scale: 85.232 Contrastive_loss: -0.65677 (-0.65677) Loss: -0.65677 (-0.65677)
2026-01-31,20:19:36 | INFO | Train Epoch: 23 [ 3216/24478 (13%)] Data (t): 0.001 Batch (t): 0.129, 126.151/s, 126.151/s/gpu LR: 0.000185 Logit Scale: 85.232 Contrastive_loss: -0.65677 (-0.65677) Loss: -0.65677 (-0.65677)
2026-01-31,20:19:48 | INFO | Train Epoch: 23 [ 4816/24478 (20%)] Data (t): 0.001 Batch (t): 0.128, 125.781/s, 125.781/s/gpu LR: 0.000182 Logit Scale: 85.232 Contrastive_loss: -0.65677 (-0.65677) Loss: -0.65677 (-0.65677)
2026-01-31,20:20:01 | INFO | Train Epoch: 23 [ 6416/24478 (26%)] Data (t): 0.001 Batch (t): 0.127, 126.047/s, 126.047/s/gpu LR: 0.000180 Logit Scale: 85.232 Contrastive_loss: -0.65677 (-0.65677) Loss: -0.65677 (-0.65677)
2026-01-31,20:20:14 | INFO | Train Epoch: 23 [ 8016/24478 (33%)] Data (t): 0.001 Batch (t): 0.127, 125.278/s, 125.278/s/gpu LR: 0.000177 Logit Scale: 85.232 Contrastive_loss: -0.65677 (-0.65677) Loss: -0.65677 (-0.65677)
2026-01-31,20:20:27 | INFO | Train Epoch: 23 [ 9616/24478 (39%)] Data (t): 0.001 Batch (t): 0.127, 126.880/s, 126.880/s/gpu LR: 0.000175 Logit Scale: 85.232 Contrastive_loss: -0.65677 (-0.65677) Loss: -0.65677 (-0.65677)
2026-01-31,20:20:39 | INFO | Train Epoch: 23 [11216/24478 (46%)] Data (t): 0.001 Batch (t): 0.127, 123.282/s, 123.282/s/gpu LR: 0.000172 Logit Scale: 85.232 Contrastive_loss: -0.65677 (-0.65677) Loss: -0.65677 (-0.65677)
2026-01-31,20:20:52 | INFO | Train Epoch: 23 [12816/24478 (52%)] Data (t): 0.001 Batch (t): 0.127, 122.815/s, 122.815/s/gpu LR: 0.000170 Logit Scale: 85.232 Contrastive_loss: -0.65677 (-0.65677) Loss: -0.65677 (-0.65677)
2026-01-31,20:21:05 | INFO | Train Epoch: 23 [14416/24478 (59%)] Data (t): 0.001 Batch (t): 0.127, 126.789/s, 126.789/s/gpu LR: 0.000167 Logit Scale: 85.232 Contrastive_loss: -0.65677 (-0.65677) Loss: -0.65677 (-0.65677)
2026-01-31,20:21:17 | INFO | Train Epoch: 23 [16016/24478 (65%)] Data (t): 0.001 Batch (t): 0.127, 126.745/s, 126.745/s/gpu LR: 0.000165 Logit Scale: 85.232 Contrastive_loss: -0.65677 (-0.65677) Loss: -0.65677 (-0.65677)
2026-01-31,20:21:30 | INFO | Train Epoch: 23 [17616/24478 (72%)] Data (t): 0.001 Batch (t): 0.127, 124.744/s, 124.744/s/gpu LR: 0.000163 Logit Scale: 85.232 Contrastive_loss: -0.65677 (-0.65677) Loss: -0.65677 (-0.65677)
2026-01-31,20:21:43 | INFO | Train Epoch: 23 [19216/24478 (79%)] Data (t): 0.001 Batch (t): 0.127, 126.419/s, 126.419/s/gpu LR: 0.000160 Logit Scale: 85.232 Contrastive_loss: -0.65677 (-0.65677) Loss: -0.65677 (-0.65677)
2026-01-31,20:21:56 | INFO | Train Epoch: 23 [20816/24478 (85%)] Data (t): 0.001 Batch (t): 0.127, 125.714/s, 125.714/s/gpu LR: 0.000158 Logit Scale: 85.232 Contrastive_loss: -0.65677 (-0.65677) Loss: -0.65677 (-0.65677)
2026-01-31,20:22:08 | INFO | Train Epoch: 23 [22416/24478 (92%)] Data (t): 0.001 Batch (t): 0.127, 125.460/s, 125.460/s/gpu LR: 0.000155 Logit Scale: 85.232 Contrastive_loss: -0.65677 (-0.65677) Loss: -0.65677 (-0.65677)
2026-01-31,20:22:21 | INFO | Train Epoch: 23 [24016/24478 (98%)] Data (t): 0.001 Batch (t): 0.127, 125.846/s, 125.846/s/gpu LR: 0.000153 Logit Scale: 85.232 Contrastive_loss: -0.65677 (-0.65677) Loss: -0.65677 (-0.65677)
2026-01-31,20:22:25 | INFO | Train Epoch: 23 [24464/24478 (100%)] Data (t): 0.001 Batch (t): 0.127, 127.170/s, 127.170/s/gpu LR: 0.000152 Logit Scale: 85.232 Contrastive_loss: -0.65677 (-0.65677) Loss: -0.65677 (-0.65677)
2026-01-31,20:22:31 | INFO | Start epoch 24
2026-01-31,20:22:32 | INFO | Train Epoch: 24 [   16/24478 (0%)] Data (t): 0.426 Batch (t): 0.542, 29.5215/s, 29.5215/s/gpu LR: 0.000152 Logit Scale: 85.232 Contrastive_loss: -0.65677 (-0.65677) Loss: -0.65677 (-0.65677)
2026-01-31,20:22:45 | INFO | Train Epoch: 24 [ 1616/24478 (7%)] Data (t): 0.001 Batch (t): 0.129, 125.846/s, 125.846/s/gpu LR: 0.000150 Logit Scale: 85.232 Contrastive_loss: -0.65677 (-0.65677) Loss: -0.65677 (-0.65677)
2026-01-31,20:22:58 | INFO | Train Epoch: 24 [ 3216/24478 (13%)] Data (t): 0.001 Batch (t): 0.128, 122.198/s, 122.198/s/gpu LR: 0.000148 Logit Scale: 85.232 Contrastive_loss: -0.65677 (-0.65677) Loss: -0.65677 (-0.65677)
2026-01-31,20:23:11 | INFO | Train Epoch: 24 [ 4816/24478 (20%)] Data (t): 0.001 Batch (t): 0.132, 123.574/s, 123.574/s/gpu LR: 0.000145 Logit Scale: 85.232 Contrastive_loss: -0.65677 (-0.65677) Loss: -0.65677 (-0.65677)
2026-01-31,20:23:24 | INFO | Train Epoch: 24 [ 6416/24478 (26%)] Data (t): 0.001 Batch (t): 0.129, 118.557/s, 118.557/s/gpu LR: 0.000143 Logit Scale: 85.232 Contrastive_loss: -0.65677 (-0.65677) Loss: -0.65677 (-0.65677)
2026-01-31,20:23:37 | INFO | Train Epoch: 24 [ 8016/24478 (33%)] Data (t): 0.001 Batch (t): 0.129, 124.662/s, 124.662/s/gpu LR: 0.000141 Logit Scale: 85.232 Contrastive_loss: -0.65677 (-0.65677) Loss: -0.65677 (-0.65677)
2026-01-31,20:23:49 | INFO | Train Epoch: 24 [ 9616/24478 (39%)] Data (t): 0.001 Batch (t): 0.129, 124.250/s, 124.250/s/gpu LR: 0.000138 Logit Scale: 85.232 Contrastive_loss: -0.65677 (-0.65677) Loss: -0.65677 (-0.65677)
2026-01-31,20:24:02 | INFO | Train Epoch: 24 [11216/24478 (46%)] Data (t): 0.001 Batch (t): 0.129, 124.014/s, 124.014/s/gpu LR: 0.000136 Logit Scale: 85.232 Contrastive_loss: -0.65677 (-0.65677) Loss: -0.65677 (-0.65677)
2026-01-31,20:24:15 | INFO | Train Epoch: 24 [12816/24478 (52%)] Data (t): 0.001 Batch (t): 0.129, 122.504/s, 122.504/s/gpu LR: 0.000134 Logit Scale: 85.232 Contrastive_loss: -0.65677 (-0.65677) Loss: -0.65677 (-0.65677)
2026-01-31,20:24:28 | INFO | Train Epoch: 24 [14416/24478 (59%)] Data (t): 0.001 Batch (t): 0.132, 123.786/s, 123.786/s/gpu LR: 0.000132 Logit Scale: 85.232 Contrastive_loss: -0.65677 (-0.65677) Loss: -0.65677 (-0.65677)
2026-01-31,20:24:42 | INFO | Train Epoch: 24 [16016/24478 (65%)] Data (t): 0.001 Batch (t): 0.134, 125.287/s, 125.287/s/gpu LR: 0.000129 Logit Scale: 85.232 Contrastive_loss: -0.65677 (-0.65677) Loss: -0.65677 (-0.65677)
2026-01-31,20:24:55 | INFO | Train Epoch: 24 [17616/24478 (72%)] Data (t): 0.001 Batch (t): 0.129, 124.793/s, 124.793/s/gpu LR: 0.000127 Logit Scale: 85.232 Contrastive_loss: -0.65677 (-0.65677) Loss: -0.65677 (-0.65677)
2026-01-31,20:25:08 | INFO | Train Epoch: 24 [19216/24478 (79%)] Data (t): 0.001 Batch (t): 0.131, 121.505/s, 121.505/s/gpu LR: 0.000125 Logit Scale: 85.232 Contrastive_loss: -0.65677 (-0.65677) Loss: -0.65677 (-0.65677)
2026-01-31,20:25:21 | INFO | Train Epoch: 24 [20816/24478 (85%)] Data (t): 0.001 Batch (t): 0.133, 113.972/s, 113.972/s/gpu LR: 0.000123 Logit Scale: 85.232 Contrastive_loss: -0.65677 (-0.65677) Loss: -0.65677 (-0.65677)
2026-01-31,20:25:35 | INFO | Train Epoch: 24 [22416/24478 (92%)] Data (t): 0.001 Batch (t): 0.133, 121.770/s, 121.770/s/gpu LR: 0.000121 Logit Scale: 85.232 Contrastive_loss: -0.65677 (-0.65677) Loss: -0.65677 (-0.65677)
2026-01-31,20:25:48 | INFO | Train Epoch: 24 [24016/24478 (98%)] Data (t): 0.001 Batch (t): 0.133, 121.674/s, 121.674/s/gpu LR: 0.000119 Logit Scale: 85.232 Contrastive_loss: -0.65677 (-0.65677) Loss: -0.65677 (-0.65677)
2026-01-31,20:25:52 | INFO | Train Epoch: 24 [24464/24478 (100%)] Data (t): 0.001 Batch (t): 0.132, 126.176/s, 126.176/s/gpu LR: 0.000118 Logit Scale: 85.232 Contrastive_loss: -0.65677 (-0.65677) Loss: -0.65677 (-0.65677)
2026-01-31,20:25:58 | INFO | Start epoch 25
2026-01-31,20:25:59 | INFO | Train Epoch: 25 [   16/24478 (0%)] Data (t): 0.402 Batch (t): 0.538, 29.7199/s, 29.7199/s/gpu LR: 0.000118 Logit Scale: 85.232 Contrastive_loss: -0.65677 (-0.65677) Loss: -0.65677 (-0.65677)
2026-01-31,20:26:12 | INFO | Train Epoch: 25 [ 1616/24478 (7%)] Data (t): 0.001 Batch (t): 0.131, 125.555/s, 125.555/s/gpu LR: 0.000116 Logit Scale: 85.232 Contrastive_loss: -0.65677 (-0.65677) Loss: -0.65677 (-0.65677)
2026-01-31,20:26:25 | INFO | Train Epoch: 25 [ 3216/24478 (13%)] Data (t): 0.001 Batch (t): 0.129, 124.514/s, 124.514/s/gpu LR: 0.000114 Logit Scale: 85.232 Contrastive_loss: -0.65677 (-0.65677) Loss: -0.65677 (-0.65677)
2026-01-31,20:26:38 | INFO | Train Epoch: 25 [ 4816/24478 (20%)] Data (t): 0.001 Batch (t): 0.129, 122.929/s, 122.929/s/gpu LR: 0.000112 Logit Scale: 85.232 Contrastive_loss: -0.65677 (-0.65677) Loss: -0.65677 (-0.65677)
2026-01-31,20:26:51 | INFO | Train Epoch: 25 [ 6416/24478 (26%)] Data (t): 0.001 Batch (t): 0.129, 125.496/s, 125.496/s/gpu LR: 0.000110 Logit Scale: 85.232 Contrastive_loss: -0.65677 (-0.65677) Loss: -0.65677 (-0.65677)
2026-01-31,20:27:04 | INFO | Train Epoch: 25 [ 8016/24478 (33%)] Data (t): 0.001 Batch (t): 0.129, 124.605/s, 124.605/s/gpu LR: 0.000108 Logit Scale: 85.232 Contrastive_loss: -0.65677 (-0.65677) Loss: -0.65677 (-0.65677)
2026-01-31,20:27:16 | INFO | Train Epoch: 25 [ 9616/24478 (39%)] Data (t): 0.001 Batch (t): 0.129, 121.208/s, 121.208/s/gpu LR: 0.000106 Logit Scale: 85.232 Contrastive_loss: -0.65677 (-0.65677) Loss: -0.65677 (-0.65677)
2026-01-31,20:27:29 | INFO | Train Epoch: 25 [11216/24478 (46%)] Data (t): 0.001 Batch (t): 0.129, 124.920/s, 124.920/s/gpu LR: 0.000104 Logit Scale: 85.232 Contrastive_loss: -0.65677 (-0.65677) Loss: -0.65677 (-0.65677)
2026-01-31,20:27:42 | INFO | Train Epoch: 25 [12816/24478 (52%)] Data (t): 0.001 Batch (t): 0.129, 124.681/s, 124.681/s/gpu LR: 0.000102 Logit Scale: 85.232 Contrastive_loss: -0.65677 (-0.65677) Loss: -0.65677 (-0.65677)
2026-01-31,20:27:55 | INFO | Train Epoch: 25 [14416/24478 (59%)] Data (t): 0.001 Batch (t): 0.129, 124.729/s, 124.729/s/gpu LR: 0.000100 Logit Scale: 85.232 Contrastive_loss: -0.65677 (-0.65677) Loss: -0.65677 (-0.65677)
2026-01-31,20:28:08 | INFO | Train Epoch: 25 [16016/24478 (65%)] Data (t): 0.001 Batch (t): 0.129, 124.142/s, 124.142/s/gpu LR: 0.000098 Logit Scale: 85.232 Contrastive_loss: -0.65677 (-0.65677) Loss: -0.65677 (-0.65677)
2026-01-31,20:28:21 | INFO | Train Epoch: 25 [17616/24478 (72%)] Data (t): 0.001 Batch (t): 0.129, 123.525/s, 123.525/s/gpu LR: 0.000096 Logit Scale: 85.232 Contrastive_loss: -0.65677 (-0.65677) Loss: -0.65677 (-0.65677)
2026-01-31,20:28:34 | INFO | Train Epoch: 25 [19216/24478 (79%)] Data (t): 0.001 Batch (t): 0.129, 124.932/s, 124.932/s/gpu LR: 0.000094 Logit Scale: 85.232 Contrastive_loss: -0.65677 (-0.65677) Loss: -0.65677 (-0.65677)
2026-01-31,20:28:47 | INFO | Train Epoch: 25 [20816/24478 (85%)] Data (t): 0.001 Batch (t): 0.129, 124.305/s, 124.305/s/gpu LR: 0.000092 Logit Scale: 85.232 Contrastive_loss: -0.65677 (-0.65677) Loss: -0.65677 (-0.65677)
2026-01-31,20:29:00 | INFO | Train Epoch: 25 [22416/24478 (92%)] Data (t): 0.001 Batch (t): 0.129, 122.785/s, 122.785/s/gpu LR: 0.000090 Logit Scale: 85.232 Contrastive_loss: -0.65677 (-0.65677) Loss: -0.65677 (-0.65677)
2026-01-31,20:29:13 | INFO | Train Epoch: 25 [24016/24478 (98%)] Data (t): 0.001 Batch (t): 0.129, 124.691/s, 124.691/s/gpu LR: 0.000088 Logit Scale: 85.232 Contrastive_loss: -0.65677 (-0.65677) Loss: -0.65677 (-0.65677)
2026-01-31,20:29:16 | INFO | Train Epoch: 25 [24464/24478 (100%)] Data (t): 0.001 Batch (t): 0.129, 126.469/s, 126.469/s/gpu LR: 0.000088 Logit Scale: 85.232 Contrastive_loss: -0.65677 (-0.65677) Loss: -0.65677 (-0.65677)
2026-01-31,20:29:23 | INFO | Start epoch 26
2026-01-31,20:29:24 | INFO | Train Epoch: 26 [   16/24478 (0%)] Data (t): 0.501 Batch (t): 0.675, 23.6891/s, 23.6891/s/gpu LR: 0.000088 Logit Scale: 85.232 Contrastive_loss: -0.65677 (-0.65677) Loss: -0.65677 (-0.65677)
2026-01-31,20:29:37 | INFO | Train Epoch: 26 [ 1616/24478 (7%)] Data (t): 0.001 Batch (t): 0.131, 125.062/s, 125.062/s/gpu LR: 0.000086 Logit Scale: 85.232 Contrastive_loss: -0.65677 (-0.65677) Loss: -0.65677 (-0.65677)
2026-01-31,20:29:50 | INFO | Train Epoch: 26 [ 3216/24478 (13%)] Data (t): 0.001 Batch (t): 0.129, 124.806/s, 124.806/s/gpu LR: 0.000084 Logit Scale: 85.232 Contrastive_loss: -0.65677 (-0.65677) Loss: -0.65677 (-0.65677)
2026-01-31,20:30:03 | INFO | Train Epoch: 26 [ 4816/24478 (20%)] Data (t): 0.001 Batch (t): 0.129, 123.305/s, 123.305/s/gpu LR: 0.000082 Logit Scale: 85.232 Contrastive_loss: -0.65677 (-0.65677) Loss: -0.65677 (-0.65677)
2026-01-31,20:30:16 | INFO | Train Epoch: 26 [ 6416/24478 (26%)] Data (t): 0.001 Batch (t): 0.129, 123.072/s, 123.072/s/gpu LR: 0.000080 Logit Scale: 85.232 Contrastive_loss: -0.65677 (-0.65677) Loss: -0.65677 (-0.65677)
2026-01-31,20:30:29 | INFO | Train Epoch: 26 [ 8016/24478 (33%)] Data (t): 0.001 Batch (t): 0.129, 119.521/s, 119.521/s/gpu LR: 0.000079 Logit Scale: 85.232 Contrastive_loss: -0.65677 (-0.65677) Loss: -0.65677 (-0.65677)
2026-01-31,20:30:42 | INFO | Train Epoch: 26 [ 9616/24478 (39%)] Data (t): 0.001 Batch (t): 0.129, 125.309/s, 125.309/s/gpu LR: 0.000077 Logit Scale: 85.232 Contrastive_loss: -0.65677 (-0.65677) Loss: -0.65677 (-0.65677)
2026-01-31,20:30:54 | INFO | Train Epoch: 26 [11216/24478 (46%)] Data (t): 0.001 Batch (t): 0.129, 125.319/s, 125.319/s/gpu LR: 0.000075 Logit Scale: 85.232 Contrastive_loss: -0.65677 (-0.65677) Loss: -0.65677 (-0.65677)
2026-01-31,20:31:07 | INFO | Train Epoch: 26 [12816/24478 (52%)] Data (t): 0.001 Batch (t): 0.129, 125.485/s, 125.485/s/gpu LR: 0.000073 Logit Scale: 85.232 Contrastive_loss: -0.65677 (-0.65677) Loss: -0.65677 (-0.65677)
2026-01-31,20:31:21 | INFO | Train Epoch: 26 [14416/24478 (59%)] Data (t): 0.001 Batch (t): 0.132, 120.961/s, 120.961/s/gpu LR: 0.000072 Logit Scale: 85.232 Contrastive_loss: -0.65677 (-0.65677) Loss: -0.65677 (-0.65677)
2026-01-31,20:31:34 | INFO | Train Epoch: 26 [16016/24478 (65%)] Data (t): 0.001 Batch (t): 0.136, 119.795/s, 119.795/s/gpu LR: 0.000070 Logit Scale: 85.232 Contrastive_loss: -0.65677 (-0.65677) Loss: -0.65677 (-0.65677)
2026-01-31,20:31:47 | INFO | Train Epoch: 26 [17616/24478 (72%)] Data (t): 0.001 Batch (t): 0.133, 121.515/s, 121.515/s/gpu LR: 0.000068 Logit Scale: 85.232 Contrastive_loss: -0.65677 (-0.65677) Loss: -0.65677 (-0.65677)
2026-01-31,20:32:01 | INFO | Train Epoch: 26 [19216/24478 (79%)] Data (t): 0.001 Batch (t): 0.133, 118.739/s, 118.739/s/gpu LR: 0.000067 Logit Scale: 85.232 Contrastive_loss: -0.65677 (-0.65677) Loss: -0.65677 (-0.65677)
2026-01-31,20:32:14 | INFO | Train Epoch: 26 [20816/24478 (85%)] Data (t): 0.001 Batch (t): 0.133, 124.276/s, 124.276/s/gpu LR: 0.000065 Logit Scale: 85.232 Contrastive_loss: -0.65677 (-0.65677) Loss: -0.65677 (-0.65677)
2026-01-31,20:32:27 | INFO | Train Epoch: 26 [22416/24478 (92%)] Data (t): 0.001 Batch (t): 0.133, 121.467/s, 121.467/s/gpu LR: 0.000064 Logit Scale: 85.232 Contrastive_loss: -0.65677 (-0.65677) Loss: -0.65677 (-0.65677)
2026-01-31,20:32:41 | INFO | Train Epoch: 26 [24016/24478 (98%)] Data (t): 0.001 Batch (t): 0.133, 121.335/s, 121.335/s/gpu LR: 0.000062 Logit Scale: 85.232 Contrastive_loss: -0.65677 (-0.65677) Loss: -0.65677 (-0.65677)
2026-01-31,20:32:44 | INFO | Train Epoch: 26 [24464/24478 (100%)] Data (t): 0.001 Batch (t): 0.132, 123.087/s, 123.087/s/gpu LR: 0.000061 Logit Scale: 85.232 Contrastive_loss: -0.65677 (-0.65677) Loss: -0.65677 (-0.65677)
2026-01-31,20:32:52 | INFO | Start epoch 27
2026-01-31,20:32:53 | INFO | Train Epoch: 27 [   16/24478 (0%)] Data (t): 0.523 Batch (t): 0.695, 23.0245/s, 23.0245/s/gpu LR: 0.000061 Logit Scale: 85.232 Contrastive_loss: -0.65677 (-0.65677) Loss: -0.65677 (-0.65677)
2026-01-31,20:33:06 | INFO | Train Epoch: 27 [ 1616/24478 (7%)] Data (t): 0.001 Batch (t): 0.133, 122.023/s, 122.023/s/gpu LR: 0.000060 Logit Scale: 85.232 Contrastive_loss: -0.65677 (-0.65677) Loss: -0.65677 (-0.65677)
2026-01-31,20:33:19 | INFO | Train Epoch: 27 [ 3216/24478 (13%)] Data (t): 0.001 Batch (t): 0.131, 125.256/s, 125.256/s/gpu LR: 0.000058 Logit Scale: 85.232 Contrastive_loss: -0.65677 (-0.65677) Loss: -0.65677 (-0.65677)
2026-01-31,20:33:32 | INFO | Train Epoch: 27 [ 4816/24478 (20%)] Data (t): 0.001 Batch (t): 0.128, 124.466/s, 124.466/s/gpu LR: 0.000057 Logit Scale: 85.232 Contrastive_loss: -0.65677 (-0.65677) Loss: -0.65677 (-0.65677)
2026-01-31,20:33:45 | INFO | Train Epoch: 27 [ 6416/24478 (26%)] Data (t): 0.001 Batch (t): 0.129, 120.082/s, 120.082/s/gpu LR: 0.000055 Logit Scale: 85.232 Contrastive_loss: -0.65677 (-0.65677) Loss: -0.65677 (-0.65677)
2026-01-31,20:33:58 | INFO | Train Epoch: 27 [ 8016/24478 (33%)] Data (t): 0.001 Batch (t): 0.129, 123.484/s, 123.484/s/gpu LR: 0.000054 Logit Scale: 85.232 Contrastive_loss: -0.65677 (-0.65677) Loss: -0.65677 (-0.65677)
2026-01-31,20:34:11 | INFO | Train Epoch: 27 [ 9616/24478 (39%)] Data (t): 0.001 Batch (t): 0.129, 121.264/s, 121.264/s/gpu LR: 0.000052 Logit Scale: 85.232 Contrastive_loss: -0.65677 (-0.65677) Loss: -0.65677 (-0.65677)
2026-01-31,20:34:23 | INFO | Train Epoch: 27 [11216/24478 (46%)] Data (t): 0.001 Batch (t): 0.129, 124.663/s, 124.663/s/gpu LR: 0.000051 Logit Scale: 85.232 Contrastive_loss: -0.65677 (-0.65677) Loss: -0.65677 (-0.65677)
2026-01-31,20:34:36 | INFO | Train Epoch: 27 [12816/24478 (52%)] Data (t): 0.001 Batch (t): 0.129, 125.746/s, 125.746/s/gpu LR: 0.000049 Logit Scale: 85.232 Contrastive_loss: -0.65677 (-0.65677) Loss: -0.65677 (-0.65677)
2026-01-31,20:34:49 | INFO | Train Epoch: 27 [14416/24478 (59%)] Data (t): 0.001 Batch (t): 0.128, 118.394/s, 118.394/s/gpu LR: 0.000048 Logit Scale: 85.232 Contrastive_loss: -0.65677 (-0.65677) Loss: -0.65677 (-0.65677)
2026-01-31,20:35:02 | INFO | Train Epoch: 27 [16016/24478 (65%)] Data (t): 0.001 Batch (t): 0.128, 124.936/s, 124.936/s/gpu LR: 0.000047 Logit Scale: 85.232 Contrastive_loss: -0.65677 (-0.65677) Loss: -0.65677 (-0.65677)
2026-01-31,20:35:15 | INFO | Train Epoch: 27 [17616/24478 (72%)] Data (t): 0.001 Batch (t): 0.128, 116.827/s, 116.827/s/gpu LR: 0.000045 Logit Scale: 85.232 Contrastive_loss: -0.65677 (-0.65677) Loss: -0.65677 (-0.65677)
2026-01-31,20:35:28 | INFO | Train Epoch: 27 [19216/24478 (79%)] Data (t): 0.001 Batch (t): 0.129, 125.466/s, 125.466/s/gpu LR: 0.000044 Logit Scale: 85.232 Contrastive_loss: -0.65677 (-0.65677) Loss: -0.65677 (-0.65677)
2026-01-31,20:35:40 | INFO | Train Epoch: 27 [20816/24478 (85%)] Data (t): 0.001 Batch (t): 0.128, 125.020/s, 125.020/s/gpu LR: 0.000043 Logit Scale: 85.232 Contrastive_loss: -0.65677 (-0.65677) Loss: -0.65677 (-0.65677)
2026-01-31,20:35:53 | INFO | Train Epoch: 27 [22416/24478 (92%)] Data (t): 0.001 Batch (t): 0.128, 125.254/s, 125.254/s/gpu LR: 0.000041 Logit Scale: 85.232 Contrastive_loss: -0.65677 (-0.65677) Loss: -0.65677 (-0.65677)
2026-01-31,20:36:06 | INFO | Train Epoch: 27 [24016/24478 (98%)] Data (t): 0.001 Batch (t): 0.128, 124.191/s, 124.191/s/gpu LR: 0.000040 Logit Scale: 85.232 Contrastive_loss: -0.65677 (-0.65677) Loss: -0.65677 (-0.65677)
2026-01-31,20:36:10 | INFO | Train Epoch: 27 [24464/24478 (100%)] Data (t): 0.001 Batch (t): 0.128, 126.055/s, 126.055/s/gpu LR: 0.000040 Logit Scale: 85.232 Contrastive_loss: -0.65677 (-0.65677) Loss: -0.65677 (-0.65677)
2026-01-31,20:36:17 | INFO | Start epoch 28
2026-01-31,20:36:17 | INFO | Train Epoch: 28 [   16/24478 (0%)] Data (t): 0.458 Batch (t): 0.603, 26.5297/s, 26.5297/s/gpu LR: 0.000040 Logit Scale: 85.232 Contrastive_loss: -0.65677 (-0.65677) Loss: -0.65677 (-0.65677)
2026-01-31,20:36:30 | INFO | Train Epoch: 28 [ 1616/24478 (7%)] Data (t): 0.001 Batch (t): 0.129, 125.151/s, 125.151/s/gpu LR: 0.000038 Logit Scale: 85.232 Contrastive_loss: -0.65677 (-0.65677) Loss: -0.65677 (-0.65677)
2026-01-31,20:36:43 | INFO | Train Epoch: 28 [ 3216/24478 (13%)] Data (t): 0.001 Batch (t): 0.129, 124.363/s, 124.363/s/gpu LR: 0.000037 Logit Scale: 85.232 Contrastive_loss: -0.65677 (-0.65677) Loss: -0.65677 (-0.65677)
2026-01-31,20:36:56 | INFO | Train Epoch: 28 [ 4816/24478 (20%)] Data (t): 0.001 Batch (t): 0.129, 124.700/s, 124.700/s/gpu LR: 0.000036 Logit Scale: 85.232 Contrastive_loss: -0.65677 (-0.65677) Loss: -0.65677 (-0.65677)
2026-01-31,20:37:09 | INFO | Train Epoch: 28 [ 6416/24478 (26%)] Data (t): 0.001 Batch (t): 0.129, 124.881/s, 124.881/s/gpu LR: 0.000035 Logit Scale: 85.232 Contrastive_loss: -0.65677 (-0.65677) Loss: -0.65677 (-0.65677)
2026-01-31,20:37:22 | INFO | Train Epoch: 28 [ 8016/24478 (33%)] Data (t): 0.001 Batch (t): 0.129, 125.350/s, 125.350/s/gpu LR: 0.000033 Logit Scale: 85.232 Contrastive_loss: -0.65677 (-0.65677) Loss: -0.65677 (-0.65677)
2026-01-31,20:37:35 | INFO | Train Epoch: 28 [ 9616/24478 (39%)] Data (t): 0.001 Batch (t): 0.129, 126.363/s, 126.363/s/gpu LR: 0.000032 Logit Scale: 85.232 Contrastive_loss: -0.65677 (-0.65677) Loss: -0.65677 (-0.65677)
2026-01-31,20:37:47 | INFO | Train Epoch: 28 [11216/24478 (46%)] Data (t): 0.001 Batch (t): 0.129, 125.282/s, 125.282/s/gpu LR: 0.000031 Logit Scale: 85.232 Contrastive_loss: -0.65677 (-0.65677) Loss: -0.65677 (-0.65677)
2026-01-31,20:38:00 | INFO | Train Epoch: 28 [12816/24478 (52%)] Data (t): 0.001 Batch (t): 0.129, 121.016/s, 121.016/s/gpu LR: 0.000030 Logit Scale: 85.232 Contrastive_loss: -0.65677 (-0.65677) Loss: -0.65677 (-0.65677)
2026-01-31,20:38:13 | INFO | Train Epoch: 28 [14416/24478 (59%)] Data (t): 0.001 Batch (t): 0.129, 121.623/s, 121.623/s/gpu LR: 0.000029 Logit Scale: 85.232 Contrastive_loss: -0.65677 (-0.65677) Loss: -0.65677 (-0.65677)
2026-01-31,20:38:26 | INFO | Train Epoch: 28 [16016/24478 (65%)] Data (t): 0.001 Batch (t): 0.129, 119.509/s, 119.509/s/gpu LR: 0.000028 Logit Scale: 85.232 Contrastive_loss: -0.65677 (-0.65677) Loss: -0.65677 (-0.65677)
2026-01-31,20:38:39 | INFO | Train Epoch: 28 [17616/24478 (72%)] Data (t): 0.001 Batch (t): 0.129, 125.152/s, 125.152/s/gpu LR: 0.000027 Logit Scale: 85.232 Contrastive_loss: -0.65677 (-0.65677) Loss: -0.65677 (-0.65677)
2026-01-31,20:38:52 | INFO | Train Epoch: 28 [19216/24478 (79%)] Data (t): 0.001 Batch (t): 0.129, 124.491/s, 124.491/s/gpu LR: 0.000026 Logit Scale: 85.232 Contrastive_loss: -0.65677 (-0.65677) Loss: -0.65677 (-0.65677)
2026-01-31,20:39:05 | INFO | Train Epoch: 28 [20816/24478 (85%)] Data (t): 0.001 Batch (t): 0.129, 114.941/s, 114.941/s/gpu LR: 0.000025 Logit Scale: 85.232 Contrastive_loss: -0.65677 (-0.65677) Loss: -0.65677 (-0.65677)
2026-01-31,20:39:18 | INFO | Train Epoch: 28 [22416/24478 (92%)] Data (t): 0.001 Batch (t): 0.129, 124.523/s, 124.523/s/gpu LR: 0.000024 Logit Scale: 85.232 Contrastive_loss: -0.65677 (-0.65677) Loss: -0.65677 (-0.65677)
2026-01-31,20:39:31 | INFO | Train Epoch: 28 [24016/24478 (98%)] Data (t): 0.001 Batch (t): 0.129, 124.378/s, 124.378/s/gpu LR: 0.000023 Logit Scale: 85.232 Contrastive_loss: -0.65677 (-0.65677) Loss: -0.65677 (-0.65677)
2026-01-31,20:39:34 | INFO | Train Epoch: 28 [24464/24478 (100%)] Data (t): 0.001 Batch (t): 0.128, 126.433/s, 126.433/s/gpu LR: 0.000022 Logit Scale: 85.232 Contrastive_loss: -0.65677 (-0.65677) Loss: -0.65677 (-0.65677)
2026-01-31,20:39:42 | INFO | Start epoch 29
2026-01-31,20:39:42 | INFO | Train Epoch: 29 [   16/24478 (0%)] Data (t): 0.525 Batch (t): 0.675, 23.7099/s, 23.7099/s/gpu LR: 0.000022 Logit Scale: 85.232 Contrastive_loss: -0.65677 (-0.65677) Loss: -0.65677 (-0.65677)
2026-01-31,20:39:56 | INFO | Train Epoch: 29 [ 1616/24478 (7%)] Data (t): 0.001 Batch (t): 0.132, 125.116/s, 125.116/s/gpu LR: 0.000021 Logit Scale: 85.232 Contrastive_loss: -0.65677 (-0.65677) Loss: -0.65677 (-0.65677)
2026-01-31,20:40:08 | INFO | Train Epoch: 29 [ 3216/24478 (13%)] Data (t): 0.001 Batch (t): 0.129, 124.919/s, 124.919/s/gpu LR: 0.000021 Logit Scale: 85.232 Contrastive_loss: -0.65677 (-0.65677) Loss: -0.65677 (-0.65677)
2026-01-31,20:40:21 | INFO | Train Epoch: 29 [ 4816/24478 (20%)] Data (t): 0.001 Batch (t): 0.129, 124.868/s, 124.868/s/gpu LR: 0.000020 Logit Scale: 85.232 Contrastive_loss: -0.65677 (-0.65677) Loss: -0.65677 (-0.65677)
2026-01-31,20:40:34 | INFO | Train Epoch: 29 [ 6416/24478 (26%)] Data (t): 0.001 Batch (t): 0.129, 124.130/s, 124.130/s/gpu LR: 0.000019 Logit Scale: 85.232 Contrastive_loss: -0.65677 (-0.65677) Loss: -0.65677 (-0.65677)
2026-01-31,20:40:47 | INFO | Train Epoch: 29 [ 8016/24478 (33%)] Data (t): 0.001 Batch (t): 0.129, 119.949/s, 119.949/s/gpu LR: 0.000018 Logit Scale: 85.232 Contrastive_loss: -0.65677 (-0.65677) Loss: -0.65677 (-0.65677)
2026-01-31,20:41:00 | INFO | Train Epoch: 29 [ 9616/24478 (39%)] Data (t): 0.001 Batch (t): 0.129, 124.888/s, 124.888/s/gpu LR: 0.000017 Logit Scale: 85.232 Contrastive_loss: -0.65677 (-0.65677) Loss: -0.65677 (-0.65677)
2026-01-31,20:41:13 | INFO | Train Epoch: 29 [11216/24478 (46%)] Data (t): 0.001 Batch (t): 0.129, 124.763/s, 124.763/s/gpu LR: 0.000016 Logit Scale: 85.232 Contrastive_loss: -0.65677 (-0.65677) Loss: -0.65677 (-0.65677)
2026-01-31,20:41:26 | INFO | Train Epoch: 29 [12816/24478 (52%)] Data (t): 0.001 Batch (t): 0.129, 124.854/s, 124.854/s/gpu LR: 0.000015 Logit Scale: 85.232 Contrastive_loss: -0.65677 (-0.65677) Loss: -0.65677 (-0.65677)
2026-01-31,20:41:39 | INFO | Train Epoch: 29 [14416/24478 (59%)] Data (t): 0.001 Batch (t): 0.129, 119.465/s, 119.465/s/gpu LR: 0.000015 Logit Scale: 85.232 Contrastive_loss: -0.65677 (-0.65677) Loss: -0.65677 (-0.65677)
2026-01-31,20:41:52 | INFO | Train Epoch: 29 [16016/24478 (65%)] Data (t): 0.001 Batch (t): 0.129, 124.966/s, 124.966/s/gpu LR: 0.000014 Logit Scale: 85.232 Contrastive_loss: -0.65677 (-0.65677) Loss: -0.65677 (-0.65677)
2026-01-31,20:42:05 | INFO | Train Epoch: 29 [17616/24478 (72%)] Data (t): 0.001 Batch (t): 0.130, 123.991/s, 123.991/s/gpu LR: 0.000013 Logit Scale: 85.232 Contrastive_loss: -0.65677 (-0.65677) Loss: -0.65677 (-0.65677)
2026-01-31,20:42:18 | INFO | Train Epoch: 29 [19216/24478 (79%)] Data (t): 0.001 Batch (t): 0.129, 124.078/s, 124.078/s/gpu LR: 0.000012 Logit Scale: 85.232 Contrastive_loss: -0.65677 (-0.65677) Loss: -0.65677 (-0.65677)
2026-01-31,20:42:31 | INFO | Train Epoch: 29 [20816/24478 (85%)] Data (t): 0.001 Batch (t): 0.130, 122.463/s, 122.463/s/gpu LR: 0.000012 Logit Scale: 85.232 Contrastive_loss: -0.65677 (-0.65677) Loss: -0.65677 (-0.65677)
2026-01-31,20:42:44 | INFO | Train Epoch: 29 [22416/24478 (92%)] Data (t): 0.001 Batch (t): 0.131, 123.750/s, 123.750/s/gpu LR: 0.000011 Logit Scale: 85.232 Contrastive_loss: -0.65677 (-0.65677) Loss: -0.65677 (-0.65677)
2026-01-31,20:42:56 | INFO | Train Epoch: 29 [24016/24478 (98%)] Data (t): 0.001 Batch (t): 0.128, 126.865/s, 126.865/s/gpu LR: 0.000010 Logit Scale: 85.232 Contrastive_loss: -0.65677 (-0.65677) Loss: -0.65677 (-0.65677)
2026-01-31,20:43:00 | INFO | Train Epoch: 29 [24464/24478 (100%)] Data (t): 0.001 Batch (t): 0.127, 127.274/s, 127.274/s/gpu LR: 0.000010 Logit Scale: 85.232 Contrastive_loss: -0.65677 (-0.65677) Loss: -0.65677 (-0.65677)
2026-01-31,20:43:06 | INFO | Start epoch 30
2026-01-31,20:43:07 | INFO | Train Epoch: 30 [   16/24478 (0%)] Data (t): 0.403 Batch (t): 0.568, 28.1584/s, 28.1584/s/gpu LR: 0.000010 Logit Scale: 85.232 Contrastive_loss: -0.65677 (-0.65677) Loss: -0.65677 (-0.65677)
2026-01-31,20:43:20 | INFO | Train Epoch: 30 [ 1616/24478 (7%)] Data (t): 0.001 Batch (t): 0.130, 125.411/s, 125.411/s/gpu LR: 0.000009 Logit Scale: 85.232 Contrastive_loss: -0.65677 (-0.65677) Loss: -0.65677 (-0.65677)
2026-01-31,20:43:32 | INFO | Train Epoch: 30 [ 3216/24478 (13%)] Data (t): 0.001 Batch (t): 0.129, 125.199/s, 125.199/s/gpu LR: 0.000009 Logit Scale: 85.232 Contrastive_loss: -0.65677 (-0.65677) Loss: -0.65677 (-0.65677)
2026-01-31,20:43:45 | INFO | Train Epoch: 30 [ 4816/24478 (20%)] Data (t): 0.001 Batch (t): 0.128, 124.952/s, 124.952/s/gpu LR: 0.000008 Logit Scale: 85.232 Contrastive_loss: -0.65677 (-0.65677) Loss: -0.65677 (-0.65677)
2026-01-31,20:43:58 | INFO | Train Epoch: 30 [ 6416/24478 (26%)] Data (t): 0.001 Batch (t): 0.128, 125.206/s, 125.206/s/gpu LR: 0.000008 Logit Scale: 85.232 Contrastive_loss: -0.65677 (-0.65677) Loss: -0.65677 (-0.65677)
2026-01-31,20:44:11 | INFO | Train Epoch: 30 [ 8016/24478 (33%)] Data (t): 0.001 Batch (t): 0.128, 116.951/s, 116.951/s/gpu LR: 0.000007 Logit Scale: 85.232 Contrastive_loss: -0.65677 (-0.65677) Loss: -0.65677 (-0.65677)
2026-01-31,20:44:24 | INFO | Train Epoch: 30 [ 9616/24478 (39%)] Data (t): 0.001 Batch (t): 0.128, 123.714/s, 123.714/s/gpu LR: 0.000006 Logit Scale: 85.232 Contrastive_loss: -0.65677 (-0.65677) Loss: -0.65677 (-0.65677)
2026-01-31,20:44:37 | INFO | Train Epoch: 30 [11216/24478 (46%)] Data (t): 0.001 Batch (t): 0.128, 125.259/s, 125.259/s/gpu LR: 0.000006 Logit Scale: 85.232 Contrastive_loss: -0.65677 (-0.65677) Loss: -0.65677 (-0.65677)
2026-01-31,20:44:49 | INFO | Train Epoch: 30 [12816/24478 (52%)] Data (t): 0.001 Batch (t): 0.128, 125.172/s, 125.172/s/gpu LR: 0.000005 Logit Scale: 85.232 Contrastive_loss: -0.65677 (-0.65677) Loss: -0.65677 (-0.65677)
2026-01-31,20:45:02 | INFO | Train Epoch: 30 [14416/24478 (59%)] Data (t): 0.001 Batch (t): 0.128, 125.350/s, 125.350/s/gpu LR: 0.000005 Logit Scale: 85.232 Contrastive_loss: -0.65677 (-0.65677) Loss: -0.65677 (-0.65677)
2026-01-31,20:45:15 | INFO | Train Epoch: 30 [16016/24478 (65%)] Data (t): 0.001 Batch (t): 0.127, 125.591/s, 125.591/s/gpu LR: 0.000005 Logit Scale: 85.232 Contrastive_loss: -0.65677 (-0.65677) Loss: -0.65677 (-0.65677)
2026-01-31,20:45:28 | INFO | Train Epoch: 30 [17616/24478 (72%)] Data (t): 0.001 Batch (t): 0.127, 124.950/s, 124.950/s/gpu LR: 0.000004 Logit Scale: 85.232 Contrastive_loss: -0.65677 (-0.65677) Loss: -0.65677 (-0.65677)
2026-01-31,20:45:40 | INFO | Train Epoch: 30 [19216/24478 (79%)] Data (t): 0.001 Batch (t): 0.127, 125.656/s, 125.656/s/gpu LR: 0.000004 Logit Scale: 85.232 Contrastive_loss: -0.65677 (-0.65677) Loss: -0.65677 (-0.65677)
2026-01-31,20:45:53 | INFO | Train Epoch: 30 [20816/24478 (85%)] Data (t): 0.001 Batch (t): 0.128, 126.210/s, 126.210/s/gpu LR: 0.000003 Logit Scale: 85.232 Contrastive_loss: -0.65677 (-0.65677) Loss: -0.65677 (-0.65677)
2026-01-31,20:46:06 | INFO | Train Epoch: 30 [22416/24478 (92%)] Data (t): 0.001 Batch (t): 0.128, 124.305/s, 124.305/s/gpu LR: 0.000003 Logit Scale: 85.232 Contrastive_loss: -0.65677 (-0.65677) Loss: -0.65677 (-0.65677)
2026-01-31,20:46:19 | INFO | Train Epoch: 30 [24016/24478 (98%)] Data (t): 0.001 Batch (t): 0.129, 124.463/s, 124.463/s/gpu LR: 0.000003 Logit Scale: 85.232 Contrastive_loss: -0.65677 (-0.65677) Loss: -0.65677 (-0.65677)
2026-01-31,20:46:22 | INFO | Train Epoch: 30 [24464/24478 (100%)] Data (t): 0.001 Batch (t): 0.128, 126.287/s, 126.287/s/gpu LR: 0.000003 Logit Scale: 85.232 Contrastive_loss: -0.65677 (-0.65677) Loss: -0.65677 (-0.65677)
2026-01-31,20:46:29 | INFO | Start epoch 31
2026-01-31,20:46:30 | INFO | Train Epoch: 31 [   16/24478 (0%)] Data (t): 0.475 Batch (t): 0.645, 24.7982/s, 24.7982/s/gpu LR: 0.000003 Logit Scale: 85.232 Contrastive_loss: -0.65677 (-0.65677) Loss: -0.65677 (-0.65677)
2026-01-31,20:46:43 | INFO | Train Epoch: 31 [ 1616/24478 (7%)] Data (t): 0.001 Batch (t): 0.132, 121.770/s, 121.770/s/gpu LR: 0.000002 Logit Scale: 85.232 Contrastive_loss: -0.65677 (-0.65677) Loss: -0.65677 (-0.65677)
2026-01-31,20:46:56 | INFO | Train Epoch: 31 [ 3216/24478 (13%)] Data (t): 0.001 Batch (t): 0.130, 125.443/s, 125.443/s/gpu LR: 0.000002 Logit Scale: 85.232 Contrastive_loss: -0.65677 (-0.65677) Loss: -0.65677 (-0.65677)
2026-01-31,20:47:09 | INFO | Train Epoch: 31 [ 4816/24478 (20%)] Data (t): 0.001 Batch (t): 0.129, 124.628/s, 124.628/s/gpu LR: 0.000002 Logit Scale: 85.232 Contrastive_loss: -0.65677 (-0.65677) Loss: -0.65677 (-0.65677)
2026-01-31,20:47:22 | INFO | Train Epoch: 31 [ 6416/24478 (26%)] Data (t): 0.001 Batch (t): 0.129, 122.644/s, 122.644/s/gpu LR: 0.000001 Logit Scale: 85.232 Contrastive_loss: -0.65677 (-0.65677) Loss: -0.65677 (-0.65677)
2026-01-31,20:47:35 | INFO | Train Epoch: 31 [ 8016/24478 (33%)] Data (t): 0.001 Batch (t): 0.128, 125.944/s, 125.944/s/gpu LR: 0.000001 Logit Scale: 85.232 Contrastive_loss: -0.65677 (-0.65677) Loss: -0.65677 (-0.65677)
2026-01-31,20:47:48 | INFO | Train Epoch: 31 [ 9616/24478 (39%)] Data (t): 0.001 Batch (t): 0.128, 123.432/s, 123.432/s/gpu LR: 0.000001 Logit Scale: 85.232 Contrastive_loss: -0.65677 (-0.65677) Loss: -0.65677 (-0.65677)
2026-01-31,20:48:00 | INFO | Train Epoch: 31 [11216/24478 (46%)] Data (t): 0.001 Batch (t): 0.128, 129.677/s, 129.677/s/gpu LR: 0.000001 Logit Scale: 85.232 Contrastive_loss: -0.65677 (-0.65677) Loss: -0.65677 (-0.65677)
2026-01-31,20:48:13 | INFO | Train Epoch: 31 [12816/24478 (52%)] Data (t): 0.000 Batch (t): 0.128, 125.535/s, 125.535/s/gpu LR: 0.000001 Logit Scale: 85.232 Contrastive_loss: -0.65677 (-0.65677) Loss: -0.65677 (-0.65677)
2026-01-31,20:48:26 | INFO | Train Epoch: 31 [14416/24478 (59%)] Data (t): 0.001 Batch (t): 0.128, 126.042/s, 126.042/s/gpu LR: 0.000000 Logit Scale: 85.232 Contrastive_loss: -0.65677 (-0.65677) Loss: -0.65677 (-0.65677)
2026-01-31,20:48:39 | INFO | Train Epoch: 31 [16016/24478 (65%)] Data (t): 0.001 Batch (t): 0.127, 122.744/s, 122.744/s/gpu LR: 0.000000 Logit Scale: 85.232 Contrastive_loss: -0.65677 (-0.65677) Loss: -0.65677 (-0.65677)
2026-01-31,20:48:51 | INFO | Train Epoch: 31 [17616/24478 (72%)] Data (t): 0.001 Batch (t): 0.127, 124.126/s, 124.126/s/gpu LR: 0.000000 Logit Scale: 85.232 Contrastive_loss: -0.65677 (-0.65677) Loss: -0.65677 (-0.65677)
2026-01-31,20:49:04 | INFO | Train Epoch: 31 [19216/24478 (79%)] Data (t): 0.001 Batch (t): 0.130, 125.807/s, 125.807/s/gpu LR: 0.000000 Logit Scale: 85.232 Contrastive_loss: -0.65677 (-0.65677) Loss: -0.65677 (-0.65677)
2026-01-31,20:49:17 | INFO | Train Epoch: 31 [20816/24478 (85%)] Data (t): 0.001 Batch (t): 0.127, 126.820/s, 126.820/s/gpu LR: 0.000000 Logit Scale: 85.232 Contrastive_loss: -0.65677 (-0.65677) Loss: -0.65677 (-0.65677)
2026-01-31,20:49:30 | INFO | Train Epoch: 31 [22416/24478 (92%)] Data (t): 0.001 Batch (t): 0.127, 126.260/s, 126.260/s/gpu LR: 0.000000 Logit Scale: 85.232 Contrastive_loss: -0.65677 (-0.65677) Loss: -0.65677 (-0.65677)
2026-01-31,20:49:43 | INFO | Train Epoch: 31 [24016/24478 (98%)] Data (t): 0.001 Batch (t): 0.127, 125.516/s, 125.516/s/gpu LR: 0.000000 Logit Scale: 85.232 Contrastive_loss: -0.65677 (-0.65677) Loss: -0.65677 (-0.65677)
2026-01-31,20:49:46 | INFO | Train Epoch: 31 [24464/24478 (100%)] Data (t): 0.001 Batch (t): 0.127, 127.042/s, 127.042/s/gpu LR: 0.000000 Logit Scale: 85.232 Contrastive_loss: -0.65677 (-0.65677) Loss: -0.65677 (-0.65677)
I0131 20:49:53.993294 134305 site-packages/torch/_dynamo/eval_frame.py:520] TorchDynamo attempted to trace the following frames: [
I0131 20:49:53.993294 134305 site-packages/torch/_dynamo/eval_frame.py:520] 
I0131 20:49:53.993294 134305 site-packages/torch/_dynamo/eval_frame.py:520] ]
I0131 20:49:54.499387 134305 site-packages/torch/_dynamo/utils.py:811] TorchDynamo compilation metrics:
I0131 20:49:54.499387 134305 site-packages/torch/_dynamo/utils.py:811] Function, Runtimes (s)
I0131 20:49:54.525475 134305 site-packages/torch/_subclasses/fake_tensor.py:3171] FakeTensor cache stats:
I0131 20:49:54.575552 134305 site-packages/torch/_subclasses/fake_tensor.py:3172]   cache_hits: 0
I0131 20:49:54.575912 134305 site-packages/torch/_subclasses/fake_tensor.py:3173]   cache_misses: 0
