nohup: ignoring input
Starting UDIAT Vector Injection (Breast Anchor) generation...
Input Directory: /home/woojye2020/decs_jupyter_lab/MedCLIP-SAMv2/UDIAT
Output Base Directory: /home/woojye2020/decs_jupyter_lab/MedCLIP-SAMv2/generated_neg_output/udiat_vector_injection_breast2
Processing Category: Benign
  -> Generating for: 000001.png

Loading pipeline components...:   0%|          | 0/7 [00:00<?, ?it/s]An error occurred while trying to fetch /home/woojye2020/.cache/huggingface/hub/models--runwayml--stable-diffusion-inpainting/snapshots/8a4288a76071f7280aedbdb3253bdb9e9d5d84bb/vae: Error no file named diffusion_pytorch_model.safetensors found in directory /home/woojye2020/.cache/huggingface/hub/models--runwayml--stable-diffusion-inpainting/snapshots/8a4288a76071f7280aedbdb3253bdb9e9d5d84bb/vae.
Defaulting to unsafe serialization. Pass `allow_pickle=False` to raise an error instead.

Loading pipeline components...:  14%|█▍        | 1/7 [00:00<00:05,  1.06it/s]`torch_dtype` is deprecated! Use `dtype` instead!

Loading pipeline components...:  43%|████▎     | 3/7 [00:01<00:01,  2.26it/s]
Loading pipeline components...:  71%|███████▏  | 5/7 [00:01<00:00,  4.03it/s]An error occurred while trying to fetch /home/woojye2020/.cache/huggingface/hub/models--runwayml--stable-diffusion-inpainting/snapshots/8a4288a76071f7280aedbdb3253bdb9e9d5d84bb/unet: Error no file named diffusion_pytorch_model.safetensors found in directory /home/woojye2020/.cache/huggingface/hub/models--runwayml--stable-diffusion-inpainting/snapshots/8a4288a76071f7280aedbdb3253bdb9e9d5d84bb/unet.
Defaulting to unsafe serialization. Pass `allow_pickle=False` to raise an error instead.

Loading pipeline components...:  86%|████████▌ | 6/7 [00:02<00:00,  3.33it/s]
Loading pipeline components...: 100%|██████████| 7/7 [00:03<00:00,  1.85it/s]
Loading pipeline components...: 100%|██████████| 7/7 [00:03<00:00,  2.18it/s]

  0%|          | 0/50 [00:00<?, ?it/s]
  2%|▏         | 1/50 [00:00<00:08,  5.93it/s]
  6%|▌         | 3/50 [00:00<00:03, 12.30it/s]
 12%|█▏        | 6/50 [00:00<00:02, 16.24it/s]
 18%|█▊        | 9/50 [00:00<00:02, 17.94it/s]
 24%|██▍       | 12/50 [00:00<00:02, 18.85it/s]
 30%|███       | 15/50 [00:00<00:01, 19.36it/s]
 36%|███▌      | 18/50 [00:01<00:01, 19.70it/s]
 42%|████▏     | 21/50 [00:01<00:01, 20.03it/s]
 48%|████▊     | 24/50 [00:01<00:01, 21.35it/s]
 54%|█████▍    | 27/50 [00:01<00:01, 22.40it/s]
 60%|██████    | 30/50 [00:01<00:00, 23.17it/s]
 66%|██████▌   | 33/50 [00:01<00:00, 23.73it/s]
 72%|███████▏  | 36/50 [00:01<00:00, 24.12it/s]
 78%|███████▊  | 39/50 [00:01<00:00, 24.35it/s]
 84%|████████▍ | 42/50 [00:01<00:00, 24.48it/s]
 90%|█████████ | 45/50 [00:02<00:00, 24.59it/s]
 96%|█████████▌| 48/50 [00:02<00:00, 24.69it/s]
100%|██████████| 50/50 [00:02<00:00, 21.62it/s]


--- 1. Computing Semantic Vector Shift from Text ---
Loading BiomedCLIP Model: chuhac/BiomedCLIP-vit-bert-hf
Using Text Anchors: 'healthy breast' - 'tumor breast'
Injecting shift vector with alpha = 1.0
Target Embedding Shape (Input to SD): torch.Size([1, 4, 768])

--- 2. Loading Stable Diffusion Inpainting Model ---
Model ID: runwayml/stable-diffusion-inpainting

--- 3. Processing Image ---
Dilating mask by 3 iterations...

--- 4. Running Generation ---
Saving output to: /home/woojye2020/decs_jupyter_lab/MedCLIP-SAMv2/generated_neg_output/udiat_vector_injection_breast2/Benign/000001.png
Zero-Shot Translation Complete!

  -> Generating for: 000002.png

Loading pipeline components...:   0%|          | 0/7 [00:00<?, ?it/s]An error occurred while trying to fetch /home/woojye2020/.cache/huggingface/hub/models--runwayml--stable-diffusion-inpainting/snapshots/8a4288a76071f7280aedbdb3253bdb9e9d5d84bb/vae: Error no file named diffusion_pytorch_model.safetensors found in directory /home/woojye2020/.cache/huggingface/hub/models--runwayml--stable-diffusion-inpainting/snapshots/8a4288a76071f7280aedbdb3253bdb9e9d5d84bb/vae.
Defaulting to unsafe serialization. Pass `allow_pickle=False` to raise an error instead.

Loading pipeline components...:  14%|█▍        | 1/7 [00:00<00:03,  1.60it/s]`torch_dtype` is deprecated! Use `dtype` instead!

Loading pipeline components...:  29%|██▊       | 2/7 [00:01<00:03,  1.40it/s]
Loading pipeline components...:  71%|███████▏  | 5/7 [00:01<00:00,  3.49it/s]An error occurred while trying to fetch /home/woojye2020/.cache/huggingface/hub/models--runwayml--stable-diffusion-inpainting/snapshots/8a4288a76071f7280aedbdb3253bdb9e9d5d84bb/unet: Error no file named diffusion_pytorch_model.safetensors found in directory /home/woojye2020/.cache/huggingface/hub/models--runwayml--stable-diffusion-inpainting/snapshots/8a4288a76071f7280aedbdb3253bdb9e9d5d84bb/unet.
Defaulting to unsafe serialization. Pass `allow_pickle=False` to raise an error instead.

Loading pipeline components...: 100%|██████████| 7/7 [00:02<00:00,  3.85it/s]
Loading pipeline components...: 100%|██████████| 7/7 [00:02<00:00,  3.19it/s]

  0%|          | 0/50 [00:00<?, ?it/s]
  2%|▏         | 1/50 [00:00<00:06,  8.02it/s]
  8%|▊         | 4/50 [00:00<00:02, 17.88it/s]
 14%|█▍        | 7/50 [00:00<00:02, 21.13it/s]
 20%|██        | 10/50 [00:00<00:01, 22.66it/s]
 26%|██▌       | 13/50 [00:00<00:01, 23.49it/s]
 32%|███▏      | 16/50 [00:00<00:01, 23.99it/s]
 38%|███▊      | 19/50 [00:00<00:01, 24.29it/s]
 44%|████▍     | 22/50 [00:00<00:01, 24.50it/s]
 50%|█████     | 25/50 [00:01<00:01, 24.64it/s]
 56%|█████▌    | 28/50 [00:01<00:00, 24.75it/s]
 62%|██████▏   | 31/50 [00:01<00:00, 24.82it/s]
 68%|██████▊   | 34/50 [00:01<00:00, 24.87it/s]
 74%|███████▍  | 37/50 [00:01<00:00, 24.90it/s]
 80%|████████  | 40/50 [00:01<00:00, 24.91it/s]
 86%|████████▌ | 43/50 [00:01<00:00, 24.92it/s]
 92%|█████████▏| 46/50 [00:01<00:00, 24.93it/s]
 98%|█████████▊| 49/50 [00:02<00:00, 24.92it/s]
100%|██████████| 50/50 [00:02<00:00, 23.96it/s]


--- 1. Computing Semantic Vector Shift from Text ---
Loading BiomedCLIP Model: chuhac/BiomedCLIP-vit-bert-hf
Using Text Anchors: 'healthy breast' - 'tumor breast'
Injecting shift vector with alpha = 1.0
Target Embedding Shape (Input to SD): torch.Size([1, 4, 768])

--- 2. Loading Stable Diffusion Inpainting Model ---
Model ID: runwayml/stable-diffusion-inpainting

--- 3. Processing Image ---
Dilating mask by 3 iterations...

--- 4. Running Generation ---
Saving output to: /home/woojye2020/decs_jupyter_lab/MedCLIP-SAMv2/generated_neg_output/udiat_vector_injection_breast2/Benign/000002.png
Zero-Shot Translation Complete!

  -> Generating for: 000003.png

Loading pipeline components...:   0%|          | 0/7 [00:00<?, ?it/s]`torch_dtype` is deprecated! Use `dtype` instead!

Loading pipeline components...:  14%|█▍        | 1/7 [00:00<00:03,  1.71it/s]
Loading pipeline components...:  29%|██▊       | 2/7 [00:00<00:02,  2.41it/s]
Loading pipeline components...:  43%|████▎     | 3/7 [00:01<00:02,  1.53it/s]An error occurred while trying to fetch /home/woojye2020/.cache/huggingface/hub/models--runwayml--stable-diffusion-inpainting/snapshots/8a4288a76071f7280aedbdb3253bdb9e9d5d84bb/vae: Error no file named diffusion_pytorch_model.safetensors found in directory /home/woojye2020/.cache/huggingface/hub/models--runwayml--stable-diffusion-inpainting/snapshots/8a4288a76071f7280aedbdb3253bdb9e9d5d84bb/vae.
Defaulting to unsafe serialization. Pass `allow_pickle=False` to raise an error instead.

Loading pipeline components...:  57%|█████▋    | 4/7 [00:01<00:01,  2.26it/s]
Loading pipeline components...:  71%|███████▏  | 5/7 [00:02<00:00,  3.08it/s]An error occurred while trying to fetch /home/woojye2020/.cache/huggingface/hub/models--runwayml--stable-diffusion-inpainting/snapshots/8a4288a76071f7280aedbdb3253bdb9e9d5d84bb/unet: Error no file named diffusion_pytorch_model.safetensors found in directory /home/woojye2020/.cache/huggingface/hub/models--runwayml--stable-diffusion-inpainting/snapshots/8a4288a76071f7280aedbdb3253bdb9e9d5d84bb/unet.
Defaulting to unsafe serialization. Pass `allow_pickle=False` to raise an error instead.

Loading pipeline components...:  86%|████████▌ | 6/7 [00:02<00:00,  2.65it/s]
Loading pipeline components...: 100%|██████████| 7/7 [00:02<00:00,  2.76it/s]

  0%|          | 0/50 [00:00<?, ?it/s]
  2%|▏         | 1/50 [00:00<00:08,  5.98it/s]
  8%|▊         | 4/50 [00:00<00:03, 14.05it/s]
 14%|█▍        | 7/50 [00:00<00:02, 17.22it/s]
 20%|██        | 10/50 [00:00<00:02, 19.89it/s]
 26%|██▌       | 13/50 [00:00<00:01, 21.56it/s]
 32%|███▏      | 16/50 [00:00<00:01, 22.63it/s]
 38%|███▊      | 19/50 [00:00<00:01, 23.33it/s]
 44%|████▍     | 22/50 [00:01<00:01, 23.79it/s]
 50%|█████     | 25/50 [00:01<00:01, 24.10it/s]
 56%|█████▌    | 28/50 [00:01<00:00, 24.32it/s]
 62%|██████▏   | 31/50 [00:01<00:00, 24.47it/s]
 68%|██████▊   | 34/50 [00:01<00:00, 24.59it/s]
 74%|███████▍  | 37/50 [00:01<00:00, 24.63it/s]
 80%|████████  | 40/50 [00:01<00:00, 24.72it/s]
 86%|████████▌ | 43/50 [00:01<00:00, 24.76it/s]
 92%|█████████▏| 46/50 [00:02<00:00, 24.80it/s]
 98%|█████████▊| 49/50 [00:02<00:00, 24.82it/s]
100%|██████████| 50/50 [00:02<00:00, 22.89it/s]


--- 1. Computing Semantic Vector Shift from Text ---
Loading BiomedCLIP Model: chuhac/BiomedCLIP-vit-bert-hf
Using Text Anchors: 'healthy breast' - 'tumor breast'
Injecting shift vector with alpha = 1.0
Target Embedding Shape (Input to SD): torch.Size([1, 4, 768])

--- 2. Loading Stable Diffusion Inpainting Model ---
Model ID: runwayml/stable-diffusion-inpainting

--- 3. Processing Image ---
Dilating mask by 3 iterations...

--- 4. Running Generation ---
Saving output to: /home/woojye2020/decs_jupyter_lab/MedCLIP-SAMv2/generated_neg_output/udiat_vector_injection_breast2/Benign/000003.png
Zero-Shot Translation Complete!

  -> Generating for: 000004.png

Loading pipeline components...:   0%|          | 0/7 [00:00<?, ?it/s]
Loading pipeline components...:  29%|██▊       | 2/7 [00:00<00:00,  9.44it/s]`torch_dtype` is deprecated! Use `dtype` instead!

Loading pipeline components...:  43%|████▎     | 3/7 [00:00<00:01,  3.53it/s]An error occurred while trying to fetch /home/woojye2020/.cache/huggingface/hub/models--runwayml--stable-diffusion-inpainting/snapshots/8a4288a76071f7280aedbdb3253bdb9e9d5d84bb/unet: Error no file named diffusion_pytorch_model.safetensors found in directory /home/woojye2020/.cache/huggingface/hub/models--runwayml--stable-diffusion-inpainting/snapshots/8a4288a76071f7280aedbdb3253bdb9e9d5d84bb/unet.
Defaulting to unsafe serialization. Pass `allow_pickle=False` to raise an error instead.

Loading pipeline components...:  57%|█████▋    | 4/7 [00:01<00:01,  2.32it/s]
Loading pipeline components...:  71%|███████▏  | 5/7 [00:02<00:01,  1.50it/s]An error occurred while trying to fetch /home/woojye2020/.cache/huggingface/hub/models--runwayml--stable-diffusion-inpainting/snapshots/8a4288a76071f7280aedbdb3253bdb9e9d5d84bb/vae: Error no file named diffusion_pytorch_model.safetensors found in directory /home/woojye2020/.cache/huggingface/hub/models--runwayml--stable-diffusion-inpainting/snapshots/8a4288a76071f7280aedbdb3253bdb9e9d5d84bb/vae.
Defaulting to unsafe serialization. Pass `allow_pickle=False` to raise an error instead.

Loading pipeline components...: 100%|██████████| 7/7 [00:02<00:00,  2.76it/s]
Loading pipeline components...: 100%|██████████| 7/7 [00:02<00:00,  2.65it/s]

  0%|          | 0/50 [00:00<?, ?it/s]
  2%|▏         | 1/50 [00:00<00:08,  5.75it/s]
  6%|▌         | 3/50 [00:00<00:03, 12.06it/s]
 12%|█▏        | 6/50 [00:00<00:02, 16.81it/s]
 18%|█▊        | 9/50 [00:00<00:02, 19.81it/s]
 24%|██▍       | 12/50 [00:00<00:01, 21.54it/s]
 30%|███       | 15/50 [00:00<00:01, 22.65it/s]
 36%|███▌      | 18/50 [00:00<00:01, 23.36it/s]
 42%|████▏     | 21/50 [00:01<00:01, 23.84it/s]
 48%|████▊     | 24/50 [00:01<00:01, 24.16it/s]
 54%|█████▍    | 27/50 [00:01<00:00, 24.30it/s]
 60%|██████    | 30/50 [00:01<00:00, 24.46it/s]
 66%|██████▌   | 33/50 [00:01<00:00, 24.58it/s]
 72%|███████▏  | 36/50 [00:01<00:00, 24.67it/s]
 78%|███████▊  | 39/50 [00:01<00:00, 24.73it/s]
 84%|████████▍ | 42/50 [00:01<00:00, 24.76it/s]
 90%|█████████ | 45/50 [00:01<00:00, 24.80it/s]
 96%|█████████▌| 48/50 [00:02<00:00, 24.81it/s]
100%|██████████| 50/50 [00:02<00:00, 22.92it/s]


--- 1. Computing Semantic Vector Shift from Text ---
Loading BiomedCLIP Model: chuhac/BiomedCLIP-vit-bert-hf
Using Text Anchors: 'healthy breast' - 'tumor breast'
Injecting shift vector with alpha = 1.0
Target Embedding Shape (Input to SD): torch.Size([1, 4, 768])

--- 2. Loading Stable Diffusion Inpainting Model ---
Model ID: runwayml/stable-diffusion-inpainting

--- 3. Processing Image ---
Dilating mask by 3 iterations...

--- 4. Running Generation ---
Saving output to: /home/woojye2020/decs_jupyter_lab/MedCLIP-SAMv2/generated_neg_output/udiat_vector_injection_breast2/Benign/000004.png
Zero-Shot Translation Complete!

  -> Generating for: 000005.png

Loading pipeline components...:   0%|          | 0/7 [00:00<?, ?it/s]An error occurred while trying to fetch /home/woojye2020/.cache/huggingface/hub/models--runwayml--stable-diffusion-inpainting/snapshots/8a4288a76071f7280aedbdb3253bdb9e9d5d84bb/unet: Error no file named diffusion_pytorch_model.safetensors found in directory /home/woojye2020/.cache/huggingface/hub/models--runwayml--stable-diffusion-inpainting/snapshots/8a4288a76071f7280aedbdb3253bdb9e9d5d84bb/unet.
Defaulting to unsafe serialization. Pass `allow_pickle=False` to raise an error instead.

Loading pipeline components...:  29%|██▊       | 2/7 [00:00<00:02,  2.04it/s]`torch_dtype` is deprecated! Use `dtype` instead!

Loading pipeline components...:  43%|████▎     | 3/7 [00:01<00:01,  2.23it/s]An error occurred while trying to fetch /home/woojye2020/.cache/huggingface/hub/models--runwayml--stable-diffusion-inpainting/snapshots/8a4288a76071f7280aedbdb3253bdb9e9d5d84bb/vae: Error no file named diffusion_pytorch_model.safetensors found in directory /home/woojye2020/.cache/huggingface/hub/models--runwayml--stable-diffusion-inpainting/snapshots/8a4288a76071f7280aedbdb3253bdb9e9d5d84bb/vae.
Defaulting to unsafe serialization. Pass `allow_pickle=False` to raise an error instead.

Loading pipeline components...:  71%|███████▏  | 5/7 [00:01<00:00,  4.23it/s]
Loading pipeline components...:  86%|████████▌ | 6/7 [00:02<00:00,  2.07it/s]
Loading pipeline components...: 100%|██████████| 7/7 [00:02<00:00,  2.66it/s]
Loading pipeline components...: 100%|██████████| 7/7 [00:02<00:00,  2.58it/s]

  0%|          | 0/50 [00:00<?, ?it/s]
  2%|▏         | 1/50 [00:00<00:08,  6.11it/s]
  8%|▊         | 4/50 [00:00<00:03, 14.37it/s]
 14%|█▍        | 7/50 [00:00<00:02, 17.38it/s]
 20%|██        | 10/50 [00:00<00:02, 18.87it/s]
 26%|██▌       | 13/50 [00:00<00:01, 19.71it/s]
 32%|███▏      | 16/50 [00:00<00:01, 20.25it/s]
 38%|███▊      | 19/50 [00:01<00:01, 20.58it/s]
 44%|████▍     | 22/50 [00:01<00:01, 20.81it/s]
 50%|█████     | 25/50 [00:01<00:01, 20.96it/s]
 56%|█████▌    | 28/50 [00:01<00:01, 21.06it/s]
 62%|██████▏   | 31/50 [00:01<00:00, 21.13it/s]
 68%|██████▊   | 34/50 [00:01<00:00, 21.18it/s]
 74%|███████▍  | 37/50 [00:01<00:00, 21.95it/s]
 80%|████████  | 40/50 [00:01<00:00, 22.75it/s]
 86%|████████▌ | 43/50 [00:02<00:00, 23.34it/s]
 92%|█████████▏| 46/50 [00:02<00:00, 23.77it/s]
 98%|█████████▊| 49/50 [00:02<00:00, 24.09it/s]
100%|██████████| 50/50 [00:02<00:00, 21.14it/s]


--- 1. Computing Semantic Vector Shift from Text ---
Loading BiomedCLIP Model: chuhac/BiomedCLIP-vit-bert-hf
Using Text Anchors: 'healthy breast' - 'tumor breast'
Injecting shift vector with alpha = 1.0
Target Embedding Shape (Input to SD): torch.Size([1, 4, 768])

--- 2. Loading Stable Diffusion Inpainting Model ---
Model ID: runwayml/stable-diffusion-inpainting

--- 3. Processing Image ---
Dilating mask by 3 iterations...

--- 4. Running Generation ---
Saving output to: /home/woojye2020/decs_jupyter_lab/MedCLIP-SAMv2/generated_neg_output/udiat_vector_injection_breast2/Benign/000005.png
Zero-Shot Translation Complete!

  -> Generating for: 000006.png

Loading pipeline components...:   0%|          | 0/7 [00:00<?, ?it/s]
Loading pipeline components...:  14%|█▍        | 1/7 [00:00<00:03,  1.71it/s]`torch_dtype` is deprecated! Use `dtype` instead!

Loading pipeline components...:  43%|████▎     | 3/7 [00:01<00:02,  1.67it/s]An error occurred while trying to fetch /home/woojye2020/.cache/huggingface/hub/models--runwayml--stable-diffusion-inpainting/snapshots/8a4288a76071f7280aedbdb3253bdb9e9d5d84bb/vae: Error no file named diffusion_pytorch_model.safetensors found in directory /home/woojye2020/.cache/huggingface/hub/models--runwayml--stable-diffusion-inpainting/snapshots/8a4288a76071f7280aedbdb3253bdb9e9d5d84bb/vae.
Defaulting to unsafe serialization. Pass `allow_pickle=False` to raise an error instead.

Loading pipeline components...:  57%|█████▋    | 4/7 [00:01<00:01,  2.25it/s]An error occurred while trying to fetch /home/woojye2020/.cache/huggingface/hub/models--runwayml--stable-diffusion-inpainting/snapshots/8a4288a76071f7280aedbdb3253bdb9e9d5d84bb/unet: Error no file named diffusion_pytorch_model.safetensors found in directory /home/woojye2020/.cache/huggingface/hub/models--runwayml--stable-diffusion-inpainting/snapshots/8a4288a76071f7280aedbdb3253bdb9e9d5d84bb/unet.
Defaulting to unsafe serialization. Pass `allow_pickle=False` to raise an error instead.

Loading pipeline components...:  71%|███████▏  | 5/7 [00:02<00:00,  2.17it/s]
Loading pipeline components...:  86%|████████▌ | 6/7 [00:02<00:00,  2.85it/s]
Loading pipeline components...: 100%|██████████| 7/7 [00:03<00:00,  2.52it/s]
Loading pipeline components...: 100%|██████████| 7/7 [00:03<00:00,  2.29it/s]

  0%|          | 0/50 [00:00<?, ?it/s]
  2%|▏         | 1/50 [00:00<00:08,  5.89it/s]
  8%|▊         | 4/50 [00:00<00:03, 13.97it/s]
 14%|█▍        | 7/50 [00:00<00:02, 16.95it/s]
 20%|██        | 10/50 [00:00<00:02, 18.45it/s]
 26%|██▌       | 13/50 [00:00<00:01, 19.30it/s]
 32%|███▏      | 16/50 [00:00<00:01, 19.83it/s]
 38%|███▊      | 19/50 [00:01<00:01, 20.44it/s]
 44%|████▍     | 22/50 [00:01<00:01, 21.67it/s]
 50%|█████     | 25/50 [00:01<00:01, 22.55it/s]
 56%|█████▌    | 28/50 [00:01<00:00, 23.18it/s]
 62%|██████▏   | 31/50 [00:01<00:00, 23.64it/s]
 68%|██████▊   | 34/50 [00:01<00:00, 23.97it/s]
 74%|███████▍  | 37/50 [00:01<00:00, 24.20it/s]
 80%|████████  | 40/50 [00:01<00:00, 24.37it/s]
 86%|████████▌ | 43/50 [00:01<00:00, 24.49it/s]
 92%|█████████▏| 46/50 [00:02<00:00, 24.58it/s]
 98%|█████████▊| 49/50 [00:02<00:00, 24.65it/s]
100%|██████████| 50/50 [00:02<00:00, 21.91it/s]


--- 1. Computing Semantic Vector Shift from Text ---
Loading BiomedCLIP Model: chuhac/BiomedCLIP-vit-bert-hf
Using Text Anchors: 'healthy breast' - 'tumor breast'
Injecting shift vector with alpha = 1.0
Target Embedding Shape (Input to SD): torch.Size([1, 4, 768])

--- 2. Loading Stable Diffusion Inpainting Model ---
Model ID: runwayml/stable-diffusion-inpainting

--- 3. Processing Image ---
Dilating mask by 3 iterations...

--- 4. Running Generation ---
Saving output to: /home/woojye2020/decs_jupyter_lab/MedCLIP-SAMv2/generated_neg_output/udiat_vector_injection_breast2/Benign/000006.png
Zero-Shot Translation Complete!

  -> Generating for: 000007.png

Loading pipeline components...:   0%|          | 0/7 [00:00<?, ?it/s]
Loading pipeline components...:  14%|█▍        | 1/7 [00:00<00:01,  4.82it/s]An error occurred while trying to fetch /home/woojye2020/.cache/huggingface/hub/models--runwayml--stable-diffusion-inpainting/snapshots/8a4288a76071f7280aedbdb3253bdb9e9d5d84bb/unet: Error no file named diffusion_pytorch_model.safetensors found in directory /home/woojye2020/.cache/huggingface/hub/models--runwayml--stable-diffusion-inpainting/snapshots/8a4288a76071f7280aedbdb3253bdb9e9d5d84bb/unet.
Defaulting to unsafe serialization. Pass `allow_pickle=False` to raise an error instead.

Loading pipeline components...:  29%|██▊       | 2/7 [00:01<00:02,  1.70it/s]An error occurred while trying to fetch /home/woojye2020/.cache/huggingface/hub/models--runwayml--stable-diffusion-inpainting/snapshots/8a4288a76071f7280aedbdb3253bdb9e9d5d84bb/vae: Error no file named diffusion_pytorch_model.safetensors found in directory /home/woojye2020/.cache/huggingface/hub/models--runwayml--stable-diffusion-inpainting/snapshots/8a4288a76071f7280aedbdb3253bdb9e9d5d84bb/vae.
Defaulting to unsafe serialization. Pass `allow_pickle=False` to raise an error instead.
`torch_dtype` is deprecated! Use `dtype` instead!

Loading pipeline components...:  57%|█████▋    | 4/7 [00:01<00:01,  2.53it/s]
Loading pipeline components...:  86%|████████▌ | 6/7 [00:02<00:00,  2.16it/s]
Loading pipeline components...: 100%|██████████| 7/7 [00:02<00:00,  2.59it/s]

  0%|          | 0/50 [00:00<?, ?it/s]
  2%|▏         | 1/50 [00:00<00:08,  5.76it/s]
  6%|▌         | 3/50 [00:00<00:03, 12.16it/s]
 12%|█▏        | 6/50 [00:00<00:02, 16.09it/s]
 18%|█▊        | 9/50 [00:00<00:02, 17.76it/s]
 24%|██▍       | 12/50 [00:00<00:02, 18.68it/s]
 30%|███       | 15/50 [00:00<00:01, 19.22it/s]
 36%|███▌      | 18/50 [00:01<00:01, 19.56it/s]
 42%|████▏     | 21/50 [00:01<00:01, 19.77it/s]
 48%|████▊     | 24/50 [00:01<00:01, 19.93it/s]
 54%|█████▍    | 27/50 [00:01<00:01, 19.99it/s]
 60%|██████    | 30/50 [00:01<00:00, 20.25it/s]
 66%|██████▌   | 33/50 [00:01<00:00, 21.47it/s]
 72%|███████▏  | 36/50 [00:01<00:00, 22.43it/s]
 78%|███████▊  | 39/50 [00:01<00:00, 23.15it/s]
 84%|████████▍ | 42/50 [00:02<00:00, 23.67it/s]
 90%|█████████ | 45/50 [00:02<00:00, 24.04it/s]
 96%|█████████▌| 48/50 [00:02<00:00, 24.27it/s]
100%|██████████| 50/50 [00:02<00:00, 20.76it/s]


--- 1. Computing Semantic Vector Shift from Text ---
Loading BiomedCLIP Model: chuhac/BiomedCLIP-vit-bert-hf
Using Text Anchors: 'healthy breast' - 'tumor breast'
Injecting shift vector with alpha = 1.0
Target Embedding Shape (Input to SD): torch.Size([1, 4, 768])

--- 2. Loading Stable Diffusion Inpainting Model ---
Model ID: runwayml/stable-diffusion-inpainting

--- 3. Processing Image ---
Dilating mask by 3 iterations...

--- 4. Running Generation ---
Saving output to: /home/woojye2020/decs_jupyter_lab/MedCLIP-SAMv2/generated_neg_output/udiat_vector_injection_breast2/Benign/000007.png
Zero-Shot Translation Complete!

  -> Generating for: 000008.png

Loading pipeline components...:   0%|          | 0/7 [00:00<?, ?it/s]An error occurred while trying to fetch /home/woojye2020/.cache/huggingface/hub/models--runwayml--stable-diffusion-inpainting/snapshots/8a4288a76071f7280aedbdb3253bdb9e9d5d84bb/unet: Error no file named diffusion_pytorch_model.safetensors found in directory /home/woojye2020/.cache/huggingface/hub/models--runwayml--stable-diffusion-inpainting/snapshots/8a4288a76071f7280aedbdb3253bdb9e9d5d84bb/unet.
Defaulting to unsafe serialization. Pass `allow_pickle=False` to raise an error instead.

Loading pipeline components...:  14%|█▍        | 1/7 [00:01<00:06,  1.04s/it]`torch_dtype` is deprecated! Use `dtype` instead!

Loading pipeline components...:  29%|██▊       | 2/7 [00:02<00:05,  1.13s/it]
Loading pipeline components...:  43%|████▎     | 3/7 [00:02<00:03,  1.18it/s]
Loading pipeline components...:  86%|████████▌ | 6/7 [00:02<00:00,  3.16it/s]An error occurred while trying to fetch /home/woojye2020/.cache/huggingface/hub/models--runwayml--stable-diffusion-inpainting/snapshots/8a4288a76071f7280aedbdb3253bdb9e9d5d84bb/vae: Error no file named diffusion_pytorch_model.safetensors found in directory /home/woojye2020/.cache/huggingface/hub/models--runwayml--stable-diffusion-inpainting/snapshots/8a4288a76071f7280aedbdb3253bdb9e9d5d84bb/vae.
Defaulting to unsafe serialization. Pass `allow_pickle=False` to raise an error instead.

Loading pipeline components...: 100%|██████████| 7/7 [00:03<00:00,  3.69it/s]
Loading pipeline components...: 100%|██████████| 7/7 [00:03<00:00,  2.33it/s]

  0%|          | 0/50 [00:00<?, ?it/s]
  2%|▏         | 1/50 [00:00<00:08,  5.94it/s]
  6%|▌         | 3/50 [00:00<00:03, 12.35it/s]
 12%|█▏        | 6/50 [00:00<00:02, 16.18it/s]
 18%|█▊        | 9/50 [00:00<00:02, 17.82it/s]
 24%|██▍       | 12/50 [00:00<00:02, 18.70it/s]
 30%|███       | 15/50 [00:00<00:01, 19.65it/s]
 36%|███▌      | 18/50 [00:00<00:01, 21.11it/s]
 42%|████▏     | 21/50 [00:01<00:01, 22.17it/s]
 48%|████▊     | 24/50 [00:01<00:01, 22.93it/s]
 54%|█████▍    | 27/50 [00:01<00:00, 23.45it/s]
 60%|██████    | 30/50 [00:01<00:00, 23.83it/s]
 66%|██████▌   | 33/50 [00:01<00:00, 24.11it/s]
 72%|███████▏  | 36/50 [00:01<00:00, 24.31it/s]
 78%|███████▊  | 39/50 [00:01<00:00, 24.45it/s]
 84%|████████▍ | 42/50 [00:01<00:00, 24.54it/s]
 90%|█████████ | 45/50 [00:02<00:00, 24.62it/s]
 96%|█████████▌| 48/50 [00:02<00:00, 24.68it/s]
100%|██████████| 50/50 [00:02<00:00, 22.04it/s]


--- 1. Computing Semantic Vector Shift from Text ---
Loading BiomedCLIP Model: chuhac/BiomedCLIP-vit-bert-hf
Using Text Anchors: 'healthy breast' - 'tumor breast'
Injecting shift vector with alpha = 1.0
Target Embedding Shape (Input to SD): torch.Size([1, 4, 768])

--- 2. Loading Stable Diffusion Inpainting Model ---
Model ID: runwayml/stable-diffusion-inpainting

--- 3. Processing Image ---
Dilating mask by 3 iterations...

--- 4. Running Generation ---
Saving output to: /home/woojye2020/decs_jupyter_lab/MedCLIP-SAMv2/generated_neg_output/udiat_vector_injection_breast2/Benign/000008.png
Zero-Shot Translation Complete!

  -> Generating for: 000009.png

Loading pipeline components...:   0%|          | 0/7 [00:00<?, ?it/s]`torch_dtype` is deprecated! Use `dtype` instead!

Loading pipeline components...:  14%|█▍        | 1/7 [00:00<00:03,  1.78it/s]An error occurred while trying to fetch /home/woojye2020/.cache/huggingface/hub/models--runwayml--stable-diffusion-inpainting/snapshots/8a4288a76071f7280aedbdb3253bdb9e9d5d84bb/unet: Error no file named diffusion_pytorch_model.safetensors found in directory /home/woojye2020/.cache/huggingface/hub/models--runwayml--stable-diffusion-inpainting/snapshots/8a4288a76071f7280aedbdb3253bdb9e9d5d84bb/unet.
Defaulting to unsafe serialization. Pass `allow_pickle=False` to raise an error instead.

Loading pipeline components...:  43%|████▎     | 3/7 [00:01<00:01,  2.28it/s]An error occurred while trying to fetch /home/woojye2020/.cache/huggingface/hub/models--runwayml--stable-diffusion-inpainting/snapshots/8a4288a76071f7280aedbdb3253bdb9e9d5d84bb/vae: Error no file named diffusion_pytorch_model.safetensors found in directory /home/woojye2020/.cache/huggingface/hub/models--runwayml--stable-diffusion-inpainting/snapshots/8a4288a76071f7280aedbdb3253bdb9e9d5d84bb/vae.
Defaulting to unsafe serialization. Pass `allow_pickle=False` to raise an error instead.

Loading pipeline components...:  57%|█████▋    | 4/7 [00:01<00:00,  3.06it/s]
Loading pipeline components...:  71%|███████▏  | 5/7 [00:02<00:01,  1.77it/s]
Loading pipeline components...: 100%|██████████| 7/7 [00:02<00:00,  3.10it/s]
Loading pipeline components...: 100%|██████████| 7/7 [00:02<00:00,  2.65it/s]

  0%|          | 0/50 [00:00<?, ?it/s]
  2%|▏         | 1/50 [00:00<00:08,  5.97it/s]
  8%|▊         | 4/50 [00:00<00:03, 14.01it/s]
 14%|█▍        | 7/50 [00:00<00:02, 16.95it/s]
 20%|██        | 10/50 [00:00<00:02, 19.44it/s]
 26%|██▌       | 13/50 [00:00<00:01, 21.20it/s]
 32%|███▏      | 16/50 [00:00<00:01, 22.32it/s]
 38%|███▊      | 19/50 [00:00<00:01, 23.07it/s]
 44%|████▍     | 22/50 [00:01<00:01, 23.56it/s]
 50%|█████     | 25/50 [00:01<00:01, 23.90it/s]
 56%|█████▌    | 28/50 [00:01<00:00, 24.15it/s]
 62%|██████▏   | 31/50 [00:01<00:00, 24.33it/s]
 68%|██████▊   | 34/50 [00:01<00:00, 24.45it/s]
 74%|███████▍  | 37/50 [00:01<00:00, 24.54it/s]
 80%|████████  | 40/50 [00:01<00:00, 24.61it/s]
 86%|████████▌ | 43/50 [00:01<00:00, 24.65it/s]
 92%|█████████▏| 46/50 [00:02<00:00, 24.67it/s]
 98%|█████████▊| 49/50 [00:02<00:00, 24.68it/s]
100%|██████████| 50/50 [00:02<00:00, 22.71it/s]


--- 1. Computing Semantic Vector Shift from Text ---
Loading BiomedCLIP Model: chuhac/BiomedCLIP-vit-bert-hf
Using Text Anchors: 'healthy breast' - 'tumor breast'
Injecting shift vector with alpha = 1.0
Target Embedding Shape (Input to SD): torch.Size([1, 4, 768])

--- 2. Loading Stable Diffusion Inpainting Model ---
Model ID: runwayml/stable-diffusion-inpainting

--- 3. Processing Image ---
Dilating mask by 3 iterations...

--- 4. Running Generation ---
Saving output to: /home/woojye2020/decs_jupyter_lab/MedCLIP-SAMv2/generated_neg_output/udiat_vector_injection_breast2/Benign/000009.png
Zero-Shot Translation Complete!

  -> Generating for: 000010.png

Loading pipeline components...:   0%|          | 0/7 [00:00<?, ?it/s]
Loading pipeline components...:  14%|█▍        | 1/7 [00:00<00:04,  1.42it/s]An error occurred while trying to fetch /home/woojye2020/.cache/huggingface/hub/models--runwayml--stable-diffusion-inpainting/snapshots/8a4288a76071f7280aedbdb3253bdb9e9d5d84bb/unet: Error no file named diffusion_pytorch_model.safetensors found in directory /home/woojye2020/.cache/huggingface/hub/models--runwayml--stable-diffusion-inpainting/snapshots/8a4288a76071f7280aedbdb3253bdb9e9d5d84bb/unet.
Defaulting to unsafe serialization. Pass `allow_pickle=False` to raise an error instead.

Loading pipeline components...:  43%|████▎     | 3/7 [00:01<00:01,  2.68it/s]`torch_dtype` is deprecated! Use `dtype` instead!

Loading pipeline components...:  57%|█████▋    | 4/7 [00:02<00:01,  1.57it/s]An error occurred while trying to fetch /home/woojye2020/.cache/huggingface/hub/models--runwayml--stable-diffusion-inpainting/snapshots/8a4288a76071f7280aedbdb3253bdb9e9d5d84bb/vae: Error no file named diffusion_pytorch_model.safetensors found in directory /home/woojye2020/.cache/huggingface/hub/models--runwayml--stable-diffusion-inpainting/snapshots/8a4288a76071f7280aedbdb3253bdb9e9d5d84bb/vae.
Defaulting to unsafe serialization. Pass `allow_pickle=False` to raise an error instead.

Loading pipeline components...:  71%|███████▏  | 5/7 [00:02<00:00,  2.14it/s]
Loading pipeline components...:  86%|████████▌ | 6/7 [00:02<00:00,  2.16it/s]
Loading pipeline components...: 100%|██████████| 7/7 [00:03<00:00,  2.81it/s]
Loading pipeline components...: 100%|██████████| 7/7 [00:03<00:00,  2.29it/s]

  0%|          | 0/50 [00:00<?, ?it/s]
  2%|▏         | 1/50 [00:00<00:08,  6.05it/s]
  8%|▊         | 4/50 [00:00<00:03, 14.09it/s]
 14%|█▍        | 7/50 [00:00<00:02, 17.01it/s]
 20%|██        | 10/50 [00:00<00:02, 18.34it/s]
 26%|██▌       | 13/50 [00:00<00:01, 19.17it/s]
 32%|███▏      | 16/50 [00:00<00:01, 19.72it/s]
 38%|███▊      | 19/50 [00:01<00:01, 20.10it/s]
 44%|████▍     | 22/50 [00:01<00:01, 20.32it/s]
 50%|█████     | 25/50 [00:01<00:01, 20.48it/s]
 56%|█████▌    | 28/50 [00:01<00:01, 20.59it/s]
 62%|██████▏   | 31/50 [00:01<00:00, 20.66it/s]
 68%|██████▊   | 34/50 [00:01<00:00, 21.51it/s]
 74%|███████▍  | 37/50 [00:01<00:00, 22.44it/s]
 80%|████████  | 40/50 [00:01<00:00, 23.13it/s]
 86%|████████▌ | 43/50 [00:02<00:00, 23.64it/s]
 92%|█████████▏| 46/50 [00:02<00:00, 24.01it/s]
 98%|█████████▊| 49/50 [00:02<00:00, 24.25it/s]
100%|██████████| 50/50 [00:02<00:00, 20.99it/s]


--- 1. Computing Semantic Vector Shift from Text ---
Loading BiomedCLIP Model: chuhac/BiomedCLIP-vit-bert-hf
Using Text Anchors: 'healthy breast' - 'tumor breast'
Injecting shift vector with alpha = 1.0
Target Embedding Shape (Input to SD): torch.Size([1, 4, 768])

--- 2. Loading Stable Diffusion Inpainting Model ---
Model ID: runwayml/stable-diffusion-inpainting

--- 3. Processing Image ---
Dilating mask by 3 iterations...

--- 4. Running Generation ---
Saving output to: /home/woojye2020/decs_jupyter_lab/MedCLIP-SAMv2/generated_neg_output/udiat_vector_injection_breast2/Benign/000010.png
Zero-Shot Translation Complete!

  -> Generating for: 000011.png

Loading pipeline components...:   0%|          | 0/7 [00:00<?, ?it/s]
Loading pipeline components...:  14%|█▍        | 1/7 [00:00<00:03,  1.85it/s]An error occurred while trying to fetch /home/woojye2020/.cache/huggingface/hub/models--runwayml--stable-diffusion-inpainting/snapshots/8a4288a76071f7280aedbdb3253bdb9e9d5d84bb/vae: Error no file named diffusion_pytorch_model.safetensors found in directory /home/woojye2020/.cache/huggingface/hub/models--runwayml--stable-diffusion-inpainting/snapshots/8a4288a76071f7280aedbdb3253bdb9e9d5d84bb/vae.
Defaulting to unsafe serialization. Pass `allow_pickle=False` to raise an error instead.

Loading pipeline components...:  29%|██▊       | 2/7 [00:00<00:01,  3.24it/s]`torch_dtype` is deprecated! Use `dtype` instead!

Loading pipeline components...:  43%|████▎     | 3/7 [00:01<00:01,  2.49it/s]
Loading pipeline components...:  57%|█████▋    | 4/7 [00:01<00:00,  3.45it/s]An error occurred while trying to fetch /home/woojye2020/.cache/huggingface/hub/models--runwayml--stable-diffusion-inpainting/snapshots/8a4288a76071f7280aedbdb3253bdb9e9d5d84bb/unet: Error no file named diffusion_pytorch_model.safetensors found in directory /home/woojye2020/.cache/huggingface/hub/models--runwayml--stable-diffusion-inpainting/snapshots/8a4288a76071f7280aedbdb3253bdb9e9d5d84bb/unet.
Defaulting to unsafe serialization. Pass `allow_pickle=False` to raise an error instead.

Loading pipeline components...:  86%|████████▌ | 6/7 [00:01<00:00,  3.75it/s]
Loading pipeline components...: 100%|██████████| 7/7 [00:03<00:00,  1.92it/s]
Loading pipeline components...: 100%|██████████| 7/7 [00:03<00:00,  2.33it/s]

  0%|          | 0/50 [00:00<?, ?it/s]
  2%|▏         | 1/50 [00:00<00:08,  5.96it/s]
  8%|▊         | 4/50 [00:00<00:03, 14.01it/s]
 14%|█▍        | 7/50 [00:00<00:02, 16.96it/s]
 20%|██        | 10/50 [00:00<00:02, 18.45it/s]
 26%|██▌       | 13/50 [00:00<00:01, 19.26it/s]
 32%|███▏      | 16/50 [00:00<00:01, 19.94it/s]
 38%|███▊      | 19/50 [00:01<00:01, 20.81it/s]
 44%|████▍     | 22/50 [00:01<00:01, 20.80it/s]
 50%|█████     | 25/50 [00:01<00:01, 20.80it/s]
 56%|█████▌    | 28/50 [00:01<00:01, 20.83it/s]
 62%|██████▏   | 31/50 [00:01<00:00, 20.85it/s]
 68%|██████▊   | 34/50 [00:01<00:00, 21.84it/s]
 74%|███████▍  | 37/50 [00:01<00:00, 22.66it/s]
 80%|████████  | 40/50 [00:01<00:00, 23.28it/s]
 86%|████████▌ | 43/50 [00:02<00:00, 23.74it/s]
 92%|█████████▏| 46/50 [00:02<00:00, 24.08it/s]
 98%|█████████▊| 49/50 [00:02<00:00, 24.32it/s]
100%|██████████| 50/50 [00:02<00:00, 21.17it/s]


--- 1. Computing Semantic Vector Shift from Text ---
Loading BiomedCLIP Model: chuhac/BiomedCLIP-vit-bert-hf
Using Text Anchors: 'healthy breast' - 'tumor breast'
Injecting shift vector with alpha = 1.0
Target Embedding Shape (Input to SD): torch.Size([1, 4, 768])

--- 2. Loading Stable Diffusion Inpainting Model ---
Model ID: runwayml/stable-diffusion-inpainting

--- 3. Processing Image ---
Dilating mask by 3 iterations...

--- 4. Running Generation ---
Saving output to: /home/woojye2020/decs_jupyter_lab/MedCLIP-SAMv2/generated_neg_output/udiat_vector_injection_breast2/Benign/000011.png
Zero-Shot Translation Complete!

  -> Generating for: 000012.png

Loading pipeline components...:   0%|          | 0/7 [00:00<?, ?it/s]An error occurred while trying to fetch /home/woojye2020/.cache/huggingface/hub/models--runwayml--stable-diffusion-inpainting/snapshots/8a4288a76071f7280aedbdb3253bdb9e9d5d84bb/unet: Error no file named diffusion_pytorch_model.safetensors found in directory /home/woojye2020/.cache/huggingface/hub/models--runwayml--stable-diffusion-inpainting/snapshots/8a4288a76071f7280aedbdb3253bdb9e9d5d84bb/unet.
Defaulting to unsafe serialization. Pass `allow_pickle=False` to raise an error instead.

Loading pipeline components...:  14%|█▍        | 1/7 [00:01<00:06,  1.03s/it]`torch_dtype` is deprecated! Use `dtype` instead!

Loading pipeline components...:  29%|██▊       | 2/7 [00:01<00:03,  1.37it/s]
Loading pipeline components...:  43%|████▎     | 3/7 [00:01<00:01,  2.23it/s]An error occurred while trying to fetch /home/woojye2020/.cache/huggingface/hub/models--runwayml--stable-diffusion-inpainting/snapshots/8a4288a76071f7280aedbdb3253bdb9e9d5d84bb/vae: Error no file named diffusion_pytorch_model.safetensors found in directory /home/woojye2020/.cache/huggingface/hub/models--runwayml--stable-diffusion-inpainting/snapshots/8a4288a76071f7280aedbdb3253bdb9e9d5d84bb/vae.
Defaulting to unsafe serialization. Pass `allow_pickle=False` to raise an error instead.

Loading pipeline components...:  57%|█████▋    | 4/7 [00:01<00:00,  3.11it/s]
Loading pipeline components...: 100%|██████████| 7/7 [00:02<00:00,  2.80it/s]
Loading pipeline components...: 100%|██████████| 7/7 [00:02<00:00,  2.39it/s]

  0%|          | 0/50 [00:00<?, ?it/s]
  2%|▏         | 1/50 [00:00<00:08,  5.97it/s]
  8%|▊         | 4/50 [00:00<00:03, 14.04it/s]
 14%|█▍        | 7/50 [00:00<00:02, 16.97it/s]
 20%|██        | 10/50 [00:00<00:02, 18.40it/s]
 26%|██▌       | 13/50 [00:00<00:01, 19.23it/s]
 32%|███▏      | 16/50 [00:00<00:01, 19.76it/s]
 38%|███▊      | 19/50 [00:01<00:01, 20.11it/s]
 44%|████▍     | 22/50 [00:01<00:01, 20.29it/s]
 50%|█████     | 25/50 [00:01<00:01, 20.46it/s]
 56%|█████▌    | 28/50 [00:01<00:01, 20.57it/s]
 62%|██████▏   | 31/50 [00:01<00:00, 21.61it/s]
 68%|██████▊   | 34/50 [00:01<00:00, 22.52it/s]
 74%|███████▍  | 37/50 [00:01<00:00, 23.20it/s]
 80%|████████  | 40/50 [00:01<00:00, 23.68it/s]
 86%|████████▌ | 43/50 [00:02<00:00, 24.01it/s]
 92%|█████████▏| 46/50 [00:02<00:00, 24.22it/s]
 98%|█████████▊| 49/50 [00:02<00:00, 24.36it/s]
100%|██████████| 50/50 [00:02<00:00, 21.20it/s]


--- 1. Computing Semantic Vector Shift from Text ---
Loading BiomedCLIP Model: chuhac/BiomedCLIP-vit-bert-hf
Using Text Anchors: 'healthy breast' - 'tumor breast'
Injecting shift vector with alpha = 1.0
Target Embedding Shape (Input to SD): torch.Size([1, 4, 768])

--- 2. Loading Stable Diffusion Inpainting Model ---
Model ID: runwayml/stable-diffusion-inpainting

--- 3. Processing Image ---
Dilating mask by 3 iterations...

--- 4. Running Generation ---
Saving output to: /home/woojye2020/decs_jupyter_lab/MedCLIP-SAMv2/generated_neg_output/udiat_vector_injection_breast2/Benign/000012.png
Zero-Shot Translation Complete!

  -> Generating for: 000013.png

Loading pipeline components...:   0%|          | 0/7 [00:00<?, ?it/s]
Loading pipeline components...:  14%|█▍        | 1/7 [00:00<00:04,  1.42it/s]An error occurred while trying to fetch /home/woojye2020/.cache/huggingface/hub/models--runwayml--stable-diffusion-inpainting/snapshots/8a4288a76071f7280aedbdb3253bdb9e9d5d84bb/unet: Error no file named diffusion_pytorch_model.safetensors found in directory /home/woojye2020/.cache/huggingface/hub/models--runwayml--stable-diffusion-inpainting/snapshots/8a4288a76071f7280aedbdb3253bdb9e9d5d84bb/unet.
Defaulting to unsafe serialization. Pass `allow_pickle=False` to raise an error instead.

Loading pipeline components...:  29%|██▊       | 2/7 [00:01<00:02,  1.75it/s]An error occurred while trying to fetch /home/woojye2020/.cache/huggingface/hub/models--runwayml--stable-diffusion-inpainting/snapshots/8a4288a76071f7280aedbdb3253bdb9e9d5d84bb/vae: Error no file named diffusion_pytorch_model.safetensors found in directory /home/woojye2020/.cache/huggingface/hub/models--runwayml--stable-diffusion-inpainting/snapshots/8a4288a76071f7280aedbdb3253bdb9e9d5d84bb/vae.
Defaulting to unsafe serialization. Pass `allow_pickle=False` to raise an error instead.

Loading pipeline components...:  43%|████▎     | 3/7 [00:01<00:01,  2.77it/s]`torch_dtype` is deprecated! Use `dtype` instead!

Loading pipeline components...:  57%|█████▋    | 4/7 [00:02<00:01,  1.50it/s]
Loading pipeline components...:  86%|████████▌ | 6/7 [00:02<00:00,  2.23it/s]
Loading pipeline components...: 100%|██████████| 7/7 [00:03<00:00,  2.78it/s]
Loading pipeline components...: 100%|██████████| 7/7 [00:03<00:00,  2.28it/s]

  0%|          | 0/50 [00:00<?, ?it/s]
  2%|▏         | 1/50 [00:00<00:08,  5.74it/s]
  6%|▌         | 3/50 [00:00<00:03, 12.01it/s]
 12%|█▏        | 6/50 [00:00<00:02, 16.40it/s]
 18%|█▊        | 9/50 [00:00<00:02, 19.53it/s]
 24%|██▍       | 12/50 [00:00<00:01, 21.40it/s]
 30%|███       | 15/50 [00:00<00:01, 22.57it/s]
 36%|███▌      | 18/50 [00:00<00:01, 23.31it/s]
 42%|████▏     | 21/50 [00:01<00:01, 23.80it/s]
 48%|████▊     | 24/50 [00:01<00:01, 24.07it/s]
 54%|█████▍    | 27/50 [00:01<00:00, 24.19it/s]
 60%|██████    | 30/50 [00:01<00:00, 24.33it/s]
 66%|██████▌   | 33/50 [00:01<00:00, 24.47it/s]
 72%|███████▏  | 36/50 [00:01<00:00, 24.58it/s]
 78%|███████▊  | 39/50 [00:01<00:00, 24.65it/s]
 84%|████████▍ | 42/50 [00:01<00:00, 24.70it/s]
 90%|█████████ | 45/50 [00:01<00:00, 24.74it/s]
 96%|█████████▌| 48/50 [00:02<00:00, 24.77it/s]
100%|██████████| 50/50 [00:02<00:00, 22.82it/s]


--- 1. Computing Semantic Vector Shift from Text ---
Loading BiomedCLIP Model: chuhac/BiomedCLIP-vit-bert-hf
Using Text Anchors: 'healthy breast' - 'tumor breast'
Injecting shift vector with alpha = 1.0
Target Embedding Shape (Input to SD): torch.Size([1, 4, 768])

--- 2. Loading Stable Diffusion Inpainting Model ---
Model ID: runwayml/stable-diffusion-inpainting

--- 3. Processing Image ---
Dilating mask by 3 iterations...

--- 4. Running Generation ---
Saving output to: /home/woojye2020/decs_jupyter_lab/MedCLIP-SAMv2/generated_neg_output/udiat_vector_injection_breast2/Benign/000013.png
Zero-Shot Translation Complete!

  -> Generating for: 000014.png

Loading pipeline components...:   0%|          | 0/7 [00:00<?, ?it/s]
Loading pipeline components...:  14%|█▍        | 1/7 [00:00<00:01,  4.46it/s]`torch_dtype` is deprecated! Use `dtype` instead!

Loading pipeline components...:  29%|██▊       | 2/7 [00:01<00:03,  1.31it/s]An error occurred while trying to fetch /home/woojye2020/.cache/huggingface/hub/models--runwayml--stable-diffusion-inpainting/snapshots/8a4288a76071f7280aedbdb3253bdb9e9d5d84bb/vae: Error no file named diffusion_pytorch_model.safetensors found in directory /home/woojye2020/.cache/huggingface/hub/models--runwayml--stable-diffusion-inpainting/snapshots/8a4288a76071f7280aedbdb3253bdb9e9d5d84bb/vae.
Defaulting to unsafe serialization. Pass `allow_pickle=False` to raise an error instead.

Loading pipeline components...:  43%|████▎     | 3/7 [00:01<00:02,  1.63it/s]An error occurred while trying to fetch /home/woojye2020/.cache/huggingface/hub/models--runwayml--stable-diffusion-inpainting/snapshots/8a4288a76071f7280aedbdb3253bdb9e9d5d84bb/unet: Error no file named diffusion_pytorch_model.safetensors found in directory /home/woojye2020/.cache/huggingface/hub/models--runwayml--stable-diffusion-inpainting/snapshots/8a4288a76071f7280aedbdb3253bdb9e9d5d84bb/unet.
Defaulting to unsafe serialization. Pass `allow_pickle=False` to raise an error instead.

Loading pipeline components...:  57%|█████▋    | 4/7 [00:02<00:01,  1.79it/s]
Loading pipeline components...:  71%|███████▏  | 5/7 [00:02<00:01,  1.93it/s]
Loading pipeline components...: 100%|██████████| 7/7 [00:02<00:00,  2.56it/s]

  0%|          | 0/50 [00:00<?, ?it/s]
  2%|▏         | 1/50 [00:00<00:08,  6.04it/s]
  8%|▊         | 4/50 [00:00<00:03, 14.09it/s]
 14%|█▍        | 7/50 [00:00<00:02, 17.00it/s]
 20%|██        | 10/50 [00:00<00:02, 18.47it/s]
 26%|██▌       | 13/50 [00:00<00:01, 19.32it/s]
 32%|███▏      | 16/50 [00:00<00:01, 19.82it/s]
 38%|███▊      | 19/50 [00:01<00:01, 20.12it/s]
 44%|████▍     | 22/50 [00:01<00:01, 20.79it/s]
 50%|█████     | 25/50 [00:01<00:01, 21.91it/s]
 56%|█████▌    | 28/50 [00:01<00:00, 22.73it/s]
 62%|██████▏   | 31/50 [00:01<00:00, 23.34it/s]
 68%|██████▊   | 34/50 [00:01<00:00, 23.76it/s]
 74%|███████▍  | 37/50 [00:01<00:00, 24.06it/s]
 80%|████████  | 40/50 [00:01<00:00, 24.26it/s]
 86%|████████▌ | 43/50 [00:02<00:00, 24.41it/s]
 92%|█████████▏| 46/50 [00:02<00:00, 24.52it/s]
 98%|█████████▊| 49/50 [00:02<00:00, 24.60it/s]
100%|██████████| 50/50 [00:02<00:00, 21.76it/s]


--- 1. Computing Semantic Vector Shift from Text ---
Loading BiomedCLIP Model: chuhac/BiomedCLIP-vit-bert-hf
Using Text Anchors: 'healthy breast' - 'tumor breast'
Injecting shift vector with alpha = 1.0
Target Embedding Shape (Input to SD): torch.Size([1, 4, 768])

--- 2. Loading Stable Diffusion Inpainting Model ---
Model ID: runwayml/stable-diffusion-inpainting

--- 3. Processing Image ---
Dilating mask by 3 iterations...

--- 4. Running Generation ---
Saving output to: /home/woojye2020/decs_jupyter_lab/MedCLIP-SAMv2/generated_neg_output/udiat_vector_injection_breast2/Benign/000014.png
Zero-Shot Translation Complete!

  -> Generating for: 000015.png

Loading pipeline components...:   0%|          | 0/7 [00:00<?, ?it/s]An error occurred while trying to fetch /home/woojye2020/.cache/huggingface/hub/models--runwayml--stable-diffusion-inpainting/snapshots/8a4288a76071f7280aedbdb3253bdb9e9d5d84bb/vae: Error no file named diffusion_pytorch_model.safetensors found in directory /home/woojye2020/.cache/huggingface/hub/models--runwayml--stable-diffusion-inpainting/snapshots/8a4288a76071f7280aedbdb3253bdb9e9d5d84bb/vae.
Defaulting to unsafe serialization. Pass `allow_pickle=False` to raise an error instead.

Loading pipeline components...:  14%|█▍        | 1/7 [00:00<00:04,  1.47it/s]`torch_dtype` is deprecated! Use `dtype` instead!

Loading pipeline components...:  43%|████▎     | 3/7 [00:01<00:01,  2.71it/s]
Loading pipeline components...:  71%|███████▏  | 5/7 [00:02<00:00,  2.17it/s]An error occurred while trying to fetch /home/woojye2020/.cache/huggingface/hub/models--runwayml--stable-diffusion-inpainting/snapshots/8a4288a76071f7280aedbdb3253bdb9e9d5d84bb/unet: Error no file named diffusion_pytorch_model.safetensors found in directory /home/woojye2020/.cache/huggingface/hub/models--runwayml--stable-diffusion-inpainting/snapshots/8a4288a76071f7280aedbdb3253bdb9e9d5d84bb/unet.
Defaulting to unsafe serialization. Pass `allow_pickle=False` to raise an error instead.

Loading pipeline components...:  86%|████████▌ | 6/7 [00:02<00:00,  2.14it/s]
Loading pipeline components...: 100%|██████████| 7/7 [00:02<00:00,  2.70it/s]
Loading pipeline components...: 100%|██████████| 7/7 [00:02<00:00,  2.41it/s]

  0%|          | 0/50 [00:00<?, ?it/s]
  2%|▏         | 1/50 [00:00<00:08,  6.10it/s]
  8%|▊         | 4/50 [00:00<00:03, 14.28it/s]
 14%|█▍        | 7/50 [00:00<00:02, 17.30it/s]
 20%|██        | 10/50 [00:00<00:02, 18.78it/s]
 26%|██▌       | 13/50 [00:00<00:01, 19.62it/s]
 32%|███▏      | 16/50 [00:00<00:01, 20.15it/s]
 38%|███▊      | 19/50 [00:01<00:01, 20.69it/s]
 44%|████▍     | 22/50 [00:01<00:01, 21.87it/s]
 50%|█████     | 25/50 [00:01<00:01, 22.72it/s]
 56%|█████▌    | 28/50 [00:01<00:00, 23.33it/s]
 62%|██████▏   | 31/50 [00:01<00:00, 23.76it/s]
 68%|██████▊   | 34/50 [00:01<00:00, 24.05it/s]
 74%|███████▍  | 37/50 [00:01<00:00, 24.24it/s]
 80%|████████  | 40/50 [00:01<00:00, 24.38it/s]
 86%|████████▌ | 43/50 [00:01<00:00, 24.49it/s]
 92%|█████████▏| 46/50 [00:02<00:00, 24.58it/s]
 98%|█████████▊| 49/50 [00:02<00:00, 24.67it/s]
100%|██████████| 50/50 [00:02<00:00, 22.09it/s]


--- 1. Computing Semantic Vector Shift from Text ---
Loading BiomedCLIP Model: chuhac/BiomedCLIP-vit-bert-hf
Using Text Anchors: 'healthy breast' - 'tumor breast'
Injecting shift vector with alpha = 1.0
Target Embedding Shape (Input to SD): torch.Size([1, 4, 768])

--- 2. Loading Stable Diffusion Inpainting Model ---
Model ID: runwayml/stable-diffusion-inpainting

--- 3. Processing Image ---
Dilating mask by 3 iterations...

--- 4. Running Generation ---
Saving output to: /home/woojye2020/decs_jupyter_lab/MedCLIP-SAMv2/generated_neg_output/udiat_vector_injection_breast2/Benign/000015.png
Zero-Shot Translation Complete!

  -> Generating for: 000016.png

Loading pipeline components...:   0%|          | 0/7 [00:00<?, ?it/s]An error occurred while trying to fetch /home/woojye2020/.cache/huggingface/hub/models--runwayml--stable-diffusion-inpainting/snapshots/8a4288a76071f7280aedbdb3253bdb9e9d5d84bb/unet: Error no file named diffusion_pytorch_model.safetensors found in directory /home/woojye2020/.cache/huggingface/hub/models--runwayml--stable-diffusion-inpainting/snapshots/8a4288a76071f7280aedbdb3253bdb9e9d5d84bb/unet.
Defaulting to unsafe serialization. Pass `allow_pickle=False` to raise an error instead.

Loading pipeline components...:  14%|█▍        | 1/7 [00:01<00:07,  1.21s/it]`torch_dtype` is deprecated! Use `dtype` instead!

Loading pipeline components...:  57%|█████▋    | 4/7 [00:02<00:01,  1.81it/s]
Loading pipeline components...:  71%|███████▏  | 5/7 [00:02<00:00,  2.32it/s]
Loading pipeline components...:  86%|████████▌ | 6/7 [00:02<00:00,  2.26it/s]An error occurred while trying to fetch /home/woojye2020/.cache/huggingface/hub/models--runwayml--stable-diffusion-inpainting/snapshots/8a4288a76071f7280aedbdb3253bdb9e9d5d84bb/vae: Error no file named diffusion_pytorch_model.safetensors found in directory /home/woojye2020/.cache/huggingface/hub/models--runwayml--stable-diffusion-inpainting/snapshots/8a4288a76071f7280aedbdb3253bdb9e9d5d84bb/vae.
Defaulting to unsafe serialization. Pass `allow_pickle=False` to raise an error instead.

Loading pipeline components...: 100%|██████████| 7/7 [00:03<00:00,  2.26it/s]

  0%|          | 0/50 [00:00<?, ?it/s]
  2%|▏         | 1/50 [00:00<00:08,  5.72it/s]
  6%|▌         | 3/50 [00:00<00:03, 11.97it/s]
 10%|█         | 5/50 [00:00<00:03, 14.99it/s]
 14%|█▍        | 7/50 [00:00<00:02, 16.69it/s]
 18%|█▊        | 9/50 [00:00<00:02, 17.62it/s]
 22%|██▏       | 11/50 [00:00<00:02, 18.32it/s]
 26%|██▌       | 13/50 [00:00<00:01, 18.78it/s]
 30%|███       | 15/50 [00:00<00:01, 19.09it/s]
 34%|███▍      | 17/50 [00:00<00:01, 19.31it/s]
 38%|███▊      | 19/50 [00:01<00:01, 19.47it/s]
 42%|████▏     | 21/50 [00:01<00:01, 19.57it/s]
 48%|████▊     | 24/50 [00:01<00:01, 19.76it/s]
 52%|█████▏    | 26/50 [00:01<00:01, 19.78it/s]
 56%|█████▌    | 28/50 [00:01<00:01, 19.80it/s]
 60%|██████    | 30/50 [00:01<00:01, 19.82it/s]
 64%|██████▍   | 32/50 [00:01<00:00, 19.81it/s]
 68%|██████▊   | 34/50 [00:01<00:00, 19.80it/s]
 74%|███████▍  | 37/50 [00:01<00:00, 21.32it/s]
 80%|████████  | 40/50 [00:02<00:00, 22.45it/s]
 86%|████████▌ | 43/50 [00:02<00:00, 23.20it/s]
 92%|█████████▏| 46/50 [00:02<00:00, 23.70it/s]
 98%|█████████▊| 49/50 [00:02<00:00, 24.03it/s]
100%|██████████| 50/50 [00:02<00:00, 20.06it/s]


--- 1. Computing Semantic Vector Shift from Text ---
Loading BiomedCLIP Model: chuhac/BiomedCLIP-vit-bert-hf
Using Text Anchors: 'healthy breast' - 'tumor breast'
Injecting shift vector with alpha = 1.0
Target Embedding Shape (Input to SD): torch.Size([1, 4, 768])

--- 2. Loading Stable Diffusion Inpainting Model ---
Model ID: runwayml/stable-diffusion-inpainting

--- 3. Processing Image ---
Dilating mask by 3 iterations...

--- 4. Running Generation ---
Saving output to: /home/woojye2020/decs_jupyter_lab/MedCLIP-SAMv2/generated_neg_output/udiat_vector_injection_breast2/Benign/000016.png
Zero-Shot Translation Complete!

  -> Generating for: 000017.png

Loading pipeline components...:   0%|          | 0/7 [00:00<?, ?it/s]`torch_dtype` is deprecated! Use `dtype` instead!

Loading pipeline components...:  14%|█▍        | 1/7 [00:01<00:06,  1.11s/it]
Loading pipeline components...:  29%|██▊       | 2/7 [00:01<00:03,  1.40it/s]An error occurred while trying to fetch /home/woojye2020/.cache/huggingface/hub/models--runwayml--stable-diffusion-inpainting/snapshots/8a4288a76071f7280aedbdb3253bdb9e9d5d84bb/vae: Error no file named diffusion_pytorch_model.safetensors found in directory /home/woojye2020/.cache/huggingface/hub/models--runwayml--stable-diffusion-inpainting/snapshots/8a4288a76071f7280aedbdb3253bdb9e9d5d84bb/vae.
Defaulting to unsafe serialization. Pass `allow_pickle=False` to raise an error instead.

Loading pipeline components...:  57%|█████▋    | 4/7 [00:01<00:01,  2.54it/s]
Loading pipeline components...:  86%|████████▌ | 6/7 [00:02<00:00,  4.17it/s]An error occurred while trying to fetch /home/woojye2020/.cache/huggingface/hub/models--runwayml--stable-diffusion-inpainting/snapshots/8a4288a76071f7280aedbdb3253bdb9e9d5d84bb/unet: Error no file named diffusion_pytorch_model.safetensors found in directory /home/woojye2020/.cache/huggingface/hub/models--runwayml--stable-diffusion-inpainting/snapshots/8a4288a76071f7280aedbdb3253bdb9e9d5d84bb/unet.
Defaulting to unsafe serialization. Pass `allow_pickle=False` to raise an error instead.

Loading pipeline components...: 100%|██████████| 7/7 [00:02<00:00,  3.49it/s]
Loading pipeline components...: 100%|██████████| 7/7 [00:02<00:00,  2.78it/s]

  0%|          | 0/50 [00:00<?, ?it/s]
  2%|▏         | 1/50 [00:00<00:08,  5.86it/s]
  8%|▊         | 4/50 [00:00<00:02, 15.43it/s]
 14%|█▍        | 7/50 [00:00<00:02, 19.35it/s]
 20%|██        | 10/50 [00:00<00:01, 21.41it/s]
 26%|██▌       | 13/50 [00:00<00:01, 22.59it/s]
 32%|███▏      | 16/50 [00:00<00:01, 23.32it/s]
 38%|███▊      | 19/50 [00:00<00:01, 23.80it/s]
 44%|████▍     | 22/50 [00:01<00:01, 24.11it/s]
 50%|█████     | 25/50 [00:01<00:01, 24.24it/s]
 56%|█████▌    | 28/50 [00:01<00:00, 24.43it/s]
 62%|██████▏   | 31/50 [00:01<00:00, 24.54it/s]
 68%|██████▊   | 34/50 [00:01<00:00, 24.61it/s]
 74%|███████▍  | 37/50 [00:01<00:00, 24.65it/s]
 80%|████████  | 40/50 [00:01<00:00, 24.67it/s]
 86%|████████▌ | 43/50 [00:01<00:00, 24.70it/s]
 92%|█████████▏| 46/50 [00:01<00:00, 24.71it/s]
 98%|█████████▊| 49/50 [00:02<00:00, 24.71it/s]
100%|██████████| 50/50 [00:02<00:00, 23.27it/s]


--- 1. Computing Semantic Vector Shift from Text ---
Loading BiomedCLIP Model: chuhac/BiomedCLIP-vit-bert-hf
Using Text Anchors: 'healthy breast' - 'tumor breast'
Injecting shift vector with alpha = 1.0
Target Embedding Shape (Input to SD): torch.Size([1, 4, 768])

--- 2. Loading Stable Diffusion Inpainting Model ---
Model ID: runwayml/stable-diffusion-inpainting

--- 3. Processing Image ---
Dilating mask by 3 iterations...

--- 4. Running Generation ---
Saving output to: /home/woojye2020/decs_jupyter_lab/MedCLIP-SAMv2/generated_neg_output/udiat_vector_injection_breast2/Benign/000017.png
Zero-Shot Translation Complete!

  -> Generating for: 000019.png

Loading pipeline components...:   0%|          | 0/7 [00:00<?, ?it/s]
Loading pipeline components...:  14%|█▍        | 1/7 [00:00<00:01,  4.74it/s]An error occurred while trying to fetch /home/woojye2020/.cache/huggingface/hub/models--runwayml--stable-diffusion-inpainting/snapshots/8a4288a76071f7280aedbdb3253bdb9e9d5d84bb/vae: Error no file named diffusion_pytorch_model.safetensors found in directory /home/woojye2020/.cache/huggingface/hub/models--runwayml--stable-diffusion-inpainting/snapshots/8a4288a76071f7280aedbdb3253bdb9e9d5d84bb/vae.
Defaulting to unsafe serialization. Pass `allow_pickle=False` to raise an error instead.

Loading pipeline components...:  29%|██▊       | 2/7 [00:00<00:01,  2.78it/s]An error occurred while trying to fetch /home/woojye2020/.cache/huggingface/hub/models--runwayml--stable-diffusion-inpainting/snapshots/8a4288a76071f7280aedbdb3253bdb9e9d5d84bb/unet: Error no file named diffusion_pytorch_model.safetensors found in directory /home/woojye2020/.cache/huggingface/hub/models--runwayml--stable-diffusion-inpainting/snapshots/8a4288a76071f7280aedbdb3253bdb9e9d5d84bb/unet.
Defaulting to unsafe serialization. Pass `allow_pickle=False` to raise an error instead.

Loading pipeline components...:  57%|█████▋    | 4/7 [00:01<00:00,  3.52it/s]`torch_dtype` is deprecated! Use `dtype` instead!

Loading pipeline components...:  86%|████████▌ | 6/7 [00:02<00:00,  2.46it/s]
Loading pipeline components...: 100%|██████████| 7/7 [00:02<00:00,  2.37it/s]
Loading pipeline components...: 100%|██████████| 7/7 [00:02<00:00,  2.59it/s]

  0%|          | 0/50 [00:00<?, ?it/s]
  2%|▏         | 1/50 [00:00<00:08,  5.79it/s]
  6%|▌         | 3/50 [00:00<00:03, 12.11it/s]
 10%|█         | 5/50 [00:00<00:02, 15.14it/s]
 14%|█▍        | 7/50 [00:00<00:02, 16.86it/s]
 18%|█▊        | 9/50 [00:00<00:02, 17.90it/s]
 22%|██▏       | 11/50 [00:00<00:02, 18.55it/s]
 26%|██▌       | 13/50 [00:00<00:01, 18.99it/s]
 30%|███       | 15/50 [00:00<00:01, 19.28it/s]
 34%|███▍      | 17/50 [00:00<00:01, 19.48it/s]
 38%|███▊      | 19/50 [00:01<00:01, 19.63it/s]
 42%|████▏     | 21/50 [00:01<00:01, 19.73it/s]
 46%|████▌     | 23/50 [00:01<00:01, 19.80it/s]
 50%|█████     | 25/50 [00:01<00:01, 19.75it/s]
 56%|█████▌    | 28/50 [00:01<00:01, 19.85it/s]
 60%|██████    | 30/50 [00:01<00:01, 19.89it/s]
 64%|██████▍   | 32/50 [00:01<00:00, 19.90it/s]
 68%|██████▊   | 34/50 [00:01<00:00, 19.92it/s]
 72%|███████▏  | 36/50 [00:01<00:00, 19.94it/s]
 78%|███████▊  | 39/50 [00:02<00:00, 21.06it/s]
 84%|████████▍ | 42/50 [00:02<00:00, 22.24it/s]
 90%|█████████ | 45/50 [00:02<00:00, 23.03it/s]
 96%|█████████▌| 48/50 [00:02<00:00, 23.55it/s]
100%|██████████| 50/50 [00:02<00:00, 19.96it/s]


--- 1. Computing Semantic Vector Shift from Text ---
Loading BiomedCLIP Model: chuhac/BiomedCLIP-vit-bert-hf
Using Text Anchors: 'healthy breast' - 'tumor breast'
Injecting shift vector with alpha = 1.0
Target Embedding Shape (Input to SD): torch.Size([1, 4, 768])

--- 2. Loading Stable Diffusion Inpainting Model ---
Model ID: runwayml/stable-diffusion-inpainting

--- 3. Processing Image ---
Dilating mask by 3 iterations...

--- 4. Running Generation ---
Saving output to: /home/woojye2020/decs_jupyter_lab/MedCLIP-SAMv2/generated_neg_output/udiat_vector_injection_breast2/Benign/000019.png
Zero-Shot Translation Complete!

  -> Generating for: 000020.png

Loading pipeline components...:   0%|          | 0/7 [00:00<?, ?it/s]An error occurred while trying to fetch /home/woojye2020/.cache/huggingface/hub/models--runwayml--stable-diffusion-inpainting/snapshots/8a4288a76071f7280aedbdb3253bdb9e9d5d84bb/unet: Error no file named diffusion_pytorch_model.safetensors found in directory /home/woojye2020/.cache/huggingface/hub/models--runwayml--stable-diffusion-inpainting/snapshots/8a4288a76071f7280aedbdb3253bdb9e9d5d84bb/unet.
Defaulting to unsafe serialization. Pass `allow_pickle=False` to raise an error instead.

Loading pipeline components...:  14%|█▍        | 1/7 [00:01<00:07,  1.27s/it]`torch_dtype` is deprecated! Use `dtype` instead!

Loading pipeline components...:  43%|████▎     | 3/7 [00:02<00:03,  1.32it/s]
Loading pipeline components...:  57%|█████▋    | 4/7 [00:02<00:01,  1.52it/s]An error occurred while trying to fetch /home/woojye2020/.cache/huggingface/hub/models--runwayml--stable-diffusion-inpainting/snapshots/8a4288a76071f7280aedbdb3253bdb9e9d5d84bb/vae: Error no file named diffusion_pytorch_model.safetensors found in directory /home/woojye2020/.cache/huggingface/hub/models--runwayml--stable-diffusion-inpainting/snapshots/8a4288a76071f7280aedbdb3253bdb9e9d5d84bb/vae.
Defaulting to unsafe serialization. Pass `allow_pickle=False` to raise an error instead.

Loading pipeline components...:  71%|███████▏  | 5/7 [00:03<00:00,  2.08it/s]
Loading pipeline components...:  86%|████████▌ | 6/7 [00:03<00:00,  2.72it/s]
Loading pipeline components...: 100%|██████████| 7/7 [00:03<00:00,  2.21it/s]

  0%|          | 0/50 [00:00<?, ?it/s]
  2%|▏         | 1/50 [00:00<00:08,  5.88it/s]
  6%|▌         | 3/50 [00:00<00:03, 12.22it/s]
 12%|█▏        | 6/50 [00:00<00:02, 16.16it/s]
 18%|█▊        | 9/50 [00:00<00:02, 17.80it/s]
 24%|██▍       | 12/50 [00:00<00:02, 18.74it/s]
 30%|███       | 15/50 [00:00<00:01, 19.30it/s]
 36%|███▌      | 18/50 [00:01<00:01, 19.65it/s]
 42%|████▏     | 21/50 [00:01<00:01, 19.89it/s]
 46%|████▌     | 23/50 [00:01<00:01, 19.90it/s]
 52%|█████▏    | 26/50 [00:01<00:01, 20.02it/s]
 58%|█████▊    | 29/50 [00:01<00:01, 20.12it/s]
 64%|██████▍   | 32/50 [00:01<00:00, 20.24it/s]
 70%|███████   | 35/50 [00:01<00:00, 20.28it/s]
 76%|███████▌  | 38/50 [00:01<00:00, 21.40it/s]
 82%|████████▏ | 41/50 [00:02<00:00, 22.33it/s]
 88%|████████▊ | 44/50 [00:02<00:00, 23.03it/s]
 94%|█████████▍| 47/50 [00:02<00:00, 23.54it/s]
100%|██████████| 50/50 [00:02<00:00, 23.90it/s]
100%|██████████| 50/50 [00:02<00:00, 20.37it/s]


--- 1. Computing Semantic Vector Shift from Text ---
Loading BiomedCLIP Model: chuhac/BiomedCLIP-vit-bert-hf
Using Text Anchors: 'healthy breast' - 'tumor breast'
Injecting shift vector with alpha = 1.0
Target Embedding Shape (Input to SD): torch.Size([1, 4, 768])

--- 2. Loading Stable Diffusion Inpainting Model ---
Model ID: runwayml/stable-diffusion-inpainting

--- 3. Processing Image ---
Dilating mask by 3 iterations...

--- 4. Running Generation ---
Saving output to: /home/woojye2020/decs_jupyter_lab/MedCLIP-SAMv2/generated_neg_output/udiat_vector_injection_breast2/Benign/000020.png
Zero-Shot Translation Complete!

  -> Generating for: 000021.png

Loading pipeline components...:   0%|          | 0/7 [00:00<?, ?it/s]`torch_dtype` is deprecated! Use `dtype` instead!

Loading pipeline components...:  14%|█▍        | 1/7 [00:00<00:03,  1.71it/s]
Loading pipeline components...:  29%|██▊       | 2/7 [00:01<00:04,  1.10it/s]
Loading pipeline components...:  43%|████▎     | 3/7 [00:02<00:02,  1.59it/s]An error occurred while trying to fetch /home/woojye2020/.cache/huggingface/hub/models--runwayml--stable-diffusion-inpainting/snapshots/8a4288a76071f7280aedbdb3253bdb9e9d5d84bb/vae: Error no file named diffusion_pytorch_model.safetensors found in directory /home/woojye2020/.cache/huggingface/hub/models--runwayml--stable-diffusion-inpainting/snapshots/8a4288a76071f7280aedbdb3253bdb9e9d5d84bb/vae.
Defaulting to unsafe serialization. Pass `allow_pickle=False` to raise an error instead.

Loading pipeline components...:  71%|███████▏  | 5/7 [00:02<00:00,  3.25it/s]An error occurred while trying to fetch /home/woojye2020/.cache/huggingface/hub/models--runwayml--stable-diffusion-inpainting/snapshots/8a4288a76071f7280aedbdb3253bdb9e9d5d84bb/unet: Error no file named diffusion_pytorch_model.safetensors found in directory /home/woojye2020/.cache/huggingface/hub/models--runwayml--stable-diffusion-inpainting/snapshots/8a4288a76071f7280aedbdb3253bdb9e9d5d84bb/unet.
Defaulting to unsafe serialization. Pass `allow_pickle=False` to raise an error instead.

Loading pipeline components...:  86%|████████▌ | 6/7 [00:02<00:00,  2.84it/s]
Loading pipeline components...: 100%|██████████| 7/7 [00:02<00:00,  3.53it/s]
Loading pipeline components...: 100%|██████████| 7/7 [00:02<00:00,  2.57it/s]

  0%|          | 0/50 [00:00<?, ?it/s]
  2%|▏         | 1/50 [00:00<00:05,  8.56it/s]
  8%|▊         | 4/50 [00:00<00:02, 18.32it/s]
 14%|█▍        | 7/50 [00:00<00:02, 21.29it/s]
 20%|██        | 10/50 [00:00<00:01, 22.67it/s]
 26%|██▌       | 13/50 [00:00<00:01, 23.44it/s]
 32%|███▏      | 16/50 [00:00<00:01, 23.89it/s]
 38%|███▊      | 19/50 [00:00<00:01, 24.19it/s]
 44%|████▍     | 22/50 [00:00<00:01, 24.38it/s]
 50%|█████     | 25/50 [00:01<00:01, 24.49it/s]
 56%|█████▌    | 28/50 [00:01<00:00, 24.57it/s]
 62%|██████▏   | 31/50 [00:01<00:00, 24.63it/s]
 68%|██████▊   | 34/50 [00:01<00:00, 24.66it/s]
 74%|███████▍  | 37/50 [00:01<00:00, 24.70it/s]
 80%|████████  | 40/50 [00:01<00:00, 24.72it/s]
 86%|████████▌ | 43/50 [00:01<00:00, 24.71it/s]
 92%|█████████▏| 46/50 [00:01<00:00, 24.73it/s]
 98%|█████████▊| 49/50 [00:02<00:00, 24.72it/s]
100%|██████████| 50/50 [00:02<00:00, 23.86it/s]


--- 1. Computing Semantic Vector Shift from Text ---
Loading BiomedCLIP Model: chuhac/BiomedCLIP-vit-bert-hf
Using Text Anchors: 'healthy breast' - 'tumor breast'
Injecting shift vector with alpha = 1.0
Target Embedding Shape (Input to SD): torch.Size([1, 4, 768])

--- 2. Loading Stable Diffusion Inpainting Model ---
Model ID: runwayml/stable-diffusion-inpainting

--- 3. Processing Image ---
Dilating mask by 3 iterations...

--- 4. Running Generation ---
Saving output to: /home/woojye2020/decs_jupyter_lab/MedCLIP-SAMv2/generated_neg_output/udiat_vector_injection_breast2/Benign/000021.png
Zero-Shot Translation Complete!

  -> Generating for: 000022.png

Loading pipeline components...:   0%|          | 0/7 [00:00<?, ?it/s]
Loading pipeline components...:  14%|█▍        | 1/7 [00:00<00:02,  2.58it/s]An error occurred while trying to fetch /home/woojye2020/.cache/huggingface/hub/models--runwayml--stable-diffusion-inpainting/snapshots/8a4288a76071f7280aedbdb3253bdb9e9d5d84bb/vae: Error no file named diffusion_pytorch_model.safetensors found in directory /home/woojye2020/.cache/huggingface/hub/models--runwayml--stable-diffusion-inpainting/snapshots/8a4288a76071f7280aedbdb3253bdb9e9d5d84bb/vae.
Defaulting to unsafe serialization. Pass `allow_pickle=False` to raise an error instead.

Loading pipeline components...:  29%|██▊       | 2/7 [00:00<00:01,  4.23it/s]
Loading pipeline components...:  43%|████▎     | 3/7 [00:00<00:00,  5.57it/s]`torch_dtype` is deprecated! Use `dtype` instead!

Loading pipeline components...:  57%|█████▋    | 4/7 [00:01<00:00,  3.39it/s]
Loading pipeline components...:  71%|███████▏  | 5/7 [00:02<00:01,  1.73it/s]An error occurred while trying to fetch /home/woojye2020/.cache/huggingface/hub/models--runwayml--stable-diffusion-inpainting/snapshots/8a4288a76071f7280aedbdb3253bdb9e9d5d84bb/unet: Error no file named diffusion_pytorch_model.safetensors found in directory /home/woojye2020/.cache/huggingface/hub/models--runwayml--stable-diffusion-inpainting/snapshots/8a4288a76071f7280aedbdb3253bdb9e9d5d84bb/unet.
Defaulting to unsafe serialization. Pass `allow_pickle=False` to raise an error instead.

Loading pipeline components...: 100%|██████████| 7/7 [00:02<00:00,  2.40it/s]
Loading pipeline components...: 100%|██████████| 7/7 [00:02<00:00,  2.59it/s]

  0%|          | 0/50 [00:00<?, ?it/s]
  2%|▏         | 1/50 [00:00<00:08,  5.96it/s]
  8%|▊         | 4/50 [00:00<00:03, 14.20it/s]
 14%|█▍        | 7/50 [00:00<00:02, 17.20it/s]
 20%|██        | 10/50 [00:00<00:02, 18.76it/s]
 26%|██▌       | 13/50 [00:00<00:01, 19.65it/s]
 32%|███▏      | 16/50 [00:00<00:01, 20.19it/s]
 38%|███▊      | 19/50 [00:01<00:01, 20.76it/s]
 44%|████▍     | 22/50 [00:01<00:01, 21.94it/s]
 50%|█████     | 25/50 [00:01<00:01, 22.79it/s]
 56%|█████▌    | 28/50 [00:01<00:00, 23.38it/s]
 62%|██████▏   | 31/50 [00:01<00:00, 23.79it/s]
 68%|██████▊   | 34/50 [00:01<00:00, 24.04it/s]
 74%|███████▍  | 37/50 [00:01<00:00, 24.20it/s]
 80%|████████  | 40/50 [00:01<00:00, 24.32it/s]
 86%|████████▌ | 43/50 [00:01<00:00, 24.45it/s]
 92%|█████████▏| 46/50 [00:02<00:00, 24.55it/s]
 98%|█████████▊| 49/50 [00:02<00:00, 24.62it/s]
100%|██████████| 50/50 [00:02<00:00, 22.07it/s]


--- 1. Computing Semantic Vector Shift from Text ---
Loading BiomedCLIP Model: chuhac/BiomedCLIP-vit-bert-hf
Using Text Anchors: 'healthy breast' - 'tumor breast'
Injecting shift vector with alpha = 1.0
Target Embedding Shape (Input to SD): torch.Size([1, 4, 768])

--- 2. Loading Stable Diffusion Inpainting Model ---
Model ID: runwayml/stable-diffusion-inpainting

--- 3. Processing Image ---
Dilating mask by 3 iterations...

--- 4. Running Generation ---
Saving output to: /home/woojye2020/decs_jupyter_lab/MedCLIP-SAMv2/generated_neg_output/udiat_vector_injection_breast2/Benign/000022.png
Zero-Shot Translation Complete!

  -> Generating for: 000026.png

Loading pipeline components...:   0%|          | 0/7 [00:00<?, ?it/s]
Loading pipeline components...:  14%|█▍        | 1/7 [00:00<00:03,  1.55it/s]`torch_dtype` is deprecated! Use `dtype` instead!

Loading pipeline components...:  43%|████▎     | 3/7 [00:01<00:01,  2.70it/s]
Loading pipeline components...:  57%|█████▋    | 4/7 [00:02<00:01,  1.58it/s]
Loading pipeline components...:  71%|███████▏  | 5/7 [00:02<00:00,  2.15it/s]An error occurred while trying to fetch /home/woojye2020/.cache/huggingface/hub/models--runwayml--stable-diffusion-inpainting/snapshots/8a4288a76071f7280aedbdb3253bdb9e9d5d84bb/unet: Error no file named diffusion_pytorch_model.safetensors found in directory /home/woojye2020/.cache/huggingface/hub/models--runwayml--stable-diffusion-inpainting/snapshots/8a4288a76071f7280aedbdb3253bdb9e9d5d84bb/unet.
Defaulting to unsafe serialization. Pass `allow_pickle=False` to raise an error instead.

Loading pipeline components...:  86%|████████▌ | 6/7 [00:02<00:00,  2.09it/s]An error occurred while trying to fetch /home/woojye2020/.cache/huggingface/hub/models--runwayml--stable-diffusion-inpainting/snapshots/8a4288a76071f7280aedbdb3253bdb9e9d5d84bb/vae: Error no file named diffusion_pytorch_model.safetensors found in directory /home/woojye2020/.cache/huggingface/hub/models--runwayml--stable-diffusion-inpainting/snapshots/8a4288a76071f7280aedbdb3253bdb9e9d5d84bb/vae.
Defaulting to unsafe serialization. Pass `allow_pickle=False` to raise an error instead.

Loading pipeline components...: 100%|██████████| 7/7 [00:03<00:00,  2.73it/s]
Loading pipeline components...: 100%|██████████| 7/7 [00:03<00:00,  2.27it/s]

  0%|          | 0/50 [00:00<?, ?it/s]
  2%|▏         | 1/50 [00:00<00:08,  5.98it/s]
  8%|▊         | 4/50 [00:00<00:03, 13.97it/s]
 14%|█▍        | 7/50 [00:00<00:02, 16.88it/s]
 20%|██        | 10/50 [00:00<00:02, 18.24it/s]
 26%|██▌       | 13/50 [00:00<00:01, 18.98it/s]
 32%|███▏      | 16/50 [00:00<00:01, 19.44it/s]
 38%|███▊      | 19/50 [00:01<00:01, 19.75it/s]
 44%|████▍     | 22/50 [00:01<00:01, 19.94it/s]
 50%|█████     | 25/50 [00:01<00:01, 20.09it/s]
 56%|█████▌    | 28/50 [00:01<00:01, 20.19it/s]
 62%|██████▏   | 31/50 [00:01<00:00, 20.30it/s]
 68%|██████▊   | 34/50 [00:01<00:00, 20.42it/s]
 74%|███████▍  | 37/50 [00:01<00:00, 20.45it/s]
 80%|████████  | 40/50 [00:02<00:00, 20.52it/s]
 86%|████████▌ | 43/50 [00:02<00:00, 20.78it/s]
 92%|█████████▏| 46/50 [00:02<00:00, 21.84it/s]
 98%|█████████▊| 49/50 [00:02<00:00, 22.64it/s]
100%|██████████| 50/50 [00:02<00:00, 20.02it/s]


--- 1. Computing Semantic Vector Shift from Text ---
Loading BiomedCLIP Model: chuhac/BiomedCLIP-vit-bert-hf
Using Text Anchors: 'healthy breast' - 'tumor breast'
Injecting shift vector with alpha = 1.0
Target Embedding Shape (Input to SD): torch.Size([1, 4, 768])

--- 2. Loading Stable Diffusion Inpainting Model ---
Model ID: runwayml/stable-diffusion-inpainting

--- 3. Processing Image ---
Dilating mask by 3 iterations...

--- 4. Running Generation ---
Saving output to: /home/woojye2020/decs_jupyter_lab/MedCLIP-SAMv2/generated_neg_output/udiat_vector_injection_breast2/Benign/000026.png
Zero-Shot Translation Complete!

  -> Generating for: 000032.png

Loading pipeline components...:   0%|          | 0/7 [00:00<?, ?it/s]An error occurred while trying to fetch /home/woojye2020/.cache/huggingface/hub/models--runwayml--stable-diffusion-inpainting/snapshots/8a4288a76071f7280aedbdb3253bdb9e9d5d84bb/unet: Error no file named diffusion_pytorch_model.safetensors found in directory /home/woojye2020/.cache/huggingface/hub/models--runwayml--stable-diffusion-inpainting/snapshots/8a4288a76071f7280aedbdb3253bdb9e9d5d84bb/unet.
Defaulting to unsafe serialization. Pass `allow_pickle=False` to raise an error instead.

Loading pipeline components...:  14%|█▍        | 1/7 [00:01<00:06,  1.02s/it]`torch_dtype` is deprecated! Use `dtype` instead!

Loading pipeline components...:  29%|██▊       | 2/7 [00:02<00:05,  1.02s/it]An error occurred while trying to fetch /home/woojye2020/.cache/huggingface/hub/models--runwayml--stable-diffusion-inpainting/snapshots/8a4288a76071f7280aedbdb3253bdb9e9d5d84bb/vae: Error no file named diffusion_pytorch_model.safetensors found in directory /home/woojye2020/.cache/huggingface/hub/models--runwayml--stable-diffusion-inpainting/snapshots/8a4288a76071f7280aedbdb3253bdb9e9d5d84bb/vae.
Defaulting to unsafe serialization. Pass `allow_pickle=False` to raise an error instead.

Loading pipeline components...:  71%|███████▏  | 5/7 [00:02<00:00,  3.11it/s]
Loading pipeline components...: 100%|██████████| 7/7 [00:02<00:00,  3.47it/s]
Loading pipeline components...: 100%|██████████| 7/7 [00:02<00:00,  2.64it/s]

  0%|          | 0/50 [00:00<?, ?it/s]
  2%|▏         | 1/50 [00:00<00:08,  5.86it/s]
  8%|▊         | 4/50 [00:00<00:03, 15.22it/s]
 14%|█▍        | 7/50 [00:00<00:02, 19.22it/s]
 20%|██        | 10/50 [00:00<00:01, 21.27it/s]
 26%|██▌       | 13/50 [00:00<00:01, 22.48it/s]
 32%|███▏      | 16/50 [00:00<00:01, 23.23it/s]
 38%|███▊      | 19/50 [00:00<00:01, 23.71it/s]
 44%|████▍     | 22/50 [00:01<00:01, 24.03it/s]
 50%|█████     | 25/50 [00:01<00:01, 24.19it/s]
 56%|█████▌    | 28/50 [00:01<00:00, 24.37it/s]
 62%|██████▏   | 31/50 [00:01<00:00, 24.49it/s]
 68%|██████▊   | 34/50 [00:01<00:00, 24.58it/s]
 74%|███████▍  | 37/50 [00:01<00:00, 24.64it/s]
 80%|████████  | 40/50 [00:01<00:00, 24.67it/s]
 86%|████████▌ | 43/50 [00:01<00:00, 24.68it/s]
 92%|█████████▏| 46/50 [00:01<00:00, 24.65it/s]
 98%|█████████▊| 49/50 [00:02<00:00, 24.66it/s]
100%|██████████| 50/50 [00:02<00:00, 23.20it/s]


--- 1. Computing Semantic Vector Shift from Text ---
Loading BiomedCLIP Model: chuhac/BiomedCLIP-vit-bert-hf
Using Text Anchors: 'healthy breast' - 'tumor breast'
Injecting shift vector with alpha = 1.0
Target Embedding Shape (Input to SD): torch.Size([1, 4, 768])

--- 2. Loading Stable Diffusion Inpainting Model ---
Model ID: runwayml/stable-diffusion-inpainting

--- 3. Processing Image ---
Dilating mask by 3 iterations...

--- 4. Running Generation ---
Saving output to: /home/woojye2020/decs_jupyter_lab/MedCLIP-SAMv2/generated_neg_output/udiat_vector_injection_breast2/Benign/000032.png
Zero-Shot Translation Complete!

  -> Generating for: 000033.png

Loading pipeline components...:   0%|          | 0/7 [00:00<?, ?it/s]
Loading pipeline components...:  14%|█▍        | 1/7 [00:00<00:01,  4.81it/s]`torch_dtype` is deprecated! Use `dtype` instead!

Loading pipeline components...:  29%|██▊       | 2/7 [00:01<00:03,  1.30it/s]
Loading pipeline components...:  43%|████▎     | 3/7 [00:01<00:02,  1.53it/s]An error occurred while trying to fetch /home/woojye2020/.cache/huggingface/hub/models--runwayml--stable-diffusion-inpainting/snapshots/8a4288a76071f7280aedbdb3253bdb9e9d5d84bb/unet: Error no file named diffusion_pytorch_model.safetensors found in directory /home/woojye2020/.cache/huggingface/hub/models--runwayml--stable-diffusion-inpainting/snapshots/8a4288a76071f7280aedbdb3253bdb9e9d5d84bb/unet.
Defaulting to unsafe serialization. Pass `allow_pickle=False` to raise an error instead.

Loading pipeline components...:  57%|█████▋    | 4/7 [00:02<00:02,  1.46it/s]An error occurred while trying to fetch /home/woojye2020/.cache/huggingface/hub/models--runwayml--stable-diffusion-inpainting/snapshots/8a4288a76071f7280aedbdb3253bdb9e9d5d84bb/vae: Error no file named diffusion_pytorch_model.safetensors found in directory /home/woojye2020/.cache/huggingface/hub/models--runwayml--stable-diffusion-inpainting/snapshots/8a4288a76071f7280aedbdb3253bdb9e9d5d84bb/vae.
Defaulting to unsafe serialization. Pass `allow_pickle=False` to raise an error instead.

Loading pipeline components...:  86%|████████▌ | 6/7 [00:02<00:00,  2.80it/s]
Loading pipeline components...: 100%|██████████| 7/7 [00:02<00:00,  2.54it/s]

  0%|          | 0/50 [00:00<?, ?it/s]
  2%|▏         | 1/50 [00:00<00:08,  5.98it/s]
  8%|▊         | 4/50 [00:00<00:03, 14.05it/s]
 14%|█▍        | 7/50 [00:00<00:02, 17.02it/s]
 20%|██        | 10/50 [00:00<00:02, 18.48it/s]
 26%|██▌       | 13/50 [00:00<00:01, 19.32it/s]
 32%|███▏      | 16/50 [00:00<00:01, 19.84it/s]
 38%|███▊      | 19/50 [00:01<00:01, 20.17it/s]
 44%|████▍     | 22/50 [00:01<00:01, 20.40it/s]
 50%|█████     | 25/50 [00:01<00:01, 20.55it/s]
 56%|█████▌    | 28/50 [00:01<00:01, 20.66it/s]
 62%|██████▏   | 31/50 [00:01<00:00, 20.73it/s]
 68%|██████▊   | 34/50 [00:01<00:00, 20.78it/s]
 74%|███████▍  | 37/50 [00:01<00:00, 21.50it/s]
 80%|████████  | 40/50 [00:02<00:00, 22.39it/s]
 86%|████████▌ | 43/50 [00:02<00:00, 23.06it/s]
 92%|█████████▏| 46/50 [00:02<00:00, 23.55it/s]
 98%|█████████▊| 49/50 [00:02<00:00, 23.90it/s]
100%|██████████| 50/50 [00:02<00:00, 20.79it/s]


--- 1. Computing Semantic Vector Shift from Text ---
Loading BiomedCLIP Model: chuhac/BiomedCLIP-vit-bert-hf
Using Text Anchors: 'healthy breast' - 'tumor breast'
Injecting shift vector with alpha = 1.0
Target Embedding Shape (Input to SD): torch.Size([1, 4, 768])

--- 2. Loading Stable Diffusion Inpainting Model ---
Model ID: runwayml/stable-diffusion-inpainting

--- 3. Processing Image ---
Dilating mask by 3 iterations...

--- 4. Running Generation ---
Saving output to: /home/woojye2020/decs_jupyter_lab/MedCLIP-SAMv2/generated_neg_output/udiat_vector_injection_breast2/Benign/000033.png
Zero-Shot Translation Complete!

  -> Generating for: 000034.png

Loading pipeline components...:   0%|          | 0/7 [00:00<?, ?it/s]An error occurred while trying to fetch /home/woojye2020/.cache/huggingface/hub/models--runwayml--stable-diffusion-inpainting/snapshots/8a4288a76071f7280aedbdb3253bdb9e9d5d84bb/vae: Error no file named diffusion_pytorch_model.safetensors found in directory /home/woojye2020/.cache/huggingface/hub/models--runwayml--stable-diffusion-inpainting/snapshots/8a4288a76071f7280aedbdb3253bdb9e9d5d84bb/vae.
Defaulting to unsafe serialization. Pass `allow_pickle=False` to raise an error instead.

Loading pipeline components...:  14%|█▍        | 1/7 [00:00<00:04,  1.29it/s]`torch_dtype` is deprecated! Use `dtype` instead!

Loading pipeline components...:  29%|██▊       | 2/7 [00:01<00:03,  1.58it/s]
Loading pipeline components...:  57%|█████▋    | 4/7 [00:01<00:00,  3.63it/s]An error occurred while trying to fetch /home/woojye2020/.cache/huggingface/hub/models--runwayml--stable-diffusion-inpainting/snapshots/8a4288a76071f7280aedbdb3253bdb9e9d5d84bb/unet: Error no file named diffusion_pytorch_model.safetensors found in directory /home/woojye2020/.cache/huggingface/hub/models--runwayml--stable-diffusion-inpainting/snapshots/8a4288a76071f7280aedbdb3253bdb9e9d5d84bb/unet.
Defaulting to unsafe serialization. Pass `allow_pickle=False` to raise an error instead.

Loading pipeline components...:  86%|████████▌ | 6/7 [00:01<00:00,  3.76it/s]
Loading pipeline components...: 100%|██████████| 7/7 [00:03<00:00,  2.03it/s]
Loading pipeline components...: 100%|██████████| 7/7 [00:03<00:00,  2.25it/s]

  0%|          | 0/50 [00:00<?, ?it/s]
  2%|▏         | 1/50 [00:00<00:08,  6.01it/s]
  8%|▊         | 4/50 [00:00<00:03, 14.17it/s]
 14%|█▍        | 7/50 [00:00<00:02, 17.16it/s]
 20%|██        | 10/50 [00:00<00:02, 18.65it/s]
 26%|██▌       | 13/50 [00:00<00:01, 19.49it/s]
 32%|███▏      | 16/50 [00:00<00:01, 20.02it/s]
 38%|███▊      | 19/50 [00:01<00:01, 20.33it/s]
 44%|████▍     | 22/50 [00:01<00:01, 20.57it/s]
 50%|█████     | 25/50 [00:01<00:01, 20.65it/s]
 56%|█████▌    | 28/50 [00:01<00:01, 20.76it/s]
 62%|██████▏   | 31/50 [00:01<00:00, 20.84it/s]
 68%|██████▊   | 34/50 [00:01<00:00, 20.90it/s]
 74%|███████▍  | 37/50 [00:01<00:00, 20.92it/s]
 80%|████████  | 40/50 [00:02<00:00, 21.00it/s]
 86%|████████▌ | 43/50 [00:02<00:00, 21.05it/s]
 92%|█████████▏| 46/50 [00:02<00:00, 21.09it/s]
 98%|█████████▊| 49/50 [00:02<00:00, 21.68it/s]
100%|██████████| 50/50 [00:02<00:00, 20.18it/s]


--- 1. Computing Semantic Vector Shift from Text ---
Loading BiomedCLIP Model: chuhac/BiomedCLIP-vit-bert-hf
Using Text Anchors: 'healthy breast' - 'tumor breast'
Injecting shift vector with alpha = 1.0
Target Embedding Shape (Input to SD): torch.Size([1, 4, 768])

--- 2. Loading Stable Diffusion Inpainting Model ---
Model ID: runwayml/stable-diffusion-inpainting

--- 3. Processing Image ---
Dilating mask by 3 iterations...

--- 4. Running Generation ---
Saving output to: /home/woojye2020/decs_jupyter_lab/MedCLIP-SAMv2/generated_neg_output/udiat_vector_injection_breast2/Benign/000034.png
Zero-Shot Translation Complete!

  -> Generating for: 000035.png

Loading pipeline components...:   0%|          | 0/7 [00:00<?, ?it/s]`torch_dtype` is deprecated! Use `dtype` instead!

Loading pipeline components...:  14%|█▍        | 1/7 [00:01<00:07,  1.22s/it]
Loading pipeline components...:  29%|██▊       | 2/7 [00:01<00:03,  1.44it/s]
Loading pipeline components...:  43%|████▎     | 3/7 [00:01<00:02,  1.85it/s]An error occurred while trying to fetch /home/woojye2020/.cache/huggingface/hub/models--runwayml--stable-diffusion-inpainting/snapshots/8a4288a76071f7280aedbdb3253bdb9e9d5d84bb/vae: Error no file named diffusion_pytorch_model.safetensors found in directory /home/woojye2020/.cache/huggingface/hub/models--runwayml--stable-diffusion-inpainting/snapshots/8a4288a76071f7280aedbdb3253bdb9e9d5d84bb/vae.
Defaulting to unsafe serialization. Pass `allow_pickle=False` to raise an error instead.

Loading pipeline components...:  71%|███████▏  | 5/7 [00:02<00:00,  3.75it/s]An error occurred while trying to fetch /home/woojye2020/.cache/huggingface/hub/models--runwayml--stable-diffusion-inpainting/snapshots/8a4288a76071f7280aedbdb3253bdb9e9d5d84bb/unet: Error no file named diffusion_pytorch_model.safetensors found in directory /home/woojye2020/.cache/huggingface/hub/models--runwayml--stable-diffusion-inpainting/snapshots/8a4288a76071f7280aedbdb3253bdb9e9d5d84bb/unet.
Defaulting to unsafe serialization. Pass `allow_pickle=False` to raise an error instead.

Loading pipeline components...:  86%|████████▌ | 6/7 [00:02<00:00,  3.13it/s]
Loading pipeline components...: 100%|██████████| 7/7 [00:02<00:00,  3.83it/s]
Loading pipeline components...: 100%|██████████| 7/7 [00:02<00:00,  2.71it/s]

  0%|          | 0/50 [00:00<?, ?it/s]
  2%|▏         | 1/50 [00:00<00:08,  5.94it/s]
  6%|▌         | 3/50 [00:00<00:03, 12.36it/s]
 10%|█         | 5/50 [00:00<00:02, 15.33it/s]
 16%|█▌        | 8/50 [00:00<00:02, 17.55it/s]
 22%|██▏       | 11/50 [00:00<00:02, 18.59it/s]
 28%|██▊       | 14/50 [00:00<00:01, 19.19it/s]
 34%|███▍      | 17/50 [00:00<00:01, 19.53it/s]
 40%|████      | 20/50 [00:01<00:01, 19.76it/s]
 46%|████▌     | 23/50 [00:01<00:01, 19.92it/s]
 52%|█████▏    | 26/50 [00:01<00:01, 20.01it/s]
 58%|█████▊    | 29/50 [00:01<00:00, 21.11it/s]
 64%|██████▍   | 32/50 [00:01<00:00, 22.10it/s]
 70%|███████   | 35/50 [00:01<00:00, 22.85it/s]
 76%|███████▌  | 38/50 [00:01<00:00, 23.40it/s]
 82%|████████▏ | 41/50 [00:02<00:00, 23.80it/s]
 88%|████████▊ | 44/50 [00:02<00:00, 24.04it/s]
 94%|█████████▍| 47/50 [00:02<00:00, 24.19it/s]
100%|██████████| 50/50 [00:02<00:00, 24.33it/s]
100%|██████████| 50/50 [00:02<00:00, 20.97it/s]


--- 1. Computing Semantic Vector Shift from Text ---
Loading BiomedCLIP Model: chuhac/BiomedCLIP-vit-bert-hf
Using Text Anchors: 'healthy breast' - 'tumor breast'
Injecting shift vector with alpha = 1.0
Target Embedding Shape (Input to SD): torch.Size([1, 4, 768])

--- 2. Loading Stable Diffusion Inpainting Model ---
Model ID: runwayml/stable-diffusion-inpainting

--- 3. Processing Image ---
Dilating mask by 3 iterations...

--- 4. Running Generation ---
Saving output to: /home/woojye2020/decs_jupyter_lab/MedCLIP-SAMv2/generated_neg_output/udiat_vector_injection_breast2/Benign/000035.png
Zero-Shot Translation Complete!

  -> Generating for: 000036.png

Loading pipeline components...:   0%|          | 0/7 [00:00<?, ?it/s]
Loading pipeline components...:  14%|█▍        | 1/7 [00:00<00:01,  4.73it/s]`torch_dtype` is deprecated! Use `dtype` instead!

Loading pipeline components...:  29%|██▊       | 2/7 [00:01<00:03,  1.32it/s]An error occurred while trying to fetch /home/woojye2020/.cache/huggingface/hub/models--runwayml--stable-diffusion-inpainting/snapshots/8a4288a76071f7280aedbdb3253bdb9e9d5d84bb/unet: Error no file named diffusion_pytorch_model.safetensors found in directory /home/woojye2020/.cache/huggingface/hub/models--runwayml--stable-diffusion-inpainting/snapshots/8a4288a76071f7280aedbdb3253bdb9e9d5d84bb/unet.
Defaulting to unsafe serialization. Pass `allow_pickle=False` to raise an error instead.

Loading pipeline components...:  43%|████▎     | 3/7 [00:02<00:03,  1.29it/s]An error occurred while trying to fetch /home/woojye2020/.cache/huggingface/hub/models--runwayml--stable-diffusion-inpainting/snapshots/8a4288a76071f7280aedbdb3253bdb9e9d5d84bb/vae: Error no file named diffusion_pytorch_model.safetensors found in directory /home/woojye2020/.cache/huggingface/hub/models--runwayml--stable-diffusion-inpainting/snapshots/8a4288a76071f7280aedbdb3253bdb9e9d5d84bb/vae.
Defaulting to unsafe serialization. Pass `allow_pickle=False` to raise an error instead.

Loading pipeline components...:  57%|█████▋    | 4/7 [00:02<00:01,  1.94it/s]
Loading pipeline components...:  86%|████████▌ | 6/7 [00:02<00:00,  2.76it/s]
Loading pipeline components...: 100%|██████████| 7/7 [00:02<00:00,  2.56it/s]

  0%|          | 0/50 [00:00<?, ?it/s]
  2%|▏         | 1/50 [00:00<00:08,  5.74it/s]
  6%|▌         | 3/50 [00:00<00:03, 12.04it/s]
 10%|█         | 5/50 [00:00<00:02, 15.09it/s]
 14%|█▍        | 7/50 [00:00<00:02, 16.72it/s]
 18%|█▊        | 9/50 [00:00<00:02, 17.77it/s]
 22%|██▏       | 11/50 [00:00<00:02, 18.45it/s]
 26%|██▌       | 13/50 [00:00<00:01, 18.90it/s]
 30%|███       | 15/50 [00:00<00:01, 19.19it/s]
 34%|███▍      | 17/50 [00:00<00:01, 19.41it/s]
 38%|███▊      | 19/50 [00:01<00:01, 19.58it/s]
 42%|████▏     | 21/50 [00:01<00:01, 19.68it/s]
 46%|████▌     | 23/50 [00:01<00:01, 19.69it/s]
 50%|█████     | 25/50 [00:01<00:01, 19.76it/s]
 54%|█████▍    | 27/50 [00:01<00:01, 19.81it/s]
 58%|█████▊    | 29/50 [00:01<00:01, 19.85it/s]
 64%|██████▍   | 32/50 [00:01<00:00, 20.87it/s]
 70%|███████   | 35/50 [00:01<00:00, 22.11it/s]
 76%|███████▌  | 38/50 [00:01<00:00, 22.93it/s]
 82%|████████▏ | 41/50 [00:02<00:00, 23.49it/s]
 88%|████████▊ | 44/50 [00:02<00:00, 23.85it/s]
 94%|█████████▍| 47/50 [00:02<00:00, 24.13it/s]
100%|██████████| 50/50 [00:02<00:00, 24.29it/s]
100%|██████████| 50/50 [00:02<00:00, 20.43it/s]


--- 1. Computing Semantic Vector Shift from Text ---
Loading BiomedCLIP Model: chuhac/BiomedCLIP-vit-bert-hf
Using Text Anchors: 'healthy breast' - 'tumor breast'
Injecting shift vector with alpha = 1.0
Target Embedding Shape (Input to SD): torch.Size([1, 4, 768])

--- 2. Loading Stable Diffusion Inpainting Model ---
Model ID: runwayml/stable-diffusion-inpainting

--- 3. Processing Image ---
Dilating mask by 3 iterations...

--- 4. Running Generation ---
Saving output to: /home/woojye2020/decs_jupyter_lab/MedCLIP-SAMv2/generated_neg_output/udiat_vector_injection_breast2/Benign/000036.png
Zero-Shot Translation Complete!

  -> Generating for: 000037.png

Loading pipeline components...:   0%|          | 0/7 [00:00<?, ?it/s]`torch_dtype` is deprecated! Use `dtype` instead!

Loading pipeline components...:  14%|█▍        | 1/7 [00:00<00:03,  1.87it/s]An error occurred while trying to fetch /home/woojye2020/.cache/huggingface/hub/models--runwayml--stable-diffusion-inpainting/snapshots/8a4288a76071f7280aedbdb3253bdb9e9d5d84bb/unet: Error no file named diffusion_pytorch_model.safetensors found in directory /home/woojye2020/.cache/huggingface/hub/models--runwayml--stable-diffusion-inpainting/snapshots/8a4288a76071f7280aedbdb3253bdb9e9d5d84bb/unet.
Defaulting to unsafe serialization. Pass `allow_pickle=False` to raise an error instead.

Loading pipeline components...:  29%|██▊       | 2/7 [00:01<00:03,  1.47it/s]An error occurred while trying to fetch /home/woojye2020/.cache/huggingface/hub/models--runwayml--stable-diffusion-inpainting/snapshots/8a4288a76071f7280aedbdb3253bdb9e9d5d84bb/vae: Error no file named diffusion_pytorch_model.safetensors found in directory /home/woojye2020/.cache/huggingface/hub/models--runwayml--stable-diffusion-inpainting/snapshots/8a4288a76071f7280aedbdb3253bdb9e9d5d84bb/vae.
Defaulting to unsafe serialization. Pass `allow_pickle=False` to raise an error instead.

Loading pipeline components...:  57%|█████▋    | 4/7 [00:01<00:00,  3.48it/s]
Loading pipeline components...:  71%|███████▏  | 5/7 [00:02<00:01,  1.84it/s]
Loading pipeline components...: 100%|██████████| 7/7 [00:02<00:00,  3.17it/s]
Loading pipeline components...: 100%|██████████| 7/7 [00:02<00:00,  2.64it/s]

  0%|          | 0/50 [00:00<?, ?it/s]
  2%|▏         | 1/50 [00:00<00:08,  6.02it/s]
  8%|▊         | 4/50 [00:00<00:02, 15.38it/s]
 14%|█▍        | 7/50 [00:00<00:02, 19.32it/s]
 20%|██        | 10/50 [00:00<00:01, 21.36it/s]
 26%|██▌       | 13/50 [00:00<00:01, 22.55it/s]
 32%|███▏      | 16/50 [00:00<00:01, 23.28it/s]
 38%|███▊      | 19/50 [00:00<00:01, 23.76it/s]
 44%|████▍     | 22/50 [00:01<00:01, 24.08it/s]
 50%|█████     | 25/50 [00:01<00:01, 24.26it/s]
 56%|█████▌    | 28/50 [00:01<00:00, 24.41it/s]
 62%|██████▏   | 31/50 [00:01<00:00, 24.51it/s]
 68%|██████▊   | 34/50 [00:01<00:00, 24.57it/s]
 74%|███████▍  | 37/50 [00:01<00:00, 24.65it/s]
 80%|████████  | 40/50 [00:01<00:00, 24.66it/s]
 86%|████████▌ | 43/50 [00:01<00:00, 24.69it/s]
 92%|█████████▏| 46/50 [00:01<00:00, 24.68it/s]
 98%|█████████▊| 49/50 [00:02<00:00, 24.68it/s]
100%|██████████| 50/50 [00:02<00:00, 23.26it/s]


--- 1. Computing Semantic Vector Shift from Text ---
Loading BiomedCLIP Model: chuhac/BiomedCLIP-vit-bert-hf
Using Text Anchors: 'healthy breast' - 'tumor breast'
Injecting shift vector with alpha = 1.0
Target Embedding Shape (Input to SD): torch.Size([1, 4, 768])

--- 2. Loading Stable Diffusion Inpainting Model ---
Model ID: runwayml/stable-diffusion-inpainting

--- 3. Processing Image ---
Dilating mask by 3 iterations...

--- 4. Running Generation ---
Saving output to: /home/woojye2020/decs_jupyter_lab/MedCLIP-SAMv2/generated_neg_output/udiat_vector_injection_breast2/Benign/000037.png
Zero-Shot Translation Complete!

  -> Generating for: 000038.png

Loading pipeline components...:   0%|          | 0/7 [00:00<?, ?it/s]
Loading pipeline components...:  14%|█▍        | 1/7 [00:00<00:01,  4.78it/s]`torch_dtype` is deprecated! Use `dtype` instead!

Loading pipeline components...:  29%|██▊       | 2/7 [00:00<00:02,  2.46it/s]
Loading pipeline components...:  43%|████▎     | 3/7 [00:01<00:01,  2.94it/s]An error occurred while trying to fetch /home/woojye2020/.cache/huggingface/hub/models--runwayml--stable-diffusion-inpainting/snapshots/8a4288a76071f7280aedbdb3253bdb9e9d5d84bb/unet: Error no file named diffusion_pytorch_model.safetensors found in directory /home/woojye2020/.cache/huggingface/hub/models--runwayml--stable-diffusion-inpainting/snapshots/8a4288a76071f7280aedbdb3253bdb9e9d5d84bb/unet.
Defaulting to unsafe serialization. Pass `allow_pickle=False` to raise an error instead.

Loading pipeline components...:  57%|█████▋    | 4/7 [00:01<00:01,  2.51it/s]An error occurred while trying to fetch /home/woojye2020/.cache/huggingface/hub/models--runwayml--stable-diffusion-inpainting/snapshots/8a4288a76071f7280aedbdb3253bdb9e9d5d84bb/vae: Error no file named diffusion_pytorch_model.safetensors found in directory /home/woojye2020/.cache/huggingface/hub/models--runwayml--stable-diffusion-inpainting/snapshots/8a4288a76071f7280aedbdb3253bdb9e9d5d84bb/vae.
Defaulting to unsafe serialization. Pass `allow_pickle=False` to raise an error instead.

Loading pipeline components...:  71%|███████▏  | 5/7 [00:01<00:00,  3.35it/s]
Loading pipeline components...: 100%|██████████| 7/7 [00:02<00:00,  2.40it/s]
Loading pipeline components...: 100%|██████████| 7/7 [00:02<00:00,  2.60it/s]

  0%|          | 0/50 [00:00<?, ?it/s]
  2%|▏         | 1/50 [00:00<00:08,  5.98it/s]
  8%|▊         | 4/50 [00:00<00:03, 14.11it/s]
 14%|█▍        | 7/50 [00:00<00:02, 17.11it/s]
 20%|██        | 10/50 [00:00<00:02, 18.60it/s]
 26%|██▌       | 13/50 [00:00<00:01, 19.81it/s]
 32%|███▏      | 16/50 [00:00<00:01, 21.33it/s]
 38%|███▊      | 19/50 [00:00<00:01, 22.37it/s]
 44%|████▍     | 22/50 [00:01<00:01, 23.10it/s]
 50%|█████     | 25/50 [00:01<00:01, 23.61it/s]
 56%|█████▌    | 28/50 [00:01<00:00, 23.96it/s]
 62%|██████▏   | 31/50 [00:01<00:00, 24.17it/s]
 68%|██████▊   | 34/50 [00:01<00:00, 24.29it/s]
 74%|███████▍  | 37/50 [00:01<00:00, 24.42it/s]
 80%|████████  | 40/50 [00:01<00:00, 24.51it/s]
 86%|████████▌ | 43/50 [00:01<00:00, 24.57it/s]
 92%|█████████▏| 46/50 [00:02<00:00, 24.62it/s]
 98%|█████████▊| 49/50 [00:02<00:00, 24.66it/s]
100%|██████████| 50/50 [00:02<00:00, 22.42it/s]


--- 1. Computing Semantic Vector Shift from Text ---
Loading BiomedCLIP Model: chuhac/BiomedCLIP-vit-bert-hf
Using Text Anchors: 'healthy breast' - 'tumor breast'
Injecting shift vector with alpha = 1.0
Target Embedding Shape (Input to SD): torch.Size([1, 4, 768])

--- 2. Loading Stable Diffusion Inpainting Model ---
Model ID: runwayml/stable-diffusion-inpainting

--- 3. Processing Image ---
Dilating mask by 3 iterations...

--- 4. Running Generation ---
Saving output to: /home/woojye2020/decs_jupyter_lab/MedCLIP-SAMv2/generated_neg_output/udiat_vector_injection_breast2/Benign/000038.png
Zero-Shot Translation Complete!

  -> Generating for: 000039.png

Loading pipeline components...:   0%|          | 0/7 [00:00<?, ?it/s]An error occurred while trying to fetch /home/woojye2020/.cache/huggingface/hub/models--runwayml--stable-diffusion-inpainting/snapshots/8a4288a76071f7280aedbdb3253bdb9e9d5d84bb/unet: Error no file named diffusion_pytorch_model.safetensors found in directory /home/woojye2020/.cache/huggingface/hub/models--runwayml--stable-diffusion-inpainting/snapshots/8a4288a76071f7280aedbdb3253bdb9e9d5d84bb/unet.
Defaulting to unsafe serialization. Pass `allow_pickle=False` to raise an error instead.

Loading pipeline components...:  14%|█▍        | 1/7 [00:01<00:06,  1.04s/it]An error occurred while trying to fetch /home/woojye2020/.cache/huggingface/hub/models--runwayml--stable-diffusion-inpainting/snapshots/8a4288a76071f7280aedbdb3253bdb9e9d5d84bb/vae: Error no file named diffusion_pytorch_model.safetensors found in directory /home/woojye2020/.cache/huggingface/hub/models--runwayml--stable-diffusion-inpainting/snapshots/8a4288a76071f7280aedbdb3253bdb9e9d5d84bb/vae.
Defaulting to unsafe serialization. Pass `allow_pickle=False` to raise an error instead.

Loading pipeline components...:  29%|██▊       | 2/7 [00:01<00:02,  2.01it/s]
Loading pipeline components...:  43%|████▎     | 3/7 [00:01<00:01,  3.10it/s]`torch_dtype` is deprecated! Use `dtype` instead!

Loading pipeline components...:  57%|█████▋    | 4/7 [00:01<00:01,  2.56it/s]
Loading pipeline components...:  86%|████████▌ | 6/7 [00:02<00:00,  2.09it/s]
Loading pipeline components...: 100%|██████████| 7/7 [00:02<00:00,  2.42it/s]

  0%|          | 0/50 [00:00<?, ?it/s]
  2%|▏         | 1/50 [00:00<00:05,  8.24it/s]
  8%|▊         | 4/50 [00:00<00:02, 18.02it/s]
 14%|█▍        | 7/50 [00:00<00:02, 21.10it/s]
 20%|██        | 10/50 [00:00<00:01, 22.52it/s]
 26%|██▌       | 13/50 [00:00<00:01, 23.30it/s]
 32%|███▏      | 16/50 [00:00<00:01, 23.77it/s]
 38%|███▊      | 19/50 [00:00<00:01, 24.08it/s]
 44%|████▍     | 22/50 [00:00<00:01, 24.27it/s]
 50%|█████     | 25/50 [00:01<00:01, 24.40it/s]
 56%|█████▌    | 28/50 [00:01<00:00, 24.52it/s]
 62%|██████▏   | 31/50 [00:01<00:00, 24.60it/s]
 68%|██████▊   | 34/50 [00:01<00:00, 24.62it/s]
 74%|███████▍  | 37/50 [00:01<00:00, 24.63it/s]
 80%|████████  | 40/50 [00:01<00:00, 24.65it/s]
 86%|████████▌ | 43/50 [00:01<00:00, 24.66it/s]
 92%|█████████▏| 46/50 [00:01<00:00, 24.66it/s]
 98%|█████████▊| 49/50 [00:02<00:00, 24.64it/s]
100%|██████████| 50/50 [00:02<00:00, 23.76it/s]


--- 1. Computing Semantic Vector Shift from Text ---
Loading BiomedCLIP Model: chuhac/BiomedCLIP-vit-bert-hf
Using Text Anchors: 'healthy breast' - 'tumor breast'
Injecting shift vector with alpha = 1.0
Target Embedding Shape (Input to SD): torch.Size([1, 4, 768])

--- 2. Loading Stable Diffusion Inpainting Model ---
Model ID: runwayml/stable-diffusion-inpainting

--- 3. Processing Image ---
Dilating mask by 3 iterations...

--- 4. Running Generation ---
Saving output to: /home/woojye2020/decs_jupyter_lab/MedCLIP-SAMv2/generated_neg_output/udiat_vector_injection_breast2/Benign/000039.png
Zero-Shot Translation Complete!

  -> Generating for: 000040.png

Loading pipeline components...:   0%|          | 0/7 [00:00<?, ?it/s]
Loading pipeline components...:  14%|█▍        | 1/7 [00:00<00:01,  4.68it/s]An error occurred while trying to fetch /home/woojye2020/.cache/huggingface/hub/models--runwayml--stable-diffusion-inpainting/snapshots/8a4288a76071f7280aedbdb3253bdb9e9d5d84bb/unet: Error no file named diffusion_pytorch_model.safetensors found in directory /home/woojye2020/.cache/huggingface/hub/models--runwayml--stable-diffusion-inpainting/snapshots/8a4288a76071f7280aedbdb3253bdb9e9d5d84bb/unet.
Defaulting to unsafe serialization. Pass `allow_pickle=False` to raise an error instead.

Loading pipeline components...:  29%|██▊       | 2/7 [00:01<00:03,  1.50it/s]An error occurred while trying to fetch /home/woojye2020/.cache/huggingface/hub/models--runwayml--stable-diffusion-inpainting/snapshots/8a4288a76071f7280aedbdb3253bdb9e9d5d84bb/vae: Error no file named diffusion_pytorch_model.safetensors found in directory /home/woojye2020/.cache/huggingface/hub/models--runwayml--stable-diffusion-inpainting/snapshots/8a4288a76071f7280aedbdb3253bdb9e9d5d84bb/vae.
Defaulting to unsafe serialization. Pass `allow_pickle=False` to raise an error instead.

Loading pipeline components...:  43%|████▎     | 3/7 [00:01<00:01,  2.39it/s]`torch_dtype` is deprecated! Use `dtype` instead!

Loading pipeline components...:  57%|█████▋    | 4/7 [00:02<00:02,  1.41it/s]
Loading pipeline components...:  86%|████████▌ | 6/7 [00:02<00:00,  2.13it/s]
Loading pipeline components...: 100%|██████████| 7/7 [00:02<00:00,  2.34it/s]

  0%|          | 0/50 [00:00<?, ?it/s]
  2%|▏         | 1/50 [00:00<00:08,  5.95it/s]
  8%|▊         | 4/50 [00:00<00:03, 13.90it/s]
 14%|█▍        | 7/50 [00:00<00:02, 16.80it/s]
 20%|██        | 10/50 [00:00<00:02, 18.15it/s]
 26%|██▌       | 13/50 [00:00<00:01, 18.98it/s]
 32%|███▏      | 16/50 [00:00<00:01, 19.49it/s]
 38%|███▊      | 19/50 [00:01<00:01, 19.84it/s]
 44%|████▍     | 22/50 [00:01<00:01, 20.06it/s]
 50%|█████     | 25/50 [00:01<00:01, 20.20it/s]
 56%|█████▌    | 28/50 [00:01<00:01, 20.29it/s]
 62%|██████▏   | 31/50 [00:01<00:00, 20.36it/s]
 68%|██████▊   | 34/50 [00:01<00:00, 20.33it/s]
 74%|███████▍  | 37/50 [00:01<00:00, 20.97it/s]
 80%|████████  | 40/50 [00:02<00:00, 21.98it/s]
 86%|████████▌ | 43/50 [00:02<00:00, 22.75it/s]
 92%|█████████▏| 46/50 [00:02<00:00, 23.32it/s]
 98%|█████████▊| 49/50 [00:02<00:00, 23.74it/s]
100%|██████████| 50/50 [00:02<00:00, 20.49it/s]


--- 1. Computing Semantic Vector Shift from Text ---
Loading BiomedCLIP Model: chuhac/BiomedCLIP-vit-bert-hf
Using Text Anchors: 'healthy breast' - 'tumor breast'
Injecting shift vector with alpha = 1.0
Target Embedding Shape (Input to SD): torch.Size([1, 4, 768])

--- 2. Loading Stable Diffusion Inpainting Model ---
Model ID: runwayml/stable-diffusion-inpainting

--- 3. Processing Image ---
Dilating mask by 3 iterations...

--- 4. Running Generation ---
Saving output to: /home/woojye2020/decs_jupyter_lab/MedCLIP-SAMv2/generated_neg_output/udiat_vector_injection_breast2/Benign/000040.png
Zero-Shot Translation Complete!

  -> Generating for: 000042.png

Loading pipeline components...:   0%|          | 0/7 [00:00<?, ?it/s]An error occurred while trying to fetch /home/woojye2020/.cache/huggingface/hub/models--runwayml--stable-diffusion-inpainting/snapshots/8a4288a76071f7280aedbdb3253bdb9e9d5d84bb/unet: Error no file named diffusion_pytorch_model.safetensors found in directory /home/woojye2020/.cache/huggingface/hub/models--runwayml--stable-diffusion-inpainting/snapshots/8a4288a76071f7280aedbdb3253bdb9e9d5d84bb/unet.
Defaulting to unsafe serialization. Pass `allow_pickle=False` to raise an error instead.

Loading pipeline components...:  14%|█▍        | 1/7 [00:01<00:06,  1.05s/it]`torch_dtype` is deprecated! Use `dtype` instead!

Loading pipeline components...:  29%|██▊       | 2/7 [00:02<00:05,  1.14s/it]
Loading pipeline components...:  57%|█████▋    | 4/7 [00:02<00:01,  2.15it/s]An error occurred while trying to fetch /home/woojye2020/.cache/huggingface/hub/models--runwayml--stable-diffusion-inpainting/snapshots/8a4288a76071f7280aedbdb3253bdb9e9d5d84bb/vae: Error no file named diffusion_pytorch_model.safetensors found in directory /home/woojye2020/.cache/huggingface/hub/models--runwayml--stable-diffusion-inpainting/snapshots/8a4288a76071f7280aedbdb3253bdb9e9d5d84bb/vae.
Defaulting to unsafe serialization. Pass `allow_pickle=False` to raise an error instead.

Loading pipeline components...:  71%|███████▏  | 5/7 [00:02<00:00,  2.78it/s]
Loading pipeline components...: 100%|██████████| 7/7 [00:03<00:00,  3.21it/s]
Loading pipeline components...: 100%|██████████| 7/7 [00:03<00:00,  2.32it/s]

  0%|          | 0/50 [00:00<?, ?it/s]
  2%|▏         | 1/50 [00:00<00:08,  5.79it/s]
  6%|▌         | 3/50 [00:00<00:03, 12.12it/s]
 10%|█         | 5/50 [00:00<00:02, 15.16it/s]
 14%|█▍        | 7/50 [00:00<00:02, 16.86it/s]
 20%|██        | 10/50 [00:00<00:02, 19.39it/s]
 26%|██▌       | 13/50 [00:00<00:01, 21.25it/s]
 32%|███▏      | 16/50 [00:00<00:01, 22.40it/s]
 38%|███▊      | 19/50 [00:00<00:01, 23.16it/s]
 44%|████▍     | 22/50 [00:01<00:01, 23.66it/s]
 50%|█████     | 25/50 [00:01<00:01, 24.00it/s]
 56%|█████▌    | 28/50 [00:01<00:00, 24.17it/s]
 62%|██████▏   | 31/50 [00:01<00:00, 24.31it/s]
 68%|██████▊   | 34/50 [00:01<00:00, 24.43it/s]
 74%|███████▍  | 37/50 [00:01<00:00, 24.52it/s]
 80%|████████  | 40/50 [00:01<00:00, 24.56it/s]
 86%|████████▌ | 43/50 [00:01<00:00, 24.58it/s]
 92%|█████████▏| 46/50 [00:02<00:00, 24.60it/s]
 98%|█████████▊| 49/50 [00:02<00:00, 24.60it/s]
100%|██████████| 50/50 [00:02<00:00, 22.47it/s]


--- 1. Computing Semantic Vector Shift from Text ---
Loading BiomedCLIP Model: chuhac/BiomedCLIP-vit-bert-hf
Using Text Anchors: 'healthy breast' - 'tumor breast'
Injecting shift vector with alpha = 1.0
Target Embedding Shape (Input to SD): torch.Size([1, 4, 768])

--- 2. Loading Stable Diffusion Inpainting Model ---
Model ID: runwayml/stable-diffusion-inpainting

--- 3. Processing Image ---
Dilating mask by 3 iterations...

--- 4. Running Generation ---
Saving output to: /home/woojye2020/decs_jupyter_lab/MedCLIP-SAMv2/generated_neg_output/udiat_vector_injection_breast2/Benign/000042.png
Zero-Shot Translation Complete!

  -> Generating for: 000051.png

Loading pipeline components...:   0%|          | 0/7 [00:00<?, ?it/s]`torch_dtype` is deprecated! Use `dtype` instead!

Loading pipeline components...:  14%|█▍        | 1/7 [00:00<00:03,  1.81it/s]An error occurred while trying to fetch /home/woojye2020/.cache/huggingface/hub/models--runwayml--stable-diffusion-inpainting/snapshots/8a4288a76071f7280aedbdb3253bdb9e9d5d84bb/vae: Error no file named diffusion_pytorch_model.safetensors found in directory /home/woojye2020/.cache/huggingface/hub/models--runwayml--stable-diffusion-inpainting/snapshots/8a4288a76071f7280aedbdb3253bdb9e9d5d84bb/vae.
Defaulting to unsafe serialization. Pass `allow_pickle=False` to raise an error instead.

Loading pipeline components...:  29%|██▊       | 2/7 [00:00<00:02,  2.20it/s]
Loading pipeline components...:  57%|█████▋    | 4/7 [00:02<00:01,  1.93it/s]
Loading pipeline components...:  71%|███████▏  | 5/7 [00:02<00:00,  2.53it/s]An error occurred while trying to fetch /home/woojye2020/.cache/huggingface/hub/models--runwayml--stable-diffusion-inpainting/snapshots/8a4288a76071f7280aedbdb3253bdb9e9d5d84bb/unet: Error no file named diffusion_pytorch_model.safetensors found in directory /home/woojye2020/.cache/huggingface/hub/models--runwayml--stable-diffusion-inpainting/snapshots/8a4288a76071f7280aedbdb3253bdb9e9d5d84bb/unet.
Defaulting to unsafe serialization. Pass `allow_pickle=False` to raise an error instead.

Loading pipeline components...: 100%|██████████| 7/7 [00:02<00:00,  3.08it/s]
Loading pipeline components...: 100%|██████████| 7/7 [00:02<00:00,  2.63it/s]

  0%|          | 0/50 [00:00<?, ?it/s]
  2%|▏         | 1/50 [00:00<00:08,  5.89it/s]
  8%|▊         | 4/50 [00:00<00:03, 13.83it/s]
 14%|█▍        | 7/50 [00:00<00:02, 17.81it/s]
 20%|██        | 10/50 [00:00<00:01, 20.26it/s]
 26%|██▌       | 13/50 [00:00<00:01, 21.75it/s]
 32%|███▏      | 16/50 [00:00<00:01, 22.69it/s]
 38%|███▊      | 19/50 [00:00<00:01, 23.31it/s]
 44%|████▍     | 22/50 [00:01<00:01, 23.74it/s]
 50%|█████     | 25/50 [00:01<00:01, 24.05it/s]
 56%|█████▌    | 28/50 [00:01<00:00, 24.24it/s]
 62%|██████▏   | 31/50 [00:01<00:00, 24.40it/s]
 68%|██████▊   | 34/50 [00:01<00:00, 24.49it/s]
 74%|███████▍  | 37/50 [00:01<00:00, 24.53it/s]
 80%|████████  | 40/50 [00:01<00:00, 24.58it/s]
 86%|████████▌ | 43/50 [00:01<00:00, 24.58it/s]
 92%|█████████▏| 46/50 [00:02<00:00, 24.59it/s]
 98%|█████████▊| 49/50 [00:02<00:00, 24.61it/s]
100%|██████████| 50/50 [00:02<00:00, 22.85it/s]


--- 1. Computing Semantic Vector Shift from Text ---
Loading BiomedCLIP Model: chuhac/BiomedCLIP-vit-bert-hf
Using Text Anchors: 'healthy breast' - 'tumor breast'
Injecting shift vector with alpha = 1.0
Target Embedding Shape (Input to SD): torch.Size([1, 4, 768])

--- 2. Loading Stable Diffusion Inpainting Model ---
Model ID: runwayml/stable-diffusion-inpainting

--- 3. Processing Image ---
Dilating mask by 3 iterations...

--- 4. Running Generation ---
Saving output to: /home/woojye2020/decs_jupyter_lab/MedCLIP-SAMv2/generated_neg_output/udiat_vector_injection_breast2/Benign/000051.png
Zero-Shot Translation Complete!

  -> Generating for: 000052.png

Loading pipeline components...:   0%|          | 0/7 [00:00<?, ?it/s]An error occurred while trying to fetch /home/woojye2020/.cache/huggingface/hub/models--runwayml--stable-diffusion-inpainting/snapshots/8a4288a76071f7280aedbdb3253bdb9e9d5d84bb/vae: Error no file named diffusion_pytorch_model.safetensors found in directory /home/woojye2020/.cache/huggingface/hub/models--runwayml--stable-diffusion-inpainting/snapshots/8a4288a76071f7280aedbdb3253bdb9e9d5d84bb/vae.
Defaulting to unsafe serialization. Pass `allow_pickle=False` to raise an error instead.

Loading pipeline components...:  29%|██▊       | 2/7 [00:00<00:02,  2.19it/s]`torch_dtype` is deprecated! Use `dtype` instead!

Loading pipeline components...:  43%|████▎     | 3/7 [00:01<00:01,  2.10it/s]
Loading pipeline components...:  57%|█████▋    | 4/7 [00:02<00:02,  1.43it/s]
Loading pipeline components...:  71%|███████▏  | 5/7 [00:02<00:01,  1.98it/s]An error occurred while trying to fetch /home/woojye2020/.cache/huggingface/hub/models--runwayml--stable-diffusion-inpainting/snapshots/8a4288a76071f7280aedbdb3253bdb9e9d5d84bb/unet: Error no file named diffusion_pytorch_model.safetensors found in directory /home/woojye2020/.cache/huggingface/hub/models--runwayml--stable-diffusion-inpainting/snapshots/8a4288a76071f7280aedbdb3253bdb9e9d5d84bb/unet.
Defaulting to unsafe serialization. Pass `allow_pickle=False` to raise an error instead.

Loading pipeline components...:  86%|████████▌ | 6/7 [00:03<00:00,  2.01it/s]
Loading pipeline components...: 100%|██████████| 7/7 [00:03<00:00,  2.24it/s]

  0%|          | 0/50 [00:00<?, ?it/s]
  2%|▏         | 1/50 [00:00<00:08,  5.61it/s]
  6%|▌         | 3/50 [00:00<00:03, 11.89it/s]
 10%|█         | 5/50 [00:00<00:03, 14.99it/s]
 14%|█▍        | 7/50 [00:00<00:02, 16.74it/s]
 18%|█▊        | 9/50 [00:00<00:02, 17.81it/s]
 22%|██▏       | 11/50 [00:00<00:02, 18.49it/s]
 26%|██▌       | 13/50 [00:00<00:01, 18.97it/s]
 30%|███       | 15/50 [00:00<00:01, 19.26it/s]
 36%|███▌      | 18/50 [00:01<00:01, 19.56it/s]
 42%|████▏     | 21/50 [00:01<00:01, 19.76it/s]
 46%|████▌     | 23/50 [00:01<00:01, 19.82it/s]
 52%|█████▏    | 26/50 [00:01<00:01, 19.90it/s]
 56%|█████▌    | 28/50 [00:01<00:01, 19.92it/s]
 62%|██████▏   | 31/50 [00:01<00:00, 19.97it/s]
 66%|██████▌   | 33/50 [00:01<00:00, 19.91it/s]
 72%|███████▏  | 36/50 [00:01<00:00, 19.95it/s]
 76%|███████▌  | 38/50 [00:02<00:00, 19.95it/s]
 82%|████████▏ | 41/50 [00:02<00:00, 20.07it/s]
 88%|████████▊ | 44/50 [00:02<00:00, 21.34it/s]
 94%|█████████▍| 47/50 [00:02<00:00, 22.33it/s]
100%|██████████| 50/50 [00:02<00:00, 23.05it/s]
100%|██████████| 50/50 [00:02<00:00, 19.64it/s]


--- 1. Computing Semantic Vector Shift from Text ---
Loading BiomedCLIP Model: chuhac/BiomedCLIP-vit-bert-hf
Using Text Anchors: 'healthy breast' - 'tumor breast'
Injecting shift vector with alpha = 1.0
Target Embedding Shape (Input to SD): torch.Size([1, 4, 768])

--- 2. Loading Stable Diffusion Inpainting Model ---
Model ID: runwayml/stable-diffusion-inpainting

--- 3. Processing Image ---
Dilating mask by 3 iterations...

--- 4. Running Generation ---
Saving output to: /home/woojye2020/decs_jupyter_lab/MedCLIP-SAMv2/generated_neg_output/udiat_vector_injection_breast2/Benign/000052.png
Zero-Shot Translation Complete!

  -> Generating for: 000056.png

Loading pipeline components...:   0%|          | 0/7 [00:00<?, ?it/s]`torch_dtype` is deprecated! Use `dtype` instead!

Loading pipeline components...:  14%|█▍        | 1/7 [00:01<00:07,  1.20s/it]An error occurred while trying to fetch /home/woojye2020/.cache/huggingface/hub/models--runwayml--stable-diffusion-inpainting/snapshots/8a4288a76071f7280aedbdb3253bdb9e9d5d84bb/unet: Error no file named diffusion_pytorch_model.safetensors found in directory /home/woojye2020/.cache/huggingface/hub/models--runwayml--stable-diffusion-inpainting/snapshots/8a4288a76071f7280aedbdb3253bdb9e9d5d84bb/unet.
Defaulting to unsafe serialization. Pass `allow_pickle=False` to raise an error instead.

Loading pipeline components...:  29%|██▊       | 2/7 [00:01<00:04,  1.04it/s]
Loading pipeline components...:  43%|████▎     | 3/7 [00:02<00:02,  1.74it/s]
Loading pipeline components...:  57%|█████▋    | 4/7 [00:02<00:01,  1.90it/s]An error occurred while trying to fetch /home/woojye2020/.cache/huggingface/hub/models--runwayml--stable-diffusion-inpainting/snapshots/8a4288a76071f7280aedbdb3253bdb9e9d5d84bb/vae: Error no file named diffusion_pytorch_model.safetensors found in directory /home/woojye2020/.cache/huggingface/hub/models--runwayml--stable-diffusion-inpainting/snapshots/8a4288a76071f7280aedbdb3253bdb9e9d5d84bb/vae.
Defaulting to unsafe serialization. Pass `allow_pickle=False` to raise an error instead.

Loading pipeline components...:  86%|████████▌ | 6/7 [00:02<00:00,  3.54it/s]
Loading pipeline components...: 100%|██████████| 7/7 [00:02<00:00,  2.59it/s]

  0%|          | 0/50 [00:00<?, ?it/s]
  2%|▏         | 1/50 [00:00<00:08,  5.94it/s]
  8%|▊         | 4/50 [00:00<00:03, 13.94it/s]
 14%|█▍        | 7/50 [00:00<00:02, 16.84it/s]
 20%|██        | 10/50 [00:00<00:02, 18.25it/s]
 26%|██▌       | 13/50 [00:00<00:01, 19.00it/s]
 32%|███▏      | 16/50 [00:00<00:01, 19.49it/s]
 38%|███▊      | 19/50 [00:01<00:01, 19.84it/s]
 44%|████▍     | 22/50 [00:01<00:01, 20.32it/s]
 50%|█████     | 25/50 [00:01<00:01, 21.52it/s]
 56%|█████▌    | 28/50 [00:01<00:00, 22.40it/s]
 62%|██████▏   | 31/50 [00:01<00:00, 23.04it/s]
 68%|██████▊   | 34/50 [00:01<00:00, 23.50it/s]
 74%|███████▍  | 37/50 [00:01<00:00, 23.85it/s]
 80%|████████  | 40/50 [00:01<00:00, 24.11it/s]
 86%|████████▌ | 43/50 [00:02<00:00, 24.28it/s]
 92%|█████████▏| 46/50 [00:02<00:00, 24.42it/s]
 98%|█████████▊| 49/50 [00:02<00:00, 24.51it/s]
100%|██████████| 50/50 [00:02<00:00, 21.52it/s]


--- 1. Computing Semantic Vector Shift from Text ---
Loading BiomedCLIP Model: chuhac/BiomedCLIP-vit-bert-hf
Using Text Anchors: 'healthy breast' - 'tumor breast'
Injecting shift vector with alpha = 1.0
Target Embedding Shape (Input to SD): torch.Size([1, 4, 768])

--- 2. Loading Stable Diffusion Inpainting Model ---
Model ID: runwayml/stable-diffusion-inpainting

--- 3. Processing Image ---
Dilating mask by 3 iterations...

--- 4. Running Generation ---
Saving output to: /home/woojye2020/decs_jupyter_lab/MedCLIP-SAMv2/generated_neg_output/udiat_vector_injection_breast2/Benign/000056.png
Zero-Shot Translation Complete!

  -> Generating for: 000058.png

Loading pipeline components...:   0%|          | 0/7 [00:00<?, ?it/s]An error occurred while trying to fetch /home/woojye2020/.cache/huggingface/hub/models--runwayml--stable-diffusion-inpainting/snapshots/8a4288a76071f7280aedbdb3253bdb9e9d5d84bb/unet: Error no file named diffusion_pytorch_model.safetensors found in directory /home/woojye2020/.cache/huggingface/hub/models--runwayml--stable-diffusion-inpainting/snapshots/8a4288a76071f7280aedbdb3253bdb9e9d5d84bb/unet.
Defaulting to unsafe serialization. Pass `allow_pickle=False` to raise an error instead.

Loading pipeline components...:  14%|█▍        | 1/7 [00:01<00:06,  1.05s/it]An error occurred while trying to fetch /home/woojye2020/.cache/huggingface/hub/models--runwayml--stable-diffusion-inpainting/snapshots/8a4288a76071f7280aedbdb3253bdb9e9d5d84bb/vae: Error no file named diffusion_pytorch_model.safetensors found in directory /home/woojye2020/.cache/huggingface/hub/models--runwayml--stable-diffusion-inpainting/snapshots/8a4288a76071f7280aedbdb3253bdb9e9d5d84bb/vae.
Defaulting to unsafe serialization. Pass `allow_pickle=False` to raise an error instead.

Loading pipeline components...:  29%|██▊       | 2/7 [00:01<00:02,  1.98it/s]
Loading pipeline components...:  43%|████▎     | 3/7 [00:01<00:01,  3.11it/s]`torch_dtype` is deprecated! Use `dtype` instead!

Loading pipeline components...:  71%|███████▏  | 5/7 [00:02<00:00,  2.18it/s]
Loading pipeline components...: 100%|██████████| 7/7 [00:02<00:00,  2.76it/s]
Loading pipeline components...: 100%|██████████| 7/7 [00:02<00:00,  2.42it/s]

  0%|          | 0/50 [00:00<?, ?it/s]
  2%|▏         | 1/50 [00:00<00:07,  6.38it/s]
  8%|▊         | 4/50 [00:00<00:03, 14.45it/s]
 14%|█▍        | 7/50 [00:00<00:02, 17.17it/s]
 20%|██        | 10/50 [00:00<00:02, 19.02it/s]
 26%|██▌       | 13/50 [00:00<00:01, 20.89it/s]
 32%|███▏      | 16/50 [00:00<00:01, 22.12it/s]
 38%|███▊      | 19/50 [00:00<00:01, 22.94it/s]
 44%|████▍     | 22/50 [00:01<00:01, 23.51it/s]
 50%|█████     | 25/50 [00:01<00:01, 23.84it/s]
 56%|█████▌    | 28/50 [00:01<00:00, 24.07it/s]
 62%|██████▏   | 31/50 [00:01<00:00, 24.23it/s]
 68%|██████▊   | 34/50 [00:01<00:00, 24.36it/s]
 74%|███████▍  | 37/50 [00:01<00:00, 24.46it/s]
 80%|████████  | 40/50 [00:01<00:00, 24.52it/s]
 86%|████████▌ | 43/50 [00:01<00:00, 24.50it/s]
 92%|█████████▏| 46/50 [00:02<00:00, 24.55it/s]
 98%|█████████▊| 49/50 [00:02<00:00, 24.58it/s]
100%|██████████| 50/50 [00:02<00:00, 22.66it/s]


--- 1. Computing Semantic Vector Shift from Text ---
Loading BiomedCLIP Model: chuhac/BiomedCLIP-vit-bert-hf
Using Text Anchors: 'healthy breast' - 'tumor breast'
Injecting shift vector with alpha = 1.0
Target Embedding Shape (Input to SD): torch.Size([1, 4, 768])

--- 2. Loading Stable Diffusion Inpainting Model ---
Model ID: runwayml/stable-diffusion-inpainting

--- 3. Processing Image ---
Dilating mask by 3 iterations...

--- 4. Running Generation ---
Saving output to: /home/woojye2020/decs_jupyter_lab/MedCLIP-SAMv2/generated_neg_output/udiat_vector_injection_breast2/Benign/000058.png
Zero-Shot Translation Complete!

  -> Generating for: 000059.png

Loading pipeline components...:   0%|          | 0/7 [00:00<?, ?it/s]
Loading pipeline components...:  14%|█▍        | 1/7 [00:00<00:01,  4.61it/s]`torch_dtype` is deprecated! Use `dtype` instead!

Loading pipeline components...:  29%|██▊       | 2/7 [00:00<00:02,  2.48it/s]
Loading pipeline components...:  43%|████▎     | 3/7 [00:01<00:02,  1.34it/s]An error occurred while trying to fetch /home/woojye2020/.cache/huggingface/hub/models--runwayml--stable-diffusion-inpainting/snapshots/8a4288a76071f7280aedbdb3253bdb9e9d5d84bb/unet: Error no file named diffusion_pytorch_model.safetensors found in directory /home/woojye2020/.cache/huggingface/hub/models--runwayml--stable-diffusion-inpainting/snapshots/8a4288a76071f7280aedbdb3253bdb9e9d5d84bb/unet.
Defaulting to unsafe serialization. Pass `allow_pickle=False` to raise an error instead.

Loading pipeline components...:  57%|█████▋    | 4/7 [00:02<00:02,  1.20it/s]An error occurred while trying to fetch /home/woojye2020/.cache/huggingface/hub/models--runwayml--stable-diffusion-inpainting/snapshots/8a4288a76071f7280aedbdb3253bdb9e9d5d84bb/vae: Error no file named diffusion_pytorch_model.safetensors found in directory /home/woojye2020/.cache/huggingface/hub/models--runwayml--stable-diffusion-inpainting/snapshots/8a4288a76071f7280aedbdb3253bdb9e9d5d84bb/vae.
Defaulting to unsafe serialization. Pass `allow_pickle=False` to raise an error instead.

Loading pipeline components...: 100%|██████████| 7/7 [00:03<00:00,  2.95it/s]
Loading pipeline components...: 100%|██████████| 7/7 [00:03<00:00,  2.32it/s]

  0%|          | 0/50 [00:00<?, ?it/s]
  2%|▏         | 1/50 [00:00<00:08,  5.85it/s]
  8%|▊         | 4/50 [00:00<00:03, 13.76it/s]
 14%|█▍        | 7/50 [00:00<00:02, 16.62it/s]
 20%|██        | 10/50 [00:00<00:02, 18.04it/s]
 26%|██▌       | 13/50 [00:00<00:01, 18.83it/s]
 32%|███▏      | 16/50 [00:00<00:01, 19.34it/s]
 38%|███▊      | 19/50 [00:01<00:01, 19.67it/s]
 44%|████▍     | 22/50 [00:01<00:01, 19.88it/s]
 50%|█████     | 25/50 [00:01<00:01, 20.01it/s]
 56%|█████▌    | 28/50 [00:01<00:01, 20.12it/s]
 62%|██████▏   | 31/50 [00:01<00:00, 20.19it/s]
 68%|██████▊   | 34/50 [00:01<00:00, 20.24it/s]
 74%|███████▍  | 37/50 [00:01<00:00, 20.22it/s]
 80%|████████  | 40/50 [00:02<00:00, 20.26it/s]
 86%|████████▌ | 43/50 [00:02<00:00, 20.29it/s]
 92%|█████████▏| 46/50 [00:02<00:00, 20.31it/s]
 98%|█████████▊| 49/50 [00:02<00:00, 20.32it/s]
100%|██████████| 50/50 [00:02<00:00, 19.34it/s]


--- 1. Computing Semantic Vector Shift from Text ---
Loading BiomedCLIP Model: chuhac/BiomedCLIP-vit-bert-hf
Using Text Anchors: 'healthy breast' - 'tumor breast'
Injecting shift vector with alpha = 1.0
Target Embedding Shape (Input to SD): torch.Size([1, 4, 768])

--- 2. Loading Stable Diffusion Inpainting Model ---
Model ID: runwayml/stable-diffusion-inpainting

--- 3. Processing Image ---
Dilating mask by 3 iterations...

--- 4. Running Generation ---
Saving output to: /home/woojye2020/decs_jupyter_lab/MedCLIP-SAMv2/generated_neg_output/udiat_vector_injection_breast2/Benign/000059.png
Zero-Shot Translation Complete!

  -> Generating for: 000060.png

Loading pipeline components...:   0%|          | 0/7 [00:00<?, ?it/s]`torch_dtype` is deprecated! Use `dtype` instead!

Loading pipeline components...:  29%|██▊       | 2/7 [00:00<00:01,  3.43it/s]
Loading pipeline components...:  43%|████▎     | 3/7 [00:01<00:02,  1.61it/s]
Loading pipeline components...:  57%|█████▋    | 4/7 [00:01<00:01,  2.31it/s]An error occurred while trying to fetch /home/woojye2020/.cache/huggingface/hub/models--runwayml--stable-diffusion-inpainting/snapshots/8a4288a76071f7280aedbdb3253bdb9e9d5d84bb/unet: Error no file named diffusion_pytorch_model.safetensors found in directory /home/woojye2020/.cache/huggingface/hub/models--runwayml--stable-diffusion-inpainting/snapshots/8a4288a76071f7280aedbdb3253bdb9e9d5d84bb/unet.
Defaulting to unsafe serialization. Pass `allow_pickle=False` to raise an error instead.

Loading pipeline components...:  71%|███████▏  | 5/7 [00:02<00:01,  1.82it/s]An error occurred while trying to fetch /home/woojye2020/.cache/huggingface/hub/models--runwayml--stable-diffusion-inpainting/snapshots/8a4288a76071f7280aedbdb3253bdb9e9d5d84bb/vae: Error no file named diffusion_pytorch_model.safetensors found in directory /home/woojye2020/.cache/huggingface/hub/models--runwayml--stable-diffusion-inpainting/snapshots/8a4288a76071f7280aedbdb3253bdb9e9d5d84bb/vae.
Defaulting to unsafe serialization. Pass `allow_pickle=False` to raise an error instead.

Loading pipeline components...:  86%|████████▌ | 6/7 [00:02<00:00,  2.49it/s]
Loading pipeline components...: 100%|██████████| 7/7 [00:02<00:00,  2.63it/s]

  0%|          | 0/50 [00:00<?, ?it/s]
  2%|▏         | 1/50 [00:00<00:08,  6.12it/s]
  8%|▊         | 4/50 [00:00<00:03, 14.28it/s]
 14%|█▍        | 7/50 [00:00<00:02, 17.23it/s]
 20%|██        | 10/50 [00:00<00:02, 18.67it/s]
 26%|██▌       | 13/50 [00:00<00:01, 20.49it/s]
 32%|███▏      | 16/50 [00:00<00:01, 21.79it/s]
 38%|███▊      | 19/50 [00:00<00:01, 22.63it/s]
 44%|████▍     | 22/50 [00:01<00:01, 23.20it/s]
 50%|█████     | 25/50 [00:01<00:01, 23.59it/s]
 56%|█████▌    | 28/50 [00:01<00:00, 23.87it/s]
 62%|██████▏   | 31/50 [00:01<00:00, 24.08it/s]
 68%|██████▊   | 34/50 [00:01<00:00, 24.23it/s]
 74%|███████▍  | 37/50 [00:01<00:00, 24.35it/s]
 80%|████████  | 40/50 [00:01<00:00, 24.42it/s]
 86%|████████▌ | 43/50 [00:01<00:00, 24.48it/s]
 92%|█████████▏| 46/50 [00:02<00:00, 24.48it/s]
 98%|█████████▊| 49/50 [00:02<00:00, 24.48it/s]
100%|██████████| 50/50 [00:02<00:00, 22.47it/s]


--- 1. Computing Semantic Vector Shift from Text ---
Loading BiomedCLIP Model: chuhac/BiomedCLIP-vit-bert-hf
Using Text Anchors: 'healthy breast' - 'tumor breast'
Injecting shift vector with alpha = 1.0
Target Embedding Shape (Input to SD): torch.Size([1, 4, 768])

--- 2. Loading Stable Diffusion Inpainting Model ---
Model ID: runwayml/stable-diffusion-inpainting

--- 3. Processing Image ---
Dilating mask by 3 iterations...

--- 4. Running Generation ---
Saving output to: /home/woojye2020/decs_jupyter_lab/MedCLIP-SAMv2/generated_neg_output/udiat_vector_injection_breast2/Benign/000060.png
Zero-Shot Translation Complete!

  -> Generating for: 000061.png

Loading pipeline components...:   0%|          | 0/7 [00:00<?, ?it/s]An error occurred while trying to fetch /home/woojye2020/.cache/huggingface/hub/models--runwayml--stable-diffusion-inpainting/snapshots/8a4288a76071f7280aedbdb3253bdb9e9d5d84bb/unet: Error no file named diffusion_pytorch_model.safetensors found in directory /home/woojye2020/.cache/huggingface/hub/models--runwayml--stable-diffusion-inpainting/snapshots/8a4288a76071f7280aedbdb3253bdb9e9d5d84bb/unet.
Defaulting to unsafe serialization. Pass `allow_pickle=False` to raise an error instead.

Loading pipeline components...:  14%|█▍        | 1/7 [00:01<00:06,  1.05s/it]`torch_dtype` is deprecated! Use `dtype` instead!

Loading pipeline components...:  29%|██▊       | 2/7 [00:01<00:03,  1.42it/s]
Loading pipeline components...:  43%|████▎     | 3/7 [00:02<00:03,  1.13it/s]
Loading pipeline components...:  57%|█████▋    | 4/7 [00:02<00:01,  1.72it/s]An error occurred while trying to fetch /home/woojye2020/.cache/huggingface/hub/models--runwayml--stable-diffusion-inpainting/snapshots/8a4288a76071f7280aedbdb3253bdb9e9d5d84bb/vae: Error no file named diffusion_pytorch_model.safetensors found in directory /home/woojye2020/.cache/huggingface/hub/models--runwayml--stable-diffusion-inpainting/snapshots/8a4288a76071f7280aedbdb3253bdb9e9d5d84bb/vae.
Defaulting to unsafe serialization. Pass `allow_pickle=False` to raise an error instead.

Loading pipeline components...: 100%|██████████| 7/7 [00:02<00:00,  4.08it/s]
Loading pipeline components...: 100%|██████████| 7/7 [00:02<00:00,  2.44it/s]

  0%|          | 0/50 [00:00<?, ?it/s]
  2%|▏         | 1/50 [00:00<00:08,  5.75it/s]
  6%|▌         | 3/50 [00:00<00:03, 12.01it/s]
 10%|█         | 5/50 [00:00<00:03, 15.00it/s]
 14%|█▍        | 7/50 [00:00<00:02, 16.68it/s]
 20%|██        | 10/50 [00:00<00:02, 19.16it/s]
 26%|██▌       | 13/50 [00:00<00:01, 21.10it/s]
 32%|███▏      | 16/50 [00:00<00:01, 22.31it/s]
 38%|███▊      | 19/50 [00:00<00:01, 23.09it/s]
 44%|████▍     | 22/50 [00:01<00:01, 23.60it/s]
 50%|█████     | 25/50 [00:01<00:01, 23.91it/s]
 56%|█████▌    | 28/50 [00:01<00:00, 24.05it/s]
 62%|██████▏   | 31/50 [00:01<00:00, 24.20it/s]
 68%|██████▊   | 34/50 [00:01<00:00, 24.33it/s]
 74%|███████▍  | 37/50 [00:01<00:00, 24.43it/s]
 80%|████████  | 40/50 [00:01<00:00, 24.53it/s]
 86%|████████▌ | 43/50 [00:01<00:00, 24.60it/s]
 92%|█████████▏| 46/50 [00:02<00:00, 24.64it/s]
 98%|█████████▊| 49/50 [00:02<00:00, 24.65it/s]
100%|██████████| 50/50 [00:02<00:00, 22.39it/s]


--- 1. Computing Semantic Vector Shift from Text ---
Loading BiomedCLIP Model: chuhac/BiomedCLIP-vit-bert-hf
Using Text Anchors: 'healthy breast' - 'tumor breast'
Injecting shift vector with alpha = 1.0
Target Embedding Shape (Input to SD): torch.Size([1, 4, 768])

--- 2. Loading Stable Diffusion Inpainting Model ---
Model ID: runwayml/stable-diffusion-inpainting

--- 3. Processing Image ---
Dilating mask by 3 iterations...

--- 4. Running Generation ---
Saving output to: /home/woojye2020/decs_jupyter_lab/MedCLIP-SAMv2/generated_neg_output/udiat_vector_injection_breast2/Benign/000061.png
Zero-Shot Translation Complete!

  -> Generating for: 000062.png

Loading pipeline components...:   0%|          | 0/7 [00:00<?, ?it/s]
Loading pipeline components...:  14%|█▍        | 1/7 [00:00<00:01,  4.71it/s]`torch_dtype` is deprecated! Use `dtype` instead!

Loading pipeline components...:  43%|████▎     | 3/7 [00:01<00:01,  2.00it/s]An error occurred while trying to fetch /home/woojye2020/.cache/huggingface/hub/models--runwayml--stable-diffusion-inpainting/snapshots/8a4288a76071f7280aedbdb3253bdb9e9d5d84bb/vae: Error no file named diffusion_pytorch_model.safetensors found in directory /home/woojye2020/.cache/huggingface/hub/models--runwayml--stable-diffusion-inpainting/snapshots/8a4288a76071f7280aedbdb3253bdb9e9d5d84bb/vae.
Defaulting to unsafe serialization. Pass `allow_pickle=False` to raise an error instead.

Loading pipeline components...:  57%|█████▋    | 4/7 [00:01<00:01,  1.98it/s]An error occurred while trying to fetch /home/woojye2020/.cache/huggingface/hub/models--runwayml--stable-diffusion-inpainting/snapshots/8a4288a76071f7280aedbdb3253bdb9e9d5d84bb/unet: Error no file named diffusion_pytorch_model.safetensors found in directory /home/woojye2020/.cache/huggingface/hub/models--runwayml--stable-diffusion-inpainting/snapshots/8a4288a76071f7280aedbdb3253bdb9e9d5d84bb/unet.
Defaulting to unsafe serialization. Pass `allow_pickle=False` to raise an error instead.

Loading pipeline components...:  86%|████████▌ | 6/7 [00:02<00:00,  2.70it/s]
Loading pipeline components...: 100%|██████████| 7/7 [00:02<00:00,  2.55it/s]
Loading pipeline components...: 100%|██████████| 7/7 [00:02<00:00,  2.46it/s]

  0%|          | 0/50 [00:00<?, ?it/s]
  2%|▏         | 1/50 [00:00<00:08,  5.98it/s]
  8%|▊         | 4/50 [00:00<00:03, 14.08it/s]
 14%|█▍        | 7/50 [00:00<00:02, 17.06it/s]
 20%|██        | 10/50 [00:00<00:02, 18.51it/s]
 26%|██▌       | 13/50 [00:00<00:01, 19.35it/s]
 32%|███▏      | 16/50 [00:00<00:01, 19.87it/s]
 38%|███▊      | 19/50 [00:01<00:01, 20.21it/s]
 44%|████▍     | 22/50 [00:01<00:01, 20.43it/s]
 50%|█████     | 25/50 [00:01<00:01, 20.92it/s]
 56%|█████▌    | 28/50 [00:01<00:01, 21.95it/s]
 62%|██████▏   | 31/50 [00:01<00:00, 22.71it/s]
 68%|██████▊   | 34/50 [00:01<00:00, 23.29it/s]
 74%|███████▍  | 37/50 [00:01<00:00, 23.71it/s]
 80%|████████  | 40/50 [00:01<00:00, 24.01it/s]
 86%|████████▌ | 43/50 [00:02<00:00, 24.18it/s]
 92%|█████████▏| 46/50 [00:02<00:00, 24.31it/s]
 98%|█████████▊| 49/50 [00:02<00:00, 24.40it/s]
100%|██████████| 50/50 [00:02<00:00, 21.51it/s]


--- 1. Computing Semantic Vector Shift from Text ---
Loading BiomedCLIP Model: chuhac/BiomedCLIP-vit-bert-hf
Using Text Anchors: 'healthy breast' - 'tumor breast'
Injecting shift vector with alpha = 1.0
Target Embedding Shape (Input to SD): torch.Size([1, 4, 768])

--- 2. Loading Stable Diffusion Inpainting Model ---
Model ID: runwayml/stable-diffusion-inpainting

--- 3. Processing Image ---
Dilating mask by 3 iterations...

--- 4. Running Generation ---
Saving output to: /home/woojye2020/decs_jupyter_lab/MedCLIP-SAMv2/generated_neg_output/udiat_vector_injection_breast2/Benign/000062.png
Zero-Shot Translation Complete!

  -> Generating for: 000063.png

Loading pipeline components...:   0%|          | 0/7 [00:00<?, ?it/s]An error occurred while trying to fetch /home/woojye2020/.cache/huggingface/hub/models--runwayml--stable-diffusion-inpainting/snapshots/8a4288a76071f7280aedbdb3253bdb9e9d5d84bb/vae: Error no file named diffusion_pytorch_model.safetensors found in directory /home/woojye2020/.cache/huggingface/hub/models--runwayml--stable-diffusion-inpainting/snapshots/8a4288a76071f7280aedbdb3253bdb9e9d5d84bb/vae.
Defaulting to unsafe serialization. Pass `allow_pickle=False` to raise an error instead.

Loading pipeline components...:  14%|█▍        | 1/7 [00:00<00:04,  1.48it/s]An error occurred while trying to fetch /home/woojye2020/.cache/huggingface/hub/models--runwayml--stable-diffusion-inpainting/snapshots/8a4288a76071f7280aedbdb3253bdb9e9d5d84bb/unet: Error no file named diffusion_pytorch_model.safetensors found in directory /home/woojye2020/.cache/huggingface/hub/models--runwayml--stable-diffusion-inpainting/snapshots/8a4288a76071f7280aedbdb3253bdb9e9d5d84bb/unet.
Defaulting to unsafe serialization. Pass `allow_pickle=False` to raise an error instead.

Loading pipeline components...:  29%|██▊       | 2/7 [00:01<00:02,  1.76it/s]
Loading pipeline components...:  43%|████▎     | 3/7 [00:01<00:01,  2.76it/s]`torch_dtype` is deprecated! Use `dtype` instead!

Loading pipeline components...:  57%|█████▋    | 4/7 [00:01<00:01,  2.38it/s]
Loading pipeline components...: 100%|██████████| 7/7 [00:02<00:00,  2.58it/s]
Loading pipeline components...: 100%|██████████| 7/7 [00:02<00:00,  2.41it/s]

  0%|          | 0/50 [00:00<?, ?it/s]
  2%|▏         | 1/50 [00:00<00:08,  5.97it/s]
  8%|▊         | 4/50 [00:00<00:03, 14.00it/s]
 14%|█▍        | 7/50 [00:00<00:02, 16.92it/s]
 20%|██        | 10/50 [00:00<00:02, 18.38it/s]
 26%|██▌       | 13/50 [00:00<00:01, 19.15it/s]
 32%|███▏      | 16/50 [00:00<00:01, 19.68it/s]
 38%|███▊      | 19/50 [00:01<00:01, 20.04it/s]
 44%|████▍     | 22/50 [00:01<00:01, 20.25it/s]
 50%|█████     | 25/50 [00:01<00:01, 20.40it/s]
 56%|█████▌    | 28/50 [00:01<00:01, 20.49it/s]
 62%|██████▏   | 31/50 [00:01<00:00, 20.51it/s]
 68%|██████▊   | 34/50 [00:01<00:00, 20.59it/s]
 74%|███████▍  | 37/50 [00:01<00:00, 20.64it/s]
 80%|████████  | 40/50 [00:02<00:00, 21.32it/s]
 86%|████████▌ | 43/50 [00:02<00:00, 22.19it/s]
 92%|█████████▏| 46/50 [00:02<00:00, 22.83it/s]
 98%|█████████▊| 49/50 [00:02<00:00, 23.30it/s]
100%|██████████| 50/50 [00:02<00:00, 20.42it/s]


--- 1. Computing Semantic Vector Shift from Text ---
Loading BiomedCLIP Model: chuhac/BiomedCLIP-vit-bert-hf
Using Text Anchors: 'healthy breast' - 'tumor breast'
Injecting shift vector with alpha = 1.0
Target Embedding Shape (Input to SD): torch.Size([1, 4, 768])

--- 2. Loading Stable Diffusion Inpainting Model ---
Model ID: runwayml/stable-diffusion-inpainting

--- 3. Processing Image ---
Dilating mask by 3 iterations...

--- 4. Running Generation ---
Saving output to: /home/woojye2020/decs_jupyter_lab/MedCLIP-SAMv2/generated_neg_output/udiat_vector_injection_breast2/Benign/000063.png
Zero-Shot Translation Complete!

  -> Generating for: 000064.png

Loading pipeline components...:   0%|          | 0/7 [00:00<?, ?it/s]
Loading pipeline components...:  14%|█▍        | 1/7 [00:00<00:01,  4.87it/s]An error occurred while trying to fetch /home/woojye2020/.cache/huggingface/hub/models--runwayml--stable-diffusion-inpainting/snapshots/8a4288a76071f7280aedbdb3253bdb9e9d5d84bb/unet: Error no file named diffusion_pytorch_model.safetensors found in directory /home/woojye2020/.cache/huggingface/hub/models--runwayml--stable-diffusion-inpainting/snapshots/8a4288a76071f7280aedbdb3253bdb9e9d5d84bb/unet.
Defaulting to unsafe serialization. Pass `allow_pickle=False` to raise an error instead.

Loading pipeline components...:  29%|██▊       | 2/7 [00:01<00:02,  1.75it/s]`torch_dtype` is deprecated! Use `dtype` instead!

Loading pipeline components...:  71%|███████▏  | 5/7 [00:01<00:00,  3.61it/s]
Loading pipeline components...:  86%|████████▌ | 6/7 [00:02<00:00,  2.06it/s]An error occurred while trying to fetch /home/woojye2020/.cache/huggingface/hub/models--runwayml--stable-diffusion-inpainting/snapshots/8a4288a76071f7280aedbdb3253bdb9e9d5d84bb/vae: Error no file named diffusion_pytorch_model.safetensors found in directory /home/woojye2020/.cache/huggingface/hub/models--runwayml--stable-diffusion-inpainting/snapshots/8a4288a76071f7280aedbdb3253bdb9e9d5d84bb/vae.
Defaulting to unsafe serialization. Pass `allow_pickle=False` to raise an error instead.

Loading pipeline components...: 100%|██████████| 7/7 [00:02<00:00,  2.57it/s]
Loading pipeline components...: 100%|██████████| 7/7 [00:02<00:00,  2.56it/s]

  0%|          | 0/50 [00:00<?, ?it/s]
  2%|▏         | 1/50 [00:00<00:08,  6.04it/s]
  8%|▊         | 4/50 [00:00<00:03, 14.22it/s]
 14%|█▍        | 7/50 [00:00<00:02, 17.22it/s]
 20%|██        | 10/50 [00:00<00:02, 18.68it/s]
 26%|██▌       | 13/50 [00:00<00:01, 19.50it/s]
 32%|███▏      | 16/50 [00:00<00:01, 20.01it/s]
 38%|███▊      | 19/50 [00:01<00:01, 20.35it/s]
 44%|████▍     | 22/50 [00:01<00:01, 20.58it/s]
 50%|█████     | 25/50 [00:01<00:01, 20.75it/s]
 56%|█████▌    | 28/50 [00:01<00:01, 20.85it/s]
 62%|██████▏   | 31/50 [00:01<00:00, 20.93it/s]
 68%|██████▊   | 34/50 [00:01<00:00, 21.09it/s]
 74%|███████▍  | 37/50 [00:01<00:00, 22.04it/s]
 80%|████████  | 40/50 [00:01<00:00, 22.76it/s]
 86%|████████▌ | 43/50 [00:02<00:00, 23.29it/s]
 92%|█████████▏| 46/50 [00:02<00:00, 23.70it/s]
 98%|█████████▊| 49/50 [00:02<00:00, 24.01it/s]
100%|██████████| 50/50 [00:02<00:00, 21.00it/s]


--- 1. Computing Semantic Vector Shift from Text ---
Loading BiomedCLIP Model: chuhac/BiomedCLIP-vit-bert-hf
Using Text Anchors: 'healthy breast' - 'tumor breast'
Injecting shift vector with alpha = 1.0
Target Embedding Shape (Input to SD): torch.Size([1, 4, 768])

--- 2. Loading Stable Diffusion Inpainting Model ---
Model ID: runwayml/stable-diffusion-inpainting

--- 3. Processing Image ---
Dilating mask by 3 iterations...

--- 4. Running Generation ---
Saving output to: /home/woojye2020/decs_jupyter_lab/MedCLIP-SAMv2/generated_neg_output/udiat_vector_injection_breast2/Benign/000064.png
Zero-Shot Translation Complete!

  -> Generating for: 000065.png

Loading pipeline components...:   0%|          | 0/7 [00:00<?, ?it/s]`torch_dtype` is deprecated! Use `dtype` instead!

Loading pipeline components...:  14%|█▍        | 1/7 [00:00<00:03,  1.70it/s]An error occurred while trying to fetch /home/woojye2020/.cache/huggingface/hub/models--runwayml--stable-diffusion-inpainting/snapshots/8a4288a76071f7280aedbdb3253bdb9e9d5d84bb/unet: Error no file named diffusion_pytorch_model.safetensors found in directory /home/woojye2020/.cache/huggingface/hub/models--runwayml--stable-diffusion-inpainting/snapshots/8a4288a76071f7280aedbdb3253bdb9e9d5d84bb/unet.
Defaulting to unsafe serialization. Pass `allow_pickle=False` to raise an error instead.

Loading pipeline components...:  29%|██▊       | 2/7 [00:01<00:03,  1.43it/s]An error occurred while trying to fetch /home/woojye2020/.cache/huggingface/hub/models--runwayml--stable-diffusion-inpainting/snapshots/8a4288a76071f7280aedbdb3253bdb9e9d5d84bb/vae: Error no file named diffusion_pytorch_model.safetensors found in directory /home/woojye2020/.cache/huggingface/hub/models--runwayml--stable-diffusion-inpainting/snapshots/8a4288a76071f7280aedbdb3253bdb9e9d5d84bb/vae.
Defaulting to unsafe serialization. Pass `allow_pickle=False` to raise an error instead.

Loading pipeline components...:  71%|███████▏  | 5/7 [00:02<00:00,  2.05it/s]
Loading pipeline components...:  86%|████████▌ | 6/7 [00:02<00:00,  2.55it/s]
Loading pipeline components...: 100%|██████████| 7/7 [00:02<00:00,  2.59it/s]

  0%|          | 0/50 [00:00<?, ?it/s]
  2%|▏         | 1/50 [00:00<00:08,  6.05it/s]
  8%|▊         | 4/50 [00:00<00:03, 14.32it/s]
 14%|█▍        | 7/50 [00:00<00:02, 17.29it/s]
 20%|██        | 10/50 [00:00<00:02, 18.80it/s]
 26%|██▌       | 13/50 [00:00<00:01, 19.66it/s]
 32%|███▏      | 16/50 [00:00<00:01, 20.19it/s]
 38%|███▊      | 19/50 [00:01<00:01, 20.56it/s]
 44%|████▍     | 22/50 [00:01<00:01, 20.79it/s]
 50%|█████     | 25/50 [00:01<00:01, 20.95it/s]
 56%|█████▌    | 28/50 [00:01<00:01, 21.06it/s]
 62%|██████▏   | 31/50 [00:01<00:00, 21.93it/s]
 68%|██████▊   | 34/50 [00:01<00:00, 22.69it/s]
 74%|███████▍  | 37/50 [00:01<00:00, 23.25it/s]
 80%|████████  | 40/50 [00:01<00:00, 23.66it/s]
 86%|████████▌ | 43/50 [00:02<00:00, 23.95it/s]
 92%|█████████▏| 46/50 [00:02<00:00, 24.16it/s]
 98%|█████████▊| 49/50 [00:02<00:00, 24.32it/s]
100%|██████████| 50/50 [00:02<00:00, 21.44it/s]


--- 1. Computing Semantic Vector Shift from Text ---
Loading BiomedCLIP Model: chuhac/BiomedCLIP-vit-bert-hf
Using Text Anchors: 'healthy breast' - 'tumor breast'
Injecting shift vector with alpha = 1.0
Target Embedding Shape (Input to SD): torch.Size([1, 4, 768])

--- 2. Loading Stable Diffusion Inpainting Model ---
Model ID: runwayml/stable-diffusion-inpainting

--- 3. Processing Image ---
Dilating mask by 3 iterations...

--- 4. Running Generation ---
Saving output to: /home/woojye2020/decs_jupyter_lab/MedCLIP-SAMv2/generated_neg_output/udiat_vector_injection_breast2/Benign/000065.png
Zero-Shot Translation Complete!

  -> Generating for: 000066.png

Loading pipeline components...:   0%|          | 0/7 [00:00<?, ?it/s]An error occurred while trying to fetch /home/woojye2020/.cache/huggingface/hub/models--runwayml--stable-diffusion-inpainting/snapshots/8a4288a76071f7280aedbdb3253bdb9e9d5d84bb/unet: Error no file named diffusion_pytorch_model.safetensors found in directory /home/woojye2020/.cache/huggingface/hub/models--runwayml--stable-diffusion-inpainting/snapshots/8a4288a76071f7280aedbdb3253bdb9e9d5d84bb/unet.
Defaulting to unsafe serialization. Pass `allow_pickle=False` to raise an error instead.

Loading pipeline components...:  14%|█▍        | 1/7 [00:01<00:06,  1.00s/it]
Loading pipeline components...:  29%|██▊       | 2/7 [00:01<00:02,  2.10it/s]`torch_dtype` is deprecated! Use `dtype` instead!

Loading pipeline components...:  43%|████▎     | 3/7 [00:02<00:03,  1.28it/s]
Loading pipeline components...:  57%|█████▋    | 4/7 [00:02<00:01,  1.57it/s]An error occurred while trying to fetch /home/woojye2020/.cache/huggingface/hub/models--runwayml--stable-diffusion-inpainting/snapshots/8a4288a76071f7280aedbdb3253bdb9e9d5d84bb/vae: Error no file named diffusion_pytorch_model.safetensors found in directory /home/woojye2020/.cache/huggingface/hub/models--runwayml--stable-diffusion-inpainting/snapshots/8a4288a76071f7280aedbdb3253bdb9e9d5d84bb/vae.
Defaulting to unsafe serialization. Pass `allow_pickle=False` to raise an error instead.

Loading pipeline components...:  86%|████████▌ | 6/7 [00:02<00:00,  3.01it/s]
Loading pipeline components...: 100%|██████████| 7/7 [00:02<00:00,  2.50it/s]

  0%|          | 0/50 [00:00<?, ?it/s]
  2%|▏         | 1/50 [00:00<00:08,  6.09it/s]
  8%|▊         | 4/50 [00:00<00:03, 14.38it/s]
 14%|█▍        | 7/50 [00:00<00:02, 17.37it/s]
 20%|██        | 10/50 [00:00<00:02, 18.95it/s]
 26%|██▌       | 13/50 [00:00<00:01, 20.80it/s]
 32%|███▏      | 16/50 [00:00<00:01, 22.02it/s]
 38%|███▊      | 19/50 [00:00<00:01, 22.88it/s]
 44%|████▍     | 22/50 [00:01<00:01, 23.46it/s]
 50%|█████     | 25/50 [00:01<00:01, 23.85it/s]
 56%|█████▌    | 28/50 [00:01<00:00, 24.06it/s]
 62%|██████▏   | 31/50 [00:01<00:00, 24.21it/s]
 68%|██████▊   | 34/50 [00:01<00:00, 24.34it/s]
 74%|███████▍  | 37/50 [00:01<00:00, 24.43it/s]
 80%|████████  | 40/50 [00:01<00:00, 24.50it/s]
 86%|████████▌ | 43/50 [00:01<00:00, 24.54it/s]
 92%|█████████▏| 46/50 [00:02<00:00, 24.58it/s]
 98%|█████████▊| 49/50 [00:02<00:00, 24.55it/s]
100%|██████████| 50/50 [00:02<00:00, 22.62it/s]


--- 1. Computing Semantic Vector Shift from Text ---
Loading BiomedCLIP Model: chuhac/BiomedCLIP-vit-bert-hf
Using Text Anchors: 'healthy breast' - 'tumor breast'
Injecting shift vector with alpha = 1.0
Target Embedding Shape (Input to SD): torch.Size([1, 4, 768])

--- 2. Loading Stable Diffusion Inpainting Model ---
Model ID: runwayml/stable-diffusion-inpainting

--- 3. Processing Image ---
Dilating mask by 3 iterations...

--- 4. Running Generation ---
Saving output to: /home/woojye2020/decs_jupyter_lab/MedCLIP-SAMv2/generated_neg_output/udiat_vector_injection_breast2/Benign/000066.png
Zero-Shot Translation Complete!

  -> Generating for: 000067.png

Loading pipeline components...:   0%|          | 0/7 [00:00<?, ?it/s]
Loading pipeline components...:  14%|█▍        | 1/7 [00:00<00:02,  2.11it/s]
Loading pipeline components...:  29%|██▊       | 2/7 [00:00<00:01,  3.53it/s]An error occurred while trying to fetch /home/woojye2020/.cache/huggingface/hub/models--runwayml--stable-diffusion-inpainting/snapshots/8a4288a76071f7280aedbdb3253bdb9e9d5d84bb/unet: Error no file named diffusion_pytorch_model.safetensors found in directory /home/woojye2020/.cache/huggingface/hub/models--runwayml--stable-diffusion-inpainting/snapshots/8a4288a76071f7280aedbdb3253bdb9e9d5d84bb/unet.
Defaulting to unsafe serialization. Pass `allow_pickle=False` to raise an error instead.

Loading pipeline components...:  43%|████▎     | 3/7 [00:01<00:01,  2.77it/s]An error occurred while trying to fetch /home/woojye2020/.cache/huggingface/hub/models--runwayml--stable-diffusion-inpainting/snapshots/8a4288a76071f7280aedbdb3253bdb9e9d5d84bb/vae: Error no file named diffusion_pytorch_model.safetensors found in directory /home/woojye2020/.cache/huggingface/hub/models--runwayml--stable-diffusion-inpainting/snapshots/8a4288a76071f7280aedbdb3253bdb9e9d5d84bb/vae.
Defaulting to unsafe serialization. Pass `allow_pickle=False` to raise an error instead.
`torch_dtype` is deprecated! Use `dtype` instead!

Loading pipeline components...:  86%|████████▌ | 6/7 [00:02<00:00,  2.66it/s]
Loading pipeline components...: 100%|██████████| 7/7 [00:02<00:00,  2.55it/s]
Loading pipeline components...: 100%|██████████| 7/7 [00:02<00:00,  2.62it/s]

  0%|          | 0/50 [00:00<?, ?it/s]
  2%|▏         | 1/50 [00:00<00:08,  6.09it/s]
  8%|▊         | 4/50 [00:00<00:03, 14.14it/s]
 14%|█▍        | 7/50 [00:00<00:02, 17.13it/s]
 20%|██        | 10/50 [00:00<00:02, 18.63it/s]
 26%|██▌       | 13/50 [00:00<00:01, 19.49it/s]
 32%|███▏      | 16/50 [00:00<00:01, 20.02it/s]
 38%|███▊      | 19/50 [00:01<00:01, 20.36it/s]
 44%|████▍     | 22/50 [00:01<00:01, 20.57it/s]
 50%|█████     | 25/50 [00:01<00:01, 20.73it/s]
 56%|█████▌    | 28/50 [00:01<00:01, 20.83it/s]
 62%|██████▏   | 31/50 [00:01<00:00, 20.90it/s]
 68%|██████▊   | 34/50 [00:01<00:00, 20.97it/s]
 74%|███████▍  | 37/50 [00:01<00:00, 20.99it/s]
 80%|████████  | 40/50 [00:02<00:00, 20.94it/s]
 86%|████████▌ | 43/50 [00:02<00:00, 21.49it/s]
 92%|█████████▏| 46/50 [00:02<00:00, 22.38it/s]
 98%|█████████▊| 49/50 [00:02<00:00, 23.05it/s]
100%|██████████| 50/50 [00:02<00:00, 20.52it/s]


--- 1. Computing Semantic Vector Shift from Text ---
Loading BiomedCLIP Model: chuhac/BiomedCLIP-vit-bert-hf
Using Text Anchors: 'healthy breast' - 'tumor breast'
Injecting shift vector with alpha = 1.0
Target Embedding Shape (Input to SD): torch.Size([1, 4, 768])

--- 2. Loading Stable Diffusion Inpainting Model ---
Model ID: runwayml/stable-diffusion-inpainting

--- 3. Processing Image ---
Dilating mask by 3 iterations...

--- 4. Running Generation ---
Saving output to: /home/woojye2020/decs_jupyter_lab/MedCLIP-SAMv2/generated_neg_output/udiat_vector_injection_breast2/Benign/000067.png
Zero-Shot Translation Complete!

  -> Generating for: 000068.png

Loading pipeline components...:   0%|          | 0/7 [00:00<?, ?it/s]
Loading pipeline components...:  29%|██▊       | 2/7 [00:00<00:01,  2.91it/s]
Loading pipeline components...:  43%|████▎     | 3/7 [00:00<00:01,  3.50it/s]`torch_dtype` is deprecated! Use `dtype` instead!

Loading pipeline components...:  57%|█████▋    | 4/7 [00:02<00:01,  1.62it/s]An error occurred while trying to fetch /home/woojye2020/.cache/huggingface/hub/models--runwayml--stable-diffusion-inpainting/snapshots/8a4288a76071f7280aedbdb3253bdb9e9d5d84bb/vae: Error no file named diffusion_pytorch_model.safetensors found in directory /home/woojye2020/.cache/huggingface/hub/models--runwayml--stable-diffusion-inpainting/snapshots/8a4288a76071f7280aedbdb3253bdb9e9d5d84bb/vae.
Defaulting to unsafe serialization. Pass `allow_pickle=False` to raise an error instead.

Loading pipeline components...:  71%|███████▏  | 5/7 [00:02<00:00,  2.20it/s]
Loading pipeline components...:  86%|████████▌ | 6/7 [00:02<00:00,  2.12it/s]An error occurred while trying to fetch /home/woojye2020/.cache/huggingface/hub/models--runwayml--stable-diffusion-inpainting/snapshots/8a4288a76071f7280aedbdb3253bdb9e9d5d84bb/unet: Error no file named diffusion_pytorch_model.safetensors found in directory /home/woojye2020/.cache/huggingface/hub/models--runwayml--stable-diffusion-inpainting/snapshots/8a4288a76071f7280aedbdb3253bdb9e9d5d84bb/unet.
Defaulting to unsafe serialization. Pass `allow_pickle=False` to raise an error instead.

Loading pipeline components...: 100%|██████████| 7/7 [00:03<00:00,  2.19it/s]
Loading pipeline components...: 100%|██████████| 7/7 [00:03<00:00,  2.23it/s]

  0%|          | 0/50 [00:00<?, ?it/s]
  2%|▏         | 1/50 [00:00<00:08,  5.67it/s]
  6%|▌         | 3/50 [00:00<00:03, 11.93it/s]
 10%|█         | 5/50 [00:00<00:03, 14.97it/s]
 14%|█▍        | 7/50 [00:00<00:02, 16.68it/s]
 18%|█▊        | 9/50 [00:00<00:02, 17.74it/s]
 22%|██▏       | 11/50 [00:00<00:02, 18.41it/s]
 26%|██▌       | 13/50 [00:00<00:01, 18.81it/s]
 30%|███       | 15/50 [00:00<00:01, 19.08it/s]
 34%|███▍      | 17/50 [00:00<00:01, 19.30it/s]
 38%|███▊      | 19/50 [00:01<00:01, 19.45it/s]
 44%|████▍     | 22/50 [00:01<00:01, 20.55it/s]
 50%|█████     | 25/50 [00:01<00:01, 21.87it/s]
 56%|█████▌    | 28/50 [00:01<00:00, 22.75it/s]
 62%|██████▏   | 31/50 [00:01<00:00, 23.32it/s]
 68%|██████▊   | 34/50 [00:01<00:00, 23.73it/s]
 74%|███████▍  | 37/50 [00:01<00:00, 23.99it/s]
 80%|████████  | 40/50 [00:01<00:00, 24.20it/s]
 86%|████████▌ | 43/50 [00:02<00:00, 24.33it/s]
 92%|█████████▏| 46/50 [00:02<00:00, 24.44it/s]
 98%|█████████▊| 49/50 [00:02<00:00, 24.50it/s]
100%|██████████| 50/50 [00:02<00:00, 21.19it/s]


--- 1. Computing Semantic Vector Shift from Text ---
Loading BiomedCLIP Model: chuhac/BiomedCLIP-vit-bert-hf
Using Text Anchors: 'healthy breast' - 'tumor breast'
Injecting shift vector with alpha = 1.0
Target Embedding Shape (Input to SD): torch.Size([1, 4, 768])

--- 2. Loading Stable Diffusion Inpainting Model ---
Model ID: runwayml/stable-diffusion-inpainting

--- 3. Processing Image ---
Dilating mask by 3 iterations...

--- 4. Running Generation ---
Saving output to: /home/woojye2020/decs_jupyter_lab/MedCLIP-SAMv2/generated_neg_output/udiat_vector_injection_breast2/Benign/000068.png
Zero-Shot Translation Complete!

  -> Generating for: 000069.png

Loading pipeline components...:   0%|          | 0/7 [00:00<?, ?it/s]
Loading pipeline components...:  29%|██▊       | 2/7 [00:00<00:00,  9.56it/s]`torch_dtype` is deprecated! Use `dtype` instead!

Loading pipeline components...:  43%|████▎     | 3/7 [00:01<00:02,  1.89it/s]An error occurred while trying to fetch /home/woojye2020/.cache/huggingface/hub/models--runwayml--stable-diffusion-inpainting/snapshots/8a4288a76071f7280aedbdb3253bdb9e9d5d84bb/unet: Error no file named diffusion_pytorch_model.safetensors found in directory /home/woojye2020/.cache/huggingface/hub/models--runwayml--stable-diffusion-inpainting/snapshots/8a4288a76071f7280aedbdb3253bdb9e9d5d84bb/unet.
Defaulting to unsafe serialization. Pass `allow_pickle=False` to raise an error instead.

Loading pipeline components...:  57%|█████▋    | 4/7 [00:02<00:01,  1.62it/s]An error occurred while trying to fetch /home/woojye2020/.cache/huggingface/hub/models--runwayml--stable-diffusion-inpainting/snapshots/8a4288a76071f7280aedbdb3253bdb9e9d5d84bb/vae: Error no file named diffusion_pytorch_model.safetensors found in directory /home/woojye2020/.cache/huggingface/hub/models--runwayml--stable-diffusion-inpainting/snapshots/8a4288a76071f7280aedbdb3253bdb9e9d5d84bb/vae.
Defaulting to unsafe serialization. Pass `allow_pickle=False` to raise an error instead.

Loading pipeline components...:  71%|███████▏  | 5/7 [00:02<00:00,  2.26it/s]
Loading pipeline components...:  86%|████████▌ | 6/7 [00:02<00:00,  2.23it/s]
Loading pipeline components...: 100%|██████████| 7/7 [00:02<00:00,  2.61it/s]

  0%|          | 0/50 [00:00<?, ?it/s]
  2%|▏         | 1/50 [00:00<00:08,  6.07it/s]
  8%|▊         | 4/50 [00:00<00:03, 14.16it/s]
 14%|█▍        | 7/50 [00:00<00:02, 17.07it/s]
 20%|██        | 10/50 [00:00<00:02, 18.52it/s]
 26%|██▌       | 13/50 [00:00<00:01, 19.35it/s]
 32%|███▏      | 16/50 [00:00<00:01, 19.81it/s]
 38%|███▊      | 19/50 [00:01<00:01, 20.15it/s]
 44%|████▍     | 22/50 [00:01<00:01, 20.37it/s]
 50%|█████     | 25/50 [00:01<00:01, 20.45it/s]
 56%|█████▌    | 28/50 [00:01<00:01, 20.60it/s]
 62%|██████▏   | 31/50 [00:01<00:00, 20.73it/s]
 68%|██████▊   | 34/50 [00:01<00:00, 20.84it/s]
 74%|███████▍  | 37/50 [00:01<00:00, 20.89it/s]
 80%|████████  | 40/50 [00:02<00:00, 20.93it/s]
 86%|████████▌ | 43/50 [00:02<00:00, 20.95it/s]
 92%|█████████▏| 46/50 [00:02<00:00, 20.99it/s]
 98%|█████████▊| 49/50 [00:02<00:00, 21.40it/s]
100%|██████████| 50/50 [00:02<00:00, 20.05it/s]


--- 1. Computing Semantic Vector Shift from Text ---
Loading BiomedCLIP Model: chuhac/BiomedCLIP-vit-bert-hf
Using Text Anchors: 'healthy breast' - 'tumor breast'
Injecting shift vector with alpha = 1.0
Target Embedding Shape (Input to SD): torch.Size([1, 4, 768])

--- 2. Loading Stable Diffusion Inpainting Model ---
Model ID: runwayml/stable-diffusion-inpainting

--- 3. Processing Image ---
Dilating mask by 3 iterations...

--- 4. Running Generation ---
Saving output to: /home/woojye2020/decs_jupyter_lab/MedCLIP-SAMv2/generated_neg_output/udiat_vector_injection_breast2/Benign/000069.png
Zero-Shot Translation Complete!

  -> Generating for: 000070.png

Loading pipeline components...:   0%|          | 0/7 [00:00<?, ?it/s]An error occurred while trying to fetch /home/woojye2020/.cache/huggingface/hub/models--runwayml--stable-diffusion-inpainting/snapshots/8a4288a76071f7280aedbdb3253bdb9e9d5d84bb/vae: Error no file named diffusion_pytorch_model.safetensors found in directory /home/woojye2020/.cache/huggingface/hub/models--runwayml--stable-diffusion-inpainting/snapshots/8a4288a76071f7280aedbdb3253bdb9e9d5d84bb/vae.
Defaulting to unsafe serialization. Pass `allow_pickle=False` to raise an error instead.

Loading pipeline components...:  14%|█▍        | 1/7 [00:00<00:03,  1.61it/s]`torch_dtype` is deprecated! Use `dtype` instead!

Loading pipeline components...:  29%|██▊       | 2/7 [00:01<00:02,  1.81it/s]
Loading pipeline components...:  43%|████▎     | 3/7 [00:01<00:01,  2.84it/s]
Loading pipeline components...:  57%|█████▋    | 4/7 [00:02<00:01,  1.52it/s]An error occurred while trying to fetch /home/woojye2020/.cache/huggingface/hub/models--runwayml--stable-diffusion-inpainting/snapshots/8a4288a76071f7280aedbdb3253bdb9e9d5d84bb/unet: Error no file named diffusion_pytorch_model.safetensors found in directory /home/woojye2020/.cache/huggingface/hub/models--runwayml--stable-diffusion-inpainting/snapshots/8a4288a76071f7280aedbdb3253bdb9e9d5d84bb/unet.
Defaulting to unsafe serialization. Pass `allow_pickle=False` to raise an error instead.

Loading pipeline components...: 100%|██████████| 7/7 [00:02<00:00,  2.99it/s]
Loading pipeline components...: 100%|██████████| 7/7 [00:02<00:00,  2.50it/s]

  0%|          | 0/50 [00:00<?, ?it/s]
  2%|▏         | 1/50 [00:00<00:07,  6.19it/s]
  8%|▊         | 4/50 [00:00<00:03, 14.44it/s]
 14%|█▍        | 7/50 [00:00<00:02, 17.41it/s]
 20%|██        | 10/50 [00:00<00:02, 18.88it/s]
 26%|██▌       | 13/50 [00:00<00:01, 19.71it/s]
 32%|███▏      | 16/50 [00:00<00:01, 20.22it/s]
 38%|███▊      | 19/50 [00:00<00:01, 21.21it/s]
 44%|████▍     | 22/50 [00:01<00:01, 22.20it/s]
 50%|█████     | 25/50 [00:01<00:01, 22.92it/s]
 56%|█████▌    | 28/50 [00:01<00:00, 23.45it/s]
 62%|██████▏   | 31/50 [00:01<00:00, 23.85it/s]
 68%|██████▊   | 34/50 [00:01<00:00, 24.11it/s]
 74%|███████▍  | 37/50 [00:01<00:00, 24.27it/s]
 80%|████████  | 40/50 [00:01<00:00, 24.36it/s]
 86%|████████▌ | 43/50 [00:01<00:00, 24.44it/s]
 92%|█████████▏| 46/50 [00:02<00:00, 24.50it/s]
 98%|█████████▊| 49/50 [00:02<00:00, 24.54it/s]
100%|██████████| 50/50 [00:02<00:00, 22.17it/s]


--- 1. Computing Semantic Vector Shift from Text ---
Loading BiomedCLIP Model: chuhac/BiomedCLIP-vit-bert-hf
Using Text Anchors: 'healthy breast' - 'tumor breast'
Injecting shift vector with alpha = 1.0
Target Embedding Shape (Input to SD): torch.Size([1, 4, 768])

--- 2. Loading Stable Diffusion Inpainting Model ---
Model ID: runwayml/stable-diffusion-inpainting

--- 3. Processing Image ---
Dilating mask by 3 iterations...

--- 4. Running Generation ---
Saving output to: /home/woojye2020/decs_jupyter_lab/MedCLIP-SAMv2/generated_neg_output/udiat_vector_injection_breast2/Benign/000070.png
Zero-Shot Translation Complete!

  -> Generating for: 000071.png

Loading pipeline components...:   0%|          | 0/7 [00:00<?, ?it/s]An error occurred while trying to fetch /home/woojye2020/.cache/huggingface/hub/models--runwayml--stable-diffusion-inpainting/snapshots/8a4288a76071f7280aedbdb3253bdb9e9d5d84bb/unet: Error no file named diffusion_pytorch_model.safetensors found in directory /home/woojye2020/.cache/huggingface/hub/models--runwayml--stable-diffusion-inpainting/snapshots/8a4288a76071f7280aedbdb3253bdb9e9d5d84bb/unet.
Defaulting to unsafe serialization. Pass `allow_pickle=False` to raise an error instead.

Loading pipeline components...:  14%|█▍        | 1/7 [00:01<00:07,  1.17s/it]`torch_dtype` is deprecated! Use `dtype` instead!

Loading pipeline components...:  57%|█████▋    | 4/7 [00:02<00:01,  1.82it/s]
Loading pipeline components...:  71%|███████▏  | 5/7 [00:02<00:01,  1.89it/s]An error occurred while trying to fetch /home/woojye2020/.cache/huggingface/hub/models--runwayml--stable-diffusion-inpainting/snapshots/8a4288a76071f7280aedbdb3253bdb9e9d5d84bb/vae: Error no file named diffusion_pytorch_model.safetensors found in directory /home/woojye2020/.cache/huggingface/hub/models--runwayml--stable-diffusion-inpainting/snapshots/8a4288a76071f7280aedbdb3253bdb9e9d5d84bb/vae.
Defaulting to unsafe serialization. Pass `allow_pickle=False` to raise an error instead.

Loading pipeline components...:  86%|████████▌ | 6/7 [00:02<00:00,  2.42it/s]
Loading pipeline components...: 100%|██████████| 7/7 [00:03<00:00,  3.04it/s]
Loading pipeline components...: 100%|██████████| 7/7 [00:03<00:00,  2.26it/s]

  0%|          | 0/50 [00:00<?, ?it/s]
  2%|▏         | 1/50 [00:00<00:08,  6.08it/s]
  8%|▊         | 4/50 [00:00<00:03, 14.27it/s]
 14%|█▍        | 7/50 [00:00<00:02, 17.21it/s]
 20%|██        | 10/50 [00:00<00:02, 18.67it/s]
 26%|██▌       | 13/50 [00:00<00:01, 19.52it/s]
 32%|███▏      | 16/50 [00:00<00:01, 20.03it/s]
 38%|███▊      | 19/50 [00:01<00:01, 20.38it/s]
 44%|████▍     | 22/50 [00:01<00:01, 20.56it/s]
 50%|█████     | 25/50 [00:01<00:01, 20.75it/s]
 56%|█████▌    | 28/50 [00:01<00:01, 20.88it/s]
 62%|██████▏   | 31/50 [00:01<00:00, 20.96it/s]
 68%|██████▊   | 34/50 [00:01<00:00, 21.02it/s]
 74%|███████▍  | 37/50 [00:01<00:00, 21.07it/s]
 80%|████████  | 40/50 [00:02<00:00, 21.08it/s]
 86%|████████▌ | 43/50 [00:02<00:00, 21.09it/s]
 92%|█████████▏| 46/50 [00:02<00:00, 21.10it/s]
 98%|█████████▊| 49/50 [00:02<00:00, 21.10it/s]
100%|██████████| 50/50 [00:02<00:00, 20.12it/s]


--- 1. Computing Semantic Vector Shift from Text ---
Loading BiomedCLIP Model: chuhac/BiomedCLIP-vit-bert-hf
Using Text Anchors: 'healthy breast' - 'tumor breast'
Injecting shift vector with alpha = 1.0
Target Embedding Shape (Input to SD): torch.Size([1, 4, 768])

--- 2. Loading Stable Diffusion Inpainting Model ---
Model ID: runwayml/stable-diffusion-inpainting

--- 3. Processing Image ---
Dilating mask by 3 iterations...

--- 4. Running Generation ---
Saving output to: /home/woojye2020/decs_jupyter_lab/MedCLIP-SAMv2/generated_neg_output/udiat_vector_injection_breast2/Benign/000071.png
Zero-Shot Translation Complete!

  -> Generating for: 000072.png

Loading pipeline components...:   0%|          | 0/7 [00:00<?, ?it/s]An error occurred while trying to fetch /home/woojye2020/.cache/huggingface/hub/models--runwayml--stable-diffusion-inpainting/snapshots/8a4288a76071f7280aedbdb3253bdb9e9d5d84bb/unet: Error no file named diffusion_pytorch_model.safetensors found in directory /home/woojye2020/.cache/huggingface/hub/models--runwayml--stable-diffusion-inpainting/snapshots/8a4288a76071f7280aedbdb3253bdb9e9d5d84bb/unet.
Defaulting to unsafe serialization. Pass `allow_pickle=False` to raise an error instead.

Loading pipeline components...:  14%|█▍        | 1/7 [00:00<00:05,  1.00it/s]An error occurred while trying to fetch /home/woojye2020/.cache/huggingface/hub/models--runwayml--stable-diffusion-inpainting/snapshots/8a4288a76071f7280aedbdb3253bdb9e9d5d84bb/vae: Error no file named diffusion_pytorch_model.safetensors found in directory /home/woojye2020/.cache/huggingface/hub/models--runwayml--stable-diffusion-inpainting/snapshots/8a4288a76071f7280aedbdb3253bdb9e9d5d84bb/vae.
Defaulting to unsafe serialization. Pass `allow_pickle=False` to raise an error instead.

Loading pipeline components...:  29%|██▊       | 2/7 [00:01<00:02,  2.07it/s]`torch_dtype` is deprecated! Use `dtype` instead!

Loading pipeline components...:  43%|████▎     | 3/7 [00:02<00:03,  1.22it/s]
Loading pipeline components...:  57%|█████▋    | 4/7 [00:02<00:02,  1.45it/s]
Loading pipeline components...: 100%|██████████| 7/7 [00:02<00:00,  3.53it/s]
Loading pipeline components...: 100%|██████████| 7/7 [00:02<00:00,  2.37it/s]

  0%|          | 0/50 [00:00<?, ?it/s]
  2%|▏         | 1/50 [00:00<00:08,  5.75it/s]
  6%|▌         | 3/50 [00:00<00:03, 12.06it/s]
 12%|█▏        | 6/50 [00:00<00:02, 15.98it/s]
 16%|█▌        | 8/50 [00:00<00:02, 17.20it/s]
 20%|██        | 10/50 [00:00<00:02, 18.06it/s]
 26%|██▌       | 13/50 [00:00<00:01, 19.01it/s]
 32%|███▏      | 16/50 [00:00<00:01, 19.54it/s]
 38%|███▊      | 19/50 [00:01<00:01, 19.88it/s]
 44%|████▍     | 22/50 [00:01<00:01, 20.11it/s]
 50%|█████     | 25/50 [00:01<00:01, 20.25it/s]
 56%|█████▌    | 28/50 [00:01<00:01, 20.35it/s]
 62%|██████▏   | 31/50 [00:01<00:00, 20.37it/s]
 68%|██████▊   | 34/50 [00:01<00:00, 20.34it/s]
 74%|███████▍  | 37/50 [00:01<00:00, 20.36it/s]
 80%|████████  | 40/50 [00:02<00:00, 20.36it/s]
 86%|████████▌ | 43/50 [00:02<00:00, 20.36it/s]
 92%|█████████▏| 46/50 [00:02<00:00, 20.38it/s]
 98%|█████████▊| 49/50 [00:02<00:00, 20.41it/s]
100%|██████████| 50/50 [00:02<00:00, 19.36it/s]


--- 1. Computing Semantic Vector Shift from Text ---
Loading BiomedCLIP Model: chuhac/BiomedCLIP-vit-bert-hf
Using Text Anchors: 'healthy breast' - 'tumor breast'
Injecting shift vector with alpha = 1.0
Target Embedding Shape (Input to SD): torch.Size([1, 4, 768])

--- 2. Loading Stable Diffusion Inpainting Model ---
Model ID: runwayml/stable-diffusion-inpainting

--- 3. Processing Image ---
Dilating mask by 3 iterations...

--- 4. Running Generation ---
Saving output to: /home/woojye2020/decs_jupyter_lab/MedCLIP-SAMv2/generated_neg_output/udiat_vector_injection_breast2/Benign/000072.png
Zero-Shot Translation Complete!

  -> Generating for: 000073.png

Loading pipeline components...:   0%|          | 0/7 [00:00<?, ?it/s]`torch_dtype` is deprecated! Use `dtype` instead!

Loading pipeline components...:  14%|█▍        | 1/7 [00:01<00:07,  1.21s/it]
Loading pipeline components...:  29%|██▊       | 2/7 [00:01<00:03,  1.26it/s]
Loading pipeline components...:  57%|█████▋    | 4/7 [00:01<00:00,  3.01it/s]An error occurred while trying to fetch /home/woojye2020/.cache/huggingface/hub/models--runwayml--stable-diffusion-inpainting/snapshots/8a4288a76071f7280aedbdb3253bdb9e9d5d84bb/unet: Error no file named diffusion_pytorch_model.safetensors found in directory /home/woojye2020/.cache/huggingface/hub/models--runwayml--stable-diffusion-inpainting/snapshots/8a4288a76071f7280aedbdb3253bdb9e9d5d84bb/unet.
Defaulting to unsafe serialization. Pass `allow_pickle=False` to raise an error instead.

Loading pipeline components...:  71%|███████▏  | 5/7 [00:02<00:00,  2.17it/s]An error occurred while trying to fetch /home/woojye2020/.cache/huggingface/hub/models--runwayml--stable-diffusion-inpainting/snapshots/8a4288a76071f7280aedbdb3253bdb9e9d5d84bb/vae: Error no file named diffusion_pytorch_model.safetensors found in directory /home/woojye2020/.cache/huggingface/hub/models--runwayml--stable-diffusion-inpainting/snapshots/8a4288a76071f7280aedbdb3253bdb9e9d5d84bb/vae.
Defaulting to unsafe serialization. Pass `allow_pickle=False` to raise an error instead.

Loading pipeline components...: 100%|██████████| 7/7 [00:02<00:00,  3.64it/s]
Loading pipeline components...: 100%|██████████| 7/7 [00:02<00:00,  2.59it/s]

  0%|          | 0/50 [00:00<?, ?it/s]
  2%|▏         | 1/50 [00:00<00:08,  5.55it/s]
  8%|▊         | 4/50 [00:00<00:03, 13.76it/s]
 14%|█▍        | 7/50 [00:00<00:02, 18.13it/s]
 20%|██        | 10/50 [00:00<00:01, 20.51it/s]
 26%|██▌       | 13/50 [00:00<00:01, 21.94it/s]
 32%|███▏      | 16/50 [00:00<00:01, 22.85it/s]
 38%|███▊      | 19/50 [00:00<00:01, 23.45it/s]
 44%|████▍     | 22/50 [00:01<00:01, 23.85it/s]
 50%|█████     | 25/50 [00:01<00:01, 24.01it/s]
 56%|█████▌    | 28/50 [00:01<00:00, 24.14it/s]
 62%|██████▏   | 31/50 [00:01<00:00, 24.29it/s]
 68%|██████▊   | 34/50 [00:01<00:00, 24.38it/s]
 74%|███████▍  | 37/50 [00:01<00:00, 24.45it/s]
 80%|████████  | 40/50 [00:01<00:00, 24.51it/s]
 86%|████████▌ | 43/50 [00:01<00:00, 24.57it/s]
 92%|█████████▏| 46/50 [00:02<00:00, 24.61it/s]
 98%|█████████▊| 49/50 [00:02<00:00, 24.62it/s]
100%|██████████| 50/50 [00:02<00:00, 22.85it/s]


--- 1. Computing Semantic Vector Shift from Text ---
Loading BiomedCLIP Model: chuhac/BiomedCLIP-vit-bert-hf
Using Text Anchors: 'healthy breast' - 'tumor breast'
Injecting shift vector with alpha = 1.0
Target Embedding Shape (Input to SD): torch.Size([1, 4, 768])

--- 2. Loading Stable Diffusion Inpainting Model ---
Model ID: runwayml/stable-diffusion-inpainting

--- 3. Processing Image ---
Dilating mask by 3 iterations...

--- 4. Running Generation ---
Saving output to: /home/woojye2020/decs_jupyter_lab/MedCLIP-SAMv2/generated_neg_output/udiat_vector_injection_breast2/Benign/000073.png
Zero-Shot Translation Complete!

  -> Generating for: 000074.png

Loading pipeline components...:   0%|          | 0/7 [00:00<?, ?it/s]
Loading pipeline components...:  14%|█▍        | 1/7 [00:00<00:03,  1.51it/s]An error occurred while trying to fetch /home/woojye2020/.cache/huggingface/hub/models--runwayml--stable-diffusion-inpainting/snapshots/8a4288a76071f7280aedbdb3253bdb9e9d5d84bb/unet: Error no file named diffusion_pytorch_model.safetensors found in directory /home/woojye2020/.cache/huggingface/hub/models--runwayml--stable-diffusion-inpainting/snapshots/8a4288a76071f7280aedbdb3253bdb9e9d5d84bb/unet.
Defaulting to unsafe serialization. Pass `allow_pickle=False` to raise an error instead.

Loading pipeline components...:  29%|██▊       | 2/7 [00:01<00:02,  1.86it/s]
Loading pipeline components...:  43%|████▎     | 3/7 [00:01<00:01,  2.85it/s]An error occurred while trying to fetch /home/woojye2020/.cache/huggingface/hub/models--runwayml--stable-diffusion-inpainting/snapshots/8a4288a76071f7280aedbdb3253bdb9e9d5d84bb/vae: Error no file named diffusion_pytorch_model.safetensors found in directory /home/woojye2020/.cache/huggingface/hub/models--runwayml--stable-diffusion-inpainting/snapshots/8a4288a76071f7280aedbdb3253bdb9e9d5d84bb/vae.
Defaulting to unsafe serialization. Pass `allow_pickle=False` to raise an error instead.

Loading pipeline components...:  71%|███████▏  | 5/7 [00:01<00:00,  5.32it/s]`torch_dtype` is deprecated! Use `dtype` instead!

Loading pipeline components...:  86%|████████▌ | 6/7 [00:01<00:00,  3.70it/s]
Loading pipeline components...: 100%|██████████| 7/7 [00:02<00:00,  1.94it/s]
Loading pipeline components...: 100%|██████████| 7/7 [00:02<00:00,  2.37it/s]

  0%|          | 0/50 [00:00<?, ?it/s]
  2%|▏         | 1/50 [00:00<00:07,  6.15it/s]
  8%|▊         | 4/50 [00:00<00:03, 14.34it/s]
 14%|█▍        | 7/50 [00:00<00:02, 17.38it/s]
 20%|██        | 10/50 [00:00<00:02, 18.88it/s]
 26%|██▌       | 13/50 [00:00<00:01, 19.74it/s]
 32%|███▏      | 16/50 [00:00<00:01, 20.57it/s]
 38%|███▊      | 19/50 [00:00<00:01, 21.78it/s]
 44%|████▍     | 22/50 [00:01<00:01, 22.64it/s]
 50%|█████     | 25/50 [00:01<00:01, 23.24it/s]
 56%|█████▌    | 28/50 [00:01<00:00, 23.65it/s]
 62%|██████▏   | 31/50 [00:01<00:00, 23.93it/s]
 68%|██████▊   | 34/50 [00:01<00:00, 24.15it/s]
 74%|███████▍  | 37/50 [00:01<00:00, 24.32it/s]
 80%|████████  | 40/50 [00:01<00:00, 24.45it/s]
 86%|████████▌ | 43/50 [00:01<00:00, 24.52it/s]
 92%|█████████▏| 46/50 [00:02<00:00, 24.55it/s]
 98%|█████████▊| 49/50 [00:02<00:00, 24.58it/s]
100%|██████████| 50/50 [00:02<00:00, 22.29it/s]


--- 1. Computing Semantic Vector Shift from Text ---
Loading BiomedCLIP Model: chuhac/BiomedCLIP-vit-bert-hf
Using Text Anchors: 'healthy breast' - 'tumor breast'
Injecting shift vector with alpha = 1.0
Target Embedding Shape (Input to SD): torch.Size([1, 4, 768])

--- 2. Loading Stable Diffusion Inpainting Model ---
Model ID: runwayml/stable-diffusion-inpainting

--- 3. Processing Image ---
Dilating mask by 3 iterations...

--- 4. Running Generation ---
Saving output to: /home/woojye2020/decs_jupyter_lab/MedCLIP-SAMv2/generated_neg_output/udiat_vector_injection_breast2/Benign/000074.png
Zero-Shot Translation Complete!

  -> Generating for: 000075.png

Loading pipeline components...:   0%|          | 0/7 [00:00<?, ?it/s]
Loading pipeline components...:  14%|█▍        | 1/7 [00:00<00:01,  4.80it/s]`torch_dtype` is deprecated! Use `dtype` instead!

Loading pipeline components...:  43%|████▎     | 3/7 [00:01<00:01,  2.04it/s]
Loading pipeline components...:  57%|█████▋    | 4/7 [00:01<00:01,  2.39it/s]An error occurred while trying to fetch /home/woojye2020/.cache/huggingface/hub/models--runwayml--stable-diffusion-inpainting/snapshots/8a4288a76071f7280aedbdb3253bdb9e9d5d84bb/vae: Error no file named diffusion_pytorch_model.safetensors found in directory /home/woojye2020/.cache/huggingface/hub/models--runwayml--stable-diffusion-inpainting/snapshots/8a4288a76071f7280aedbdb3253bdb9e9d5d84bb/vae.
Defaulting to unsafe serialization. Pass `allow_pickle=False` to raise an error instead.

Loading pipeline components...:  71%|███████▏  | 5/7 [00:01<00:00,  3.12it/s]An error occurred while trying to fetch /home/woojye2020/.cache/huggingface/hub/models--runwayml--stable-diffusion-inpainting/snapshots/8a4288a76071f7280aedbdb3253bdb9e9d5d84bb/unet: Error no file named diffusion_pytorch_model.safetensors found in directory /home/woojye2020/.cache/huggingface/hub/models--runwayml--stable-diffusion-inpainting/snapshots/8a4288a76071f7280aedbdb3253bdb9e9d5d84bb/unet.
Defaulting to unsafe serialization. Pass `allow_pickle=False` to raise an error instead.

Loading pipeline components...:  86%|████████▌ | 6/7 [00:02<00:00,  2.79it/s]
Loading pipeline components...: 100%|██████████| 7/7 [00:02<00:00,  2.53it/s]
Loading pipeline components...: 100%|██████████| 7/7 [00:02<00:00,  2.59it/s]

  0%|          | 0/50 [00:00<?, ?it/s]
  2%|▏         | 1/50 [00:00<00:08,  5.73it/s]
  6%|▌         | 3/50 [00:00<00:03, 12.01it/s]
 10%|█         | 5/50 [00:00<00:02, 15.02it/s]
 14%|█▍        | 7/50 [00:00<00:02, 16.59it/s]
 18%|█▊        | 9/50 [00:00<00:02, 17.72it/s]
 24%|██▍       | 12/50 [00:00<00:01, 20.16it/s]
 30%|███       | 15/50 [00:00<00:01, 21.69it/s]
 36%|███▌      | 18/50 [00:00<00:01, 22.64it/s]
 42%|████▏     | 21/50 [00:01<00:01, 23.26it/s]
 48%|████▊     | 24/50 [00:01<00:01, 23.70it/s]
 54%|█████▍    | 27/50 [00:01<00:00, 24.02it/s]
 60%|██████    | 30/50 [00:01<00:00, 24.23it/s]
 66%|██████▌   | 33/50 [00:01<00:00, 24.36it/s]
 72%|███████▏  | 36/50 [00:01<00:00, 24.45it/s]
 78%|███████▊  | 39/50 [00:01<00:00, 24.50it/s]
 84%|████████▍ | 42/50 [00:01<00:00, 24.50it/s]
 90%|█████████ | 45/50 [00:02<00:00, 24.51it/s]
 96%|█████████▌| 48/50 [00:02<00:00, 24.53it/s]
100%|██████████| 50/50 [00:02<00:00, 22.23it/s]


--- 1. Computing Semantic Vector Shift from Text ---
Loading BiomedCLIP Model: chuhac/BiomedCLIP-vit-bert-hf
Using Text Anchors: 'healthy breast' - 'tumor breast'
Injecting shift vector with alpha = 1.0
Target Embedding Shape (Input to SD): torch.Size([1, 4, 768])

--- 2. Loading Stable Diffusion Inpainting Model ---
Model ID: runwayml/stable-diffusion-inpainting

--- 3. Processing Image ---
Dilating mask by 3 iterations...

--- 4. Running Generation ---
Saving output to: /home/woojye2020/decs_jupyter_lab/MedCLIP-SAMv2/generated_neg_output/udiat_vector_injection_breast2/Benign/000075.png
Zero-Shot Translation Complete!

  -> Generating for: 000076.png

Loading pipeline components...:   0%|          | 0/7 [00:00<?, ?it/s]
Loading pipeline components...:  14%|█▍        | 1/7 [00:00<00:02,  2.20it/s]
Loading pipeline components...:  29%|██▊       | 2/7 [00:00<00:01,  3.59it/s]`torch_dtype` is deprecated! Use `dtype` instead!

Loading pipeline components...:  43%|████▎     | 3/7 [00:01<00:02,  1.55it/s]
Loading pipeline components...:  57%|█████▋    | 4/7 [00:02<00:01,  1.78it/s]An error occurred while trying to fetch /home/woojye2020/.cache/huggingface/hub/models--runwayml--stable-diffusion-inpainting/snapshots/8a4288a76071f7280aedbdb3253bdb9e9d5d84bb/vae: Error no file named diffusion_pytorch_model.safetensors found in directory /home/woojye2020/.cache/huggingface/hub/models--runwayml--stable-diffusion-inpainting/snapshots/8a4288a76071f7280aedbdb3253bdb9e9d5d84bb/vae.
Defaulting to unsafe serialization. Pass `allow_pickle=False` to raise an error instead.

Loading pipeline components...:  71%|███████▏  | 5/7 [00:02<00:00,  2.51it/s]An error occurred while trying to fetch /home/woojye2020/.cache/huggingface/hub/models--runwayml--stable-diffusion-inpainting/snapshots/8a4288a76071f7280aedbdb3253bdb9e9d5d84bb/unet: Error no file named diffusion_pytorch_model.safetensors found in directory /home/woojye2020/.cache/huggingface/hub/models--runwayml--stable-diffusion-inpainting/snapshots/8a4288a76071f7280aedbdb3253bdb9e9d5d84bb/unet.
Defaulting to unsafe serialization. Pass `allow_pickle=False` to raise an error instead.

Loading pipeline components...:  86%|████████▌ | 6/7 [00:02<00:00,  2.44it/s]
Loading pipeline components...: 100%|██████████| 7/7 [00:02<00:00,  2.62it/s]

  0%|          | 0/50 [00:00<?, ?it/s]
  2%|▏         | 1/50 [00:00<00:08,  5.97it/s]
  8%|▊         | 4/50 [00:00<00:03, 14.11it/s]
 14%|█▍        | 7/50 [00:00<00:02, 17.11it/s]
 20%|██        | 10/50 [00:00<00:02, 18.53it/s]
 26%|██▌       | 13/50 [00:00<00:01, 19.39it/s]
 32%|███▏      | 16/50 [00:00<00:01, 19.90it/s]
 38%|███▊      | 19/50 [00:01<00:01, 20.24it/s]
 44%|████▍     | 22/50 [00:01<00:01, 20.45it/s]
 50%|█████     | 25/50 [00:01<00:01, 20.62it/s]
 56%|█████▌    | 28/50 [00:01<00:01, 20.74it/s]
 62%|██████▏   | 31/50 [00:01<00:00, 20.72it/s]
 68%|██████▊   | 34/50 [00:01<00:00, 20.79it/s]
 74%|███████▍  | 37/50 [00:01<00:00, 20.82it/s]
 80%|████████  | 40/50 [00:02<00:00, 20.87it/s]
 86%|████████▌ | 43/50 [00:02<00:00, 20.79it/s]
 92%|█████████▏| 46/50 [00:02<00:00, 21.80it/s]
 98%|█████████▊| 49/50 [00:02<00:00, 22.60it/s]
100%|██████████| 50/50 [00:02<00:00, 20.30it/s]


--- 1. Computing Semantic Vector Shift from Text ---
Loading BiomedCLIP Model: chuhac/BiomedCLIP-vit-bert-hf
Using Text Anchors: 'healthy breast' - 'tumor breast'
Injecting shift vector with alpha = 1.0
Target Embedding Shape (Input to SD): torch.Size([1, 4, 768])

--- 2. Loading Stable Diffusion Inpainting Model ---
Model ID: runwayml/stable-diffusion-inpainting

--- 3. Processing Image ---
Dilating mask by 3 iterations...

--- 4. Running Generation ---
Saving output to: /home/woojye2020/decs_jupyter_lab/MedCLIP-SAMv2/generated_neg_output/udiat_vector_injection_breast2/Benign/000076.png
Zero-Shot Translation Complete!

  -> Generating for: 000077.png

Loading pipeline components...:   0%|          | 0/7 [00:00<?, ?it/s]`torch_dtype` is deprecated! Use `dtype` instead!

Loading pipeline components...:  14%|█▍        | 1/7 [00:00<00:03,  1.68it/s]
Loading pipeline components...:  43%|████▎     | 3/7 [00:00<00:01,  3.72it/s]
Loading pipeline components...:  57%|█████▋    | 4/7 [00:01<00:00,  4.50it/s]An error occurred while trying to fetch /home/woojye2020/.cache/huggingface/hub/models--runwayml--stable-diffusion-inpainting/snapshots/8a4288a76071f7280aedbdb3253bdb9e9d5d84bb/vae: Error no file named diffusion_pytorch_model.safetensors found in directory /home/woojye2020/.cache/huggingface/hub/models--runwayml--stable-diffusion-inpainting/snapshots/8a4288a76071f7280aedbdb3253bdb9e9d5d84bb/vae.
Defaulting to unsafe serialization. Pass `allow_pickle=False` to raise an error instead.

Loading pipeline components...:  71%|███████▏  | 5/7 [00:01<00:00,  5.26it/s]An error occurred while trying to fetch /home/woojye2020/.cache/huggingface/hub/models--runwayml--stable-diffusion-inpainting/snapshots/8a4288a76071f7280aedbdb3253bdb9e9d5d84bb/unet: Error no file named diffusion_pytorch_model.safetensors found in directory /home/woojye2020/.cache/huggingface/hub/models--runwayml--stable-diffusion-inpainting/snapshots/8a4288a76071f7280aedbdb3253bdb9e9d5d84bb/unet.
Defaulting to unsafe serialization. Pass `allow_pickle=False` to raise an error instead.

Loading pipeline components...:  86%|████████▌ | 6/7 [00:01<00:00,  3.37it/s]
Loading pipeline components...: 100%|██████████| 7/7 [00:02<00:00,  1.72it/s]
Loading pipeline components...: 100%|██████████| 7/7 [00:02<00:00,  2.43it/s]

  0%|          | 0/50 [00:00<?, ?it/s]
  2%|▏         | 1/50 [00:00<00:08,  6.04it/s]
  8%|▊         | 4/50 [00:00<00:03, 14.19it/s]
 14%|█▍        | 7/50 [00:00<00:02, 17.16it/s]
 20%|██        | 10/50 [00:00<00:02, 18.64it/s]
 26%|██▌       | 13/50 [00:00<00:01, 19.50it/s]
 32%|███▏      | 16/50 [00:00<00:01, 19.95it/s]
 38%|███▊      | 19/50 [00:01<00:01, 20.31it/s]
 44%|████▍     | 22/50 [00:01<00:01, 20.47it/s]
 50%|█████     | 25/50 [00:01<00:01, 21.11it/s]
 56%|█████▌    | 28/50 [00:01<00:00, 22.08it/s]
 62%|██████▏   | 31/50 [00:01<00:00, 22.79it/s]
 68%|██████▊   | 34/50 [00:01<00:00, 23.32it/s]
 74%|███████▍  | 37/50 [00:01<00:00, 23.70it/s]
 80%|████████  | 40/50 [00:01<00:00, 23.97it/s]
 86%|████████▌ | 43/50 [00:02<00:00, 24.18it/s]
 92%|█████████▏| 46/50 [00:02<00:00, 24.31it/s]
 98%|█████████▊| 49/50 [00:02<00:00, 24.41it/s]
100%|██████████| 50/50 [00:02<00:00, 21.57it/s]


--- 1. Computing Semantic Vector Shift from Text ---
Loading BiomedCLIP Model: chuhac/BiomedCLIP-vit-bert-hf
Using Text Anchors: 'healthy breast' - 'tumor breast'
Injecting shift vector with alpha = 1.0
Target Embedding Shape (Input to SD): torch.Size([1, 4, 768])

--- 2. Loading Stable Diffusion Inpainting Model ---
Model ID: runwayml/stable-diffusion-inpainting

--- 3. Processing Image ---
Dilating mask by 3 iterations...

--- 4. Running Generation ---
Saving output to: /home/woojye2020/decs_jupyter_lab/MedCLIP-SAMv2/generated_neg_output/udiat_vector_injection_breast2/Benign/000077.png
Zero-Shot Translation Complete!

  -> Generating for: 000078.png

Loading pipeline components...:   0%|          | 0/7 [00:00<?, ?it/s]`torch_dtype` is deprecated! Use `dtype` instead!

Loading pipeline components...:  14%|█▍        | 1/7 [00:01<00:06,  1.16s/it]
Loading pipeline components...:  29%|██▊       | 2/7 [00:01<00:03,  1.53it/s]
Loading pipeline components...:  43%|████▎     | 3/7 [00:01<00:02,  1.92it/s]An error occurred while trying to fetch /home/woojye2020/.cache/huggingface/hub/models--runwayml--stable-diffusion-inpainting/snapshots/8a4288a76071f7280aedbdb3253bdb9e9d5d84bb/vae: Error no file named diffusion_pytorch_model.safetensors found in directory /home/woojye2020/.cache/huggingface/hub/models--runwayml--stable-diffusion-inpainting/snapshots/8a4288a76071f7280aedbdb3253bdb9e9d5d84bb/vae.
Defaulting to unsafe serialization. Pass `allow_pickle=False` to raise an error instead.

Loading pipeline components...:  71%|███████▏  | 5/7 [00:01<00:00,  3.86it/s]
Loading pipeline components...:  86%|████████▌ | 6/7 [00:02<00:00,  4.56it/s]An error occurred while trying to fetch /home/woojye2020/.cache/huggingface/hub/models--runwayml--stable-diffusion-inpainting/snapshots/8a4288a76071f7280aedbdb3253bdb9e9d5d84bb/unet: Error no file named diffusion_pytorch_model.safetensors found in directory /home/woojye2020/.cache/huggingface/hub/models--runwayml--stable-diffusion-inpainting/snapshots/8a4288a76071f7280aedbdb3253bdb9e9d5d84bb/unet.
Defaulting to unsafe serialization. Pass `allow_pickle=False` to raise an error instead.

Loading pipeline components...: 100%|██████████| 7/7 [00:02<00:00,  3.38it/s]
Loading pipeline components...: 100%|██████████| 7/7 [00:02<00:00,  2.75it/s]

  0%|          | 0/50 [00:00<?, ?it/s]
  2%|▏         | 1/50 [00:00<00:08,  5.49it/s]
  8%|▊         | 4/50 [00:00<00:03, 13.45it/s]
 14%|█▍        | 7/50 [00:00<00:02, 16.52it/s]
 20%|██        | 10/50 [00:00<00:02, 18.08it/s]
 26%|██▌       | 13/50 [00:00<00:01, 18.97it/s]
 32%|███▏      | 16/50 [00:00<00:01, 19.51it/s]
 38%|███▊      | 19/50 [00:01<00:01, 19.87it/s]
 44%|████▍     | 22/50 [00:01<00:01, 20.81it/s]
 50%|█████     | 25/50 [00:01<00:01, 21.84it/s]
 56%|█████▌    | 28/50 [00:01<00:00, 22.59it/s]
 62%|██████▏   | 31/50 [00:01<00:00, 23.14it/s]
 68%|██████▊   | 34/50 [00:01<00:00, 23.54it/s]
 74%|███████▍  | 37/50 [00:01<00:00, 23.83it/s]
 80%|████████  | 40/50 [00:01<00:00, 24.04it/s]
 86%|████████▌ | 43/50 [00:02<00:00, 24.20it/s]
 92%|█████████▏| 46/50 [00:02<00:00, 24.27it/s]
 98%|█████████▊| 49/50 [00:02<00:00, 24.31it/s]
100%|██████████| 50/50 [00:02<00:00, 21.44it/s]


--- 1. Computing Semantic Vector Shift from Text ---
Loading BiomedCLIP Model: chuhac/BiomedCLIP-vit-bert-hf
Using Text Anchors: 'healthy breast' - 'tumor breast'
Injecting shift vector with alpha = 1.0
Target Embedding Shape (Input to SD): torch.Size([1, 4, 768])

--- 2. Loading Stable Diffusion Inpainting Model ---
Model ID: runwayml/stable-diffusion-inpainting

--- 3. Processing Image ---
Dilating mask by 3 iterations...

--- 4. Running Generation ---
Saving output to: /home/woojye2020/decs_jupyter_lab/MedCLIP-SAMv2/generated_neg_output/udiat_vector_injection_breast2/Benign/000078.png
Zero-Shot Translation Complete!

  -> Generating for: 000079.png

Loading pipeline components...:   0%|          | 0/7 [00:00<?, ?it/s]`torch_dtype` is deprecated! Use `dtype` instead!

Loading pipeline components...:  29%|██▊       | 2/7 [00:01<00:02,  1.69it/s]An error occurred while trying to fetch /home/woojye2020/.cache/huggingface/hub/models--runwayml--stable-diffusion-inpainting/snapshots/8a4288a76071f7280aedbdb3253bdb9e9d5d84bb/vae: Error no file named diffusion_pytorch_model.safetensors found in directory /home/woojye2020/.cache/huggingface/hub/models--runwayml--stable-diffusion-inpainting/snapshots/8a4288a76071f7280aedbdb3253bdb9e9d5d84bb/vae.
Defaulting to unsafe serialization. Pass `allow_pickle=False` to raise an error instead.

Loading pipeline components...:  43%|████▎     | 3/7 [00:01<00:02,  1.91it/s]
Loading pipeline components...:  57%|█████▋    | 4/7 [00:01<00:01,  2.24it/s]
Loading pipeline components...:  71%|███████▏  | 5/7 [00:02<00:00,  3.02it/s]An error occurred while trying to fetch /home/woojye2020/.cache/huggingface/hub/models--runwayml--stable-diffusion-inpainting/snapshots/8a4288a76071f7280aedbdb3253bdb9e9d5d84bb/unet: Error no file named diffusion_pytorch_model.safetensors found in directory /home/woojye2020/.cache/huggingface/hub/models--runwayml--stable-diffusion-inpainting/snapshots/8a4288a76071f7280aedbdb3253bdb9e9d5d84bb/unet.
Defaulting to unsafe serialization. Pass `allow_pickle=False` to raise an error instead.

Loading pipeline components...: 100%|██████████| 7/7 [00:02<00:00,  3.64it/s]
Loading pipeline components...: 100%|██████████| 7/7 [00:02<00:00,  2.82it/s]

  0%|          | 0/50 [00:00<?, ?it/s]
  2%|▏         | 1/50 [00:00<00:08,  5.92it/s]
  8%|▊         | 4/50 [00:00<00:03, 13.87it/s]
 14%|█▍        | 7/50 [00:00<00:02, 16.74it/s]
 20%|██        | 10/50 [00:00<00:02, 18.15it/s]
 26%|██▌       | 13/50 [00:00<00:01, 18.93it/s]
 30%|███       | 15/50 [00:00<00:02, 17.37it/s]
 34%|███▍      | 17/50 [00:01<00:01, 17.99it/s]
 40%|████      | 20/50 [00:01<00:01, 18.91it/s]
 46%|████▌     | 23/50 [00:01<00:01, 20.40it/s]
 52%|█████▏    | 26/50 [00:01<00:01, 20.12it/s]
 58%|█████▊    | 29/50 [00:01<00:00, 21.33it/s]
 64%|██████▍   | 32/50 [00:01<00:00, 22.22it/s]
 70%|███████   | 35/50 [00:01<00:00, 22.87it/s]
 76%|███████▌  | 38/50 [00:01<00:00, 23.35it/s]
 82%|████████▏ | 41/50 [00:02<00:00, 23.70it/s]
 88%|████████▊ | 44/50 [00:02<00:00, 23.92it/s]
 94%|█████████▍| 47/50 [00:02<00:00, 24.07it/s]
100%|██████████| 50/50 [00:02<00:00, 24.18it/s]
100%|██████████| 50/50 [00:02<00:00, 20.78it/s]


--- 1. Computing Semantic Vector Shift from Text ---
Loading BiomedCLIP Model: chuhac/BiomedCLIP-vit-bert-hf
Using Text Anchors: 'healthy breast' - 'tumor breast'
Injecting shift vector with alpha = 1.0
Target Embedding Shape (Input to SD): torch.Size([1, 4, 768])

--- 2. Loading Stable Diffusion Inpainting Model ---
Model ID: runwayml/stable-diffusion-inpainting

--- 3. Processing Image ---
Dilating mask by 3 iterations...

--- 4. Running Generation ---
Saving output to: /home/woojye2020/decs_jupyter_lab/MedCLIP-SAMv2/generated_neg_output/udiat_vector_injection_breast2/Benign/000079.png
Zero-Shot Translation Complete!

  -> Generating for: 000080.png

Loading pipeline components...:   0%|          | 0/7 [00:00<?, ?it/s]
Loading pipeline components...:  14%|█▍        | 1/7 [00:00<00:01,  3.35it/s]An error occurred while trying to fetch /home/woojye2020/.cache/huggingface/hub/models--runwayml--stable-diffusion-inpainting/snapshots/8a4288a76071f7280aedbdb3253bdb9e9d5d84bb/vae: Error no file named diffusion_pytorch_model.safetensors found in directory /home/woojye2020/.cache/huggingface/hub/models--runwayml--stable-diffusion-inpainting/snapshots/8a4288a76071f7280aedbdb3253bdb9e9d5d84bb/vae.
Defaulting to unsafe serialization. Pass `allow_pickle=False` to raise an error instead.

Loading pipeline components...:  29%|██▊       | 2/7 [00:02<00:05,  1.18s/it]`torch_dtype` is deprecated! Use `dtype` instead!

Loading pipeline components...:  57%|█████▋    | 4/7 [00:02<00:01,  1.66it/s]An error occurred while trying to fetch /home/woojye2020/.cache/huggingface/hub/models--runwayml--stable-diffusion-inpainting/snapshots/8a4288a76071f7280aedbdb3253bdb9e9d5d84bb/unet: Error no file named diffusion_pytorch_model.safetensors found in directory /home/woojye2020/.cache/huggingface/hub/models--runwayml--stable-diffusion-inpainting/snapshots/8a4288a76071f7280aedbdb3253bdb9e9d5d84bb/unet.
Defaulting to unsafe serialization. Pass `allow_pickle=False` to raise an error instead.

Loading pipeline components...:  71%|███████▏  | 5/7 [00:03<00:01,  1.76it/s]
Loading pipeline components...: 100%|██████████| 7/7 [00:04<00:00,  1.76it/s]
Loading pipeline components...: 100%|██████████| 7/7 [00:04<00:00,  1.65it/s]

  0%|          | 0/50 [00:00<?, ?it/s]
  2%|▏         | 1/50 [00:00<00:05,  8.41it/s]
  8%|▊         | 4/50 [00:00<00:02, 17.05it/s]
 14%|█▍        | 7/50 [00:00<00:02, 19.41it/s]
 20%|██        | 10/50 [00:00<00:01, 20.47it/s]
 26%|██▌       | 13/50 [00:00<00:01, 21.39it/s]
 32%|███▏      | 16/50 [00:00<00:01, 22.42it/s]
 38%|███▊      | 19/50 [00:00<00:01, 22.50it/s]
 44%|████▍     | 22/50 [00:01<00:01, 22.34it/s]
 50%|█████     | 25/50 [00:01<00:01, 22.22it/s]
 56%|█████▌    | 28/50 [00:01<00:00, 22.23it/s]
 62%|██████▏   | 31/50 [00:01<00:00, 22.93it/s]
 68%|██████▊   | 34/50 [00:01<00:00, 23.01it/s]
 74%|███████▍  | 37/50 [00:01<00:00, 22.68it/s]
 80%|████████  | 40/50 [00:01<00:00, 22.46it/s]
 86%|████████▌ | 43/50 [00:01<00:00, 22.30it/s]
 92%|█████████▏| 46/50 [00:02<00:00, 22.91it/s]
 98%|█████████▊| 49/50 [00:02<00:00, 23.39it/s]
100%|██████████| 50/50 [00:02<00:00, 22.09it/s]


--- 1. Computing Semantic Vector Shift from Text ---
Loading BiomedCLIP Model: chuhac/BiomedCLIP-vit-bert-hf
Using Text Anchors: 'healthy breast' - 'tumor breast'
Injecting shift vector with alpha = 1.0
Target Embedding Shape (Input to SD): torch.Size([1, 4, 768])

--- 2. Loading Stable Diffusion Inpainting Model ---
Model ID: runwayml/stable-diffusion-inpainting

--- 3. Processing Image ---
Dilating mask by 3 iterations...

--- 4. Running Generation ---
Saving output to: /home/woojye2020/decs_jupyter_lab/MedCLIP-SAMv2/generated_neg_output/udiat_vector_injection_breast2/Benign/000080.png
Zero-Shot Translation Complete!

  -> Generating for: 000081.png

Loading pipeline components...:   0%|          | 0/7 [00:00<?, ?it/s]`torch_dtype` is deprecated! Use `dtype` instead!

Loading pipeline components...:  14%|█▍        | 1/7 [00:00<00:03,  1.92it/s]An error occurred while trying to fetch /home/woojye2020/.cache/huggingface/hub/models--runwayml--stable-diffusion-inpainting/snapshots/8a4288a76071f7280aedbdb3253bdb9e9d5d84bb/unet: Error no file named diffusion_pytorch_model.safetensors found in directory /home/woojye2020/.cache/huggingface/hub/models--runwayml--stable-diffusion-inpainting/snapshots/8a4288a76071f7280aedbdb3253bdb9e9d5d84bb/unet.
Defaulting to unsafe serialization. Pass `allow_pickle=False` to raise an error instead.

Loading pipeline components...:  29%|██▊       | 2/7 [00:01<00:03,  1.51it/s]An error occurred while trying to fetch /home/woojye2020/.cache/huggingface/hub/models--runwayml--stable-diffusion-inpainting/snapshots/8a4288a76071f7280aedbdb3253bdb9e9d5d84bb/vae: Error no file named diffusion_pytorch_model.safetensors found in directory /home/woojye2020/.cache/huggingface/hub/models--runwayml--stable-diffusion-inpainting/snapshots/8a4288a76071f7280aedbdb3253bdb9e9d5d84bb/vae.
Defaulting to unsafe serialization. Pass `allow_pickle=False` to raise an error instead.

Loading pipeline components...:  43%|████▎     | 3/7 [00:01<00:01,  2.44it/s]
Loading pipeline components...:  57%|█████▋    | 4/7 [00:01<00:00,  3.41it/s]
Loading pipeline components...: 100%|██████████| 7/7 [00:02<00:00,  2.95it/s]
Loading pipeline components...: 100%|██████████| 7/7 [00:02<00:00,  2.69it/s]

  0%|          | 0/50 [00:00<?, ?it/s]
  2%|▏         | 1/50 [00:00<00:08,  5.89it/s]
  8%|▊         | 4/50 [00:00<00:03, 13.92it/s]
 14%|█▍        | 7/50 [00:00<00:02, 16.90it/s]
 20%|██        | 10/50 [00:00<00:02, 19.50it/s]
 26%|██▌       | 13/50 [00:00<00:01, 21.15it/s]
 32%|███▏      | 16/50 [00:00<00:01, 22.23it/s]
 38%|███▊      | 19/50 [00:00<00:01, 22.96it/s]
 44%|████▍     | 22/50 [00:01<00:01, 23.44it/s]
 50%|█████     | 25/50 [00:01<00:01, 23.75it/s]
 56%|█████▌    | 28/50 [00:01<00:00, 23.98it/s]
 62%|██████▏   | 31/50 [00:01<00:00, 24.13it/s]
 68%|██████▊   | 34/50 [00:01<00:00, 24.25it/s]
 74%|███████▍  | 37/50 [00:01<00:00, 24.33it/s]
 80%|████████  | 40/50 [00:01<00:00, 24.39it/s]
 86%|████████▌ | 43/50 [00:01<00:00, 24.43it/s]
 92%|█████████▏| 46/50 [00:02<00:00, 24.45it/s]
 98%|█████████▊| 49/50 [00:02<00:00, 24.45it/s]
100%|██████████| 50/50 [00:02<00:00, 22.55it/s]


--- 1. Computing Semantic Vector Shift from Text ---
Loading BiomedCLIP Model: chuhac/BiomedCLIP-vit-bert-hf
Using Text Anchors: 'healthy breast' - 'tumor breast'
Injecting shift vector with alpha = 1.0
Target Embedding Shape (Input to SD): torch.Size([1, 4, 768])

--- 2. Loading Stable Diffusion Inpainting Model ---
Model ID: runwayml/stable-diffusion-inpainting

--- 3. Processing Image ---
Dilating mask by 3 iterations...

--- 4. Running Generation ---
Saving output to: /home/woojye2020/decs_jupyter_lab/MedCLIP-SAMv2/generated_neg_output/udiat_vector_injection_breast2/Benign/000081.png
Zero-Shot Translation Complete!

  -> Generating for: 000082.png

Loading pipeline components...:   0%|          | 0/7 [00:00<?, ?it/s]
Loading pipeline components...:  14%|█▍        | 1/7 [00:00<00:01,  5.44it/s]
Loading pipeline components...:  29%|██▊       | 2/7 [00:00<00:01,  4.85it/s]An error occurred while trying to fetch /home/woojye2020/.cache/huggingface/hub/models--runwayml--stable-diffusion-inpainting/snapshots/8a4288a76071f7280aedbdb3253bdb9e9d5d84bb/vae: Error no file named diffusion_pytorch_model.safetensors found in directory /home/woojye2020/.cache/huggingface/hub/models--runwayml--stable-diffusion-inpainting/snapshots/8a4288a76071f7280aedbdb3253bdb9e9d5d84bb/vae.
Defaulting to unsafe serialization. Pass `allow_pickle=False` to raise an error instead.

Loading pipeline components...:  43%|████▎     | 3/7 [00:00<00:00,  6.28it/s]`torch_dtype` is deprecated! Use `dtype` instead!

Loading pipeline components...:  57%|█████▋    | 4/7 [00:01<00:01,  2.38it/s]
Loading pipeline components...:  71%|███████▏  | 5/7 [00:01<00:00,  2.56it/s]An error occurred while trying to fetch /home/woojye2020/.cache/huggingface/hub/models--runwayml--stable-diffusion-inpainting/snapshots/8a4288a76071f7280aedbdb3253bdb9e9d5d84bb/unet: Error no file named diffusion_pytorch_model.safetensors found in directory /home/woojye2020/.cache/huggingface/hub/models--runwayml--stable-diffusion-inpainting/snapshots/8a4288a76071f7280aedbdb3253bdb9e9d5d84bb/unet.
Defaulting to unsafe serialization. Pass `allow_pickle=False` to raise an error instead.

Loading pipeline components...: 100%|██████████| 7/7 [00:02<00:00,  3.44it/s]
Loading pipeline components...: 100%|██████████| 7/7 [00:02<00:00,  3.41it/s]

  0%|          | 0/50 [00:00<?, ?it/s]
  2%|▏         | 1/50 [00:00<00:09,  5.18it/s]
  6%|▌         | 3/50 [00:00<00:05,  8.30it/s]
 10%|█         | 5/50 [00:00<00:04,  9.42it/s]
 14%|█▍        | 7/50 [00:00<00:04,  9.97it/s]
 18%|█▊        | 9/50 [00:00<00:04, 10.16it/s]
 22%|██▏       | 11/50 [00:01<00:03, 10.29it/s]
 26%|██▌       | 13/50 [00:01<00:03, 10.36it/s]
 30%|███       | 15/50 [00:01<00:03, 10.53it/s]
 34%|███▍      | 17/50 [00:01<00:03, 10.50it/s]
 38%|███▊      | 19/50 [00:01<00:02, 10.48it/s]
 42%|████▏     | 21/50 [00:02<00:02, 10.55it/s]
 46%|████▌     | 23/50 [00:02<00:02, 10.66it/s]
 50%|█████     | 25/50 [00:02<00:02, 12.27it/s]
 56%|█████▌    | 28/50 [00:02<00:01, 15.11it/s]
 62%|██████▏   | 31/50 [00:02<00:01, 17.52it/s]
 68%|██████▊   | 34/50 [00:02<00:00, 19.39it/s]
 74%|███████▍  | 37/50 [00:02<00:00, 17.45it/s]
 80%|████████  | 40/50 [00:03<00:00, 19.19it/s]
 86%|████████▌ | 43/50 [00:03<00:00, 20.54it/s]
 92%|█████████▏| 46/50 [00:03<00:00, 21.56it/s]
 98%|█████████▊| 49/50 [00:03<00:00, 22.35it/s]
100%|██████████| 50/50 [00:03<00:00, 14.36it/s]


--- 1. Computing Semantic Vector Shift from Text ---
Loading BiomedCLIP Model: chuhac/BiomedCLIP-vit-bert-hf
Using Text Anchors: 'healthy breast' - 'tumor breast'
Injecting shift vector with alpha = 1.0
Target Embedding Shape (Input to SD): torch.Size([1, 4, 768])

--- 2. Loading Stable Diffusion Inpainting Model ---
Model ID: runwayml/stable-diffusion-inpainting

--- 3. Processing Image ---
Dilating mask by 3 iterations...

--- 4. Running Generation ---
Saving output to: /home/woojye2020/decs_jupyter_lab/MedCLIP-SAMv2/generated_neg_output/udiat_vector_injection_breast2/Benign/000082.png
Zero-Shot Translation Complete!

  -> Generating for: 000083.png

Loading pipeline components...:   0%|          | 0/7 [00:00<?, ?it/s]
Loading pipeline components...:  29%|██▊       | 2/7 [00:00<00:01,  3.28it/s]An error occurred while trying to fetch /home/woojye2020/.cache/huggingface/hub/models--runwayml--stable-diffusion-inpainting/snapshots/8a4288a76071f7280aedbdb3253bdb9e9d5d84bb/vae: Error no file named diffusion_pytorch_model.safetensors found in directory /home/woojye2020/.cache/huggingface/hub/models--runwayml--stable-diffusion-inpainting/snapshots/8a4288a76071f7280aedbdb3253bdb9e9d5d84bb/vae.
Defaulting to unsafe serialization. Pass `allow_pickle=False` to raise an error instead.

Loading pipeline components...:  43%|████▎     | 3/7 [00:00<00:00,  4.17it/s]An error occurred while trying to fetch /home/woojye2020/.cache/huggingface/hub/models--runwayml--stable-diffusion-inpainting/snapshots/8a4288a76071f7280aedbdb3253bdb9e9d5d84bb/unet: Error no file named diffusion_pytorch_model.safetensors found in directory /home/woojye2020/.cache/huggingface/hub/models--runwayml--stable-diffusion-inpainting/snapshots/8a4288a76071f7280aedbdb3253bdb9e9d5d84bb/unet.
Defaulting to unsafe serialization. Pass `allow_pickle=False` to raise an error instead.

Loading pipeline components...:  57%|█████▋    | 4/7 [00:01<00:00,  3.19it/s]
Loading pipeline components...:  71%|███████▏  | 5/7 [00:01<00:00,  4.09it/s]`torch_dtype` is deprecated! Use `dtype` instead!

Loading pipeline components...:  86%|████████▌ | 6/7 [00:01<00:00,  2.99it/s]
Loading pipeline components...: 100%|██████████| 7/7 [00:02<00:00,  1.72it/s]
Loading pipeline components...: 100%|██████████| 7/7 [00:02<00:00,  2.39it/s]

  0%|          | 0/50 [00:00<?, ?it/s]
  2%|▏         | 1/50 [00:00<00:08,  5.74it/s]
  6%|▌         | 3/50 [00:00<00:03, 12.07it/s]
 12%|█▏        | 6/50 [00:00<00:02, 15.95it/s]
 16%|█▌        | 8/50 [00:00<00:02, 17.23it/s]
 20%|██        | 10/50 [00:00<00:02, 18.09it/s]
 24%|██▍       | 12/50 [00:00<00:02, 18.67it/s]
 28%|██▊       | 14/50 [00:00<00:01, 18.97it/s]
 32%|███▏      | 16/50 [00:00<00:01, 19.27it/s]
 38%|███▊      | 19/50 [00:01<00:01, 19.57it/s]
 42%|████▏     | 21/50 [00:01<00:01, 19.69it/s]
 48%|████▊     | 24/50 [00:01<00:01, 19.85it/s]
 54%|█████▍    | 27/50 [00:01<00:01, 21.18it/s]
 60%|██████    | 30/50 [00:01<00:00, 22.20it/s]
 66%|██████▌   | 33/50 [00:01<00:00, 22.88it/s]
 72%|███████▏  | 36/50 [00:01<00:00, 23.36it/s]
 78%|███████▊  | 39/50 [00:01<00:00, 23.71it/s]
 84%|████████▍ | 42/50 [00:02<00:00, 23.91it/s]
 90%|█████████ | 45/50 [00:02<00:00, 24.06it/s]
 96%|█████████▌| 48/50 [00:02<00:00, 24.19it/s]
100%|██████████| 50/50 [00:02<00:00, 20.92it/s]


--- 1. Computing Semantic Vector Shift from Text ---
Loading BiomedCLIP Model: chuhac/BiomedCLIP-vit-bert-hf
Using Text Anchors: 'healthy breast' - 'tumor breast'
Injecting shift vector with alpha = 1.0
Target Embedding Shape (Input to SD): torch.Size([1, 4, 768])

--- 2. Loading Stable Diffusion Inpainting Model ---
Model ID: runwayml/stable-diffusion-inpainting

--- 3. Processing Image ---
Dilating mask by 3 iterations...

--- 4. Running Generation ---
Saving output to: /home/woojye2020/decs_jupyter_lab/MedCLIP-SAMv2/generated_neg_output/udiat_vector_injection_breast2/Benign/000083.png
Zero-Shot Translation Complete!

  -> Generating for: 000084.png

Loading pipeline components...:   0%|          | 0/7 [00:00<?, ?it/s]`torch_dtype` is deprecated! Use `dtype` instead!

Loading pipeline components...:  14%|█▍        | 1/7 [00:00<00:03,  1.74it/s]An error occurred while trying to fetch /home/woojye2020/.cache/huggingface/hub/models--runwayml--stable-diffusion-inpainting/snapshots/8a4288a76071f7280aedbdb3253bdb9e9d5d84bb/unet: Error no file named diffusion_pytorch_model.safetensors found in directory /home/woojye2020/.cache/huggingface/hub/models--runwayml--stable-diffusion-inpainting/snapshots/8a4288a76071f7280aedbdb3253bdb9e9d5d84bb/unet.
Defaulting to unsafe serialization. Pass `allow_pickle=False` to raise an error instead.

Loading pipeline components...:  29%|██▊       | 2/7 [00:01<00:03,  1.56it/s]An error occurred while trying to fetch /home/woojye2020/.cache/huggingface/hub/models--runwayml--stable-diffusion-inpainting/snapshots/8a4288a76071f7280aedbdb3253bdb9e9d5d84bb/vae: Error no file named diffusion_pytorch_model.safetensors found in directory /home/woojye2020/.cache/huggingface/hub/models--runwayml--stable-diffusion-inpainting/snapshots/8a4288a76071f7280aedbdb3253bdb9e9d5d84bb/vae.
Defaulting to unsafe serialization. Pass `allow_pickle=False` to raise an error instead.

Loading pipeline components...:  57%|█████▋    | 4/7 [00:01<00:00,  3.62it/s]
Loading pipeline components...:  86%|████████▌ | 6/7 [00:01<00:00,  5.76it/s]
Loading pipeline components...: 100%|██████████| 7/7 [00:02<00:00,  2.90it/s]

  0%|          | 0/50 [00:00<?, ?it/s]
  2%|▏         | 1/50 [00:00<00:05,  8.49it/s]
  8%|▊         | 4/50 [00:00<00:02, 18.24it/s]
 14%|█▍        | 7/50 [00:00<00:02, 21.18it/s]
 20%|██        | 10/50 [00:00<00:01, 22.50it/s]
 26%|██▌       | 13/50 [00:00<00:01, 23.23it/s]
 32%|███▏      | 16/50 [00:00<00:01, 23.66it/s]
 38%|███▊      | 19/50 [00:00<00:01, 23.93it/s]
 44%|████▍     | 22/50 [00:00<00:01, 24.11it/s]
 50%|█████     | 25/50 [00:01<00:01, 24.24it/s]
 56%|█████▌    | 28/50 [00:01<00:00, 24.33it/s]
 62%|██████▏   | 31/50 [00:01<00:00, 24.41it/s]
 68%|██████▊   | 34/50 [00:01<00:00, 24.45it/s]
 74%|███████▍  | 37/50 [00:01<00:00, 24.44it/s]
 80%|████████  | 40/50 [00:01<00:00, 24.46it/s]
 86%|████████▌ | 43/50 [00:01<00:00, 24.47it/s]
 92%|█████████▏| 46/50 [00:01<00:00, 24.49it/s]
 98%|█████████▊| 49/50 [00:02<00:00, 24.50it/s]
100%|██████████| 50/50 [00:02<00:00, 23.64it/s]


--- 1. Computing Semantic Vector Shift from Text ---
Loading BiomedCLIP Model: chuhac/BiomedCLIP-vit-bert-hf
Using Text Anchors: 'healthy breast' - 'tumor breast'
Injecting shift vector with alpha = 1.0
Target Embedding Shape (Input to SD): torch.Size([1, 4, 768])

--- 2. Loading Stable Diffusion Inpainting Model ---
Model ID: runwayml/stable-diffusion-inpainting

--- 3. Processing Image ---
Dilating mask by 3 iterations...

--- 4. Running Generation ---
Saving output to: /home/woojye2020/decs_jupyter_lab/MedCLIP-SAMv2/generated_neg_output/udiat_vector_injection_breast2/Benign/000084.png
Zero-Shot Translation Complete!

  -> Generating for: 000085.png

Loading pipeline components...:   0%|          | 0/7 [00:00<?, ?it/s]`torch_dtype` is deprecated! Use `dtype` instead!

Loading pipeline components...:  14%|█▍        | 1/7 [00:01<00:07,  1.21s/it]
Loading pipeline components...:  29%|██▊       | 2/7 [00:01<00:03,  1.26it/s]
Loading pipeline components...:  43%|████▎     | 3/7 [00:01<00:02,  1.93it/s]An error occurred while trying to fetch /home/woojye2020/.cache/huggingface/hub/models--runwayml--stable-diffusion-inpainting/snapshots/8a4288a76071f7280aedbdb3253bdb9e9d5d84bb/unet: Error no file named diffusion_pytorch_model.safetensors found in directory /home/woojye2020/.cache/huggingface/hub/models--runwayml--stable-diffusion-inpainting/snapshots/8a4288a76071f7280aedbdb3253bdb9e9d5d84bb/unet.
Defaulting to unsafe serialization. Pass `allow_pickle=False` to raise an error instead.

Loading pipeline components...:  71%|███████▏  | 5/7 [00:02<00:00,  2.80it/s]
Loading pipeline components...:  86%|████████▌ | 6/7 [00:02<00:00,  3.51it/s]An error occurred while trying to fetch /home/woojye2020/.cache/huggingface/hub/models--runwayml--stable-diffusion-inpainting/snapshots/8a4288a76071f7280aedbdb3253bdb9e9d5d84bb/vae: Error no file named diffusion_pytorch_model.safetensors found in directory /home/woojye2020/.cache/huggingface/hub/models--runwayml--stable-diffusion-inpainting/snapshots/8a4288a76071f7280aedbdb3253bdb9e9d5d84bb/vae.
Defaulting to unsafe serialization. Pass `allow_pickle=False` to raise an error instead.

Loading pipeline components...: 100%|██████████| 7/7 [00:02<00:00,  4.21it/s]
Loading pipeline components...: 100%|██████████| 7/7 [00:02<00:00,  2.69it/s]

  0%|          | 0/50 [00:00<?, ?it/s]
  2%|▏         | 1/50 [00:00<00:08,  5.99it/s]
  8%|▊         | 4/50 [00:00<00:03, 13.94it/s]
 14%|█▍        | 7/50 [00:00<00:02, 17.95it/s]
 20%|██        | 10/50 [00:00<00:01, 20.34it/s]
 26%|██▌       | 13/50 [00:00<00:01, 21.78it/s]
 32%|███▏      | 16/50 [00:00<00:01, 22.70it/s]
 38%|███▊      | 19/50 [00:00<00:01, 23.28it/s]
 44%|████▍     | 22/50 [00:01<00:01, 23.69it/s]
 50%|█████     | 25/50 [00:01<00:01, 23.98it/s]
 56%|█████▌    | 28/50 [00:01<00:00, 24.16it/s]
 62%|██████▏   | 31/50 [00:01<00:00, 24.30it/s]
 68%|██████▊   | 34/50 [00:01<00:00, 24.41it/s]
 74%|███████▍  | 37/50 [00:01<00:00, 24.46it/s]
 80%|████████  | 40/50 [00:01<00:00, 24.49it/s]
 86%|████████▌ | 43/50 [00:01<00:00, 24.50it/s]
 92%|█████████▏| 46/50 [00:02<00:00, 24.52it/s]
 98%|█████████▊| 49/50 [00:02<00:00, 24.54it/s]
100%|██████████| 50/50 [00:02<00:00, 22.83it/s]


--- 1. Computing Semantic Vector Shift from Text ---
Loading BiomedCLIP Model: chuhac/BiomedCLIP-vit-bert-hf
Using Text Anchors: 'healthy breast' - 'tumor breast'
Injecting shift vector with alpha = 1.0
Target Embedding Shape (Input to SD): torch.Size([1, 4, 768])

--- 2. Loading Stable Diffusion Inpainting Model ---
Model ID: runwayml/stable-diffusion-inpainting

--- 3. Processing Image ---
Dilating mask by 3 iterations...

--- 4. Running Generation ---
Saving output to: /home/woojye2020/decs_jupyter_lab/MedCLIP-SAMv2/generated_neg_output/udiat_vector_injection_breast2/Benign/000085.png
Zero-Shot Translation Complete!

  -> Generating for: 000086.png

Loading pipeline components...:   0%|          | 0/7 [00:00<?, ?it/s]An error occurred while trying to fetch /home/woojye2020/.cache/huggingface/hub/models--runwayml--stable-diffusion-inpainting/snapshots/8a4288a76071f7280aedbdb3253bdb9e9d5d84bb/unet: Error no file named diffusion_pytorch_model.safetensors found in directory /home/woojye2020/.cache/huggingface/hub/models--runwayml--stable-diffusion-inpainting/snapshots/8a4288a76071f7280aedbdb3253bdb9e9d5d84bb/unet.
Defaulting to unsafe serialization. Pass `allow_pickle=False` to raise an error instead.

Loading pipeline components...:  14%|█▍        | 1/7 [00:01<00:06,  1.10s/it]
Loading pipeline components...:  57%|█████▋    | 4/7 [00:01<00:00,  4.12it/s]`torch_dtype` is deprecated! Use `dtype` instead!

Loading pipeline components...:  86%|████████▌ | 6/7 [00:02<00:00,  2.08it/s]An error occurred while trying to fetch /home/woojye2020/.cache/huggingface/hub/models--runwayml--stable-diffusion-inpainting/snapshots/8a4288a76071f7280aedbdb3253bdb9e9d5d84bb/vae: Error no file named diffusion_pytorch_model.safetensors found in directory /home/woojye2020/.cache/huggingface/hub/models--runwayml--stable-diffusion-inpainting/snapshots/8a4288a76071f7280aedbdb3253bdb9e9d5d84bb/vae.
Defaulting to unsafe serialization. Pass `allow_pickle=False` to raise an error instead.

Loading pipeline components...: 100%|██████████| 7/7 [00:02<00:00,  2.53it/s]
Loading pipeline components...: 100%|██████████| 7/7 [00:02<00:00,  2.39it/s]

  0%|          | 0/50 [00:00<?, ?it/s]
  2%|▏         | 1/50 [00:00<00:08,  5.95it/s]
  8%|▊         | 4/50 [00:00<00:03, 14.04it/s]
 14%|█▍        | 7/50 [00:00<00:02, 16.98it/s]
 20%|██        | 10/50 [00:00<00:02, 18.44it/s]
 26%|██▌       | 13/50 [00:00<00:01, 19.28it/s]
 32%|███▏      | 16/50 [00:00<00:01, 19.77it/s]
 38%|███▊      | 19/50 [00:01<00:01, 20.07it/s]
 44%|████▍     | 22/50 [00:01<00:01, 20.31it/s]
 50%|█████     | 25/50 [00:01<00:01, 20.57it/s]
 56%|█████▌    | 28/50 [00:01<00:01, 21.64it/s]
 62%|██████▏   | 31/50 [00:01<00:00, 22.47it/s]
 68%|██████▊   | 34/50 [00:01<00:00, 23.07it/s]
 74%|███████▍  | 37/50 [00:01<00:00, 23.50it/s]
 80%|████████  | 40/50 [00:01<00:00, 23.77it/s]
 86%|████████▌ | 43/50 [00:02<00:00, 23.99it/s]
 92%|█████████▏| 46/50 [00:02<00:00, 24.14it/s]
 98%|█████████▊| 49/50 [00:02<00:00, 24.25it/s]
100%|██████████| 50/50 [00:02<00:00, 21.34it/s]


--- 1. Computing Semantic Vector Shift from Text ---
Loading BiomedCLIP Model: chuhac/BiomedCLIP-vit-bert-hf
Using Text Anchors: 'healthy breast' - 'tumor breast'
Injecting shift vector with alpha = 1.0
Target Embedding Shape (Input to SD): torch.Size([1, 4, 768])

--- 2. Loading Stable Diffusion Inpainting Model ---
Model ID: runwayml/stable-diffusion-inpainting

--- 3. Processing Image ---
Dilating mask by 3 iterations...

--- 4. Running Generation ---
Saving output to: /home/woojye2020/decs_jupyter_lab/MedCLIP-SAMv2/generated_neg_output/udiat_vector_injection_breast2/Benign/000086.png
Zero-Shot Translation Complete!

  -> Generating for: 000087.png

Loading pipeline components...:   0%|          | 0/7 [00:00<?, ?it/s]An error occurred while trying to fetch /home/woojye2020/.cache/huggingface/hub/models--runwayml--stable-diffusion-inpainting/snapshots/8a4288a76071f7280aedbdb3253bdb9e9d5d84bb/unet: Error no file named diffusion_pytorch_model.safetensors found in directory /home/woojye2020/.cache/huggingface/hub/models--runwayml--stable-diffusion-inpainting/snapshots/8a4288a76071f7280aedbdb3253bdb9e9d5d84bb/unet.
Defaulting to unsafe serialization. Pass `allow_pickle=False` to raise an error instead.

Loading pipeline components...:  14%|█▍        | 1/7 [00:00<00:05,  1.15it/s]`torch_dtype` is deprecated! Use `dtype` instead!

Loading pipeline components...:  29%|██▊       | 2/7 [00:01<00:03,  1.56it/s]An error occurred while trying to fetch /home/woojye2020/.cache/huggingface/hub/models--runwayml--stable-diffusion-inpainting/snapshots/8a4288a76071f7280aedbdb3253bdb9e9d5d84bb/vae: Error no file named diffusion_pytorch_model.safetensors found in directory /home/woojye2020/.cache/huggingface/hub/models--runwayml--stable-diffusion-inpainting/snapshots/8a4288a76071f7280aedbdb3253bdb9e9d5d84bb/vae.
Defaulting to unsafe serialization. Pass `allow_pickle=False` to raise an error instead.

Loading pipeline components...:  43%|████▎     | 3/7 [00:01<00:01,  2.50it/s]
Loading pipeline components...:  71%|███████▏  | 5/7 [00:01<00:00,  4.91it/s]
Loading pipeline components...: 100%|██████████| 7/7 [00:02<00:00,  2.82it/s]
Loading pipeline components...: 100%|██████████| 7/7 [00:02<00:00,  2.64it/s]

  0%|          | 0/50 [00:00<?, ?it/s]
  2%|▏         | 1/50 [00:00<00:08,  6.05it/s]
  8%|▊         | 4/50 [00:00<00:03, 14.13it/s]
 14%|█▍        | 7/50 [00:00<00:02, 17.05it/s]
 20%|██        | 10/50 [00:00<00:02, 18.43it/s]
 26%|██▌       | 13/50 [00:00<00:01, 19.27it/s]
 32%|███▏      | 16/50 [00:00<00:01, 19.79it/s]
 38%|███▊      | 19/50 [00:01<00:01, 20.13it/s]
 44%|████▍     | 22/50 [00:01<00:01, 20.35it/s]
 50%|█████     | 25/50 [00:01<00:01, 20.48it/s]
 56%|█████▌    | 28/50 [00:01<00:01, 20.59it/s]
 62%|██████▏   | 31/50 [00:01<00:00, 20.66it/s]
 68%|██████▊   | 34/50 [00:01<00:00, 20.75it/s]
 74%|███████▍  | 37/50 [00:01<00:00, 21.74it/s]
 80%|████████  | 40/50 [00:01<00:00, 22.52it/s]
 86%|████████▌ | 43/50 [00:02<00:00, 23.10it/s]
 92%|█████████▏| 46/50 [00:02<00:00, 23.52it/s]
 98%|█████████▊| 49/50 [00:02<00:00, 23.83it/s]
100%|██████████| 50/50 [00:02<00:00, 20.78it/s]


--- 1. Computing Semantic Vector Shift from Text ---
Loading BiomedCLIP Model: chuhac/BiomedCLIP-vit-bert-hf
Using Text Anchors: 'healthy breast' - 'tumor breast'
Injecting shift vector with alpha = 1.0
Target Embedding Shape (Input to SD): torch.Size([1, 4, 768])

--- 2. Loading Stable Diffusion Inpainting Model ---
Model ID: runwayml/stable-diffusion-inpainting

--- 3. Processing Image ---
Dilating mask by 3 iterations...

--- 4. Running Generation ---
Saving output to: /home/woojye2020/decs_jupyter_lab/MedCLIP-SAMv2/generated_neg_output/udiat_vector_injection_breast2/Benign/000087.png
Zero-Shot Translation Complete!

  -> Generating for: 000088.png

Loading pipeline components...:   0%|          | 0/7 [00:00<?, ?it/s]An error occurred while trying to fetch /home/woojye2020/.cache/huggingface/hub/models--runwayml--stable-diffusion-inpainting/snapshots/8a4288a76071f7280aedbdb3253bdb9e9d5d84bb/unet: Error no file named diffusion_pytorch_model.safetensors found in directory /home/woojye2020/.cache/huggingface/hub/models--runwayml--stable-diffusion-inpainting/snapshots/8a4288a76071f7280aedbdb3253bdb9e9d5d84bb/unet.
Defaulting to unsafe serialization. Pass `allow_pickle=False` to raise an error instead.

Loading pipeline components...:  14%|█▍        | 1/7 [00:00<00:04,  1.25it/s]`torch_dtype` is deprecated! Use `dtype` instead!

Loading pipeline components...:  29%|██▊       | 2/7 [00:01<00:05,  1.02s/it]
Loading pipeline components...:  43%|████▎     | 3/7 [00:02<00:02,  1.66it/s]
Loading pipeline components...:  71%|███████▏  | 5/7 [00:02<00:00,  2.72it/s]An error occurred while trying to fetch /home/woojye2020/.cache/huggingface/hub/models--runwayml--stable-diffusion-inpainting/snapshots/8a4288a76071f7280aedbdb3253bdb9e9d5d84bb/vae: Error no file named diffusion_pytorch_model.safetensors found in directory /home/woojye2020/.cache/huggingface/hub/models--runwayml--stable-diffusion-inpainting/snapshots/8a4288a76071f7280aedbdb3253bdb9e9d5d84bb/vae.
Defaulting to unsafe serialization. Pass `allow_pickle=False` to raise an error instead.

Loading pipeline components...: 100%|██████████| 7/7 [00:02<00:00,  2.75it/s]

  0%|          | 0/50 [00:00<?, ?it/s]
  2%|▏         | 1/50 [00:00<00:05,  8.49it/s]
  8%|▊         | 4/50 [00:00<00:02, 18.21it/s]
 14%|█▍        | 7/50 [00:00<00:02, 21.16it/s]
 20%|██        | 10/50 [00:00<00:01, 22.56it/s]
 26%|██▌       | 13/50 [00:00<00:01, 23.34it/s]
 32%|███▏      | 16/50 [00:00<00:01, 23.81it/s]
 38%|███▊      | 19/50 [00:00<00:01, 24.10it/s]
 44%|████▍     | 22/50 [00:00<00:01, 24.29it/s]
 50%|█████     | 25/50 [00:01<00:01, 24.37it/s]
 56%|█████▌    | 28/50 [00:01<00:00, 24.47it/s]
 62%|██████▏   | 31/50 [00:01<00:00, 24.50it/s]
 68%|██████▊   | 34/50 [00:01<00:00, 24.54it/s]
 74%|███████▍  | 37/50 [00:01<00:00, 24.57it/s]
 80%|████████  | 40/50 [00:01<00:00, 24.58it/s]
 86%|████████▌ | 43/50 [00:01<00:00, 24.59it/s]
 92%|█████████▏| 46/50 [00:01<00:00, 24.59it/s]
 98%|█████████▊| 49/50 [00:02<00:00, 24.60it/s]
100%|██████████| 50/50 [00:02<00:00, 23.75it/s]


--- 1. Computing Semantic Vector Shift from Text ---
Loading BiomedCLIP Model: chuhac/BiomedCLIP-vit-bert-hf
Using Text Anchors: 'healthy breast' - 'tumor breast'
Injecting shift vector with alpha = 1.0
Target Embedding Shape (Input to SD): torch.Size([1, 4, 768])

--- 2. Loading Stable Diffusion Inpainting Model ---
Model ID: runwayml/stable-diffusion-inpainting

--- 3. Processing Image ---
Dilating mask by 3 iterations...

--- 4. Running Generation ---
Saving output to: /home/woojye2020/decs_jupyter_lab/MedCLIP-SAMv2/generated_neg_output/udiat_vector_injection_breast2/Benign/000088.png
Zero-Shot Translation Complete!

  -> Generating for: 000089.png

Loading pipeline components...:   0%|          | 0/7 [00:00<?, ?it/s]`torch_dtype` is deprecated! Use `dtype` instead!

Loading pipeline components...:  14%|█▍        | 1/7 [00:01<00:07,  1.21s/it]
Loading pipeline components...:  29%|██▊       | 2/7 [00:01<00:04,  1.24it/s]An error occurred while trying to fetch /home/woojye2020/.cache/huggingface/hub/models--runwayml--stable-diffusion-inpainting/snapshots/8a4288a76071f7280aedbdb3253bdb9e9d5d84bb/unet: Error no file named diffusion_pytorch_model.safetensors found in directory /home/woojye2020/.cache/huggingface/hub/models--runwayml--stable-diffusion-inpainting/snapshots/8a4288a76071f7280aedbdb3253bdb9e9d5d84bb/unet.
Defaulting to unsafe serialization. Pass `allow_pickle=False` to raise an error instead.

Loading pipeline components...:  43%|████▎     | 3/7 [00:02<00:03,  1.28it/s]An error occurred while trying to fetch /home/woojye2020/.cache/huggingface/hub/models--runwayml--stable-diffusion-inpainting/snapshots/8a4288a76071f7280aedbdb3253bdb9e9d5d84bb/vae: Error no file named diffusion_pytorch_model.safetensors found in directory /home/woojye2020/.cache/huggingface/hub/models--runwayml--stable-diffusion-inpainting/snapshots/8a4288a76071f7280aedbdb3253bdb9e9d5d84bb/vae.
Defaulting to unsafe serialization. Pass `allow_pickle=False` to raise an error instead.

Loading pipeline components...:  57%|█████▋    | 4/7 [00:02<00:01,  1.93it/s]
Loading pipeline components...:  71%|███████▏  | 5/7 [00:02<00:00,  2.68it/s]
Loading pipeline components...: 100%|██████████| 7/7 [00:02<00:00,  2.55it/s]

  0%|          | 0/50 [00:00<?, ?it/s]
  2%|▏         | 1/50 [00:00<00:08,  6.03it/s]
  8%|▊         | 4/50 [00:00<00:03, 14.06it/s]
 14%|█▍        | 7/50 [00:00<00:02, 16.97it/s]
 20%|██        | 10/50 [00:00<00:02, 18.39it/s]
 26%|██▌       | 13/50 [00:00<00:01, 19.19it/s]
 32%|███▏      | 16/50 [00:00<00:01, 19.69it/s]
 38%|███▊      | 19/50 [00:01<00:01, 20.98it/s]
 44%|████▍     | 22/50 [00:01<00:01, 22.02it/s]
 50%|█████     | 25/50 [00:01<00:01, 22.73it/s]
 56%|█████▌    | 28/50 [00:01<00:00, 23.24it/s]
 62%|██████▏   | 31/50 [00:01<00:00, 23.60it/s]
 68%|██████▊   | 34/50 [00:01<00:00, 23.87it/s]
 74%|███████▍  | 37/50 [00:01<00:00, 24.05it/s]
 80%|████████  | 40/50 [00:01<00:00, 24.19it/s]
 86%|████████▌ | 43/50 [00:01<00:00, 24.29it/s]
 92%|█████████▏| 46/50 [00:02<00:00, 24.37it/s]
 98%|█████████▊| 49/50 [00:02<00:00, 24.39it/s]
100%|██████████| 50/50 [00:02<00:00, 21.89it/s]


--- 1. Computing Semantic Vector Shift from Text ---
Loading BiomedCLIP Model: chuhac/BiomedCLIP-vit-bert-hf
Using Text Anchors: 'healthy breast' - 'tumor breast'
Injecting shift vector with alpha = 1.0
Target Embedding Shape (Input to SD): torch.Size([1, 4, 768])

--- 2. Loading Stable Diffusion Inpainting Model ---
Model ID: runwayml/stable-diffusion-inpainting

--- 3. Processing Image ---
Dilating mask by 3 iterations...

--- 4. Running Generation ---
Saving output to: /home/woojye2020/decs_jupyter_lab/MedCLIP-SAMv2/generated_neg_output/udiat_vector_injection_breast2/Benign/000089.png
Zero-Shot Translation Complete!

  -> Generating for: 000090.png

Loading pipeline components...:   0%|          | 0/7 [00:00<?, ?it/s]
Loading pipeline components...:  14%|█▍        | 1/7 [00:00<00:01,  5.35it/s]An error occurred while trying to fetch /home/woojye2020/.cache/huggingface/hub/models--runwayml--stable-diffusion-inpainting/snapshots/8a4288a76071f7280aedbdb3253bdb9e9d5d84bb/vae: Error no file named diffusion_pytorch_model.safetensors found in directory /home/woojye2020/.cache/huggingface/hub/models--runwayml--stable-diffusion-inpainting/snapshots/8a4288a76071f7280aedbdb3253bdb9e9d5d84bb/vae.
Defaulting to unsafe serialization. Pass `allow_pickle=False` to raise an error instead.

Loading pipeline components...:  29%|██▊       | 2/7 [00:00<00:01,  3.67it/s]`torch_dtype` is deprecated! Use `dtype` instead!

Loading pipeline components...:  43%|████▎     | 3/7 [00:01<00:01,  2.66it/s]
Loading pipeline components...:  71%|███████▏  | 5/7 [00:02<00:00,  2.14it/s]An error occurred while trying to fetch /home/woojye2020/.cache/huggingface/hub/models--runwayml--stable-diffusion-inpainting/snapshots/8a4288a76071f7280aedbdb3253bdb9e9d5d84bb/unet: Error no file named diffusion_pytorch_model.safetensors found in directory /home/woojye2020/.cache/huggingface/hub/models--runwayml--stable-diffusion-inpainting/snapshots/8a4288a76071f7280aedbdb3253bdb9e9d5d84bb/unet.
Defaulting to unsafe serialization. Pass `allow_pickle=False` to raise an error instead.

Loading pipeline components...:  86%|████████▌ | 6/7 [00:02<00:00,  2.10it/s]
Loading pipeline components...: 100%|██████████| 7/7 [00:02<00:00,  2.69it/s]

  0%|          | 0/50 [00:00<?, ?it/s]
  2%|▏         | 1/50 [00:00<00:08,  5.45it/s]
  6%|▌         | 3/50 [00:00<00:03, 11.76it/s]
 10%|█         | 5/50 [00:00<00:03, 14.83it/s]
 14%|█▍        | 7/50 [00:00<00:02, 16.64it/s]
 20%|██        | 10/50 [00:00<00:02, 18.10it/s]
 26%|██▌       | 13/50 [00:00<00:01, 19.68it/s]
 32%|███▏      | 16/50 [00:00<00:01, 21.22it/s]
 38%|███▊      | 19/50 [00:01<00:01, 22.25it/s]
 44%|████▍     | 22/50 [00:01<00:01, 22.96it/s]
 50%|█████     | 25/50 [00:01<00:01, 23.42it/s]
 56%|█████▌    | 28/50 [00:01<00:00, 23.70it/s]
 62%|██████▏   | 31/50 [00:01<00:00, 23.93it/s]
 68%|██████▊   | 34/50 [00:01<00:00, 24.09it/s]
 74%|███████▍  | 37/50 [00:01<00:00, 24.22it/s]
 80%|████████  | 40/50 [00:01<00:00, 24.31it/s]
 86%|████████▌ | 43/50 [00:01<00:00, 24.38it/s]
 92%|█████████▏| 46/50 [00:02<00:00, 24.42it/s]
 98%|█████████▊| 49/50 [00:02<00:00, 24.43it/s]
100%|██████████| 50/50 [00:02<00:00, 21.93it/s]


--- 1. Computing Semantic Vector Shift from Text ---
Loading BiomedCLIP Model: chuhac/BiomedCLIP-vit-bert-hf
Using Text Anchors: 'healthy breast' - 'tumor breast'
Injecting shift vector with alpha = 1.0
Target Embedding Shape (Input to SD): torch.Size([1, 4, 768])

--- 2. Loading Stable Diffusion Inpainting Model ---
Model ID: runwayml/stable-diffusion-inpainting

--- 3. Processing Image ---
Dilating mask by 3 iterations...

--- 4. Running Generation ---
Saving output to: /home/woojye2020/decs_jupyter_lab/MedCLIP-SAMv2/generated_neg_output/udiat_vector_injection_breast2/Benign/000090.png
Zero-Shot Translation Complete!

  -> Generating for: 000091.png

Loading pipeline components...:   0%|          | 0/7 [00:00<?, ?it/s]An error occurred while trying to fetch /home/woojye2020/.cache/huggingface/hub/models--runwayml--stable-diffusion-inpainting/snapshots/8a4288a76071f7280aedbdb3253bdb9e9d5d84bb/vae: Error no file named diffusion_pytorch_model.safetensors found in directory /home/woojye2020/.cache/huggingface/hub/models--runwayml--stable-diffusion-inpainting/snapshots/8a4288a76071f7280aedbdb3253bdb9e9d5d84bb/vae.
Defaulting to unsafe serialization. Pass `allow_pickle=False` to raise an error instead.

Loading pipeline components...:  14%|█▍        | 1/7 [00:00<00:02,  2.20it/s]
Loading pipeline components...:  43%|████▎     | 3/7 [00:00<00:00,  6.22it/s]`torch_dtype` is deprecated! Use `dtype` instead!

Loading pipeline components...:  71%|███████▏  | 5/7 [00:01<00:00,  2.67it/s]An error occurred while trying to fetch /home/woojye2020/.cache/huggingface/hub/models--runwayml--stable-diffusion-inpainting/snapshots/8a4288a76071f7280aedbdb3253bdb9e9d5d84bb/unet: Error no file named diffusion_pytorch_model.safetensors found in directory /home/woojye2020/.cache/huggingface/hub/models--runwayml--stable-diffusion-inpainting/snapshots/8a4288a76071f7280aedbdb3253bdb9e9d5d84bb/unet.
Defaulting to unsafe serialization. Pass `allow_pickle=False` to raise an error instead.

Loading pipeline components...:  86%|████████▌ | 6/7 [00:02<00:00,  2.53it/s]
Loading pipeline components...: 100%|██████████| 7/7 [00:02<00:00,  2.36it/s]
Loading pipeline components...: 100%|██████████| 7/7 [00:02<00:00,  2.62it/s]

  0%|          | 0/50 [00:00<?, ?it/s]
  2%|▏         | 1/50 [00:00<00:07,  6.13it/s]
  8%|▊         | 4/50 [00:00<00:03, 14.44it/s]
 14%|█▍        | 7/50 [00:00<00:02, 17.51it/s]
 20%|██        | 10/50 [00:00<00:02, 19.03it/s]
 26%|██▌       | 13/50 [00:00<00:01, 19.79it/s]
 32%|███▏      | 16/50 [00:00<00:01, 21.16it/s]
 38%|███▊      | 19/50 [00:00<00:01, 22.23it/s]
 44%|████▍     | 22/50 [00:01<00:01, 22.98it/s]
 50%|█████     | 25/50 [00:01<00:01, 23.50it/s]
 56%|█████▌    | 28/50 [00:01<00:00, 23.85it/s]
 62%|██████▏   | 31/50 [00:01<00:00, 24.05it/s]
 68%|██████▊   | 34/50 [00:01<00:00, 24.19it/s]
 74%|███████▍  | 37/50 [00:01<00:00, 24.29it/s]
 80%|████████  | 40/50 [00:01<00:00, 24.39it/s]
 86%|████████▌ | 43/50 [00:01<00:00, 24.46it/s]
 92%|█████████▏| 46/50 [00:02<00:00, 24.54it/s]
 98%|█████████▊| 49/50 [00:02<00:00, 24.58it/s]
100%|██████████| 50/50 [00:02<00:00, 22.42it/s]


--- 1. Computing Semantic Vector Shift from Text ---
Loading BiomedCLIP Model: chuhac/BiomedCLIP-vit-bert-hf
Using Text Anchors: 'healthy breast' - 'tumor breast'
Injecting shift vector with alpha = 1.0
Target Embedding Shape (Input to SD): torch.Size([1, 4, 768])

--- 2. Loading Stable Diffusion Inpainting Model ---
Model ID: runwayml/stable-diffusion-inpainting

--- 3. Processing Image ---
Dilating mask by 3 iterations...

--- 4. Running Generation ---
Saving output to: /home/woojye2020/decs_jupyter_lab/MedCLIP-SAMv2/generated_neg_output/udiat_vector_injection_breast2/Benign/000091.png
Zero-Shot Translation Complete!

  -> Generating for: 000092.png

Loading pipeline components...:   0%|          | 0/7 [00:00<?, ?it/s]`torch_dtype` is deprecated! Use `dtype` instead!

Loading pipeline components...:  14%|█▍        | 1/7 [00:00<00:03,  1.65it/s]An error occurred while trying to fetch /home/woojye2020/.cache/huggingface/hub/models--runwayml--stable-diffusion-inpainting/snapshots/8a4288a76071f7280aedbdb3253bdb9e9d5d84bb/vae: Error no file named diffusion_pytorch_model.safetensors found in directory /home/woojye2020/.cache/huggingface/hub/models--runwayml--stable-diffusion-inpainting/snapshots/8a4288a76071f7280aedbdb3253bdb9e9d5d84bb/vae.
Defaulting to unsafe serialization. Pass `allow_pickle=False` to raise an error instead.

Loading pipeline components...:  29%|██▊       | 2/7 [00:01<00:02,  2.06it/s]
Loading pipeline components...:  43%|████▎     | 3/7 [00:01<00:01,  3.14it/s]
Loading pipeline components...:  71%|███████▏  | 5/7 [00:01<00:00,  3.51it/s]An error occurred while trying to fetch /home/woojye2020/.cache/huggingface/hub/models--runwayml--stable-diffusion-inpainting/snapshots/8a4288a76071f7280aedbdb3253bdb9e9d5d84bb/unet: Error no file named diffusion_pytorch_model.safetensors found in directory /home/woojye2020/.cache/huggingface/hub/models--runwayml--stable-diffusion-inpainting/snapshots/8a4288a76071f7280aedbdb3253bdb9e9d5d84bb/unet.
Defaulting to unsafe serialization. Pass `allow_pickle=False` to raise an error instead.

Loading pipeline components...: 100%|██████████| 7/7 [00:02<00:00,  3.86it/s]
Loading pipeline components...: 100%|██████████| 7/7 [00:02<00:00,  3.33it/s]

  0%|          | 0/50 [00:00<?, ?it/s]
  2%|▏         | 1/50 [00:00<00:08,  5.71it/s]
  6%|▌         | 3/50 [00:00<00:03, 12.07it/s]
 12%|█▏        | 6/50 [00:00<00:02, 15.98it/s]
 18%|█▊        | 9/50 [00:00<00:02, 17.67it/s]
 24%|██▍       | 12/50 [00:00<00:02, 18.58it/s]
 30%|███       | 15/50 [00:00<00:01, 19.12it/s]
 36%|███▌      | 18/50 [00:00<00:01, 20.52it/s]
 42%|████▏     | 21/50 [00:01<00:01, 21.70it/s]
 48%|████▊     | 24/50 [00:01<00:01, 22.57it/s]
 54%|█████▍    | 27/50 [00:01<00:00, 23.18it/s]
 60%|██████    | 30/50 [00:01<00:00, 23.58it/s]
 66%|██████▌   | 33/50 [00:01<00:00, 23.91it/s]
 72%|███████▏  | 36/50 [00:01<00:00, 24.12it/s]
 78%|███████▊  | 39/50 [00:01<00:00, 24.27it/s]
 84%|████████▍ | 42/50 [00:01<00:00, 24.39it/s]
 90%|█████████ | 45/50 [00:02<00:00, 24.41it/s]
 96%|█████████▌| 48/50 [00:02<00:00, 24.47it/s]
100%|██████████| 50/50 [00:02<00:00, 21.75it/s]


--- 1. Computing Semantic Vector Shift from Text ---
Loading BiomedCLIP Model: chuhac/BiomedCLIP-vit-bert-hf
Using Text Anchors: 'healthy breast' - 'tumor breast'
Injecting shift vector with alpha = 1.0
Target Embedding Shape (Input to SD): torch.Size([1, 4, 768])

--- 2. Loading Stable Diffusion Inpainting Model ---
Model ID: runwayml/stable-diffusion-inpainting

--- 3. Processing Image ---
Dilating mask by 3 iterations...

--- 4. Running Generation ---
Saving output to: /home/woojye2020/decs_jupyter_lab/MedCLIP-SAMv2/generated_neg_output/udiat_vector_injection_breast2/Benign/000092.png
Zero-Shot Translation Complete!

  -> Generating for: 000093.png

Loading pipeline components...:   0%|          | 0/7 [00:00<?, ?it/s]
Loading pipeline components...:  14%|█▍        | 1/7 [00:00<00:02,  2.84it/s]
Loading pipeline components...:  43%|████▎     | 3/7 [00:00<00:00,  7.36it/s]An error occurred while trying to fetch /home/woojye2020/.cache/huggingface/hub/models--runwayml--stable-diffusion-inpainting/snapshots/8a4288a76071f7280aedbdb3253bdb9e9d5d84bb/vae: Error no file named diffusion_pytorch_model.safetensors found in directory /home/woojye2020/.cache/huggingface/hub/models--runwayml--stable-diffusion-inpainting/snapshots/8a4288a76071f7280aedbdb3253bdb9e9d5d84bb/vae.
Defaulting to unsafe serialization. Pass `allow_pickle=False` to raise an error instead.
`torch_dtype` is deprecated! Use `dtype` instead!

Loading pipeline components...:  71%|███████▏  | 5/7 [00:01<00:00,  2.52it/s]
Loading pipeline components...:  86%|████████▌ | 6/7 [00:02<00:00,  2.37it/s]An error occurred while trying to fetch /home/woojye2020/.cache/huggingface/hub/models--runwayml--stable-diffusion-inpainting/snapshots/8a4288a76071f7280aedbdb3253bdb9e9d5d84bb/unet: Error no file named diffusion_pytorch_model.safetensors found in directory /home/woojye2020/.cache/huggingface/hub/models--runwayml--stable-diffusion-inpainting/snapshots/8a4288a76071f7280aedbdb3253bdb9e9d5d84bb/unet.
Defaulting to unsafe serialization. Pass `allow_pickle=False` to raise an error instead.

Loading pipeline components...: 100%|██████████| 7/7 [00:02<00:00,  2.32it/s]
Loading pipeline components...: 100%|██████████| 7/7 [00:02<00:00,  2.59it/s]

  0%|          | 0/50 [00:00<?, ?it/s]
  2%|▏         | 1/50 [00:00<00:05,  8.62it/s]
  8%|▊         | 4/50 [00:00<00:02, 18.35it/s]
 14%|█▍        | 7/50 [00:00<00:02, 21.30it/s]
 20%|██        | 10/50 [00:00<00:01, 22.67it/s]
 26%|██▌       | 13/50 [00:00<00:01, 23.41it/s]
 32%|███▏      | 16/50 [00:00<00:01, 23.87it/s]
 38%|███▊      | 19/50 [00:00<00:01, 24.17it/s]
 44%|████▍     | 22/50 [00:00<00:01, 24.36it/s]
 50%|█████     | 25/50 [00:01<00:01, 24.41it/s]
 56%|█████▌    | 28/50 [00:01<00:00, 24.50it/s]
 62%|██████▏   | 31/50 [00:01<00:00, 24.55it/s]
 68%|██████▊   | 34/50 [00:01<00:00, 24.57it/s]
 74%|███████▍  | 37/50 [00:01<00:00, 24.59it/s]
 80%|████████  | 40/50 [00:01<00:00, 24.61it/s]
 86%|████████▌ | 43/50 [00:01<00:00, 24.61it/s]
 92%|█████████▏| 46/50 [00:01<00:00, 24.61it/s]
 98%|█████████▊| 49/50 [00:02<00:00, 24.61it/s]
100%|██████████| 50/50 [00:02<00:00, 23.80it/s]


--- 1. Computing Semantic Vector Shift from Text ---
Loading BiomedCLIP Model: chuhac/BiomedCLIP-vit-bert-hf
Using Text Anchors: 'healthy breast' - 'tumor breast'
Injecting shift vector with alpha = 1.0
Target Embedding Shape (Input to SD): torch.Size([1, 4, 768])

--- 2. Loading Stable Diffusion Inpainting Model ---
Model ID: runwayml/stable-diffusion-inpainting

--- 3. Processing Image ---
Dilating mask by 3 iterations...

--- 4. Running Generation ---
Saving output to: /home/woojye2020/decs_jupyter_lab/MedCLIP-SAMv2/generated_neg_output/udiat_vector_injection_breast2/Benign/000093.png
Zero-Shot Translation Complete!

  -> Generating for: 000094.png

Loading pipeline components...:   0%|          | 0/7 [00:00<?, ?it/s]An error occurred while trying to fetch /home/woojye2020/.cache/huggingface/hub/models--runwayml--stable-diffusion-inpainting/snapshots/8a4288a76071f7280aedbdb3253bdb9e9d5d84bb/vae: Error no file named diffusion_pytorch_model.safetensors found in directory /home/woojye2020/.cache/huggingface/hub/models--runwayml--stable-diffusion-inpainting/snapshots/8a4288a76071f7280aedbdb3253bdb9e9d5d84bb/vae.
Defaulting to unsafe serialization. Pass `allow_pickle=False` to raise an error instead.

Loading pipeline components...:  14%|█▍        | 1/7 [00:00<00:02,  2.13it/s]An error occurred while trying to fetch /home/woojye2020/.cache/huggingface/hub/models--runwayml--stable-diffusion-inpainting/snapshots/8a4288a76071f7280aedbdb3253bdb9e9d5d84bb/unet: Error no file named diffusion_pytorch_model.safetensors found in directory /home/woojye2020/.cache/huggingface/hub/models--runwayml--stable-diffusion-inpainting/snapshots/8a4288a76071f7280aedbdb3253bdb9e9d5d84bb/unet.
Defaulting to unsafe serialization. Pass `allow_pickle=False` to raise an error instead.

Loading pipeline components...:  29%|██▊       | 2/7 [00:00<00:02,  2.09it/s]`torch_dtype` is deprecated! Use `dtype` instead!

Loading pipeline components...:  43%|████▎     | 3/7 [00:01<00:01,  2.02it/s]
Loading pipeline components...:  86%|████████▌ | 6/7 [00:01<00:00,  5.19it/s]
Loading pipeline components...: 100%|██████████| 7/7 [00:02<00:00,  2.63it/s]

  0%|          | 0/50 [00:00<?, ?it/s]
  2%|▏         | 1/50 [00:00<00:06,  7.68it/s]
  8%|▊         | 4/50 [00:00<00:02, 17.49it/s]
 14%|█▍        | 7/50 [00:00<00:02, 20.77it/s]
 20%|██        | 10/50 [00:00<00:01, 22.30it/s]
 26%|██▌       | 13/50 [00:00<00:01, 23.19it/s]
 32%|███▏      | 16/50 [00:00<00:01, 23.72it/s]
 38%|███▊      | 19/50 [00:00<00:01, 24.06it/s]
 44%|████▍     | 22/50 [00:00<00:01, 24.28it/s]
 50%|█████     | 25/50 [00:01<00:01, 24.33it/s]
 56%|█████▌    | 28/50 [00:01<00:00, 24.40it/s]
 62%|██████▏   | 31/50 [00:01<00:00, 24.47it/s]
 68%|██████▊   | 34/50 [00:01<00:00, 24.53it/s]
 74%|███████▍  | 37/50 [00:01<00:00, 24.55it/s]
 80%|████████  | 40/50 [00:01<00:00, 24.57it/s]
 86%|████████▌ | 43/50 [00:01<00:00, 24.59it/s]
 92%|█████████▏| 46/50 [00:01<00:00, 24.63it/s]
 98%|█████████▊| 49/50 [00:02<00:00, 24.65it/s]
100%|██████████| 50/50 [00:02<00:00, 23.64it/s]


--- 1. Computing Semantic Vector Shift from Text ---
Loading BiomedCLIP Model: chuhac/BiomedCLIP-vit-bert-hf
Using Text Anchors: 'healthy breast' - 'tumor breast'
Injecting shift vector with alpha = 1.0
Target Embedding Shape (Input to SD): torch.Size([1, 4, 768])

--- 2. Loading Stable Diffusion Inpainting Model ---
Model ID: runwayml/stable-diffusion-inpainting

--- 3. Processing Image ---
Dilating mask by 3 iterations...

--- 4. Running Generation ---
Saving output to: /home/woojye2020/decs_jupyter_lab/MedCLIP-SAMv2/generated_neg_output/udiat_vector_injection_breast2/Benign/000094.png
Zero-Shot Translation Complete!

  -> Generating for: 000095.png

Loading pipeline components...:   0%|          | 0/7 [00:00<?, ?it/s]An error occurred while trying to fetch /home/woojye2020/.cache/huggingface/hub/models--runwayml--stable-diffusion-inpainting/snapshots/8a4288a76071f7280aedbdb3253bdb9e9d5d84bb/vae: Error no file named diffusion_pytorch_model.safetensors found in directory /home/woojye2020/.cache/huggingface/hub/models--runwayml--stable-diffusion-inpainting/snapshots/8a4288a76071f7280aedbdb3253bdb9e9d5d84bb/vae.
Defaulting to unsafe serialization. Pass `allow_pickle=False` to raise an error instead.

Loading pipeline components...:  14%|█▍        | 1/7 [00:00<00:04,  1.34it/s]`torch_dtype` is deprecated! Use `dtype` instead!

Loading pipeline components...:  29%|██▊       | 2/7 [00:01<00:03,  1.62it/s]An error occurred while trying to fetch /home/woojye2020/.cache/huggingface/hub/models--runwayml--stable-diffusion-inpainting/snapshots/8a4288a76071f7280aedbdb3253bdb9e9d5d84bb/unet: Error no file named diffusion_pytorch_model.safetensors found in directory /home/woojye2020/.cache/huggingface/hub/models--runwayml--stable-diffusion-inpainting/snapshots/8a4288a76071f7280aedbdb3253bdb9e9d5d84bb/unet.
Defaulting to unsafe serialization. Pass `allow_pickle=False` to raise an error instead.

Loading pipeline components...:  43%|████▎     | 3/7 [00:01<00:02,  1.80it/s]
Loading pipeline components...:  71%|███████▏  | 5/7 [00:01<00:00,  3.66it/s]
Loading pipeline components...:  86%|████████▌ | 6/7 [00:02<00:00,  1.95it/s]
Loading pipeline components...: 100%|██████████| 7/7 [00:02<00:00,  2.34it/s]

  0%|          | 0/50 [00:00<?, ?it/s]
  2%|▏         | 1/50 [00:00<00:08,  5.88it/s]
  6%|▌         | 3/50 [00:00<00:03, 12.29it/s]
 10%|█         | 5/50 [00:00<00:02, 15.28it/s]
 16%|█▌        | 8/50 [00:00<00:02, 17.57it/s]
 22%|██▏       | 11/50 [00:00<00:02, 18.68it/s]
 28%|██▊       | 14/50 [00:00<00:01, 19.28it/s]
 34%|███▍      | 17/50 [00:00<00:01, 19.62it/s]
 40%|████      | 20/50 [00:01<00:01, 19.86it/s]
 46%|████▌     | 23/50 [00:01<00:01, 20.02it/s]
 52%|█████▏    | 26/50 [00:01<00:01, 20.15it/s]
 58%|█████▊    | 29/50 [00:01<00:01, 20.24it/s]
 64%|██████▍   | 32/50 [00:01<00:00, 20.27it/s]
 70%|███████   | 35/50 [00:01<00:00, 20.31it/s]
 76%|███████▌  | 38/50 [00:01<00:00, 20.35it/s]
 82%|████████▏ | 41/50 [00:02<00:00, 21.33it/s]
 88%|████████▊ | 44/50 [00:02<00:00, 22.22it/s]
 94%|█████████▍| 47/50 [00:02<00:00, 22.89it/s]
100%|██████████| 50/50 [00:02<00:00, 23.40it/s]
100%|██████████| 50/50 [00:02<00:00, 20.15it/s]


--- 1. Computing Semantic Vector Shift from Text ---
Loading BiomedCLIP Model: chuhac/BiomedCLIP-vit-bert-hf
Using Text Anchors: 'healthy breast' - 'tumor breast'
Injecting shift vector with alpha = 1.0
Target Embedding Shape (Input to SD): torch.Size([1, 4, 768])

--- 2. Loading Stable Diffusion Inpainting Model ---
Model ID: runwayml/stable-diffusion-inpainting

--- 3. Processing Image ---
Dilating mask by 3 iterations...

--- 4. Running Generation ---
Saving output to: /home/woojye2020/decs_jupyter_lab/MedCLIP-SAMv2/generated_neg_output/udiat_vector_injection_breast2/Benign/000095.png
Zero-Shot Translation Complete!

  -> Generating for: 000096.png

Loading pipeline components...:   0%|          | 0/7 [00:00<?, ?it/s]An error occurred while trying to fetch /home/woojye2020/.cache/huggingface/hub/models--runwayml--stable-diffusion-inpainting/snapshots/8a4288a76071f7280aedbdb3253bdb9e9d5d84bb/vae: Error no file named diffusion_pytorch_model.safetensors found in directory /home/woojye2020/.cache/huggingface/hub/models--runwayml--stable-diffusion-inpainting/snapshots/8a4288a76071f7280aedbdb3253bdb9e9d5d84bb/vae.
Defaulting to unsafe serialization. Pass `allow_pickle=False` to raise an error instead.

Loading pipeline components...:  14%|█▍        | 1/7 [00:00<00:02,  2.26it/s]
Loading pipeline components...:  29%|██▊       | 2/7 [00:00<00:01,  4.06it/s]`torch_dtype` is deprecated! Use `dtype` instead!

Loading pipeline components...:  43%|████▎     | 3/7 [00:01<00:01,  2.66it/s]An error occurred while trying to fetch /home/woojye2020/.cache/huggingface/hub/models--runwayml--stable-diffusion-inpainting/snapshots/8a4288a76071f7280aedbdb3253bdb9e9d5d84bb/unet: Error no file named diffusion_pytorch_model.safetensors found in directory /home/woojye2020/.cache/huggingface/hub/models--runwayml--stable-diffusion-inpainting/snapshots/8a4288a76071f7280aedbdb3253bdb9e9d5d84bb/unet.
Defaulting to unsafe serialization. Pass `allow_pickle=False` to raise an error instead.

Loading pipeline components...:  71%|███████▏  | 5/7 [00:01<00:00,  3.35it/s]
Loading pipeline components...: 100%|██████████| 7/7 [00:02<00:00,  2.33it/s]
Loading pipeline components...: 100%|██████████| 7/7 [00:02<00:00,  2.55it/s]

  0%|          | 0/50 [00:00<?, ?it/s]
  2%|▏         | 1/50 [00:00<00:07,  6.13it/s]
  8%|▊         | 4/50 [00:00<00:03, 14.42it/s]
 14%|█▍        | 7/50 [00:00<00:02, 17.38it/s]
 20%|██        | 10/50 [00:00<00:02, 19.38it/s]
 26%|██▌       | 13/50 [00:00<00:01, 21.12it/s]
 32%|███▏      | 16/50 [00:00<00:01, 22.28it/s]
 38%|███▊      | 19/50 [00:00<00:01, 23.06it/s]
 44%|████▍     | 22/50 [00:01<00:01, 23.59it/s]
 50%|█████     | 25/50 [00:01<00:01, 23.90it/s]
 56%|█████▌    | 28/50 [00:01<00:00, 24.12it/s]
 62%|██████▏   | 31/50 [00:01<00:00, 24.25it/s]
 68%|██████▊   | 34/50 [00:01<00:00, 24.37it/s]
 74%|███████▍  | 37/50 [00:01<00:00, 24.46it/s]
 80%|████████  | 40/50 [00:01<00:00, 24.51it/s]
 86%|████████▌ | 43/50 [00:01<00:00, 24.54it/s]
 92%|█████████▏| 46/50 [00:02<00:00, 24.56it/s]
 98%|█████████▊| 49/50 [00:02<00:00, 24.61it/s]
100%|██████████| 50/50 [00:02<00:00, 22.72it/s]


--- 1. Computing Semantic Vector Shift from Text ---
Loading BiomedCLIP Model: chuhac/BiomedCLIP-vit-bert-hf
Using Text Anchors: 'healthy breast' - 'tumor breast'
Injecting shift vector with alpha = 1.0
Target Embedding Shape (Input to SD): torch.Size([1, 4, 768])

--- 2. Loading Stable Diffusion Inpainting Model ---
Model ID: runwayml/stable-diffusion-inpainting

--- 3. Processing Image ---
Dilating mask by 3 iterations...

--- 4. Running Generation ---
Saving output to: /home/woojye2020/decs_jupyter_lab/MedCLIP-SAMv2/generated_neg_output/udiat_vector_injection_breast2/Benign/000096.png
Zero-Shot Translation Complete!

  -> Generating for: 000097.png

Loading pipeline components...:   0%|          | 0/7 [00:00<?, ?it/s]
Loading pipeline components...:  14%|█▍        | 1/7 [00:00<00:02,  2.63it/s]`torch_dtype` is deprecated! Use `dtype` instead!

Loading pipeline components...:  29%|██▊       | 2/7 [00:01<00:04,  1.20it/s]
Loading pipeline components...:  57%|█████▋    | 4/7 [00:02<00:01,  2.10it/s]
Loading pipeline components...:  71%|███████▏  | 5/7 [00:02<00:00,  2.76it/s]An error occurred while trying to fetch /home/woojye2020/.cache/huggingface/hub/models--runwayml--stable-diffusion-inpainting/snapshots/8a4288a76071f7280aedbdb3253bdb9e9d5d84bb/vae: Error no file named diffusion_pytorch_model.safetensors found in directory /home/woojye2020/.cache/huggingface/hub/models--runwayml--stable-diffusion-inpainting/snapshots/8a4288a76071f7280aedbdb3253bdb9e9d5d84bb/vae.
Defaulting to unsafe serialization. Pass `allow_pickle=False` to raise an error instead.

Loading pipeline components...:  86%|████████▌ | 6/7 [00:02<00:00,  3.46it/s]An error occurred while trying to fetch /home/woojye2020/.cache/huggingface/hub/models--runwayml--stable-diffusion-inpainting/snapshots/8a4288a76071f7280aedbdb3253bdb9e9d5d84bb/unet: Error no file named diffusion_pytorch_model.safetensors found in directory /home/woojye2020/.cache/huggingface/hub/models--runwayml--stable-diffusion-inpainting/snapshots/8a4288a76071f7280aedbdb3253bdb9e9d5d84bb/unet.
Defaulting to unsafe serialization. Pass `allow_pickle=False` to raise an error instead.

Loading pipeline components...: 100%|██████████| 7/7 [00:02<00:00,  2.96it/s]
Loading pipeline components...: 100%|██████████| 7/7 [00:02<00:00,  2.56it/s]

  0%|          | 0/50 [00:00<?, ?it/s]
  2%|▏         | 1/50 [00:00<00:08,  5.93it/s]
  6%|▌         | 3/50 [00:00<00:03, 12.36it/s]
 10%|█         | 5/50 [00:00<00:02, 15.34it/s]
 16%|█▌        | 8/50 [00:00<00:02, 17.57it/s]
 22%|██▏       | 11/50 [00:00<00:02, 18.64it/s]
 28%|██▊       | 14/50 [00:00<00:01, 19.21it/s]
 34%|███▍      | 17/50 [00:00<00:01, 19.55it/s]
 40%|████      | 20/50 [00:01<00:01, 19.77it/s]
 46%|████▌     | 23/50 [00:01<00:01, 20.89it/s]
 52%|█████▏    | 26/50 [00:01<00:01, 21.97it/s]
 58%|█████▊    | 29/50 [00:01<00:00, 22.76it/s]
 64%|██████▍   | 32/50 [00:01<00:00, 23.33it/s]
 70%|███████   | 35/50 [00:01<00:00, 23.72it/s]
 76%|███████▌  | 38/50 [00:01<00:00, 23.97it/s]
 82%|████████▏ | 41/50 [00:01<00:00, 24.14it/s]
 88%|████████▊ | 44/50 [00:02<00:00, 24.27it/s]
 94%|█████████▍| 47/50 [00:02<00:00, 24.38it/s]
100%|██████████| 50/50 [00:02<00:00, 24.46it/s]
100%|██████████| 50/50 [00:02<00:00, 21.43it/s]


--- 1. Computing Semantic Vector Shift from Text ---
Loading BiomedCLIP Model: chuhac/BiomedCLIP-vit-bert-hf
Using Text Anchors: 'healthy breast' - 'tumor breast'
Injecting shift vector with alpha = 1.0
Target Embedding Shape (Input to SD): torch.Size([1, 4, 768])

--- 2. Loading Stable Diffusion Inpainting Model ---
Model ID: runwayml/stable-diffusion-inpainting

--- 3. Processing Image ---
Dilating mask by 3 iterations...

--- 4. Running Generation ---
Saving output to: /home/woojye2020/decs_jupyter_lab/MedCLIP-SAMv2/generated_neg_output/udiat_vector_injection_breast2/Benign/000097.png
Zero-Shot Translation Complete!

  -> Generating for: 000098.png

Loading pipeline components...:   0%|          | 0/7 [00:00<?, ?it/s]An error occurred while trying to fetch /home/woojye2020/.cache/huggingface/hub/models--runwayml--stable-diffusion-inpainting/snapshots/8a4288a76071f7280aedbdb3253bdb9e9d5d84bb/vae: Error no file named diffusion_pytorch_model.safetensors found in directory /home/woojye2020/.cache/huggingface/hub/models--runwayml--stable-diffusion-inpainting/snapshots/8a4288a76071f7280aedbdb3253bdb9e9d5d84bb/vae.
Defaulting to unsafe serialization. Pass `allow_pickle=False` to raise an error instead.

Loading pipeline components...:  29%|██▊       | 2/7 [00:00<00:01,  2.72it/s]`torch_dtype` is deprecated! Use `dtype` instead!

Loading pipeline components...:  43%|████▎     | 3/7 [00:01<00:02,  1.49it/s]An error occurred while trying to fetch /home/woojye2020/.cache/huggingface/hub/models--runwayml--stable-diffusion-inpainting/snapshots/8a4288a76071f7280aedbdb3253bdb9e9d5d84bb/unet: Error no file named diffusion_pytorch_model.safetensors found in directory /home/woojye2020/.cache/huggingface/hub/models--runwayml--stable-diffusion-inpainting/snapshots/8a4288a76071f7280aedbdb3253bdb9e9d5d84bb/unet.
Defaulting to unsafe serialization. Pass `allow_pickle=False` to raise an error instead.

Loading pipeline components...:  57%|█████▋    | 4/7 [00:02<00:01,  1.65it/s]
Loading pipeline components...:  86%|████████▌ | 6/7 [00:02<00:00,  2.43it/s]
Loading pipeline components...: 100%|██████████| 7/7 [00:02<00:00,  3.02it/s]
Loading pipeline components...: 100%|██████████| 7/7 [00:02<00:00,  2.41it/s]

  0%|          | 0/50 [00:00<?, ?it/s]
  2%|▏         | 1/50 [00:00<00:08,  5.99it/s]
  8%|▊         | 4/50 [00:00<00:03, 14.00it/s]
 14%|█▍        | 7/50 [00:00<00:02, 16.87it/s]
 20%|██        | 10/50 [00:00<00:02, 18.18it/s]
 26%|██▌       | 13/50 [00:00<00:01, 19.00it/s]
 32%|███▏      | 16/50 [00:00<00:01, 19.51it/s]
 38%|███▊      | 19/50 [00:01<00:01, 19.79it/s]
 44%|████▍     | 22/50 [00:01<00:01, 20.03it/s]
 50%|█████     | 25/50 [00:01<00:01, 20.20it/s]
 56%|█████▌    | 28/50 [00:01<00:01, 20.53it/s]
 62%|██████▏   | 31/50 [00:01<00:00, 21.60it/s]
 68%|██████▊   | 34/50 [00:01<00:00, 22.41it/s]
 74%|███████▍  | 37/50 [00:01<00:00, 23.02it/s]
 80%|████████  | 40/50 [00:01<00:00, 23.47it/s]
 86%|████████▌ | 43/50 [00:02<00:00, 23.79it/s]
 92%|█████████▏| 46/50 [00:02<00:00, 24.02it/s]
 98%|█████████▊| 49/50 [00:02<00:00, 24.15it/s]
100%|██████████| 50/50 [00:02<00:00, 21.02it/s]


--- 1. Computing Semantic Vector Shift from Text ---
Loading BiomedCLIP Model: chuhac/BiomedCLIP-vit-bert-hf
Using Text Anchors: 'healthy breast' - 'tumor breast'
Injecting shift vector with alpha = 1.0
Target Embedding Shape (Input to SD): torch.Size([1, 4, 768])

--- 2. Loading Stable Diffusion Inpainting Model ---
Model ID: runwayml/stable-diffusion-inpainting

--- 3. Processing Image ---
Dilating mask by 3 iterations...

--- 4. Running Generation ---
Saving output to: /home/woojye2020/decs_jupyter_lab/MedCLIP-SAMv2/generated_neg_output/udiat_vector_injection_breast2/Benign/000098.png
Zero-Shot Translation Complete!

  -> Generating for: 000099.png

Loading pipeline components...:   0%|          | 0/7 [00:00<?, ?it/s]An error occurred while trying to fetch /home/woojye2020/.cache/huggingface/hub/models--runwayml--stable-diffusion-inpainting/snapshots/8a4288a76071f7280aedbdb3253bdb9e9d5d84bb/vae: Error no file named diffusion_pytorch_model.safetensors found in directory /home/woojye2020/.cache/huggingface/hub/models--runwayml--stable-diffusion-inpainting/snapshots/8a4288a76071f7280aedbdb3253bdb9e9d5d84bb/vae.
Defaulting to unsafe serialization. Pass `allow_pickle=False` to raise an error instead.

Loading pipeline components...:  14%|█▍        | 1/7 [00:00<00:02,  2.03it/s]
Loading pipeline components...:  29%|██▊       | 2/7 [00:00<00:01,  3.73it/s]`torch_dtype` is deprecated! Use `dtype` instead!

Loading pipeline components...:  43%|████▎     | 3/7 [00:01<00:02,  1.54it/s]
Loading pipeline components...:  57%|█████▋    | 4/7 [00:02<00:01,  1.74it/s]An error occurred while trying to fetch /home/woojye2020/.cache/huggingface/hub/models--runwayml--stable-diffusion-inpainting/snapshots/8a4288a76071f7280aedbdb3253bdb9e9d5d84bb/unet: Error no file named diffusion_pytorch_model.safetensors found in directory /home/woojye2020/.cache/huggingface/hub/models--runwayml--stable-diffusion-inpainting/snapshots/8a4288a76071f7280aedbdb3253bdb9e9d5d84bb/unet.
Defaulting to unsafe serialization. Pass `allow_pickle=False` to raise an error instead.

Loading pipeline components...: 100%|██████████| 7/7 [00:02<00:00,  3.25it/s]
Loading pipeline components...: 100%|██████████| 7/7 [00:02<00:00,  2.68it/s]

  0%|          | 0/50 [00:00<?, ?it/s]
  2%|▏         | 1/50 [00:00<00:08,  5.87it/s]
  6%|▌         | 3/50 [00:00<00:03, 12.26it/s]
 12%|█▏        | 6/50 [00:00<00:02, 16.13it/s]
 18%|█▊        | 9/50 [00:00<00:02, 17.80it/s]
 24%|██▍       | 12/50 [00:00<00:02, 18.68it/s]
 30%|███       | 15/50 [00:00<00:01, 19.21it/s]
 36%|███▌      | 18/50 [00:01<00:01, 19.52it/s]
 42%|████▏     | 21/50 [00:01<00:01, 19.74it/s]
 48%|████▊     | 24/50 [00:01<00:01, 19.88it/s]
 54%|█████▍    | 27/50 [00:01<00:01, 19.97it/s]
 58%|█████▊    | 29/50 [00:01<00:01, 19.92it/s]
 64%|██████▍   | 32/50 [00:01<00:00, 20.00it/s]
 70%|███████   | 35/50 [00:01<00:00, 20.76it/s]
 76%|███████▌  | 38/50 [00:01<00:00, 21.88it/s]
 82%|████████▏ | 41/50 [00:02<00:00, 22.70it/s]
 88%|████████▊ | 44/50 [00:02<00:00, 23.25it/s]
 94%|█████████▍| 47/50 [00:02<00:00, 23.63it/s]
100%|██████████| 50/50 [00:02<00:00, 23.89it/s]
100%|██████████| 50/50 [00:02<00:00, 20.39it/s]


--- 1. Computing Semantic Vector Shift from Text ---
Loading BiomedCLIP Model: chuhac/BiomedCLIP-vit-bert-hf
Using Text Anchors: 'healthy breast' - 'tumor breast'
Injecting shift vector with alpha = 1.0
Target Embedding Shape (Input to SD): torch.Size([1, 4, 768])

--- 2. Loading Stable Diffusion Inpainting Model ---
Model ID: runwayml/stable-diffusion-inpainting

--- 3. Processing Image ---
Dilating mask by 3 iterations...

--- 4. Running Generation ---
Saving output to: /home/woojye2020/decs_jupyter_lab/MedCLIP-SAMv2/generated_neg_output/udiat_vector_injection_breast2/Benign/000099.png
Zero-Shot Translation Complete!

  -> Generating for: 000100.png

Loading pipeline components...:   0%|          | 0/7 [00:00<?, ?it/s]An error occurred while trying to fetch /home/woojye2020/.cache/huggingface/hub/models--runwayml--stable-diffusion-inpainting/snapshots/8a4288a76071f7280aedbdb3253bdb9e9d5d84bb/unet: Error no file named diffusion_pytorch_model.safetensors found in directory /home/woojye2020/.cache/huggingface/hub/models--runwayml--stable-diffusion-inpainting/snapshots/8a4288a76071f7280aedbdb3253bdb9e9d5d84bb/unet.
Defaulting to unsafe serialization. Pass `allow_pickle=False` to raise an error instead.

Loading pipeline components...:  14%|█▍        | 1/7 [00:00<00:04,  1.40it/s]
Loading pipeline components...:  43%|████▎     | 3/7 [00:00<00:00,  4.42it/s]`torch_dtype` is deprecated! Use `dtype` instead!

Loading pipeline components...:  71%|███████▏  | 5/7 [00:02<00:00,  2.13it/s]An error occurred while trying to fetch /home/woojye2020/.cache/huggingface/hub/models--runwayml--stable-diffusion-inpainting/snapshots/8a4288a76071f7280aedbdb3253bdb9e9d5d84bb/vae: Error no file named diffusion_pytorch_model.safetensors found in directory /home/woojye2020/.cache/huggingface/hub/models--runwayml--stable-diffusion-inpainting/snapshots/8a4288a76071f7280aedbdb3253bdb9e9d5d84bb/vae.
Defaulting to unsafe serialization. Pass `allow_pickle=False` to raise an error instead.

Loading pipeline components...: 100%|██████████| 7/7 [00:02<00:00,  3.02it/s]

  0%|          | 0/50 [00:00<?, ?it/s]
  2%|▏         | 1/50 [00:00<00:05,  8.42it/s]
  8%|▊         | 4/50 [00:00<00:02, 18.28it/s]
 14%|█▍        | 7/50 [00:00<00:02, 21.22it/s]
 20%|██        | 10/50 [00:00<00:01, 22.62it/s]
 26%|██▌       | 13/50 [00:00<00:01, 23.38it/s]
 32%|███▏      | 16/50 [00:00<00:01, 23.84it/s]
 38%|███▊      | 19/50 [00:00<00:01, 24.13it/s]
 44%|████▍     | 22/50 [00:00<00:01, 24.33it/s]
 50%|█████     | 25/50 [00:01<00:01, 24.32it/s]
 56%|█████▌    | 28/50 [00:01<00:00, 24.41it/s]
 62%|██████▏   | 31/50 [00:01<00:00, 24.47it/s]
 68%|██████▊   | 34/50 [00:01<00:00, 24.51it/s]
 74%|███████▍  | 37/50 [00:01<00:00, 24.52it/s]
 80%|████████  | 40/50 [00:01<00:00, 24.57it/s]
 86%|████████▌ | 43/50 [00:01<00:00, 24.61it/s]
 92%|█████████▏| 46/50 [00:01<00:00, 24.65it/s]
 98%|█████████▊| 49/50 [00:02<00:00, 24.65it/s]
100%|██████████| 50/50 [00:02<00:00, 23.76it/s]


--- 1. Computing Semantic Vector Shift from Text ---
Loading BiomedCLIP Model: chuhac/BiomedCLIP-vit-bert-hf
Using Text Anchors: 'healthy breast' - 'tumor breast'
Injecting shift vector with alpha = 1.0
Target Embedding Shape (Input to SD): torch.Size([1, 4, 768])

--- 2. Loading Stable Diffusion Inpainting Model ---
Model ID: runwayml/stable-diffusion-inpainting

--- 3. Processing Image ---
Dilating mask by 3 iterations...

--- 4. Running Generation ---
Saving output to: /home/woojye2020/decs_jupyter_lab/MedCLIP-SAMv2/generated_neg_output/udiat_vector_injection_breast2/Benign/000100.png
Zero-Shot Translation Complete!

  -> Generating for: 000101.png

Loading pipeline components...:   0%|          | 0/7 [00:00<?, ?it/s]`torch_dtype` is deprecated! Use `dtype` instead!

Loading pipeline components...:  14%|█▍        | 1/7 [00:01<00:07,  1.23s/it]An error occurred while trying to fetch /home/woojye2020/.cache/huggingface/hub/models--runwayml--stable-diffusion-inpainting/snapshots/8a4288a76071f7280aedbdb3253bdb9e9d5d84bb/vae: Error no file named diffusion_pytorch_model.safetensors found in directory /home/woojye2020/.cache/huggingface/hub/models--runwayml--stable-diffusion-inpainting/snapshots/8a4288a76071f7280aedbdb3253bdb9e9d5d84bb/vae.
Defaulting to unsafe serialization. Pass `allow_pickle=False` to raise an error instead.

Loading pipeline components...:  29%|██▊       | 2/7 [00:01<00:03,  1.38it/s]
Loading pipeline components...:  43%|████▎     | 3/7 [00:01<00:01,  2.25it/s]
Loading pipeline components...:  71%|███████▏  | 5/7 [00:02<00:00,  3.01it/s]An error occurred while trying to fetch /home/woojye2020/.cache/huggingface/hub/models--runwayml--stable-diffusion-inpainting/snapshots/8a4288a76071f7280aedbdb3253bdb9e9d5d84bb/unet: Error no file named diffusion_pytorch_model.safetensors found in directory /home/woojye2020/.cache/huggingface/hub/models--runwayml--stable-diffusion-inpainting/snapshots/8a4288a76071f7280aedbdb3253bdb9e9d5d84bb/unet.
Defaulting to unsafe serialization. Pass `allow_pickle=False` to raise an error instead.

Loading pipeline components...:  86%|████████▌ | 6/7 [00:02<00:00,  2.59it/s]
Loading pipeline components...: 100%|██████████| 7/7 [00:02<00:00,  2.56it/s]

  0%|          | 0/50 [00:00<?, ?it/s]
  2%|▏         | 1/50 [00:00<00:06,  7.01it/s]
  8%|▊         | 4/50 [00:00<00:02, 16.79it/s]
 14%|█▍        | 7/50 [00:00<00:02, 20.30it/s]
 20%|██        | 10/50 [00:00<00:01, 22.03it/s]
 26%|██▌       | 13/50 [00:00<00:01, 23.01it/s]
 32%|███▏      | 16/50 [00:00<00:01, 23.62it/s]
 38%|███▊      | 19/50 [00:00<00:01, 24.00it/s]
 44%|████▍     | 22/50 [00:00<00:01, 24.21it/s]
 50%|█████     | 25/50 [00:01<00:01, 24.22it/s]
 56%|█████▌    | 28/50 [00:01<00:00, 24.33it/s]
 62%|██████▏   | 31/50 [00:01<00:00, 24.41it/s]
 68%|██████▊   | 34/50 [00:01<00:00, 24.50it/s]
 74%|███████▍  | 37/50 [00:01<00:00, 24.58it/s]
 80%|████████  | 40/50 [00:01<00:00, 24.63it/s]
 86%|████████▌ | 43/50 [00:01<00:00, 24.66it/s]
 92%|█████████▏| 46/50 [00:01<00:00, 24.67it/s]
 98%|█████████▊| 49/50 [00:02<00:00, 24.63it/s]
100%|██████████| 50/50 [00:02<00:00, 23.50it/s]


--- 1. Computing Semantic Vector Shift from Text ---
Loading BiomedCLIP Model: chuhac/BiomedCLIP-vit-bert-hf
Using Text Anchors: 'healthy breast' - 'tumor breast'
Injecting shift vector with alpha = 1.0
Target Embedding Shape (Input to SD): torch.Size([1, 4, 768])

--- 2. Loading Stable Diffusion Inpainting Model ---
Model ID: runwayml/stable-diffusion-inpainting

--- 3. Processing Image ---
Dilating mask by 3 iterations...

--- 4. Running Generation ---
Saving output to: /home/woojye2020/decs_jupyter_lab/MedCLIP-SAMv2/generated_neg_output/udiat_vector_injection_breast2/Benign/000101.png
Zero-Shot Translation Complete!

  -> Generating for: 000102.png

Loading pipeline components...:   0%|          | 0/7 [00:00<?, ?it/s]
Loading pipeline components...:  14%|█▍        | 1/7 [00:00<00:01,  5.40it/s]`torch_dtype` is deprecated! Use `dtype` instead!

Loading pipeline components...:  29%|██▊       | 2/7 [00:01<00:03,  1.35it/s]
Loading pipeline components...:  43%|████▎     | 3/7 [00:01<00:02,  1.97it/s]An error occurred while trying to fetch /home/woojye2020/.cache/huggingface/hub/models--runwayml--stable-diffusion-inpainting/snapshots/8a4288a76071f7280aedbdb3253bdb9e9d5d84bb/unet: Error no file named diffusion_pytorch_model.safetensors found in directory /home/woojye2020/.cache/huggingface/hub/models--runwayml--stable-diffusion-inpainting/snapshots/8a4288a76071f7280aedbdb3253bdb9e9d5d84bb/unet.
Defaulting to unsafe serialization. Pass `allow_pickle=False` to raise an error instead.

Loading pipeline components...:  57%|█████▋    | 4/7 [00:01<00:01,  2.08it/s]An error occurred while trying to fetch /home/woojye2020/.cache/huggingface/hub/models--runwayml--stable-diffusion-inpainting/snapshots/8a4288a76071f7280aedbdb3253bdb9e9d5d84bb/vae: Error no file named diffusion_pytorch_model.safetensors found in directory /home/woojye2020/.cache/huggingface/hub/models--runwayml--stable-diffusion-inpainting/snapshots/8a4288a76071f7280aedbdb3253bdb9e9d5d84bb/vae.
Defaulting to unsafe serialization. Pass `allow_pickle=False` to raise an error instead.

Loading pipeline components...: 100%|██████████| 7/7 [00:02<00:00,  4.06it/s]
Loading pipeline components...: 100%|██████████| 7/7 [00:02<00:00,  3.03it/s]

  0%|          | 0/50 [00:00<?, ?it/s]
  2%|▏         | 1/50 [00:00<00:05,  8.46it/s]
  8%|▊         | 4/50 [00:00<00:02, 18.26it/s]
 14%|█▍        | 7/50 [00:00<00:02, 21.22it/s]
 20%|██        | 10/50 [00:00<00:01, 22.58it/s]
 26%|██▌       | 13/50 [00:00<00:01, 23.32it/s]
 32%|███▏      | 16/50 [00:00<00:01, 23.73it/s]
 38%|███▊      | 19/50 [00:00<00:01, 23.98it/s]
 44%|████▍     | 22/50 [00:00<00:01, 24.13it/s]
 50%|█████     | 25/50 [00:01<00:01, 24.27it/s]
 56%|█████▌    | 28/50 [00:01<00:00, 24.35it/s]
 62%|██████▏   | 31/50 [00:01<00:00, 24.42it/s]
 68%|██████▊   | 34/50 [00:01<00:00, 24.47it/s]
 74%|███████▍  | 37/50 [00:01<00:00, 24.49it/s]
 80%|████████  | 40/50 [00:01<00:00, 24.51it/s]
 86%|████████▌ | 43/50 [00:01<00:00, 24.50it/s]
 92%|█████████▏| 46/50 [00:01<00:00, 24.50it/s]
 98%|█████████▊| 49/50 [00:02<00:00, 24.49it/s]
100%|██████████| 50/50 [00:02<00:00, 23.67it/s]


--- 1. Computing Semantic Vector Shift from Text ---
Loading BiomedCLIP Model: chuhac/BiomedCLIP-vit-bert-hf
Using Text Anchors: 'healthy breast' - 'tumor breast'
Injecting shift vector with alpha = 1.0
Target Embedding Shape (Input to SD): torch.Size([1, 4, 768])

--- 2. Loading Stable Diffusion Inpainting Model ---
Model ID: runwayml/stable-diffusion-inpainting

--- 3. Processing Image ---
Dilating mask by 3 iterations...

--- 4. Running Generation ---
Saving output to: /home/woojye2020/decs_jupyter_lab/MedCLIP-SAMv2/generated_neg_output/udiat_vector_injection_breast2/Benign/000102.png
Zero-Shot Translation Complete!

  -> Generating for: 000103.png

Loading pipeline components...:   0%|          | 0/7 [00:00<?, ?it/s]
Loading pipeline components...:  29%|██▊       | 2/7 [00:00<00:00,  5.28it/s]An error occurred while trying to fetch /home/woojye2020/.cache/huggingface/hub/models--runwayml--stable-diffusion-inpainting/snapshots/8a4288a76071f7280aedbdb3253bdb9e9d5d84bb/vae: Error no file named diffusion_pytorch_model.safetensors found in directory /home/woojye2020/.cache/huggingface/hub/models--runwayml--stable-diffusion-inpainting/snapshots/8a4288a76071f7280aedbdb3253bdb9e9d5d84bb/vae.
Defaulting to unsafe serialization. Pass `allow_pickle=False` to raise an error instead.

Loading pipeline components...:  43%|████▎     | 3/7 [00:00<00:00,  6.01it/s]
Loading pipeline components...:  57%|█████▋    | 4/7 [00:00<00:00,  6.93it/s]`torch_dtype` is deprecated! Use `dtype` instead!

Loading pipeline components...:  71%|███████▏  | 5/7 [00:01<00:00,  3.75it/s]An error occurred while trying to fetch /home/woojye2020/.cache/huggingface/hub/models--runwayml--stable-diffusion-inpainting/snapshots/8a4288a76071f7280aedbdb3253bdb9e9d5d84bb/unet: Error no file named diffusion_pytorch_model.safetensors found in directory /home/woojye2020/.cache/huggingface/hub/models--runwayml--stable-diffusion-inpainting/snapshots/8a4288a76071f7280aedbdb3253bdb9e9d5d84bb/unet.
Defaulting to unsafe serialization. Pass `allow_pickle=False` to raise an error instead.

Loading pipeline components...:  86%|████████▌ | 6/7 [00:01<00:00,  2.93it/s]
Loading pipeline components...: 100%|██████████| 7/7 [00:02<00:00,  1.72it/s]
Loading pipeline components...: 100%|██████████| 7/7 [00:02<00:00,  2.60it/s]

  0%|          | 0/50 [00:00<?, ?it/s]
  2%|▏         | 1/50 [00:00<00:08,  5.93it/s]
  8%|▊         | 4/50 [00:00<00:03, 13.98it/s]
 14%|█▍        | 7/50 [00:00<00:02, 16.85it/s]
 20%|██        | 10/50 [00:00<00:02, 18.29it/s]
 26%|██▌       | 13/50 [00:00<00:01, 19.12it/s]
 32%|███▏      | 16/50 [00:00<00:01, 19.62it/s]
 38%|███▊      | 19/50 [00:01<00:01, 19.96it/s]
 44%|████▍     | 22/50 [00:01<00:01, 20.18it/s]
 50%|█████     | 25/50 [00:01<00:01, 20.35it/s]
 56%|█████▌    | 28/50 [00:01<00:01, 20.48it/s]
 62%|██████▏   | 31/50 [00:01<00:00, 20.44it/s]
 68%|██████▊   | 34/50 [00:01<00:00, 20.59it/s]
 74%|███████▍  | 37/50 [00:01<00:00, 21.67it/s]
 80%|████████  | 40/50 [00:02<00:00, 22.51it/s]
 86%|████████▌ | 43/50 [00:02<00:00, 23.12it/s]
 92%|█████████▏| 46/50 [00:02<00:00, 23.59it/s]
 98%|█████████▊| 49/50 [00:02<00:00, 23.91it/s]
100%|██████████| 50/50 [00:02<00:00, 20.69it/s]


--- 1. Computing Semantic Vector Shift from Text ---
Loading BiomedCLIP Model: chuhac/BiomedCLIP-vit-bert-hf
Using Text Anchors: 'healthy breast' - 'tumor breast'
Injecting shift vector with alpha = 1.0
Target Embedding Shape (Input to SD): torch.Size([1, 4, 768])

--- 2. Loading Stable Diffusion Inpainting Model ---
Model ID: runwayml/stable-diffusion-inpainting

--- 3. Processing Image ---
Dilating mask by 3 iterations...

--- 4. Running Generation ---
Saving output to: /home/woojye2020/decs_jupyter_lab/MedCLIP-SAMv2/generated_neg_output/udiat_vector_injection_breast2/Benign/000103.png
Zero-Shot Translation Complete!

  -> Generating for: 000104.png

Loading pipeline components...:   0%|          | 0/7 [00:00<?, ?it/s]An error occurred while trying to fetch /home/woojye2020/.cache/huggingface/hub/models--runwayml--stable-diffusion-inpainting/snapshots/8a4288a76071f7280aedbdb3253bdb9e9d5d84bb/vae: Error no file named diffusion_pytorch_model.safetensors found in directory /home/woojye2020/.cache/huggingface/hub/models--runwayml--stable-diffusion-inpainting/snapshots/8a4288a76071f7280aedbdb3253bdb9e9d5d84bb/vae.
Defaulting to unsafe serialization. Pass `allow_pickle=False` to raise an error instead.

Loading pipeline components...:  14%|█▍        | 1/7 [00:00<00:04,  1.36it/s]`torch_dtype` is deprecated! Use `dtype` instead!

Loading pipeline components...:  43%|████▎     | 3/7 [00:01<00:01,  2.73it/s]
Loading pipeline components...:  57%|█████▋    | 4/7 [00:02<00:01,  1.66it/s]
Loading pipeline components...:  71%|███████▏  | 5/7 [00:02<00:00,  2.28it/s]An error occurred while trying to fetch /home/woojye2020/.cache/huggingface/hub/models--runwayml--stable-diffusion-inpainting/snapshots/8a4288a76071f7280aedbdb3253bdb9e9d5d84bb/unet: Error no file named diffusion_pytorch_model.safetensors found in directory /home/woojye2020/.cache/huggingface/hub/models--runwayml--stable-diffusion-inpainting/snapshots/8a4288a76071f7280aedbdb3253bdb9e9d5d84bb/unet.
Defaulting to unsafe serialization. Pass `allow_pickle=False` to raise an error instead.

Loading pipeline components...: 100%|██████████| 7/7 [00:02<00:00,  3.00it/s]
Loading pipeline components...: 100%|██████████| 7/7 [00:02<00:00,  2.49it/s]

  0%|          | 0/50 [00:00<?, ?it/s]
  2%|▏         | 1/50 [00:00<00:08,  6.02it/s]
  8%|▊         | 4/50 [00:00<00:03, 14.74it/s]
 14%|█▍        | 7/50 [00:00<00:02, 18.83it/s]
 20%|██        | 10/50 [00:00<00:01, 21.01it/s]
 26%|██▌       | 13/50 [00:00<00:01, 22.30it/s]
 32%|███▏      | 16/50 [00:00<00:01, 23.11it/s]
 38%|███▊      | 19/50 [00:00<00:01, 23.63it/s]
 44%|████▍     | 22/50 [00:01<00:01, 23.98it/s]
 50%|█████     | 25/50 [00:01<00:01, 24.10it/s]
 56%|█████▌    | 28/50 [00:01<00:00, 24.24it/s]
 62%|██████▏   | 31/50 [00:01<00:00, 24.37it/s]
 68%|██████▊   | 34/50 [00:01<00:00, 24.45it/s]
 74%|███████▍  | 37/50 [00:01<00:00, 24.49it/s]
 80%|████████  | 40/50 [00:01<00:00, 24.52it/s]
 86%|████████▌ | 43/50 [00:01<00:00, 24.56it/s]
 92%|█████████▏| 46/50 [00:02<00:00, 24.62it/s]
 98%|█████████▊| 49/50 [00:02<00:00, 24.64it/s]
100%|██████████| 50/50 [00:02<00:00, 23.09it/s]


--- 1. Computing Semantic Vector Shift from Text ---
Loading BiomedCLIP Model: chuhac/BiomedCLIP-vit-bert-hf
Using Text Anchors: 'healthy breast' - 'tumor breast'
Injecting shift vector with alpha = 1.0
Target Embedding Shape (Input to SD): torch.Size([1, 4, 768])

--- 2. Loading Stable Diffusion Inpainting Model ---
Model ID: runwayml/stable-diffusion-inpainting

--- 3. Processing Image ---
Dilating mask by 3 iterations...

--- 4. Running Generation ---
Saving output to: /home/woojye2020/decs_jupyter_lab/MedCLIP-SAMv2/generated_neg_output/udiat_vector_injection_breast2/Benign/000104.png
Zero-Shot Translation Complete!

  -> Generating for: 000105.png

Loading pipeline components...:   0%|          | 0/7 [00:00<?, ?it/s]
Loading pipeline components...:  29%|██▊       | 2/7 [00:00<00:00, 10.65it/s]`torch_dtype` is deprecated! Use `dtype` instead!

Loading pipeline components...:  57%|█████▋    | 4/7 [00:01<00:01,  2.37it/s]
Loading pipeline components...:  71%|███████▏  | 5/7 [00:01<00:00,  2.54it/s]An error occurred while trying to fetch /home/woojye2020/.cache/huggingface/hub/models--runwayml--stable-diffusion-inpainting/snapshots/8a4288a76071f7280aedbdb3253bdb9e9d5d84bb/unet: Error no file named diffusion_pytorch_model.safetensors found in directory /home/woojye2020/.cache/huggingface/hub/models--runwayml--stable-diffusion-inpainting/snapshots/8a4288a76071f7280aedbdb3253bdb9e9d5d84bb/unet.
Defaulting to unsafe serialization. Pass `allow_pickle=False` to raise an error instead.

Loading pipeline components...:  86%|████████▌ | 6/7 [00:02<00:00,  2.63it/s]An error occurred while trying to fetch /home/woojye2020/.cache/huggingface/hub/models--runwayml--stable-diffusion-inpainting/snapshots/8a4288a76071f7280aedbdb3253bdb9e9d5d84bb/vae: Error no file named diffusion_pytorch_model.safetensors found in directory /home/woojye2020/.cache/huggingface/hub/models--runwayml--stable-diffusion-inpainting/snapshots/8a4288a76071f7280aedbdb3253bdb9e9d5d84bb/vae.
Defaulting to unsafe serialization. Pass `allow_pickle=False` to raise an error instead.

Loading pipeline components...: 100%|██████████| 7/7 [00:02<00:00,  3.11it/s]

  0%|          | 0/50 [00:00<?, ?it/s]
  2%|▏         | 1/50 [00:00<00:06,  8.00it/s]
  8%|▊         | 4/50 [00:00<00:02, 17.79it/s]
 14%|█▍        | 7/50 [00:00<00:02, 20.97it/s]
 20%|██        | 10/50 [00:00<00:01, 22.48it/s]
 26%|██▌       | 13/50 [00:00<00:01, 23.32it/s]
 32%|███▏      | 16/50 [00:00<00:01, 23.80it/s]
 38%|███▊      | 19/50 [00:00<00:01, 24.13it/s]
 44%|████▍     | 22/50 [00:00<00:01, 24.35it/s]
 50%|█████     | 25/50 [00:01<00:01, 24.35it/s]
 56%|█████▌    | 28/50 [00:01<00:00, 24.41it/s]
 62%|██████▏   | 31/50 [00:01<00:00, 24.49it/s]
 68%|██████▊   | 34/50 [00:01<00:00, 24.53it/s]
 74%|███████▍  | 37/50 [00:01<00:00, 24.54it/s]
 80%|████████  | 40/50 [00:01<00:00, 24.59it/s]
 86%|████████▌ | 43/50 [00:01<00:00, 24.64it/s]
 92%|█████████▏| 46/50 [00:01<00:00, 24.67it/s]
 98%|█████████▊| 49/50 [00:02<00:00, 24.68it/s]
100%|██████████| 50/50 [00:02<00:00, 23.71it/s]


--- 1. Computing Semantic Vector Shift from Text ---
Loading BiomedCLIP Model: chuhac/BiomedCLIP-vit-bert-hf
Using Text Anchors: 'healthy breast' - 'tumor breast'
Injecting shift vector with alpha = 1.0
Target Embedding Shape (Input to SD): torch.Size([1, 4, 768])

--- 2. Loading Stable Diffusion Inpainting Model ---
Model ID: runwayml/stable-diffusion-inpainting

--- 3. Processing Image ---
Dilating mask by 3 iterations...

--- 4. Running Generation ---
Saving output to: /home/woojye2020/decs_jupyter_lab/MedCLIP-SAMv2/generated_neg_output/udiat_vector_injection_breast2/Benign/000105.png
Zero-Shot Translation Complete!

  -> Generating for: 000106.png

Loading pipeline components...:   0%|          | 0/7 [00:00<?, ?it/s]An error occurred while trying to fetch /home/woojye2020/.cache/huggingface/hub/models--runwayml--stable-diffusion-inpainting/snapshots/8a4288a76071f7280aedbdb3253bdb9e9d5d84bb/unet: Error no file named diffusion_pytorch_model.safetensors found in directory /home/woojye2020/.cache/huggingface/hub/models--runwayml--stable-diffusion-inpainting/snapshots/8a4288a76071f7280aedbdb3253bdb9e9d5d84bb/unet.
Defaulting to unsafe serialization. Pass `allow_pickle=False` to raise an error instead.

Loading pipeline components...:  14%|█▍        | 1/7 [00:00<00:04,  1.43it/s]`torch_dtype` is deprecated! Use `dtype` instead!

Loading pipeline components...:  29%|██▊       | 2/7 [00:01<00:02,  1.82it/s]An error occurred while trying to fetch /home/woojye2020/.cache/huggingface/hub/models--runwayml--stable-diffusion-inpainting/snapshots/8a4288a76071f7280aedbdb3253bdb9e9d5d84bb/vae: Error no file named diffusion_pytorch_model.safetensors found in directory /home/woojye2020/.cache/huggingface/hub/models--runwayml--stable-diffusion-inpainting/snapshots/8a4288a76071f7280aedbdb3253bdb9e9d5d84bb/vae.
Defaulting to unsafe serialization. Pass `allow_pickle=False` to raise an error instead.

Loading pipeline components...:  43%|████▎     | 3/7 [00:01<00:01,  2.83it/s]
Loading pipeline components...:  71%|███████▏  | 5/7 [00:02<00:00,  2.04it/s]
Loading pipeline components...: 100%|██████████| 7/7 [00:02<00:00,  3.37it/s]
Loading pipeline components...: 100%|██████████| 7/7 [00:02<00:00,  2.72it/s]

  0%|          | 0/50 [00:00<?, ?it/s]
  2%|▏         | 1/50 [00:00<00:08,  5.94it/s]
  8%|▊         | 4/50 [00:00<00:03, 13.93it/s]
 14%|█▍        | 7/50 [00:00<00:02, 18.15it/s]
 20%|██        | 10/50 [00:00<00:01, 20.54it/s]
 26%|██▌       | 13/50 [00:00<00:01, 21.98it/s]
 32%|███▏      | 16/50 [00:00<00:01, 22.89it/s]
 38%|███▊      | 19/50 [00:00<00:01, 23.49it/s]
 44%|████▍     | 22/50 [00:01<00:01, 23.90it/s]
 50%|█████     | 25/50 [00:01<00:01, 24.07it/s]
 56%|█████▌    | 28/50 [00:01<00:00, 24.19it/s]
 62%|██████▏   | 31/50 [00:01<00:00, 24.33it/s]
 68%|██████▊   | 34/50 [00:01<00:00, 24.42it/s]
 74%|███████▍  | 37/50 [00:01<00:00, 24.47it/s]
 80%|████████  | 40/50 [00:01<00:00, 24.53it/s]
 86%|████████▌ | 43/50 [00:01<00:00, 24.58it/s]
 92%|█████████▏| 46/50 [00:02<00:00, 24.63it/s]
 98%|█████████▊| 49/50 [00:02<00:00, 24.67it/s]
100%|██████████| 50/50 [00:02<00:00, 22.93it/s]


--- 1. Computing Semantic Vector Shift from Text ---
Loading BiomedCLIP Model: chuhac/BiomedCLIP-vit-bert-hf
Using Text Anchors: 'healthy breast' - 'tumor breast'
Injecting shift vector with alpha = 1.0
Target Embedding Shape (Input to SD): torch.Size([1, 4, 768])

--- 2. Loading Stable Diffusion Inpainting Model ---
Model ID: runwayml/stable-diffusion-inpainting

--- 3. Processing Image ---
Dilating mask by 3 iterations...

--- 4. Running Generation ---
Saving output to: /home/woojye2020/decs_jupyter_lab/MedCLIP-SAMv2/generated_neg_output/udiat_vector_injection_breast2/Benign/000106.png
Zero-Shot Translation Complete!

  -> Generating for: 000107.png

Loading pipeline components...:   0%|          | 0/7 [00:00<?, ?it/s]`torch_dtype` is deprecated! Use `dtype` instead!

Loading pipeline components...:  14%|█▍        | 1/7 [00:00<00:03,  1.77it/s]
Loading pipeline components...:  29%|██▊       | 2/7 [00:00<00:01,  3.31it/s]An error occurred while trying to fetch /home/woojye2020/.cache/huggingface/hub/models--runwayml--stable-diffusion-inpainting/snapshots/8a4288a76071f7280aedbdb3253bdb9e9d5d84bb/vae: Error no file named diffusion_pytorch_model.safetensors found in directory /home/woojye2020/.cache/huggingface/hub/models--runwayml--stable-diffusion-inpainting/snapshots/8a4288a76071f7280aedbdb3253bdb9e9d5d84bb/vae.
Defaulting to unsafe serialization. Pass `allow_pickle=False` to raise an error instead.

Loading pipeline components...:  43%|████▎     | 3/7 [00:01<00:01,  2.96it/s]
Loading pipeline components...:  71%|███████▏  | 5/7 [00:01<00:00,  3.32it/s]An error occurred while trying to fetch /home/woojye2020/.cache/huggingface/hub/models--runwayml--stable-diffusion-inpainting/snapshots/8a4288a76071f7280aedbdb3253bdb9e9d5d84bb/unet: Error no file named diffusion_pytorch_model.safetensors found in directory /home/woojye2020/.cache/huggingface/hub/models--runwayml--stable-diffusion-inpainting/snapshots/8a4288a76071f7280aedbdb3253bdb9e9d5d84bb/unet.
Defaulting to unsafe serialization. Pass `allow_pickle=False` to raise an error instead.

Loading pipeline components...:  86%|████████▌ | 6/7 [00:02<00:00,  2.85it/s]
Loading pipeline components...: 100%|██████████| 7/7 [00:02<00:00,  3.35it/s]

  0%|          | 0/50 [00:00<?, ?it/s]
  2%|▏         | 1/50 [00:00<00:10,  4.80it/s]
  6%|▌         | 3/50 [00:00<00:04, 10.91it/s]
 10%|█         | 5/50 [00:00<00:03, 14.23it/s]
 14%|█▍        | 7/50 [00:00<00:02, 16.20it/s]
 20%|██        | 10/50 [00:00<00:02, 18.28it/s]
 26%|██▌       | 13/50 [00:00<00:01, 20.47it/s]
 32%|███▏      | 16/50 [00:00<00:01, 21.87it/s]
 38%|███▊      | 19/50 [00:01<00:01, 22.76it/s]
 44%|████▍     | 22/50 [00:01<00:01, 23.36it/s]
 50%|█████     | 25/50 [00:01<00:01, 23.76it/s]
 56%|█████▌    | 28/50 [00:01<00:00, 24.00it/s]
 62%|██████▏   | 31/50 [00:01<00:00, 24.17it/s]
 68%|██████▊   | 34/50 [00:01<00:00, 24.31it/s]
 74%|███████▍  | 37/50 [00:01<00:00, 24.45it/s]
 80%|████████  | 40/50 [00:01<00:00, 24.53it/s]
 86%|████████▌ | 43/50 [00:01<00:00, 24.60it/s]
 92%|█████████▏| 46/50 [00:02<00:00, 24.65it/s]
 98%|█████████▊| 49/50 [00:02<00:00, 24.66it/s]
100%|██████████| 50/50 [00:02<00:00, 22.02it/s]


--- 1. Computing Semantic Vector Shift from Text ---
Loading BiomedCLIP Model: chuhac/BiomedCLIP-vit-bert-hf
Using Text Anchors: 'healthy breast' - 'tumor breast'
Injecting shift vector with alpha = 1.0
Target Embedding Shape (Input to SD): torch.Size([1, 4, 768])

--- 2. Loading Stable Diffusion Inpainting Model ---
Model ID: runwayml/stable-diffusion-inpainting

--- 3. Processing Image ---
Dilating mask by 3 iterations...

--- 4. Running Generation ---
Saving output to: /home/woojye2020/decs_jupyter_lab/MedCLIP-SAMv2/generated_neg_output/udiat_vector_injection_breast2/Benign/000107.png
Zero-Shot Translation Complete!

  -> Generating for: 000108.png

Loading pipeline components...:   0%|          | 0/7 [00:00<?, ?it/s]An error occurred while trying to fetch /home/woojye2020/.cache/huggingface/hub/models--runwayml--stable-diffusion-inpainting/snapshots/8a4288a76071f7280aedbdb3253bdb9e9d5d84bb/unet: Error no file named diffusion_pytorch_model.safetensors found in directory /home/woojye2020/.cache/huggingface/hub/models--runwayml--stable-diffusion-inpainting/snapshots/8a4288a76071f7280aedbdb3253bdb9e9d5d84bb/unet.
Defaulting to unsafe serialization. Pass `allow_pickle=False` to raise an error instead.

Loading pipeline components...:  14%|█▍        | 1/7 [00:00<00:04,  1.21it/s]
Loading pipeline components...:  29%|██▊       | 2/7 [00:00<00:02,  2.49it/s]`torch_dtype` is deprecated! Use `dtype` instead!

Loading pipeline components...:  43%|████▎     | 3/7 [00:01<00:01,  2.19it/s]
Loading pipeline components...:  86%|████████▌ | 6/7 [00:02<00:00,  2.49it/s]An error occurred while trying to fetch /home/woojye2020/.cache/huggingface/hub/models--runwayml--stable-diffusion-inpainting/snapshots/8a4288a76071f7280aedbdb3253bdb9e9d5d84bb/vae: Error no file named diffusion_pytorch_model.safetensors found in directory /home/woojye2020/.cache/huggingface/hub/models--runwayml--stable-diffusion-inpainting/snapshots/8a4288a76071f7280aedbdb3253bdb9e9d5d84bb/vae.
Defaulting to unsafe serialization. Pass `allow_pickle=False` to raise an error instead.

Loading pipeline components...: 100%|██████████| 7/7 [00:02<00:00,  3.00it/s]
Loading pipeline components...: 100%|██████████| 7/7 [00:02<00:00,  2.60it/s]

  0%|          | 0/50 [00:00<?, ?it/s]
  2%|▏         | 1/50 [00:00<00:08,  6.01it/s]
  8%|▊         | 4/50 [00:00<00:03, 14.07it/s]
 14%|█▍        | 7/50 [00:00<00:02, 17.02it/s]
 20%|██        | 10/50 [00:00<00:02, 18.45it/s]
 26%|██▌       | 13/50 [00:00<00:01, 19.27it/s]
 32%|███▏      | 16/50 [00:00<00:01, 19.77it/s]
 38%|███▊      | 19/50 [00:01<00:01, 20.35it/s]
 44%|████▍     | 22/50 [00:01<00:01, 21.56it/s]
 50%|█████     | 25/50 [00:01<00:01, 22.45it/s]
 56%|█████▌    | 28/50 [00:01<00:00, 23.08it/s]
 62%|██████▏   | 31/50 [00:01<00:00, 23.53it/s]
 68%|██████▊   | 34/50 [00:01<00:00, 23.86it/s]
 74%|███████▍  | 37/50 [00:01<00:00, 24.11it/s]
 80%|████████  | 40/50 [00:01<00:00, 24.29it/s]
 86%|████████▌ | 43/50 [00:02<00:00, 24.42it/s]
 92%|█████████▏| 46/50 [00:02<00:00, 24.48it/s]
 98%|█████████▊| 49/50 [00:02<00:00, 24.53it/s]
100%|██████████| 50/50 [00:02<00:00, 21.86it/s]


--- 1. Computing Semantic Vector Shift from Text ---
Loading BiomedCLIP Model: chuhac/BiomedCLIP-vit-bert-hf
Using Text Anchors: 'healthy breast' - 'tumor breast'
Injecting shift vector with alpha = 1.0
Target Embedding Shape (Input to SD): torch.Size([1, 4, 768])

--- 2. Loading Stable Diffusion Inpainting Model ---
Model ID: runwayml/stable-diffusion-inpainting

--- 3. Processing Image ---
Dilating mask by 3 iterations...

--- 4. Running Generation ---
Saving output to: /home/woojye2020/decs_jupyter_lab/MedCLIP-SAMv2/generated_neg_output/udiat_vector_injection_breast2/Benign/000108.png
Zero-Shot Translation Complete!

  -> Generating for: 000109.png

Loading pipeline components...:   0%|          | 0/7 [00:00<?, ?it/s]An error occurred while trying to fetch /home/woojye2020/.cache/huggingface/hub/models--runwayml--stable-diffusion-inpainting/snapshots/8a4288a76071f7280aedbdb3253bdb9e9d5d84bb/vae: Error no file named diffusion_pytorch_model.safetensors found in directory /home/woojye2020/.cache/huggingface/hub/models--runwayml--stable-diffusion-inpainting/snapshots/8a4288a76071f7280aedbdb3253bdb9e9d5d84bb/vae.
Defaulting to unsafe serialization. Pass `allow_pickle=False` to raise an error instead.

Loading pipeline components...:  14%|█▍        | 1/7 [00:00<00:02,  2.04it/s]`torch_dtype` is deprecated! Use `dtype` instead!

Loading pipeline components...:  57%|█████▋    | 4/7 [00:00<00:00,  4.76it/s]
Loading pipeline components...:  71%|███████▏  | 5/7 [00:01<00:00,  5.55it/s]An error occurred while trying to fetch /home/woojye2020/.cache/huggingface/hub/models--runwayml--stable-diffusion-inpainting/snapshots/8a4288a76071f7280aedbdb3253bdb9e9d5d84bb/unet: Error no file named diffusion_pytorch_model.safetensors found in directory /home/woojye2020/.cache/huggingface/hub/models--runwayml--stable-diffusion-inpainting/snapshots/8a4288a76071f7280aedbdb3253bdb9e9d5d84bb/unet.
Defaulting to unsafe serialization. Pass `allow_pickle=False` to raise an error instead.

Loading pipeline components...:  86%|████████▌ | 6/7 [00:01<00:00,  3.78it/s]
Loading pipeline components...: 100%|██████████| 7/7 [00:02<00:00,  1.97it/s]
Loading pipeline components...: 100%|██████████| 7/7 [00:02<00:00,  2.68it/s]

  0%|          | 0/50 [00:00<?, ?it/s]
  2%|▏         | 1/50 [00:00<00:08,  5.86it/s]
  6%|▌         | 3/50 [00:00<00:03, 12.23it/s]
 12%|█▏        | 6/50 [00:00<00:02, 16.08it/s]
 18%|█▊        | 9/50 [00:00<00:02, 17.74it/s]
 24%|██▍       | 12/50 [00:00<00:02, 18.60it/s]
 28%|██▊       | 14/50 [00:00<00:01, 18.89it/s]
 34%|███▍      | 17/50 [00:00<00:01, 19.31it/s]
 40%|████      | 20/50 [00:01<00:01, 20.01it/s]
 46%|████▌     | 23/50 [00:01<00:01, 21.30it/s]
 52%|█████▏    | 26/50 [00:01<00:01, 22.23it/s]
 58%|█████▊    | 29/50 [00:01<00:00, 22.91it/s]
 64%|██████▍   | 32/50 [00:01<00:00, 23.39it/s]
 70%|███████   | 35/50 [00:01<00:00, 23.74it/s]
 76%|███████▌  | 38/50 [00:01<00:00, 24.00it/s]
 82%|████████▏ | 41/50 [00:01<00:00, 24.17it/s]
 88%|████████▊ | 44/50 [00:02<00:00, 24.31it/s]
 94%|█████████▍| 47/50 [00:02<00:00, 24.38it/s]
100%|██████████| 50/50 [00:02<00:00, 24.40it/s]
100%|██████████| 50/50 [00:02<00:00, 21.43it/s]


--- 1. Computing Semantic Vector Shift from Text ---
Loading BiomedCLIP Model: chuhac/BiomedCLIP-vit-bert-hf
Using Text Anchors: 'healthy breast' - 'tumor breast'
Injecting shift vector with alpha = 1.0
Target Embedding Shape (Input to SD): torch.Size([1, 4, 768])

--- 2. Loading Stable Diffusion Inpainting Model ---
Model ID: runwayml/stable-diffusion-inpainting

--- 3. Processing Image ---
Dilating mask by 3 iterations...

--- 4. Running Generation ---
Saving output to: /home/woojye2020/decs_jupyter_lab/MedCLIP-SAMv2/generated_neg_output/udiat_vector_injection_breast2/Benign/000109.png
Zero-Shot Translation Complete!

  -> Generating for: 000110.png

Loading pipeline components...:   0%|          | 0/7 [00:00<?, ?it/s]
Loading pipeline components...:  29%|██▊       | 2/7 [00:00<00:01,  3.48it/s]
Loading pipeline components...:  43%|████▎     | 3/7 [00:00<00:00,  4.28it/s]An error occurred while trying to fetch /home/woojye2020/.cache/huggingface/hub/models--runwayml--stable-diffusion-inpainting/snapshots/8a4288a76071f7280aedbdb3253bdb9e9d5d84bb/unet: Error no file named diffusion_pytorch_model.safetensors found in directory /home/woojye2020/.cache/huggingface/hub/models--runwayml--stable-diffusion-inpainting/snapshots/8a4288a76071f7280aedbdb3253bdb9e9d5d84bb/unet.
Defaulting to unsafe serialization. Pass `allow_pickle=False` to raise an error instead.

Loading pipeline components...:  57%|█████▋    | 4/7 [00:01<00:00,  3.11it/s]An error occurred while trying to fetch /home/woojye2020/.cache/huggingface/hub/models--runwayml--stable-diffusion-inpainting/snapshots/8a4288a76071f7280aedbdb3253bdb9e9d5d84bb/vae: Error no file named diffusion_pytorch_model.safetensors found in directory /home/woojye2020/.cache/huggingface/hub/models--runwayml--stable-diffusion-inpainting/snapshots/8a4288a76071f7280aedbdb3253bdb9e9d5d84bb/vae.
Defaulting to unsafe serialization. Pass `allow_pickle=False` to raise an error instead.

Loading pipeline components...:  71%|███████▏  | 5/7 [00:01<00:00,  4.08it/s]`torch_dtype` is deprecated! Use `dtype` instead!

Loading pipeline components...:  86%|████████▌ | 6/7 [00:01<00:00,  2.99it/s]
Loading pipeline components...: 100%|██████████| 7/7 [00:02<00:00,  1.73it/s]
Loading pipeline components...: 100%|██████████| 7/7 [00:02<00:00,  2.40it/s]

  0%|          | 0/50 [00:00<?, ?it/s]
  2%|▏         | 1/50 [00:00<00:08,  5.86it/s]
  8%|▊         | 4/50 [00:00<00:03, 13.79it/s]
 14%|█▍        | 7/50 [00:00<00:02, 16.70it/s]
 20%|██        | 10/50 [00:00<00:02, 18.13it/s]
 26%|██▌       | 13/50 [00:00<00:01, 18.94it/s]
 32%|███▏      | 16/50 [00:00<00:01, 20.47it/s]
 38%|███▊      | 19/50 [00:01<00:01, 21.71it/s]
 44%|████▍     | 22/50 [00:01<00:01, 22.61it/s]
 50%|█████     | 25/50 [00:01<00:01, 23.25it/s]
 56%|█████▌    | 28/50 [00:01<00:00, 23.68it/s]
 62%|██████▏   | 31/50 [00:01<00:00, 23.96it/s]
 68%|██████▊   | 34/50 [00:01<00:00, 24.14it/s]
 74%|███████▍  | 37/50 [00:01<00:00, 24.27it/s]
 80%|████████  | 40/50 [00:01<00:00, 24.38it/s]
 86%|████████▌ | 43/50 [00:01<00:00, 24.46it/s]
 92%|█████████▏| 46/50 [00:02<00:00, 24.51it/s]
 98%|█████████▊| 49/50 [00:02<00:00, 24.56it/s]
100%|██████████| 50/50 [00:02<00:00, 22.08it/s]


--- 1. Computing Semantic Vector Shift from Text ---
Loading BiomedCLIP Model: chuhac/BiomedCLIP-vit-bert-hf
Using Text Anchors: 'healthy breast' - 'tumor breast'
Injecting shift vector with alpha = 1.0
Target Embedding Shape (Input to SD): torch.Size([1, 4, 768])

--- 2. Loading Stable Diffusion Inpainting Model ---
Model ID: runwayml/stable-diffusion-inpainting

--- 3. Processing Image ---
Dilating mask by 3 iterations...

--- 4. Running Generation ---
Saving output to: /home/woojye2020/decs_jupyter_lab/MedCLIP-SAMv2/generated_neg_output/udiat_vector_injection_breast2/Benign/000110.png
Zero-Shot Translation Complete!

  -> Generating for: 000111.png

Loading pipeline components...:   0%|          | 0/7 [00:00<?, ?it/s]
Loading pipeline components...:  14%|█▍        | 1/7 [00:00<00:01,  3.03it/s]`torch_dtype` is deprecated! Use `dtype` instead!

Loading pipeline components...:  29%|██▊       | 2/7 [00:01<00:04,  1.24it/s]
Loading pipeline components...:  57%|█████▋    | 4/7 [00:01<00:01,  3.00it/s]An error occurred while trying to fetch /home/woojye2020/.cache/huggingface/hub/models--runwayml--stable-diffusion-inpainting/snapshots/8a4288a76071f7280aedbdb3253bdb9e9d5d84bb/unet: Error no file named diffusion_pytorch_model.safetensors found in directory /home/woojye2020/.cache/huggingface/hub/models--runwayml--stable-diffusion-inpainting/snapshots/8a4288a76071f7280aedbdb3253bdb9e9d5d84bb/unet.
Defaulting to unsafe serialization. Pass `allow_pickle=False` to raise an error instead.

Loading pipeline components...:  71%|███████▏  | 5/7 [00:01<00:00,  2.77it/s]
Loading pipeline components...:  86%|████████▌ | 6/7 [00:02<00:00,  2.53it/s]An error occurred while trying to fetch /home/woojye2020/.cache/huggingface/hub/models--runwayml--stable-diffusion-inpainting/snapshots/8a4288a76071f7280aedbdb3253bdb9e9d5d84bb/vae: Error no file named diffusion_pytorch_model.safetensors found in directory /home/woojye2020/.cache/huggingface/hub/models--runwayml--stable-diffusion-inpainting/snapshots/8a4288a76071f7280aedbdb3253bdb9e9d5d84bb/vae.
Defaulting to unsafe serialization. Pass `allow_pickle=False` to raise an error instead.

Loading pipeline components...: 100%|██████████| 7/7 [00:02<00:00,  3.23it/s]
Loading pipeline components...: 100%|██████████| 7/7 [00:02<00:00,  2.71it/s]

  0%|          | 0/50 [00:00<?, ?it/s]
  2%|▏         | 1/50 [00:00<00:08,  5.98it/s]
  8%|▊         | 4/50 [00:00<00:03, 14.20it/s]
 14%|█▍        | 7/50 [00:00<00:02, 17.21it/s]
 20%|██        | 10/50 [00:00<00:02, 18.73it/s]
 26%|██▌       | 13/50 [00:00<00:01, 19.59it/s]
 32%|███▏      | 16/50 [00:00<00:01, 20.11it/s]
 38%|███▊      | 19/50 [00:01<00:01, 20.41it/s]
 44%|████▍     | 22/50 [00:01<00:01, 21.44it/s]
 50%|█████     | 25/50 [00:01<00:01, 22.36it/s]
 56%|█████▌    | 28/50 [00:01<00:00, 23.04it/s]
 62%|██████▏   | 31/50 [00:01<00:00, 23.53it/s]
 68%|██████▊   | 34/50 [00:01<00:00, 23.89it/s]
 74%|███████▍  | 37/50 [00:01<00:00, 24.13it/s]
 80%|████████  | 40/50 [00:01<00:00, 24.27it/s]
 86%|████████▌ | 43/50 [00:01<00:00, 24.39it/s]
 92%|█████████▏| 46/50 [00:02<00:00, 24.48it/s]
 98%|█████████▊| 49/50 [00:02<00:00, 24.51it/s]
100%|██████████| 50/50 [00:02<00:00, 21.91it/s]


--- 1. Computing Semantic Vector Shift from Text ---
Loading BiomedCLIP Model: chuhac/BiomedCLIP-vit-bert-hf
Using Text Anchors: 'healthy breast' - 'tumor breast'
Injecting shift vector with alpha = 1.0
Target Embedding Shape (Input to SD): torch.Size([1, 4, 768])

--- 2. Loading Stable Diffusion Inpainting Model ---
Model ID: runwayml/stable-diffusion-inpainting

--- 3. Processing Image ---
Dilating mask by 3 iterations...

--- 4. Running Generation ---
Saving output to: /home/woojye2020/decs_jupyter_lab/MedCLIP-SAMv2/generated_neg_output/udiat_vector_injection_breast2/Benign/000111.png
Zero-Shot Translation Complete!

  -> Generating for: 000112.png

Loading pipeline components...:   0%|          | 0/7 [00:00<?, ?it/s]An error occurred while trying to fetch /home/woojye2020/.cache/huggingface/hub/models--runwayml--stable-diffusion-inpainting/snapshots/8a4288a76071f7280aedbdb3253bdb9e9d5d84bb/unet: Error no file named diffusion_pytorch_model.safetensors found in directory /home/woojye2020/.cache/huggingface/hub/models--runwayml--stable-diffusion-inpainting/snapshots/8a4288a76071f7280aedbdb3253bdb9e9d5d84bb/unet.
Defaulting to unsafe serialization. Pass `allow_pickle=False` to raise an error instead.

Loading pipeline components...:  14%|█▍        | 1/7 [00:00<00:04,  1.28it/s]An error occurred while trying to fetch /home/woojye2020/.cache/huggingface/hub/models--runwayml--stable-diffusion-inpainting/snapshots/8a4288a76071f7280aedbdb3253bdb9e9d5d84bb/vae: Error no file named diffusion_pytorch_model.safetensors found in directory /home/woojye2020/.cache/huggingface/hub/models--runwayml--stable-diffusion-inpainting/snapshots/8a4288a76071f7280aedbdb3253bdb9e9d5d84bb/vae.
Defaulting to unsafe serialization. Pass `allow_pickle=False` to raise an error instead.

Loading pipeline components...:  57%|█████▋    | 4/7 [00:00<00:00,  5.02it/s]`torch_dtype` is deprecated! Use `dtype` instead!

Loading pipeline components...:  71%|███████▏  | 5/7 [00:01<00:00,  3.69it/s]
Loading pipeline components...:  86%|████████▌ | 6/7 [00:02<00:00,  2.05it/s]
Loading pipeline components...: 100%|██████████| 7/7 [00:02<00:00,  2.84it/s]

  0%|          | 0/50 [00:00<?, ?it/s]
  2%|▏         | 1/50 [00:00<00:08,  6.11it/s]
  8%|▊         | 4/50 [00:00<00:03, 14.28it/s]
 14%|█▍        | 7/50 [00:00<00:02, 18.37it/s]
 20%|██        | 10/50 [00:00<00:01, 20.66it/s]
 26%|██▌       | 13/50 [00:00<00:01, 22.04it/s]
 32%|███▏      | 16/50 [00:00<00:01, 22.93it/s]
 38%|███▊      | 19/50 [00:00<00:01, 23.52it/s]
 44%|████▍     | 22/50 [00:01<00:01, 23.90it/s]
 50%|█████     | 25/50 [00:01<00:01, 24.05it/s]
 56%|█████▌    | 28/50 [00:01<00:00, 24.19it/s]
 62%|██████▏   | 31/50 [00:01<00:00, 24.33it/s]
 68%|██████▊   | 34/50 [00:01<00:00, 24.42it/s]
 74%|███████▍  | 37/50 [00:01<00:00, 24.48it/s]
 80%|████████  | 40/50 [00:01<00:00, 24.52it/s]
 86%|████████▌ | 43/50 [00:01<00:00, 24.56it/s]
 92%|█████████▏| 46/50 [00:02<00:00, 24.61it/s]
 98%|█████████▊| 49/50 [00:02<00:00, 24.65it/s]
100%|██████████| 50/50 [00:02<00:00, 22.99it/s]


--- 1. Computing Semantic Vector Shift from Text ---
Loading BiomedCLIP Model: chuhac/BiomedCLIP-vit-bert-hf
Using Text Anchors: 'healthy breast' - 'tumor breast'
Injecting shift vector with alpha = 1.0
Target Embedding Shape (Input to SD): torch.Size([1, 4, 768])

--- 2. Loading Stable Diffusion Inpainting Model ---
Model ID: runwayml/stable-diffusion-inpainting

--- 3. Processing Image ---
Dilating mask by 3 iterations...

--- 4. Running Generation ---
Saving output to: /home/woojye2020/decs_jupyter_lab/MedCLIP-SAMv2/generated_neg_output/udiat_vector_injection_breast2/Benign/000112.png
Zero-Shot Translation Complete!

  -> Generating for: 000113.png

Loading pipeline components...:   0%|          | 0/7 [00:00<?, ?it/s]An error occurred while trying to fetch /home/woojye2020/.cache/huggingface/hub/models--runwayml--stable-diffusion-inpainting/snapshots/8a4288a76071f7280aedbdb3253bdb9e9d5d84bb/unet: Error no file named diffusion_pytorch_model.safetensors found in directory /home/woojye2020/.cache/huggingface/hub/models--runwayml--stable-diffusion-inpainting/snapshots/8a4288a76071f7280aedbdb3253bdb9e9d5d84bb/unet.
Defaulting to unsafe serialization. Pass `allow_pickle=False` to raise an error instead.

Loading pipeline components...:  14%|█▍        | 1/7 [00:01<00:06,  1.01s/it]`torch_dtype` is deprecated! Use `dtype` instead!

Loading pipeline components...:  29%|██▊       | 2/7 [00:01<00:03,  1.40it/s]
Loading pipeline components...:  43%|████▎     | 3/7 [00:02<00:03,  1.12it/s]An error occurred while trying to fetch /home/woojye2020/.cache/huggingface/hub/models--runwayml--stable-diffusion-inpainting/snapshots/8a4288a76071f7280aedbdb3253bdb9e9d5d84bb/vae: Error no file named diffusion_pytorch_model.safetensors found in directory /home/woojye2020/.cache/huggingface/hub/models--runwayml--stable-diffusion-inpainting/snapshots/8a4288a76071f7280aedbdb3253bdb9e9d5d84bb/vae.
Defaulting to unsafe serialization. Pass `allow_pickle=False` to raise an error instead.

Loading pipeline components...:  86%|████████▌ | 6/7 [00:02<00:00,  3.01it/s]
Loading pipeline components...: 100%|██████████| 7/7 [00:02<00:00,  3.58it/s]
Loading pipeline components...: 100%|██████████| 7/7 [00:02<00:00,  2.44it/s]

  0%|          | 0/50 [00:00<?, ?it/s]
  2%|▏         | 1/50 [00:00<00:08,  6.08it/s]
  8%|▊         | 4/50 [00:00<00:03, 14.25it/s]
 14%|█▍        | 7/50 [00:00<00:02, 17.22it/s]
 20%|██        | 10/50 [00:00<00:02, 18.64it/s]
 26%|██▌       | 13/50 [00:00<00:01, 19.29it/s]
 30%|███       | 15/50 [00:00<00:01, 18.82it/s]
 34%|███▍      | 17/50 [00:00<00:01, 19.09it/s]
 40%|████      | 20/50 [00:01<00:01, 19.70it/s]
 46%|████▌     | 23/50 [00:01<00:01, 20.15it/s]
 52%|█████▏    | 26/50 [00:01<00:01, 20.44it/s]
 58%|█████▊    | 29/50 [00:01<00:01, 20.64it/s]
 64%|██████▍   | 32/50 [00:01<00:00, 20.69it/s]
 70%|███████   | 35/50 [00:01<00:00, 20.75it/s]
 76%|███████▌  | 38/50 [00:01<00:00, 20.85it/s]
 82%|████████▏ | 41/50 [00:02<00:00, 21.81it/s]
 88%|████████▊ | 44/50 [00:02<00:00, 22.58it/s]
 94%|█████████▍| 47/50 [00:02<00:00, 23.14it/s]
100%|██████████| 50/50 [00:02<00:00, 23.54it/s]
100%|██████████| 50/50 [00:02<00:00, 20.42it/s]


--- 1. Computing Semantic Vector Shift from Text ---
Loading BiomedCLIP Model: chuhac/BiomedCLIP-vit-bert-hf
Using Text Anchors: 'healthy breast' - 'tumor breast'
Injecting shift vector with alpha = 1.0
Target Embedding Shape (Input to SD): torch.Size([1, 4, 768])

--- 2. Loading Stable Diffusion Inpainting Model ---
Model ID: runwayml/stable-diffusion-inpainting

--- 3. Processing Image ---
Dilating mask by 3 iterations...

--- 4. Running Generation ---
Saving output to: /home/woojye2020/decs_jupyter_lab/MedCLIP-SAMv2/generated_neg_output/udiat_vector_injection_breast2/Benign/000113.png
Zero-Shot Translation Complete!

  -> Generating for: 000114.png

Loading pipeline components...:   0%|          | 0/7 [00:00<?, ?it/s]An error occurred while trying to fetch /home/woojye2020/.cache/huggingface/hub/models--runwayml--stable-diffusion-inpainting/snapshots/8a4288a76071f7280aedbdb3253bdb9e9d5d84bb/unet: Error no file named diffusion_pytorch_model.safetensors found in directory /home/woojye2020/.cache/huggingface/hub/models--runwayml--stable-diffusion-inpainting/snapshots/8a4288a76071f7280aedbdb3253bdb9e9d5d84bb/unet.
Defaulting to unsafe serialization. Pass `allow_pickle=False` to raise an error instead.

Loading pipeline components...:  14%|█▍        | 1/7 [00:00<00:05,  1.19it/s]`torch_dtype` is deprecated! Use `dtype` instead!

Loading pipeline components...:  29%|██▊       | 2/7 [00:02<00:05,  1.05s/it]An error occurred while trying to fetch /home/woojye2020/.cache/huggingface/hub/models--runwayml--stable-diffusion-inpainting/snapshots/8a4288a76071f7280aedbdb3253bdb9e9d5d84bb/vae: Error no file named diffusion_pytorch_model.safetensors found in directory /home/woojye2020/.cache/huggingface/hub/models--runwayml--stable-diffusion-inpainting/snapshots/8a4288a76071f7280aedbdb3253bdb9e9d5d84bb/vae.
Defaulting to unsafe serialization. Pass `allow_pickle=False` to raise an error instead.

Loading pipeline components...:  71%|███████▏  | 5/7 [00:02<00:00,  3.03it/s]
Loading pipeline components...: 100%|██████████| 7/7 [00:02<00:00,  3.12it/s]
Loading pipeline components...: 100%|██████████| 7/7 [00:02<00:00,  2.51it/s]

  0%|          | 0/50 [00:00<?, ?it/s]
  2%|▏         | 1/50 [00:00<00:08,  5.99it/s]
  8%|▊         | 4/50 [00:00<00:03, 15.03it/s]
 14%|█▍        | 7/50 [00:00<00:02, 19.05it/s]
 20%|██        | 10/50 [00:00<00:01, 21.16it/s]
 26%|██▌       | 13/50 [00:00<00:01, 22.40it/s]
 32%|███▏      | 16/50 [00:00<00:01, 23.19it/s]
 38%|███▊      | 19/50 [00:00<00:01, 23.68it/s]
 44%|████▍     | 22/50 [00:01<00:01, 24.02it/s]
 50%|█████     | 25/50 [00:01<00:01, 24.16it/s]
 56%|█████▌    | 28/50 [00:01<00:00, 24.29it/s]
 62%|██████▏   | 31/50 [00:01<00:00, 24.40it/s]
 68%|██████▊   | 34/50 [00:01<00:00, 24.48it/s]
 74%|███████▍  | 37/50 [00:01<00:00, 24.53it/s]
 80%|████████  | 40/50 [00:01<00:00, 24.55it/s]
 86%|████████▌ | 43/50 [00:01<00:00, 24.58it/s]
 92%|█████████▏| 46/50 [00:01<00:00, 24.59it/s]
 98%|█████████▊| 49/50 [00:02<00:00, 24.63it/s]
100%|██████████| 50/50 [00:02<00:00, 23.14it/s]


--- 1. Computing Semantic Vector Shift from Text ---
Loading BiomedCLIP Model: chuhac/BiomedCLIP-vit-bert-hf
Using Text Anchors: 'healthy breast' - 'tumor breast'
Injecting shift vector with alpha = 1.0
Target Embedding Shape (Input to SD): torch.Size([1, 4, 768])

--- 2. Loading Stable Diffusion Inpainting Model ---
Model ID: runwayml/stable-diffusion-inpainting

--- 3. Processing Image ---
Dilating mask by 3 iterations...

--- 4. Running Generation ---
Saving output to: /home/woojye2020/decs_jupyter_lab/MedCLIP-SAMv2/generated_neg_output/udiat_vector_injection_breast2/Benign/000114.png
Zero-Shot Translation Complete!

  -> Generating for: 000115.png

Loading pipeline components...:   0%|          | 0/7 [00:00<?, ?it/s]An error occurred while trying to fetch /home/woojye2020/.cache/huggingface/hub/models--runwayml--stable-diffusion-inpainting/snapshots/8a4288a76071f7280aedbdb3253bdb9e9d5d84bb/unet: Error no file named diffusion_pytorch_model.safetensors found in directory /home/woojye2020/.cache/huggingface/hub/models--runwayml--stable-diffusion-inpainting/snapshots/8a4288a76071f7280aedbdb3253bdb9e9d5d84bb/unet.
Defaulting to unsafe serialization. Pass `allow_pickle=False` to raise an error instead.

Loading pipeline components...:  14%|█▍        | 1/7 [00:00<00:04,  1.21it/s]`torch_dtype` is deprecated! Use `dtype` instead!

Loading pipeline components...:  29%|██▊       | 2/7 [00:01<00:03,  1.57it/s]
Loading pipeline components...:  43%|████▎     | 3/7 [00:02<00:03,  1.20it/s]An error occurred while trying to fetch /home/woojye2020/.cache/huggingface/hub/models--runwayml--stable-diffusion-inpainting/snapshots/8a4288a76071f7280aedbdb3253bdb9e9d5d84bb/vae: Error no file named diffusion_pytorch_model.safetensors found in directory /home/woojye2020/.cache/huggingface/hub/models--runwayml--stable-diffusion-inpainting/snapshots/8a4288a76071f7280aedbdb3253bdb9e9d5d84bb/vae.
Defaulting to unsafe serialization. Pass `allow_pickle=False` to raise an error instead.

Loading pipeline components...:  57%|█████▋    | 4/7 [00:02<00:01,  1.81it/s]
Loading pipeline components...:  71%|███████▏  | 5/7 [00:02<00:00,  2.56it/s]
Loading pipeline components...: 100%|██████████| 7/7 [00:02<00:00,  2.65it/s]

  0%|          | 0/50 [00:00<?, ?it/s]
  2%|▏         | 1/50 [00:00<00:08,  6.05it/s]
  8%|▊         | 4/50 [00:00<00:03, 14.28it/s]
 14%|█▍        | 7/50 [00:00<00:02, 17.08it/s]
 20%|██        | 10/50 [00:00<00:02, 18.60it/s]
 26%|██▌       | 13/50 [00:00<00:01, 19.49it/s]
 32%|███▏      | 16/50 [00:00<00:01, 20.88it/s]
 38%|███▊      | 19/50 [00:00<00:01, 22.04it/s]
 44%|████▍     | 22/50 [00:01<00:01, 22.86it/s]
 50%|█████     | 25/50 [00:01<00:01, 23.43it/s]
 56%|█████▌    | 28/50 [00:01<00:00, 23.80it/s]
 62%|██████▏   | 31/50 [00:01<00:00, 24.02it/s]
 68%|██████▊   | 34/50 [00:01<00:00, 24.18it/s]
 74%|███████▍  | 37/50 [00:01<00:00, 24.29it/s]
 80%|████████  | 40/50 [00:01<00:00, 24.39it/s]
 86%|████████▌ | 43/50 [00:01<00:00, 24.46it/s]
 92%|█████████▏| 46/50 [00:02<00:00, 24.54it/s]
 98%|█████████▊| 49/50 [00:02<00:00, 24.56it/s]
100%|██████████| 50/50 [00:02<00:00, 22.29it/s]


--- 1. Computing Semantic Vector Shift from Text ---
Loading BiomedCLIP Model: chuhac/BiomedCLIP-vit-bert-hf
Using Text Anchors: 'healthy breast' - 'tumor breast'
Injecting shift vector with alpha = 1.0
Target Embedding Shape (Input to SD): torch.Size([1, 4, 768])

--- 2. Loading Stable Diffusion Inpainting Model ---
Model ID: runwayml/stable-diffusion-inpainting

--- 3. Processing Image ---
Dilating mask by 3 iterations...

--- 4. Running Generation ---
Saving output to: /home/woojye2020/decs_jupyter_lab/MedCLIP-SAMv2/generated_neg_output/udiat_vector_injection_breast2/Benign/000115.png
Zero-Shot Translation Complete!

  -> Generating for: 000116.png

Loading pipeline components...:   0%|          | 0/7 [00:00<?, ?it/s]An error occurred while trying to fetch /home/woojye2020/.cache/huggingface/hub/models--runwayml--stable-diffusion-inpainting/snapshots/8a4288a76071f7280aedbdb3253bdb9e9d5d84bb/unet: Error no file named diffusion_pytorch_model.safetensors found in directory /home/woojye2020/.cache/huggingface/hub/models--runwayml--stable-diffusion-inpainting/snapshots/8a4288a76071f7280aedbdb3253bdb9e9d5d84bb/unet.
Defaulting to unsafe serialization. Pass `allow_pickle=False` to raise an error instead.

Loading pipeline components...:  29%|██▊       | 2/7 [00:01<00:02,  1.99it/s]`torch_dtype` is deprecated! Use `dtype` instead!

Loading pipeline components...:  43%|████▎     | 3/7 [00:02<00:03,  1.29it/s]
Loading pipeline components...:  57%|█████▋    | 4/7 [00:02<00:01,  1.51it/s]An error occurred while trying to fetch /home/woojye2020/.cache/huggingface/hub/models--runwayml--stable-diffusion-inpainting/snapshots/8a4288a76071f7280aedbdb3253bdb9e9d5d84bb/vae: Error no file named diffusion_pytorch_model.safetensors found in directory /home/woojye2020/.cache/huggingface/hub/models--runwayml--stable-diffusion-inpainting/snapshots/8a4288a76071f7280aedbdb3253bdb9e9d5d84bb/vae.
Defaulting to unsafe serialization. Pass `allow_pickle=False` to raise an error instead.

Loading pipeline components...:  71%|███████▏  | 5/7 [00:02<00:00,  2.11it/s]
Loading pipeline components...:  86%|████████▌ | 6/7 [00:02<00:00,  2.83it/s]
Loading pipeline components...: 100%|██████████| 7/7 [00:02<00:00,  2.43it/s]

  0%|          | 0/50 [00:00<?, ?it/s]
  2%|▏         | 1/50 [00:00<00:08,  6.02it/s]
  8%|▊         | 4/50 [00:00<00:03, 14.13it/s]
 14%|█▍        | 7/50 [00:00<00:02, 17.13it/s]
 20%|██        | 10/50 [00:00<00:02, 18.59it/s]
 26%|██▌       | 13/50 [00:00<00:01, 19.40it/s]
 32%|███▏      | 16/50 [00:00<00:01, 19.91it/s]
 38%|███▊      | 19/50 [00:01<00:01, 20.25it/s]
 44%|████▍     | 22/50 [00:01<00:01, 20.47it/s]
 50%|█████     | 25/50 [00:01<00:01, 21.56it/s]
 56%|█████▌    | 28/50 [00:01<00:00, 22.46it/s]
 62%|██████▏   | 31/50 [00:01<00:00, 23.12it/s]
 68%|██████▊   | 34/50 [00:01<00:00, 23.58it/s]
 74%|███████▍  | 37/50 [00:01<00:00, 23.89it/s]
 80%|████████  | 40/50 [00:01<00:00, 24.08it/s]
 86%|████████▌ | 43/50 [00:02<00:00, 24.22it/s]
 92%|█████████▏| 46/50 [00:02<00:00, 24.33it/s]
 98%|█████████▊| 49/50 [00:02<00:00, 24.42it/s]
100%|██████████| 50/50 [00:02<00:00, 21.65it/s]


--- 1. Computing Semantic Vector Shift from Text ---
Loading BiomedCLIP Model: chuhac/BiomedCLIP-vit-bert-hf
Using Text Anchors: 'healthy breast' - 'tumor breast'
Injecting shift vector with alpha = 1.0
Target Embedding Shape (Input to SD): torch.Size([1, 4, 768])

--- 2. Loading Stable Diffusion Inpainting Model ---
Model ID: runwayml/stable-diffusion-inpainting

--- 3. Processing Image ---
Dilating mask by 3 iterations...

--- 4. Running Generation ---
Saving output to: /home/woojye2020/decs_jupyter_lab/MedCLIP-SAMv2/generated_neg_output/udiat_vector_injection_breast2/Benign/000116.png
Zero-Shot Translation Complete!

  -> Generating for: 000117.png

Loading pipeline components...:   0%|          | 0/7 [00:00<?, ?it/s]An error occurred while trying to fetch /home/woojye2020/.cache/huggingface/hub/models--runwayml--stable-diffusion-inpainting/snapshots/8a4288a76071f7280aedbdb3253bdb9e9d5d84bb/vae: Error no file named diffusion_pytorch_model.safetensors found in directory /home/woojye2020/.cache/huggingface/hub/models--runwayml--stable-diffusion-inpainting/snapshots/8a4288a76071f7280aedbdb3253bdb9e9d5d84bb/vae.
Defaulting to unsafe serialization. Pass `allow_pickle=False` to raise an error instead.

Loading pipeline components...:  14%|█▍        | 1/7 [00:00<00:02,  2.22it/s]`torch_dtype` is deprecated! Use `dtype` instead!

Loading pipeline components...:  43%|████▎     | 3/7 [00:00<00:01,  3.19it/s]
Loading pipeline components...:  57%|█████▋    | 4/7 [00:01<00:00,  4.15it/s]
Loading pipeline components...:  71%|███████▏  | 5/7 [00:02<00:01,  1.89it/s]An error occurred while trying to fetch /home/woojye2020/.cache/huggingface/hub/models--runwayml--stable-diffusion-inpainting/snapshots/8a4288a76071f7280aedbdb3253bdb9e9d5d84bb/unet: Error no file named diffusion_pytorch_model.safetensors found in directory /home/woojye2020/.cache/huggingface/hub/models--runwayml--stable-diffusion-inpainting/snapshots/8a4288a76071f7280aedbdb3253bdb9e9d5d84bb/unet.
Defaulting to unsafe serialization. Pass `allow_pickle=False` to raise an error instead.

Loading pipeline components...:  86%|████████▌ | 6/7 [00:02<00:00,  1.91it/s]
Loading pipeline components...: 100%|██████████| 7/7 [00:02<00:00,  2.58it/s]

  0%|          | 0/50 [00:00<?, ?it/s]
  2%|▏         | 1/50 [00:00<00:05,  8.31it/s]
  8%|▊         | 4/50 [00:00<00:02, 18.07it/s]
 14%|█▍        | 7/50 [00:00<00:02, 21.15it/s]
 20%|██        | 10/50 [00:00<00:01, 22.54it/s]
 26%|██▌       | 13/50 [00:00<00:01, 23.32it/s]
 32%|███▏      | 16/50 [00:00<00:01, 23.79it/s]
 38%|███▊      | 19/50 [00:00<00:01, 24.11it/s]
 44%|████▍     | 22/50 [00:00<00:01, 24.32it/s]
 50%|█████     | 25/50 [00:01<00:01, 24.40it/s]
 56%|█████▌    | 28/50 [00:01<00:00, 24.49it/s]
 62%|██████▏   | 31/50 [00:01<00:00, 24.54it/s]
 68%|██████▊   | 34/50 [00:01<00:00, 24.58it/s]
 74%|███████▍  | 37/50 [00:01<00:00, 24.59it/s]
 80%|████████  | 40/50 [00:01<00:00, 24.60it/s]
 86%|████████▌ | 43/50 [00:01<00:00, 24.62it/s]
 92%|█████████▏| 46/50 [00:01<00:00, 24.62it/s]
 98%|█████████▊| 49/50 [00:02<00:00, 24.61it/s]
100%|██████████| 50/50 [00:02<00:00, 23.75it/s]


--- 1. Computing Semantic Vector Shift from Text ---
Loading BiomedCLIP Model: chuhac/BiomedCLIP-vit-bert-hf
Using Text Anchors: 'healthy breast' - 'tumor breast'
Injecting shift vector with alpha = 1.0
Target Embedding Shape (Input to SD): torch.Size([1, 4, 768])

--- 2. Loading Stable Diffusion Inpainting Model ---
Model ID: runwayml/stable-diffusion-inpainting

--- 3. Processing Image ---
Dilating mask by 3 iterations...

--- 4. Running Generation ---
Saving output to: /home/woojye2020/decs_jupyter_lab/MedCLIP-SAMv2/generated_neg_output/udiat_vector_injection_breast2/Benign/000117.png
Zero-Shot Translation Complete!

  -> Generating for: 000118.png

Loading pipeline components...:   0%|          | 0/7 [00:00<?, ?it/s]
Loading pipeline components...:  14%|█▍        | 1/7 [00:00<00:01,  5.03it/s]
Loading pipeline components...:  29%|██▊       | 2/7 [00:00<00:01,  4.82it/s]`torch_dtype` is deprecated! Use `dtype` instead!

Loading pipeline components...:  43%|████▎     | 3/7 [00:01<00:02,  1.77it/s]An error occurred while trying to fetch /home/woojye2020/.cache/huggingface/hub/models--runwayml--stable-diffusion-inpainting/snapshots/8a4288a76071f7280aedbdb3253bdb9e9d5d84bb/vae: Error no file named diffusion_pytorch_model.safetensors found in directory /home/woojye2020/.cache/huggingface/hub/models--runwayml--stable-diffusion-inpainting/snapshots/8a4288a76071f7280aedbdb3253bdb9e9d5d84bb/vae.
Defaulting to unsafe serialization. Pass `allow_pickle=False` to raise an error instead.

Loading pipeline components...:  71%|███████▏  | 5/7 [00:01<00:00,  2.80it/s]An error occurred while trying to fetch /home/woojye2020/.cache/huggingface/hub/models--runwayml--stable-diffusion-inpainting/snapshots/8a4288a76071f7280aedbdb3253bdb9e9d5d84bb/unet: Error no file named diffusion_pytorch_model.safetensors found in directory /home/woojye2020/.cache/huggingface/hub/models--runwayml--stable-diffusion-inpainting/snapshots/8a4288a76071f7280aedbdb3253bdb9e9d5d84bb/unet.
Defaulting to unsafe serialization. Pass `allow_pickle=False` to raise an error instead.

Loading pipeline components...: 100%|██████████| 7/7 [00:02<00:00,  3.64it/s]
Loading pipeline components...: 100%|██████████| 7/7 [00:02<00:00,  3.27it/s]

  0%|          | 0/50 [00:00<?, ?it/s]
  2%|▏         | 1/50 [00:00<00:06,  7.70it/s]
  8%|▊         | 4/50 [00:00<00:02, 17.55it/s]
 14%|█▍        | 7/50 [00:00<00:02, 20.70it/s]
 20%|██        | 10/50 [00:00<00:01, 22.22it/s]
 26%|██▌       | 13/50 [00:00<00:01, 23.03it/s]
 32%|███▏      | 16/50 [00:00<00:01, 23.55it/s]
 38%|███▊      | 19/50 [00:00<00:01, 23.89it/s]
 44%|████▍     | 22/50 [00:00<00:01, 24.11it/s]
 50%|█████     | 25/50 [00:01<00:01, 24.26it/s]
 56%|█████▌    | 28/50 [00:01<00:00, 24.37it/s]
 62%|██████▏   | 31/50 [00:01<00:00, 24.45it/s]
 68%|██████▊   | 34/50 [00:01<00:00, 24.48it/s]
 74%|███████▍  | 37/50 [00:01<00:00, 24.47it/s]
 80%|████████  | 40/50 [00:01<00:00, 24.47it/s]
 86%|████████▌ | 43/50 [00:01<00:00, 24.49it/s]
 92%|█████████▏| 46/50 [00:01<00:00, 24.52it/s]
 98%|█████████▊| 49/50 [00:02<00:00, 24.54it/s]
100%|██████████| 50/50 [00:02<00:00, 23.55it/s]


--- 1. Computing Semantic Vector Shift from Text ---
Loading BiomedCLIP Model: chuhac/BiomedCLIP-vit-bert-hf
Using Text Anchors: 'healthy breast' - 'tumor breast'
Injecting shift vector with alpha = 1.0
Target Embedding Shape (Input to SD): torch.Size([1, 4, 768])

--- 2. Loading Stable Diffusion Inpainting Model ---
Model ID: runwayml/stable-diffusion-inpainting

--- 3. Processing Image ---
Dilating mask by 3 iterations...

--- 4. Running Generation ---
Saving output to: /home/woojye2020/decs_jupyter_lab/MedCLIP-SAMv2/generated_neg_output/udiat_vector_injection_breast2/Benign/000118.png
Zero-Shot Translation Complete!

  -> Generating for: 000119.png

Loading pipeline components...:   0%|          | 0/7 [00:00<?, ?it/s]`torch_dtype` is deprecated! Use `dtype` instead!

Loading pipeline components...:  14%|█▍        | 1/7 [00:01<00:07,  1.24s/it]
Loading pipeline components...:  29%|██▊       | 2/7 [00:01<00:02,  1.69it/s]An error occurred while trying to fetch /home/woojye2020/.cache/huggingface/hub/models--runwayml--stable-diffusion-inpainting/snapshots/8a4288a76071f7280aedbdb3253bdb9e9d5d84bb/vae: Error no file named diffusion_pytorch_model.safetensors found in directory /home/woojye2020/.cache/huggingface/hub/models--runwayml--stable-diffusion-inpainting/snapshots/8a4288a76071f7280aedbdb3253bdb9e9d5d84bb/vae.
Defaulting to unsafe serialization. Pass `allow_pickle=False` to raise an error instead.

Loading pipeline components...:  43%|████▎     | 3/7 [00:01<00:02,  1.99it/s]An error occurred while trying to fetch /home/woojye2020/.cache/huggingface/hub/models--runwayml--stable-diffusion-inpainting/snapshots/8a4288a76071f7280aedbdb3253bdb9e9d5d84bb/unet: Error no file named diffusion_pytorch_model.safetensors found in directory /home/woojye2020/.cache/huggingface/hub/models--runwayml--stable-diffusion-inpainting/snapshots/8a4288a76071f7280aedbdb3253bdb9e9d5d84bb/unet.
Defaulting to unsafe serialization. Pass `allow_pickle=False` to raise an error instead.

Loading pipeline components...:  57%|█████▋    | 4/7 [00:02<00:01,  2.06it/s]
Loading pipeline components...:  71%|███████▏  | 5/7 [00:02<00:00,  2.06it/s]
Loading pipeline components...: 100%|██████████| 7/7 [00:02<00:00,  2.56it/s]

  0%|          | 0/50 [00:00<?, ?it/s]
  2%|▏         | 1/50 [00:00<00:08,  5.89it/s]
  8%|▊         | 4/50 [00:00<00:03, 13.84it/s]
 14%|█▍        | 7/50 [00:00<00:02, 16.82it/s]
 20%|██        | 10/50 [00:00<00:02, 18.30it/s]
 26%|██▌       | 13/50 [00:00<00:01, 19.10it/s]
 32%|███▏      | 16/50 [00:00<00:01, 20.70it/s]
 38%|███▊      | 19/50 [00:00<00:01, 21.91it/s]
 44%|████▍     | 22/50 [00:01<00:01, 22.76it/s]
 50%|█████     | 25/50 [00:01<00:01, 23.33it/s]
 56%|█████▌    | 28/50 [00:01<00:00, 23.75it/s]
 62%|██████▏   | 31/50 [00:01<00:00, 24.02it/s]
 68%|██████▊   | 34/50 [00:01<00:00, 24.17it/s]
 74%|███████▍  | 37/50 [00:01<00:00, 24.27it/s]
 80%|████████  | 40/50 [00:01<00:00, 24.39it/s]
 86%|████████▌ | 43/50 [00:01<00:00, 24.46it/s]
 92%|█████████▏| 46/50 [00:02<00:00, 24.50it/s]
 98%|█████████▊| 49/50 [00:02<00:00, 24.54it/s]
100%|██████████| 50/50 [00:02<00:00, 22.15it/s]


--- 1. Computing Semantic Vector Shift from Text ---
Loading BiomedCLIP Model: chuhac/BiomedCLIP-vit-bert-hf
Using Text Anchors: 'healthy breast' - 'tumor breast'
Injecting shift vector with alpha = 1.0
Target Embedding Shape (Input to SD): torch.Size([1, 4, 768])

--- 2. Loading Stable Diffusion Inpainting Model ---
Model ID: runwayml/stable-diffusion-inpainting

--- 3. Processing Image ---
Dilating mask by 3 iterations...

--- 4. Running Generation ---
Saving output to: /home/woojye2020/decs_jupyter_lab/MedCLIP-SAMv2/generated_neg_output/udiat_vector_injection_breast2/Benign/000119.png
Zero-Shot Translation Complete!

  -> Generating for: 000120.png

Loading pipeline components...:   0%|          | 0/7 [00:00<?, ?it/s]
Loading pipeline components...:  14%|█▍        | 1/7 [00:00<00:01,  5.22it/s]`torch_dtype` is deprecated! Use `dtype` instead!

Loading pipeline components...:  29%|██▊       | 2/7 [00:01<00:03,  1.39it/s]An error occurred while trying to fetch /home/woojye2020/.cache/huggingface/hub/models--runwayml--stable-diffusion-inpainting/snapshots/8a4288a76071f7280aedbdb3253bdb9e9d5d84bb/vae: Error no file named diffusion_pytorch_model.safetensors found in directory /home/woojye2020/.cache/huggingface/hub/models--runwayml--stable-diffusion-inpainting/snapshots/8a4288a76071f7280aedbdb3253bdb9e9d5d84bb/vae.
Defaulting to unsafe serialization. Pass `allow_pickle=False` to raise an error instead.

Loading pipeline components...:  43%|████▎     | 3/7 [00:01<00:02,  1.93it/s]
Loading pipeline components...:  71%|███████▏  | 5/7 [00:02<00:00,  2.73it/s]An error occurred while trying to fetch /home/woojye2020/.cache/huggingface/hub/models--runwayml--stable-diffusion-inpainting/snapshots/8a4288a76071f7280aedbdb3253bdb9e9d5d84bb/unet: Error no file named diffusion_pytorch_model.safetensors found in directory /home/woojye2020/.cache/huggingface/hub/models--runwayml--stable-diffusion-inpainting/snapshots/8a4288a76071f7280aedbdb3253bdb9e9d5d84bb/unet.
Defaulting to unsafe serialization. Pass `allow_pickle=False` to raise an error instead.

Loading pipeline components...: 100%|██████████| 7/7 [00:02<00:00,  3.16it/s]
Loading pipeline components...: 100%|██████████| 7/7 [00:02<00:00,  2.72it/s]

  0%|          | 0/50 [00:00<?, ?it/s]
  2%|▏         | 1/50 [00:00<00:06,  7.80it/s]
  8%|▊         | 4/50 [00:00<00:02, 17.60it/s]
 14%|█▍        | 7/50 [00:00<00:02, 20.85it/s]
 20%|██        | 10/50 [00:00<00:01, 22.40it/s]
 26%|██▌       | 13/50 [00:00<00:01, 23.26it/s]
 32%|███▏      | 16/50 [00:00<00:01, 23.75it/s]
 38%|███▊      | 19/50 [00:00<00:01, 24.05it/s]
 44%|████▍     | 22/50 [00:00<00:01, 24.24it/s]
 50%|█████     | 25/50 [00:01<00:01, 24.34it/s]
 56%|█████▌    | 28/50 [00:01<00:00, 24.42it/s]
 62%|██████▏   | 31/50 [00:01<00:00, 24.49it/s]
 68%|██████▊   | 34/50 [00:01<00:00, 24.57it/s]
 74%|███████▍  | 37/50 [00:01<00:00, 24.62it/s]
 80%|████████  | 40/50 [00:01<00:00, 24.66it/s]
 86%|████████▌ | 43/50 [00:01<00:00, 24.66it/s]
 92%|█████████▏| 46/50 [00:01<00:00, 24.67it/s]
 98%|█████████▊| 49/50 [00:02<00:00, 24.64it/s]
100%|██████████| 50/50 [00:02<00:00, 23.67it/s]


--- 1. Computing Semantic Vector Shift from Text ---
Loading BiomedCLIP Model: chuhac/BiomedCLIP-vit-bert-hf
Using Text Anchors: 'healthy breast' - 'tumor breast'
Injecting shift vector with alpha = 1.0
Target Embedding Shape (Input to SD): torch.Size([1, 4, 768])

--- 2. Loading Stable Diffusion Inpainting Model ---
Model ID: runwayml/stable-diffusion-inpainting

--- 3. Processing Image ---
Dilating mask by 3 iterations...

--- 4. Running Generation ---
Saving output to: /home/woojye2020/decs_jupyter_lab/MedCLIP-SAMv2/generated_neg_output/udiat_vector_injection_breast2/Benign/000120.png
Zero-Shot Translation Complete!

  -> Generating for: 000121.png

Loading pipeline components...:   0%|          | 0/7 [00:00<?, ?it/s]An error occurred while trying to fetch /home/woojye2020/.cache/huggingface/hub/models--runwayml--stable-diffusion-inpainting/snapshots/8a4288a76071f7280aedbdb3253bdb9e9d5d84bb/unet: Error no file named diffusion_pytorch_model.safetensors found in directory /home/woojye2020/.cache/huggingface/hub/models--runwayml--stable-diffusion-inpainting/snapshots/8a4288a76071f7280aedbdb3253bdb9e9d5d84bb/unet.
Defaulting to unsafe serialization. Pass `allow_pickle=False` to raise an error instead.

Loading pipeline components...:  14%|█▍        | 1/7 [00:00<00:05,  1.18it/s]An error occurred while trying to fetch /home/woojye2020/.cache/huggingface/hub/models--runwayml--stable-diffusion-inpainting/snapshots/8a4288a76071f7280aedbdb3253bdb9e9d5d84bb/vae: Error no file named diffusion_pytorch_model.safetensors found in directory /home/woojye2020/.cache/huggingface/hub/models--runwayml--stable-diffusion-inpainting/snapshots/8a4288a76071f7280aedbdb3253bdb9e9d5d84bb/vae.
Defaulting to unsafe serialization. Pass `allow_pickle=False` to raise an error instead.

Loading pipeline components...:  29%|██▊       | 2/7 [00:00<00:02,  2.39it/s]`torch_dtype` is deprecated! Use `dtype` instead!

Loading pipeline components...:  57%|█████▋    | 4/7 [00:02<00:01,  1.93it/s]
Loading pipeline components...:  71%|███████▏  | 5/7 [00:02<00:00,  2.55it/s]
Loading pipeline components...: 100%|██████████| 7/7 [00:02<00:00,  3.10it/s]
Loading pipeline components...: 100%|██████████| 7/7 [00:02<00:00,  2.58it/s]

  0%|          | 0/50 [00:00<?, ?it/s]
  2%|▏         | 1/50 [00:00<00:08,  6.12it/s]
  8%|▊         | 4/50 [00:00<00:03, 14.33it/s]
 14%|█▍        | 7/50 [00:00<00:02, 17.31it/s]
 20%|██        | 10/50 [00:00<00:02, 18.81it/s]
 26%|██▌       | 13/50 [00:00<00:01, 19.62it/s]
 32%|███▏      | 16/50 [00:00<00:01, 20.15it/s]
 38%|███▊      | 19/50 [00:01<00:01, 20.49it/s]
 44%|████▍     | 22/50 [00:01<00:01, 21.17it/s]
 50%|█████     | 25/50 [00:01<00:01, 22.20it/s]
 56%|█████▌    | 28/50 [00:01<00:00, 22.90it/s]
 62%|██████▏   | 31/50 [00:01<00:00, 23.42it/s]
 68%|██████▊   | 34/50 [00:01<00:00, 23.78it/s]
 74%|███████▍  | 37/50 [00:01<00:00, 24.03it/s]
 80%|████████  | 40/50 [00:01<00:00, 24.20it/s]
 86%|████████▌ | 43/50 [00:01<00:00, 24.33it/s]
 92%|█████████▏| 46/50 [00:02<00:00, 24.44it/s]
 98%|█████████▊| 49/50 [00:02<00:00, 24.53it/s]
100%|██████████| 50/50 [00:02<00:00, 21.90it/s]


--- 1. Computing Semantic Vector Shift from Text ---
Loading BiomedCLIP Model: chuhac/BiomedCLIP-vit-bert-hf
Using Text Anchors: 'healthy breast' - 'tumor breast'
Injecting shift vector with alpha = 1.0
Target Embedding Shape (Input to SD): torch.Size([1, 4, 768])

--- 2. Loading Stable Diffusion Inpainting Model ---
Model ID: runwayml/stable-diffusion-inpainting

--- 3. Processing Image ---
Dilating mask by 3 iterations...

--- 4. Running Generation ---
Saving output to: /home/woojye2020/decs_jupyter_lab/MedCLIP-SAMv2/generated_neg_output/udiat_vector_injection_breast2/Benign/000121.png
Zero-Shot Translation Complete!

  -> Generating for: 000122.png

Loading pipeline components...:   0%|          | 0/7 [00:00<?, ?it/s]
Loading pipeline components...:  14%|█▍        | 1/7 [00:00<00:01,  5.00it/s]
Loading pipeline components...:  29%|██▊       | 2/7 [00:00<00:01,  4.04it/s]An error occurred while trying to fetch /home/woojye2020/.cache/huggingface/hub/models--runwayml--stable-diffusion-inpainting/snapshots/8a4288a76071f7280aedbdb3253bdb9e9d5d84bb/unet: Error no file named diffusion_pytorch_model.safetensors found in directory /home/woojye2020/.cache/huggingface/hub/models--runwayml--stable-diffusion-inpainting/snapshots/8a4288a76071f7280aedbdb3253bdb9e9d5d84bb/unet.
Defaulting to unsafe serialization. Pass `allow_pickle=False` to raise an error instead.

Loading pipeline components...:  57%|█████▋    | 4/7 [00:00<00:00,  4.32it/s]An error occurred while trying to fetch /home/woojye2020/.cache/huggingface/hub/models--runwayml--stable-diffusion-inpainting/snapshots/8a4288a76071f7280aedbdb3253bdb9e9d5d84bb/vae: Error no file named diffusion_pytorch_model.safetensors found in directory /home/woojye2020/.cache/huggingface/hub/models--runwayml--stable-diffusion-inpainting/snapshots/8a4288a76071f7280aedbdb3253bdb9e9d5d84bb/vae.
Defaulting to unsafe serialization. Pass `allow_pickle=False` to raise an error instead.
`torch_dtype` is deprecated! Use `dtype` instead!

Loading pipeline components...:  86%|████████▌ | 6/7 [00:01<00:00,  3.80it/s]
Loading pipeline components...: 100%|██████████| 7/7 [00:02<00:00,  2.11it/s]
Loading pipeline components...: 100%|██████████| 7/7 [00:02<00:00,  2.67it/s]

  0%|          | 0/50 [00:00<?, ?it/s]
  2%|▏         | 1/50 [00:00<00:05,  8.53it/s]
  8%|▊         | 4/50 [00:00<00:02, 18.28it/s]
 14%|█▍        | 7/50 [00:00<00:02, 21.27it/s]
 20%|██        | 10/50 [00:00<00:01, 22.65it/s]
 26%|██▌       | 13/50 [00:00<00:01, 23.38it/s]
 32%|███▏      | 16/50 [00:00<00:01, 23.81it/s]
 38%|███▊      | 19/50 [00:00<00:01, 24.10it/s]
 44%|████▍     | 22/50 [00:00<00:01, 24.31it/s]
 50%|█████     | 25/50 [00:01<00:01, 24.43it/s]
 56%|█████▌    | 28/50 [00:01<00:00, 24.51it/s]
 62%|██████▏   | 31/50 [00:01<00:00, 24.57it/s]
 68%|██████▊   | 34/50 [00:01<00:00, 24.60it/s]
 74%|███████▍  | 37/50 [00:01<00:00, 24.64it/s]
 80%|████████  | 40/50 [00:01<00:00, 24.65it/s]
 86%|████████▌ | 43/50 [00:01<00:00, 24.64it/s]
 92%|█████████▏| 46/50 [00:01<00:00, 24.63it/s]
 98%|█████████▊| 49/50 [00:02<00:00, 24.63it/s]
100%|██████████| 50/50 [00:02<00:00, 23.80it/s]


--- 1. Computing Semantic Vector Shift from Text ---
Loading BiomedCLIP Model: chuhac/BiomedCLIP-vit-bert-hf
Using Text Anchors: 'healthy breast' - 'tumor breast'
Injecting shift vector with alpha = 1.0
Target Embedding Shape (Input to SD): torch.Size([1, 4, 768])

--- 2. Loading Stable Diffusion Inpainting Model ---
Model ID: runwayml/stable-diffusion-inpainting

--- 3. Processing Image ---
Dilating mask by 3 iterations...

--- 4. Running Generation ---
Saving output to: /home/woojye2020/decs_jupyter_lab/MedCLIP-SAMv2/generated_neg_output/udiat_vector_injection_breast2/Benign/000122.png
Zero-Shot Translation Complete!

  -> Generating for: 000123.png

Loading pipeline components...:   0%|          | 0/7 [00:00<?, ?it/s]An error occurred while trying to fetch /home/woojye2020/.cache/huggingface/hub/models--runwayml--stable-diffusion-inpainting/snapshots/8a4288a76071f7280aedbdb3253bdb9e9d5d84bb/unet: Error no file named diffusion_pytorch_model.safetensors found in directory /home/woojye2020/.cache/huggingface/hub/models--runwayml--stable-diffusion-inpainting/snapshots/8a4288a76071f7280aedbdb3253bdb9e9d5d84bb/unet.
Defaulting to unsafe serialization. Pass `allow_pickle=False` to raise an error instead.

Loading pipeline components...:  14%|█▍        | 1/7 [00:00<00:05,  1.17it/s]`torch_dtype` is deprecated! Use `dtype` instead!

Loading pipeline components...:  29%|██▊       | 2/7 [00:02<00:05,  1.04s/it]An error occurred while trying to fetch /home/woojye2020/.cache/huggingface/hub/models--runwayml--stable-diffusion-inpainting/snapshots/8a4288a76071f7280aedbdb3253bdb9e9d5d84bb/vae: Error no file named diffusion_pytorch_model.safetensors found in directory /home/woojye2020/.cache/huggingface/hub/models--runwayml--stable-diffusion-inpainting/snapshots/8a4288a76071f7280aedbdb3253bdb9e9d5d84bb/vae.
Defaulting to unsafe serialization. Pass `allow_pickle=False` to raise an error instead.

Loading pipeline components...:  43%|████▎     | 3/7 [00:02<00:02,  1.61it/s]
Loading pipeline components...:  57%|█████▋    | 4/7 [00:02<00:01,  2.40it/s]
Loading pipeline components...: 100%|██████████| 7/7 [00:02<00:00,  4.30it/s]
Loading pipeline components...: 100%|██████████| 7/7 [00:02<00:00,  2.67it/s]

  0%|          | 0/50 [00:00<?, ?it/s]
  2%|▏         | 1/50 [00:00<00:06,  7.07it/s]
  8%|▊         | 4/50 [00:00<00:03, 15.31it/s]
 14%|█▍        | 7/50 [00:00<00:02, 19.15it/s]
 20%|██        | 10/50 [00:00<00:01, 21.24it/s]
 26%|██▌       | 13/50 [00:00<00:01, 22.43it/s]
 32%|███▏      | 16/50 [00:00<00:01, 23.20it/s]
 38%|███▊      | 19/50 [00:00<00:01, 23.72it/s]
 44%|████▍     | 22/50 [00:01<00:01, 24.06it/s]
 50%|█████     | 25/50 [00:01<00:01, 24.23it/s]
 56%|█████▌    | 28/50 [00:01<00:00, 24.27it/s]
 62%|██████▏   | 31/50 [00:01<00:00, 24.38it/s]
 68%|██████▊   | 34/50 [00:01<00:00, 24.46it/s]
 74%|███████▍  | 37/50 [00:01<00:00, 24.53it/s]
 80%|████████  | 40/50 [00:01<00:00, 24.55it/s]
 86%|████████▌ | 43/50 [00:01<00:00, 24.57it/s]
 92%|█████████▏| 46/50 [00:01<00:00, 24.63it/s]
 98%|█████████▊| 49/50 [00:02<00:00, 24.66it/s]
100%|██████████| 50/50 [00:02<00:00, 23.26it/s]


--- 1. Computing Semantic Vector Shift from Text ---
Loading BiomedCLIP Model: chuhac/BiomedCLIP-vit-bert-hf
Using Text Anchors: 'healthy breast' - 'tumor breast'
Injecting shift vector with alpha = 1.0
Target Embedding Shape (Input to SD): torch.Size([1, 4, 768])

--- 2. Loading Stable Diffusion Inpainting Model ---
Model ID: runwayml/stable-diffusion-inpainting

--- 3. Processing Image ---
Dilating mask by 3 iterations...

--- 4. Running Generation ---
Saving output to: /home/woojye2020/decs_jupyter_lab/MedCLIP-SAMv2/generated_neg_output/udiat_vector_injection_breast2/Benign/000123.png
Zero-Shot Translation Complete!

  -> Generating for: 000124.png

Loading pipeline components...:   0%|          | 0/7 [00:00<?, ?it/s]An error occurred while trying to fetch /home/woojye2020/.cache/huggingface/hub/models--runwayml--stable-diffusion-inpainting/snapshots/8a4288a76071f7280aedbdb3253bdb9e9d5d84bb/unet: Error no file named diffusion_pytorch_model.safetensors found in directory /home/woojye2020/.cache/huggingface/hub/models--runwayml--stable-diffusion-inpainting/snapshots/8a4288a76071f7280aedbdb3253bdb9e9d5d84bb/unet.
Defaulting to unsafe serialization. Pass `allow_pickle=False` to raise an error instead.

Loading pipeline components...:  14%|█▍        | 1/7 [00:00<00:05,  1.20it/s]`torch_dtype` is deprecated! Use `dtype` instead!

Loading pipeline components...:  43%|████▎     | 3/7 [00:02<00:02,  1.52it/s]
Loading pipeline components...:  71%|███████▏  | 5/7 [00:02<00:00,  2.26it/s]
Loading pipeline components...:  86%|████████▌ | 6/7 [00:02<00:00,  2.84it/s]An error occurred while trying to fetch /home/woojye2020/.cache/huggingface/hub/models--runwayml--stable-diffusion-inpainting/snapshots/8a4288a76071f7280aedbdb3253bdb9e9d5d84bb/vae: Error no file named diffusion_pytorch_model.safetensors found in directory /home/woojye2020/.cache/huggingface/hub/models--runwayml--stable-diffusion-inpainting/snapshots/8a4288a76071f7280aedbdb3253bdb9e9d5d84bb/vae.
Defaulting to unsafe serialization. Pass `allow_pickle=False` to raise an error instead.

Loading pipeline components...: 100%|██████████| 7/7 [00:02<00:00,  3.47it/s]
Loading pipeline components...: 100%|██████████| 7/7 [00:02<00:00,  2.56it/s]

  0%|          | 0/50 [00:00<?, ?it/s]
  2%|▏         | 1/50 [00:00<00:07,  6.88it/s]
  8%|▊         | 4/50 [00:00<00:02, 16.65it/s]
 14%|█▍        | 7/50 [00:00<00:02, 20.20it/s]
 20%|██        | 10/50 [00:00<00:01, 21.95it/s]
 26%|██▌       | 13/50 [00:00<00:01, 22.93it/s]
 32%|███▏      | 16/50 [00:00<00:01, 23.55it/s]
 38%|███▊      | 19/50 [00:00<00:01, 23.94it/s]
 44%|████▍     | 22/50 [00:00<00:01, 24.21it/s]
 50%|█████     | 25/50 [00:01<00:01, 24.27it/s]
 56%|█████▌    | 28/50 [00:01<00:00, 24.36it/s]
 62%|██████▏   | 31/50 [00:01<00:00, 24.45it/s]
 68%|██████▊   | 34/50 [00:01<00:00, 24.50it/s]
 74%|███████▍  | 37/50 [00:01<00:00, 24.55it/s]
 80%|████████  | 40/50 [00:01<00:00, 24.57it/s]
 86%|████████▌ | 43/50 [00:01<00:00, 24.62it/s]
 92%|█████████▏| 46/50 [00:01<00:00, 24.64it/s]
 98%|█████████▊| 49/50 [00:02<00:00, 24.64it/s]
100%|██████████| 50/50 [00:02<00:00, 23.47it/s]


--- 1. Computing Semantic Vector Shift from Text ---
Loading BiomedCLIP Model: chuhac/BiomedCLIP-vit-bert-hf
Using Text Anchors: 'healthy breast' - 'tumor breast'
Injecting shift vector with alpha = 1.0
Target Embedding Shape (Input to SD): torch.Size([1, 4, 768])

--- 2. Loading Stable Diffusion Inpainting Model ---
Model ID: runwayml/stable-diffusion-inpainting

--- 3. Processing Image ---
Dilating mask by 3 iterations...

--- 4. Running Generation ---
Saving output to: /home/woojye2020/decs_jupyter_lab/MedCLIP-SAMv2/generated_neg_output/udiat_vector_injection_breast2/Benign/000124.png
Zero-Shot Translation Complete!

  -> Generating for: 000125.png

Loading pipeline components...:   0%|          | 0/7 [00:00<?, ?it/s]
Loading pipeline components...:  14%|█▍        | 1/7 [00:00<00:00,  9.12it/s]
Loading pipeline components...:  29%|██▊       | 2/7 [00:00<00:01,  4.93it/s]An error occurred while trying to fetch /home/woojye2020/.cache/huggingface/hub/models--runwayml--stable-diffusion-inpainting/snapshots/8a4288a76071f7280aedbdb3253bdb9e9d5d84bb/vae: Error no file named diffusion_pytorch_model.safetensors found in directory /home/woojye2020/.cache/huggingface/hub/models--runwayml--stable-diffusion-inpainting/snapshots/8a4288a76071f7280aedbdb3253bdb9e9d5d84bb/vae.
Defaulting to unsafe serialization. Pass `allow_pickle=False` to raise an error instead.

Loading pipeline components...:  43%|████▎     | 3/7 [00:00<00:00,  5.98it/s]`torch_dtype` is deprecated! Use `dtype` instead!

Loading pipeline components...:  57%|█████▋    | 4/7 [00:01<00:01,  1.84it/s]
Loading pipeline components...:  86%|████████▌ | 6/7 [00:02<00:00,  2.59it/s]An error occurred while trying to fetch /home/woojye2020/.cache/huggingface/hub/models--runwayml--stable-diffusion-inpainting/snapshots/8a4288a76071f7280aedbdb3253bdb9e9d5d84bb/unet: Error no file named diffusion_pytorch_model.safetensors found in directory /home/woojye2020/.cache/huggingface/hub/models--runwayml--stable-diffusion-inpainting/snapshots/8a4288a76071f7280aedbdb3253bdb9e9d5d84bb/unet.
Defaulting to unsafe serialization. Pass `allow_pickle=False` to raise an error instead.

Loading pipeline components...: 100%|██████████| 7/7 [00:02<00:00,  2.42it/s]
Loading pipeline components...: 100%|██████████| 7/7 [00:02<00:00,  2.69it/s]

  0%|          | 0/50 [00:00<?, ?it/s]
  2%|▏         | 1/50 [00:00<00:06,  7.24it/s]
  8%|▊         | 4/50 [00:00<00:02, 17.04it/s]
 14%|█▍        | 7/50 [00:00<00:02, 20.48it/s]
 20%|██        | 10/50 [00:00<00:01, 22.16it/s]
 26%|██▌       | 13/50 [00:00<00:01, 23.11it/s]
 32%|███▏      | 16/50 [00:00<00:01, 23.69it/s]
 38%|███▊      | 19/50 [00:00<00:01, 24.04it/s]
 44%|████▍     | 22/50 [00:00<00:01, 24.23it/s]
 50%|█████     | 25/50 [00:01<00:01, 24.30it/s]
 56%|█████▌    | 28/50 [00:01<00:00, 24.39it/s]
 62%|██████▏   | 31/50 [00:01<00:00, 24.46it/s]
 68%|██████▊   | 34/50 [00:01<00:00, 24.51it/s]
 74%|███████▍  | 37/50 [00:01<00:00, 24.58it/s]
 80%|████████  | 40/50 [00:01<00:00, 24.63it/s]
 86%|████████▌ | 43/50 [00:01<00:00, 24.67it/s]
 92%|█████████▏| 46/50 [00:01<00:00, 24.69it/s]
 98%|█████████▊| 49/50 [00:02<00:00, 24.66it/s]
100%|██████████| 50/50 [00:02<00:00, 23.57it/s]


--- 1. Computing Semantic Vector Shift from Text ---
Loading BiomedCLIP Model: chuhac/BiomedCLIP-vit-bert-hf
Using Text Anchors: 'healthy breast' - 'tumor breast'
Injecting shift vector with alpha = 1.0
Target Embedding Shape (Input to SD): torch.Size([1, 4, 768])

--- 2. Loading Stable Diffusion Inpainting Model ---
Model ID: runwayml/stable-diffusion-inpainting

--- 3. Processing Image ---
Dilating mask by 3 iterations...

--- 4. Running Generation ---
Saving output to: /home/woojye2020/decs_jupyter_lab/MedCLIP-SAMv2/generated_neg_output/udiat_vector_injection_breast2/Benign/000125.png
Zero-Shot Translation Complete!

  -> Generating for: 000126.png

Loading pipeline components...:   0%|          | 0/7 [00:00<?, ?it/s]`torch_dtype` is deprecated! Use `dtype` instead!

Loading pipeline components...:  29%|██▊       | 2/7 [00:00<00:01,  3.43it/s]An error occurred while trying to fetch /home/woojye2020/.cache/huggingface/hub/models--runwayml--stable-diffusion-inpainting/snapshots/8a4288a76071f7280aedbdb3253bdb9e9d5d84bb/vae: Error no file named diffusion_pytorch_model.safetensors found in directory /home/woojye2020/.cache/huggingface/hub/models--runwayml--stable-diffusion-inpainting/snapshots/8a4288a76071f7280aedbdb3253bdb9e9d5d84bb/vae.
Defaulting to unsafe serialization. Pass `allow_pickle=False` to raise an error instead.

Loading pipeline components...:  43%|████▎     | 3/7 [00:00<00:01,  3.34it/s]
Loading pipeline components...:  71%|███████▏  | 5/7 [00:02<00:00,  2.25it/s]An error occurred while trying to fetch /home/woojye2020/.cache/huggingface/hub/models--runwayml--stable-diffusion-inpainting/snapshots/8a4288a76071f7280aedbdb3253bdb9e9d5d84bb/unet: Error no file named diffusion_pytorch_model.safetensors found in directory /home/woojye2020/.cache/huggingface/hub/models--runwayml--stable-diffusion-inpainting/snapshots/8a4288a76071f7280aedbdb3253bdb9e9d5d84bb/unet.
Defaulting to unsafe serialization. Pass `allow_pickle=False` to raise an error instead.

Loading pipeline components...:  86%|████████▌ | 6/7 [00:02<00:00,  2.24it/s]
Loading pipeline components...: 100%|██████████| 7/7 [00:02<00:00,  2.86it/s]
Loading pipeline components...: 100%|██████████| 7/7 [00:02<00:00,  2.71it/s]

  0%|          | 0/50 [00:00<?, ?it/s]
  2%|▏         | 1/50 [00:00<00:08,  5.57it/s]
  8%|▊         | 4/50 [00:00<00:03, 13.69it/s]
 14%|█▍        | 7/50 [00:00<00:02, 16.81it/s]
 20%|██        | 10/50 [00:00<00:02, 19.21it/s]
 26%|██▌       | 13/50 [00:00<00:01, 20.95it/s]
 32%|███▏      | 16/50 [00:00<00:01, 22.09it/s]
 38%|███▊      | 19/50 [00:00<00:01, 22.87it/s]
 44%|████▍     | 22/50 [00:01<00:01, 23.42it/s]
 50%|█████     | 25/50 [00:01<00:01, 23.80it/s]
 56%|█████▌    | 28/50 [00:01<00:00, 24.06it/s]
 62%|██████▏   | 31/50 [00:01<00:00, 24.24it/s]
 68%|██████▊   | 34/50 [00:01<00:00, 24.36it/s]
 74%|███████▍  | 37/50 [00:01<00:00, 24.44it/s]
 80%|████████  | 40/50 [00:01<00:00, 24.49it/s]
 86%|████████▌ | 43/50 [00:01<00:00, 24.50it/s]
 92%|█████████▏| 46/50 [00:02<00:00, 24.51it/s]
 98%|█████████▊| 49/50 [00:02<00:00, 24.51it/s]
100%|██████████| 50/50 [00:02<00:00, 22.51it/s]


--- 1. Computing Semantic Vector Shift from Text ---
Loading BiomedCLIP Model: chuhac/BiomedCLIP-vit-bert-hf
Using Text Anchors: 'healthy breast' - 'tumor breast'
Injecting shift vector with alpha = 1.0
Target Embedding Shape (Input to SD): torch.Size([1, 4, 768])

--- 2. Loading Stable Diffusion Inpainting Model ---
Model ID: runwayml/stable-diffusion-inpainting

--- 3. Processing Image ---
Dilating mask by 3 iterations...

--- 4. Running Generation ---
Saving output to: /home/woojye2020/decs_jupyter_lab/MedCLIP-SAMv2/generated_neg_output/udiat_vector_injection_breast2/Benign/000126.png
Zero-Shot Translation Complete!

  -> Generating for: 000127.png

Loading pipeline components...:   0%|          | 0/7 [00:00<?, ?it/s]An error occurred while trying to fetch /home/woojye2020/.cache/huggingface/hub/models--runwayml--stable-diffusion-inpainting/snapshots/8a4288a76071f7280aedbdb3253bdb9e9d5d84bb/vae: Error no file named diffusion_pytorch_model.safetensors found in directory /home/woojye2020/.cache/huggingface/hub/models--runwayml--stable-diffusion-inpainting/snapshots/8a4288a76071f7280aedbdb3253bdb9e9d5d84bb/vae.
Defaulting to unsafe serialization. Pass `allow_pickle=False` to raise an error instead.

Loading pipeline components...:  14%|█▍        | 1/7 [00:00<00:02,  2.24it/s]`torch_dtype` is deprecated! Use `dtype` instead!

Loading pipeline components...:  29%|██▊       | 2/7 [00:00<00:02,  2.10it/s]An error occurred while trying to fetch /home/woojye2020/.cache/huggingface/hub/models--runwayml--stable-diffusion-inpainting/snapshots/8a4288a76071f7280aedbdb3253bdb9e9d5d84bb/unet: Error no file named diffusion_pytorch_model.safetensors found in directory /home/woojye2020/.cache/huggingface/hub/models--runwayml--stable-diffusion-inpainting/snapshots/8a4288a76071f7280aedbdb3253bdb9e9d5d84bb/unet.
Defaulting to unsafe serialization. Pass `allow_pickle=False` to raise an error instead.

Loading pipeline components...:  43%|████▎     | 3/7 [00:01<00:01,  2.19it/s]
Loading pipeline components...:  86%|████████▌ | 6/7 [00:02<00:00,  2.74it/s]
Loading pipeline components...: 100%|██████████| 7/7 [00:02<00:00,  3.31it/s]
Loading pipeline components...: 100%|██████████| 7/7 [00:02<00:00,  2.88it/s]

  0%|          | 0/50 [00:00<?, ?it/s]
  2%|▏         | 1/50 [00:00<00:08,  6.12it/s]
  8%|▊         | 4/50 [00:00<00:03, 14.29it/s]
 14%|█▍        | 7/50 [00:00<00:02, 17.26it/s]
 20%|██        | 10/50 [00:00<00:02, 18.73it/s]
 26%|██▌       | 13/50 [00:00<00:01, 19.58it/s]
 32%|███▏      | 16/50 [00:00<00:01, 20.08it/s]
 38%|███▊      | 19/50 [00:01<00:01, 20.43it/s]
 44%|████▍     | 22/50 [00:01<00:01, 20.66it/s]
 50%|█████     | 25/50 [00:01<00:01, 20.73it/s]
 56%|█████▌    | 28/50 [00:01<00:01, 20.85it/s]
 62%|██████▏   | 31/50 [00:01<00:00, 21.33it/s]
 68%|██████▊   | 34/50 [00:01<00:00, 22.27it/s]
 74%|███████▍  | 37/50 [00:01<00:00, 22.97it/s]
 80%|████████  | 40/50 [00:01<00:00, 23.49it/s]
 86%|████████▌ | 43/50 [00:02<00:00, 23.86it/s]
 92%|█████████▏| 46/50 [00:02<00:00, 24.08it/s]
 98%|█████████▊| 49/50 [00:02<00:00, 24.19it/s]
100%|██████████| 50/50 [00:02<00:00, 21.28it/s]


--- 1. Computing Semantic Vector Shift from Text ---
Loading BiomedCLIP Model: chuhac/BiomedCLIP-vit-bert-hf
Using Text Anchors: 'healthy breast' - 'tumor breast'
Injecting shift vector with alpha = 1.0
Target Embedding Shape (Input to SD): torch.Size([1, 4, 768])

--- 2. Loading Stable Diffusion Inpainting Model ---
Model ID: runwayml/stable-diffusion-inpainting

--- 3. Processing Image ---
Dilating mask by 3 iterations...

--- 4. Running Generation ---
Saving output to: /home/woojye2020/decs_jupyter_lab/MedCLIP-SAMv2/generated_neg_output/udiat_vector_injection_breast2/Benign/000127.png
Zero-Shot Translation Complete!

  -> Generating for: 000128.png

Loading pipeline components...:   0%|          | 0/7 [00:00<?, ?it/s]
Loading pipeline components...:  14%|█▍        | 1/7 [00:00<00:03,  1.57it/s]An error occurred while trying to fetch /home/woojye2020/.cache/huggingface/hub/models--runwayml--stable-diffusion-inpainting/snapshots/8a4288a76071f7280aedbdb3253bdb9e9d5d84bb/vae: Error no file named diffusion_pytorch_model.safetensors found in directory /home/woojye2020/.cache/huggingface/hub/models--runwayml--stable-diffusion-inpainting/snapshots/8a4288a76071f7280aedbdb3253bdb9e9d5d84bb/vae.
Defaulting to unsafe serialization. Pass `allow_pickle=False` to raise an error instead.

Loading pipeline components...:  29%|██▊       | 2/7 [00:00<00:01,  2.84it/s]`torch_dtype` is deprecated! Use `dtype` instead!

Loading pipeline components...:  43%|████▎     | 3/7 [00:01<00:02,  1.39it/s]
Loading pipeline components...:  57%|█████▋    | 4/7 [00:02<00:01,  1.57it/s]
Loading pipeline components...:  86%|████████▌ | 6/7 [00:02<00:00,  3.03it/s]An error occurred while trying to fetch /home/woojye2020/.cache/huggingface/hub/models--runwayml--stable-diffusion-inpainting/snapshots/8a4288a76071f7280aedbdb3253bdb9e9d5d84bb/unet: Error no file named diffusion_pytorch_model.safetensors found in directory /home/woojye2020/.cache/huggingface/hub/models--runwayml--stable-diffusion-inpainting/snapshots/8a4288a76071f7280aedbdb3253bdb9e9d5d84bb/unet.
Defaulting to unsafe serialization. Pass `allow_pickle=False` to raise an error instead.

Loading pipeline components...: 100%|██████████| 7/7 [00:03<00:00,  2.62it/s]
Loading pipeline components...: 100%|██████████| 7/7 [00:03<00:00,  2.26it/s]

  0%|          | 0/50 [00:00<?, ?it/s]
  2%|▏         | 1/50 [00:00<00:09,  5.38it/s]
  6%|▌         | 3/50 [00:00<00:04, 11.67it/s]
 10%|█         | 5/50 [00:00<00:03, 14.84it/s]
 16%|█▌        | 8/50 [00:00<00:02, 17.17it/s]
 22%|██▏       | 11/50 [00:00<00:02, 18.30it/s]
 28%|██▊       | 14/50 [00:00<00:01, 18.94it/s]
 34%|███▍      | 17/50 [00:00<00:01, 19.35it/s]
 40%|████      | 20/50 [00:01<00:01, 19.61it/s]
 46%|████▌     | 23/50 [00:01<00:01, 19.78it/s]
 52%|█████▏    | 26/50 [00:01<00:01, 19.89it/s]
 56%|█████▌    | 28/50 [00:01<00:01, 19.87it/s]
 62%|██████▏   | 31/50 [00:01<00:00, 19.95it/s]
 68%|██████▊   | 34/50 [00:01<00:00, 20.01it/s]
 74%|███████▍  | 37/50 [00:01<00:00, 20.05it/s]
 80%|████████  | 40/50 [00:02<00:00, 20.12it/s]
 86%|████████▌ | 43/50 [00:02<00:00, 21.25it/s]
 92%|█████████▏| 46/50 [00:02<00:00, 22.20it/s]
 98%|█████████▊| 49/50 [00:02<00:00, 22.91it/s]
100%|██████████| 50/50 [00:02<00:00, 19.73it/s]


--- 1. Computing Semantic Vector Shift from Text ---
Loading BiomedCLIP Model: chuhac/BiomedCLIP-vit-bert-hf
Using Text Anchors: 'healthy breast' - 'tumor breast'
Injecting shift vector with alpha = 1.0
Target Embedding Shape (Input to SD): torch.Size([1, 4, 768])

--- 2. Loading Stable Diffusion Inpainting Model ---
Model ID: runwayml/stable-diffusion-inpainting

--- 3. Processing Image ---
Dilating mask by 3 iterations...

--- 4. Running Generation ---
Saving output to: /home/woojye2020/decs_jupyter_lab/MedCLIP-SAMv2/generated_neg_output/udiat_vector_injection_breast2/Benign/000128.png
Zero-Shot Translation Complete!

  -> Generating for: 000129.png

Loading pipeline components...:   0%|          | 0/7 [00:00<?, ?it/s]`torch_dtype` is deprecated! Use `dtype` instead!

Loading pipeline components...:  14%|█▍        | 1/7 [00:00<00:03,  1.69it/s]
Loading pipeline components...:  43%|████▎     | 3/7 [00:00<00:00,  4.49it/s]An error occurred while trying to fetch /home/woojye2020/.cache/huggingface/hub/models--runwayml--stable-diffusion-inpainting/snapshots/8a4288a76071f7280aedbdb3253bdb9e9d5d84bb/vae: Error no file named diffusion_pytorch_model.safetensors found in directory /home/woojye2020/.cache/huggingface/hub/models--runwayml--stable-diffusion-inpainting/snapshots/8a4288a76071f7280aedbdb3253bdb9e9d5d84bb/vae.
Defaulting to unsafe serialization. Pass `allow_pickle=False` to raise an error instead.

Loading pipeline components...:  57%|█████▋    | 4/7 [00:00<00:00,  5.35it/s]
Loading pipeline components...:  71%|███████▏  | 5/7 [00:02<00:01,  1.98it/s]
Loading pipeline components...:  86%|████████▌ | 6/7 [00:02<00:00,  2.66it/s]An error occurred while trying to fetch /home/woojye2020/.cache/huggingface/hub/models--runwayml--stable-diffusion-inpainting/snapshots/8a4288a76071f7280aedbdb3253bdb9e9d5d84bb/unet: Error no file named diffusion_pytorch_model.safetensors found in directory /home/woojye2020/.cache/huggingface/hub/models--runwayml--stable-diffusion-inpainting/snapshots/8a4288a76071f7280aedbdb3253bdb9e9d5d84bb/unet.
Defaulting to unsafe serialization. Pass `allow_pickle=False` to raise an error instead.

Loading pipeline components...: 100%|██████████| 7/7 [00:02<00:00,  2.40it/s]
Loading pipeline components...: 100%|██████████| 7/7 [00:02<00:00,  2.63it/s]

  0%|          | 0/50 [00:00<?, ?it/s]
  2%|▏         | 1/50 [00:00<00:08,  5.50it/s]
  8%|▊         | 4/50 [00:00<00:03, 13.47it/s]
 14%|█▍        | 7/50 [00:00<00:02, 16.56it/s]
 20%|██        | 10/50 [00:00<00:02, 18.54it/s]
 26%|██▌       | 13/50 [00:00<00:01, 20.52it/s]
 32%|███▏      | 16/50 [00:00<00:01, 21.81it/s]
 38%|███▊      | 19/50 [00:00<00:01, 22.69it/s]
 44%|████▍     | 22/50 [00:01<00:01, 23.29it/s]
 50%|█████     | 25/50 [00:01<00:01, 23.70it/s]
 56%|█████▌    | 28/50 [00:01<00:00, 23.97it/s]
 62%|██████▏   | 31/50 [00:01<00:00, 24.18it/s]
 68%|██████▊   | 34/50 [00:01<00:00, 24.36it/s]
 74%|███████▍  | 37/50 [00:01<00:00, 24.48it/s]
 80%|████████  | 40/50 [00:01<00:00, 24.56it/s]
 86%|████████▌ | 43/50 [00:01<00:00, 24.58it/s]
 92%|█████████▏| 46/50 [00:02<00:00, 24.59it/s]
 98%|█████████▊| 49/50 [00:02<00:00, 24.61it/s]
100%|██████████| 50/50 [00:02<00:00, 22.40it/s]


--- 1. Computing Semantic Vector Shift from Text ---
Loading BiomedCLIP Model: chuhac/BiomedCLIP-vit-bert-hf
Using Text Anchors: 'healthy breast' - 'tumor breast'
Injecting shift vector with alpha = 1.0
Target Embedding Shape (Input to SD): torch.Size([1, 4, 768])

--- 2. Loading Stable Diffusion Inpainting Model ---
Model ID: runwayml/stable-diffusion-inpainting

--- 3. Processing Image ---
Dilating mask by 3 iterations...

--- 4. Running Generation ---
Saving output to: /home/woojye2020/decs_jupyter_lab/MedCLIP-SAMv2/generated_neg_output/udiat_vector_injection_breast2/Benign/000129.png
Zero-Shot Translation Complete!

  -> Generating for: 000130.png

Loading pipeline components...:   0%|          | 0/7 [00:00<?, ?it/s]An error occurred while trying to fetch /home/woojye2020/.cache/huggingface/hub/models--runwayml--stable-diffusion-inpainting/snapshots/8a4288a76071f7280aedbdb3253bdb9e9d5d84bb/unet: Error no file named diffusion_pytorch_model.safetensors found in directory /home/woojye2020/.cache/huggingface/hub/models--runwayml--stable-diffusion-inpainting/snapshots/8a4288a76071f7280aedbdb3253bdb9e9d5d84bb/unet.
Defaulting to unsafe serialization. Pass `allow_pickle=False` to raise an error instead.

Loading pipeline components...:  14%|█▍        | 1/7 [00:00<00:04,  1.31it/s]`torch_dtype` is deprecated! Use `dtype` instead!

Loading pipeline components...:  43%|████▎     | 3/7 [00:01<00:01,  2.58it/s]
Loading pipeline components...:  71%|███████▏  | 5/7 [00:02<00:00,  2.17it/s]An error occurred while trying to fetch /home/woojye2020/.cache/huggingface/hub/models--runwayml--stable-diffusion-inpainting/snapshots/8a4288a76071f7280aedbdb3253bdb9e9d5d84bb/vae: Error no file named diffusion_pytorch_model.safetensors found in directory /home/woojye2020/.cache/huggingface/hub/models--runwayml--stable-diffusion-inpainting/snapshots/8a4288a76071f7280aedbdb3253bdb9e9d5d84bb/vae.
Defaulting to unsafe serialization. Pass `allow_pickle=False` to raise an error instead.

Loading pipeline components...:  86%|████████▌ | 6/7 [00:02<00:00,  2.67it/s]
Loading pipeline components...: 100%|██████████| 7/7 [00:02<00:00,  3.33it/s]
Loading pipeline components...: 100%|██████████| 7/7 [00:02<00:00,  2.71it/s]

  0%|          | 0/50 [00:00<?, ?it/s]
  2%|▏         | 1/50 [00:00<00:05,  8.62it/s]
  8%|▊         | 4/50 [00:00<00:02, 18.34it/s]
 14%|█▍        | 7/50 [00:00<00:02, 21.33it/s]
 20%|██        | 10/50 [00:00<00:01, 22.68it/s]
 26%|██▌       | 13/50 [00:00<00:01, 23.43it/s]
 32%|███▏      | 16/50 [00:00<00:01, 23.89it/s]
 38%|███▊      | 19/50 [00:00<00:01, 24.18it/s]
 44%|████▍     | 22/50 [00:00<00:01, 24.37it/s]
 50%|█████     | 25/50 [00:01<00:01, 24.36it/s]
 56%|█████▌    | 28/50 [00:01<00:00, 24.42it/s]
 62%|██████▏   | 31/50 [00:01<00:00, 24.49it/s]
 68%|██████▊   | 34/50 [00:01<00:00, 24.53it/s]
 74%|███████▍  | 37/50 [00:01<00:00, 24.55it/s]
 80%|████████  | 40/50 [00:01<00:00, 24.57it/s]
 86%|████████▌ | 43/50 [00:01<00:00, 24.58it/s]
 92%|█████████▏| 46/50 [00:01<00:00, 24.63it/s]
 98%|█████████▊| 49/50 [00:02<00:00, 24.65it/s]
100%|██████████| 50/50 [00:02<00:00, 23.79it/s]


--- 1. Computing Semantic Vector Shift from Text ---
Loading BiomedCLIP Model: chuhac/BiomedCLIP-vit-bert-hf
Using Text Anchors: 'healthy breast' - 'tumor breast'
Injecting shift vector with alpha = 1.0
Target Embedding Shape (Input to SD): torch.Size([1, 4, 768])

--- 2. Loading Stable Diffusion Inpainting Model ---
Model ID: runwayml/stable-diffusion-inpainting

--- 3. Processing Image ---
Dilating mask by 3 iterations...

--- 4. Running Generation ---
Saving output to: /home/woojye2020/decs_jupyter_lab/MedCLIP-SAMv2/generated_neg_output/udiat_vector_injection_breast2/Benign/000130.png
Zero-Shot Translation Complete!

  -> Generating for: 000131.png

Loading pipeline components...:   0%|          | 0/7 [00:00<?, ?it/s]`torch_dtype` is deprecated! Use `dtype` instead!

Loading pipeline components...:  14%|█▍        | 1/7 [00:01<00:07,  1.22s/it]
Loading pipeline components...:  29%|██▊       | 2/7 [00:01<00:03,  1.25it/s]
Loading pipeline components...:  57%|█████▋    | 4/7 [00:01<00:01,  2.99it/s]An error occurred while trying to fetch /home/woojye2020/.cache/huggingface/hub/models--runwayml--stable-diffusion-inpainting/snapshots/8a4288a76071f7280aedbdb3253bdb9e9d5d84bb/vae: Error no file named diffusion_pytorch_model.safetensors found in directory /home/woojye2020/.cache/huggingface/hub/models--runwayml--stable-diffusion-inpainting/snapshots/8a4288a76071f7280aedbdb3253bdb9e9d5d84bb/vae.
Defaulting to unsafe serialization. Pass `allow_pickle=False` to raise an error instead.

Loading pipeline components...:  71%|███████▏  | 5/7 [00:02<00:00,  2.69it/s]An error occurred while trying to fetch /home/woojye2020/.cache/huggingface/hub/models--runwayml--stable-diffusion-inpainting/snapshots/8a4288a76071f7280aedbdb3253bdb9e9d5d84bb/unet: Error no file named diffusion_pytorch_model.safetensors found in directory /home/woojye2020/.cache/huggingface/hub/models--runwayml--stable-diffusion-inpainting/snapshots/8a4288a76071f7280aedbdb3253bdb9e9d5d84bb/unet.
Defaulting to unsafe serialization. Pass `allow_pickle=False` to raise an error instead.

Loading pipeline components...:  86%|████████▌ | 6/7 [00:02<00:00,  2.47it/s]
Loading pipeline components...: 100%|██████████| 7/7 [00:02<00:00,  2.51it/s]

  0%|          | 0/50 [00:00<?, ?it/s]
  2%|▏         | 1/50 [00:00<00:07,  6.14it/s]
  8%|▊         | 4/50 [00:00<00:03, 14.36it/s]
 14%|█▍        | 7/50 [00:00<00:02, 17.34it/s]
 20%|██        | 10/50 [00:00<00:02, 18.81it/s]
 26%|██▌       | 13/50 [00:00<00:01, 19.65it/s]
 32%|███▏      | 16/50 [00:00<00:01, 20.14it/s]
 38%|███▊      | 19/50 [00:01<00:01, 20.48it/s]
 44%|████▍     | 22/50 [00:01<00:01, 20.70it/s]
 50%|█████     | 25/50 [00:01<00:01, 20.86it/s]
 56%|█████▌    | 28/50 [00:01<00:01, 20.95it/s]
 62%|██████▏   | 31/50 [00:01<00:00, 21.01it/s]
 68%|██████▊   | 34/50 [00:01<00:00, 21.06it/s]
 74%|███████▍  | 37/50 [00:01<00:00, 21.10it/s]
 80%|████████  | 40/50 [00:02<00:00, 21.14it/s]
 86%|████████▌ | 43/50 [00:02<00:00, 21.09it/s]
 92%|█████████▏| 46/50 [00:02<00:00, 21.12it/s]
 98%|█████████▊| 49/50 [00:02<00:00, 21.12it/s]
100%|██████████| 50/50 [00:02<00:00, 20.18it/s]


--- 1. Computing Semantic Vector Shift from Text ---
Loading BiomedCLIP Model: chuhac/BiomedCLIP-vit-bert-hf
Using Text Anchors: 'healthy breast' - 'tumor breast'
Injecting shift vector with alpha = 1.0
Target Embedding Shape (Input to SD): torch.Size([1, 4, 768])

--- 2. Loading Stable Diffusion Inpainting Model ---
Model ID: runwayml/stable-diffusion-inpainting

--- 3. Processing Image ---
Dilating mask by 3 iterations...

--- 4. Running Generation ---
Saving output to: /home/woojye2020/decs_jupyter_lab/MedCLIP-SAMv2/generated_neg_output/udiat_vector_injection_breast2/Benign/000131.png
Zero-Shot Translation Complete!

Processing Category: Malignant
  -> Generating for: 000018.png

Loading pipeline components...:   0%|          | 0/7 [00:00<?, ?it/s]`torch_dtype` is deprecated! Use `dtype` instead!

Loading pipeline components...:  29%|██▊       | 2/7 [00:01<00:03,  1.63it/s]An error occurred while trying to fetch /home/woojye2020/.cache/huggingface/hub/models--runwayml--stable-diffusion-inpainting/snapshots/8a4288a76071f7280aedbdb3253bdb9e9d5d84bb/vae: Error no file named diffusion_pytorch_model.safetensors found in directory /home/woojye2020/.cache/huggingface/hub/models--runwayml--stable-diffusion-inpainting/snapshots/8a4288a76071f7280aedbdb3253bdb9e9d5d84bb/vae.
Defaulting to unsafe serialization. Pass `allow_pickle=False` to raise an error instead.

Loading pipeline components...:  43%|████▎     | 3/7 [00:01<00:01,  2.05it/s]
Loading pipeline components...:  57%|█████▋    | 4/7 [00:01<00:01,  2.88it/s]An error occurred while trying to fetch /home/woojye2020/.cache/huggingface/hub/models--runwayml--stable-diffusion-inpainting/snapshots/8a4288a76071f7280aedbdb3253bdb9e9d5d84bb/unet: Error no file named diffusion_pytorch_model.safetensors found in directory /home/woojye2020/.cache/huggingface/hub/models--runwayml--stable-diffusion-inpainting/snapshots/8a4288a76071f7280aedbdb3253bdb9e9d5d84bb/unet.
Defaulting to unsafe serialization. Pass `allow_pickle=False` to raise an error instead.

Loading pipeline components...:  71%|███████▏  | 5/7 [00:02<00:00,  2.52it/s]
Loading pipeline components...: 100%|██████████| 7/7 [00:02<00:00,  3.07it/s]
Loading pipeline components...: 100%|██████████| 7/7 [00:02<00:00,  2.64it/s]

  0%|          | 0/50 [00:00<?, ?it/s]
  2%|▏         | 1/50 [00:00<00:08,  5.98it/s]
  8%|▊         | 4/50 [00:00<00:03, 14.21it/s]
 14%|█▍        | 7/50 [00:00<00:02, 18.42it/s]
 20%|██        | 10/50 [00:00<00:01, 20.68it/s]
 26%|██▌       | 13/50 [00:00<00:01, 22.06it/s]
 32%|███▏      | 16/50 [00:00<00:01, 22.89it/s]
 38%|███▊      | 19/50 [00:00<00:01, 23.48it/s]
 44%|████▍     | 22/50 [00:01<00:01, 23.88it/s]
 50%|█████     | 25/50 [00:01<00:01, 24.12it/s]
 56%|█████▌    | 28/50 [00:01<00:00, 24.28it/s]
 62%|██████▏   | 31/50 [00:01<00:00, 24.40it/s]
 68%|██████▊   | 34/50 [00:01<00:00, 24.49it/s]
 74%|███████▍  | 37/50 [00:01<00:00, 24.52it/s]
 80%|████████  | 40/50 [00:01<00:00, 24.55it/s]
 86%|████████▌ | 43/50 [00:01<00:00, 24.58it/s]
 92%|█████████▏| 46/50 [00:02<00:00, 24.59it/s]
 98%|█████████▊| 49/50 [00:02<00:00, 24.60it/s]
100%|██████████| 50/50 [00:02<00:00, 22.98it/s]


--- 1. Computing Semantic Vector Shift from Text ---
Loading BiomedCLIP Model: chuhac/BiomedCLIP-vit-bert-hf
Using Text Anchors: 'healthy breast' - 'tumor breast'
Injecting shift vector with alpha = 1.0
Target Embedding Shape (Input to SD): torch.Size([1, 4, 768])

--- 2. Loading Stable Diffusion Inpainting Model ---
Model ID: runwayml/stable-diffusion-inpainting

--- 3. Processing Image ---
Dilating mask by 3 iterations...

--- 4. Running Generation ---
Saving output to: /home/woojye2020/decs_jupyter_lab/MedCLIP-SAMv2/generated_neg_output/udiat_vector_injection_breast2/Malignant/000018.png
Zero-Shot Translation Complete!

  -> Generating for: 000023.png

Loading pipeline components...:   0%|          | 0/7 [00:00<?, ?it/s]`torch_dtype` is deprecated! Use `dtype` instead!

Loading pipeline components...:  29%|██▊       | 2/7 [00:00<00:01,  3.42it/s]An error occurred while trying to fetch /home/woojye2020/.cache/huggingface/hub/models--runwayml--stable-diffusion-inpainting/snapshots/8a4288a76071f7280aedbdb3253bdb9e9d5d84bb/vae: Error no file named diffusion_pytorch_model.safetensors found in directory /home/woojye2020/.cache/huggingface/hub/models--runwayml--stable-diffusion-inpainting/snapshots/8a4288a76071f7280aedbdb3253bdb9e9d5d84bb/vae.
Defaulting to unsafe serialization. Pass `allow_pickle=False` to raise an error instead.

Loading pipeline components...:  43%|████▎     | 3/7 [00:00<00:01,  3.36it/s]An error occurred while trying to fetch /home/woojye2020/.cache/huggingface/hub/models--runwayml--stable-diffusion-inpainting/snapshots/8a4288a76071f7280aedbdb3253bdb9e9d5d84bb/unet: Error no file named diffusion_pytorch_model.safetensors found in directory /home/woojye2020/.cache/huggingface/hub/models--runwayml--stable-diffusion-inpainting/snapshots/8a4288a76071f7280aedbdb3253bdb9e9d5d84bb/unet.
Defaulting to unsafe serialization. Pass `allow_pickle=False` to raise an error instead.

Loading pipeline components...:  71%|███████▏  | 5/7 [00:01<00:00,  3.82it/s]
Loading pipeline components...:  86%|████████▌ | 6/7 [00:02<00:00,  1.97it/s]
Loading pipeline components...: 100%|██████████| 7/7 [00:02<00:00,  2.72it/s]

  0%|          | 0/50 [00:00<?, ?it/s]
  2%|▏         | 1/50 [00:00<00:05,  8.43it/s]
  8%|▊         | 4/50 [00:00<00:02, 18.23it/s]
 14%|█▍        | 7/50 [00:00<00:02, 21.13it/s]
 20%|██        | 10/50 [00:00<00:01, 22.47it/s]
 26%|██▌       | 13/50 [00:00<00:01, 23.24it/s]
 32%|███▏      | 16/50 [00:00<00:01, 23.71it/s]
 38%|███▊      | 19/50 [00:00<00:01, 24.01it/s]
 44%|████▍     | 22/50 [00:00<00:01, 24.20it/s]
 50%|█████     | 25/50 [00:01<00:01, 24.35it/s]
 56%|█████▌    | 28/50 [00:01<00:00, 24.41it/s]
 62%|██████▏   | 31/50 [00:01<00:00, 24.44it/s]
 68%|██████▊   | 34/50 [00:01<00:00, 24.44it/s]
 74%|███████▍  | 37/50 [00:01<00:00, 24.47it/s]
 80%|████████  | 40/50 [00:01<00:00, 24.49it/s]
 86%|████████▌ | 43/50 [00:01<00:00, 24.53it/s]
 92%|█████████▏| 46/50 [00:01<00:00, 24.54it/s]
 98%|█████████▊| 49/50 [00:02<00:00, 24.55it/s]
100%|██████████| 50/50 [00:02<00:00, 23.68it/s]


--- 1. Computing Semantic Vector Shift from Text ---
Loading BiomedCLIP Model: chuhac/BiomedCLIP-vit-bert-hf
Using Text Anchors: 'healthy breast' - 'tumor breast'
Injecting shift vector with alpha = 1.0
Target Embedding Shape (Input to SD): torch.Size([1, 4, 768])

--- 2. Loading Stable Diffusion Inpainting Model ---
Model ID: runwayml/stable-diffusion-inpainting

--- 3. Processing Image ---
Dilating mask by 3 iterations...

--- 4. Running Generation ---
Saving output to: /home/woojye2020/decs_jupyter_lab/MedCLIP-SAMv2/generated_neg_output/udiat_vector_injection_breast2/Malignant/000023.png
Zero-Shot Translation Complete!

  -> Generating for: 000024.png

Loading pipeline components...:   0%|          | 0/7 [00:00<?, ?it/s]An error occurred while trying to fetch /home/woojye2020/.cache/huggingface/hub/models--runwayml--stable-diffusion-inpainting/snapshots/8a4288a76071f7280aedbdb3253bdb9e9d5d84bb/vae: Error no file named diffusion_pytorch_model.safetensors found in directory /home/woojye2020/.cache/huggingface/hub/models--runwayml--stable-diffusion-inpainting/snapshots/8a4288a76071f7280aedbdb3253bdb9e9d5d84bb/vae.
Defaulting to unsafe serialization. Pass `allow_pickle=False` to raise an error instead.

Loading pipeline components...:  14%|█▍        | 1/7 [00:00<00:03,  1.65it/s]`torch_dtype` is deprecated! Use `dtype` instead!

Loading pipeline components...:  43%|████▎     | 3/7 [00:01<00:01,  2.90it/s]
Loading pipeline components...:  57%|█████▋    | 4/7 [00:01<00:00,  3.79it/s]An error occurred while trying to fetch /home/woojye2020/.cache/huggingface/hub/models--runwayml--stable-diffusion-inpainting/snapshots/8a4288a76071f7280aedbdb3253bdb9e9d5d84bb/unet: Error no file named diffusion_pytorch_model.safetensors found in directory /home/woojye2020/.cache/huggingface/hub/models--runwayml--stable-diffusion-inpainting/snapshots/8a4288a76071f7280aedbdb3253bdb9e9d5d84bb/unet.
Defaulting to unsafe serialization. Pass `allow_pickle=False` to raise an error instead.

Loading pipeline components...:  71%|███████▏  | 5/7 [00:01<00:00,  3.00it/s]
Loading pipeline components...:  86%|████████▌ | 6/7 [00:02<00:00,  1.68it/s]
Loading pipeline components...: 100%|██████████| 7/7 [00:02<00:00,  2.45it/s]

  0%|          | 0/50 [00:00<?, ?it/s]
  2%|▏         | 1/50 [00:00<00:08,  6.03it/s]
  8%|▊         | 4/50 [00:00<00:03, 14.11it/s]
 14%|█▍        | 7/50 [00:00<00:02, 17.07it/s]
 20%|██        | 10/50 [00:00<00:02, 19.02it/s]
 26%|██▌       | 13/50 [00:00<00:01, 20.88it/s]
 32%|███▏      | 16/50 [00:00<00:01, 22.11it/s]
 38%|███▊      | 19/50 [00:00<00:01, 22.93it/s]
 44%|████▍     | 22/50 [00:01<00:01, 23.51it/s]
 50%|█████     | 25/50 [00:01<00:01, 23.86it/s]
 56%|█████▌    | 28/50 [00:01<00:00, 24.06it/s]
 62%|██████▏   | 31/50 [00:01<00:00, 24.20it/s]
 68%|██████▊   | 34/50 [00:01<00:00, 24.33it/s]
 74%|███████▍  | 37/50 [00:01<00:00, 24.43it/s]
 80%|████████  | 40/50 [00:01<00:00, 24.48it/s]
 86%|████████▌ | 43/50 [00:01<00:00, 24.52it/s]
 92%|█████████▏| 46/50 [00:02<00:00, 24.56it/s]
 98%|█████████▊| 49/50 [00:02<00:00, 24.62it/s]
100%|██████████| 50/50 [00:02<00:00, 22.61it/s]


--- 1. Computing Semantic Vector Shift from Text ---
Loading BiomedCLIP Model: chuhac/BiomedCLIP-vit-bert-hf
Using Text Anchors: 'healthy breast' - 'tumor breast'
Injecting shift vector with alpha = 1.0
Target Embedding Shape (Input to SD): torch.Size([1, 4, 768])

--- 2. Loading Stable Diffusion Inpainting Model ---
Model ID: runwayml/stable-diffusion-inpainting

--- 3. Processing Image ---
Dilating mask by 3 iterations...

--- 4. Running Generation ---
Saving output to: /home/woojye2020/decs_jupyter_lab/MedCLIP-SAMv2/generated_neg_output/udiat_vector_injection_breast2/Malignant/000024.png
Zero-Shot Translation Complete!

  -> Generating for: 000025.png

Loading pipeline components...:   0%|          | 0/7 [00:00<?, ?it/s]An error occurred while trying to fetch /home/woojye2020/.cache/huggingface/hub/models--runwayml--stable-diffusion-inpainting/snapshots/8a4288a76071f7280aedbdb3253bdb9e9d5d84bb/vae: Error no file named diffusion_pytorch_model.safetensors found in directory /home/woojye2020/.cache/huggingface/hub/models--runwayml--stable-diffusion-inpainting/snapshots/8a4288a76071f7280aedbdb3253bdb9e9d5d84bb/vae.
Defaulting to unsafe serialization. Pass `allow_pickle=False` to raise an error instead.

Loading pipeline components...:  14%|█▍        | 1/7 [00:00<00:02,  2.17it/s]`torch_dtype` is deprecated! Use `dtype` instead!

Loading pipeline components...:  29%|██▊       | 2/7 [00:00<00:02,  2.07it/s]
Loading pipeline components...:  43%|████▎     | 3/7 [00:01<00:01,  3.21it/s]An error occurred while trying to fetch /home/woojye2020/.cache/huggingface/hub/models--runwayml--stable-diffusion-inpainting/snapshots/8a4288a76071f7280aedbdb3253bdb9e9d5d84bb/unet: Error no file named diffusion_pytorch_model.safetensors found in directory /home/woojye2020/.cache/huggingface/hub/models--runwayml--stable-diffusion-inpainting/snapshots/8a4288a76071f7280aedbdb3253bdb9e9d5d84bb/unet.
Defaulting to unsafe serialization. Pass `allow_pickle=False` to raise an error instead.

Loading pipeline components...:  71%|███████▏  | 5/7 [00:01<00:00,  3.54it/s]
Loading pipeline components...: 100%|██████████| 7/7 [00:02<00:00,  2.41it/s]
Loading pipeline components...: 100%|██████████| 7/7 [00:02<00:00,  2.55it/s]

  0%|          | 0/50 [00:00<?, ?it/s]
  2%|▏         | 1/50 [00:00<00:05,  8.51it/s]
  8%|▊         | 4/50 [00:00<00:02, 18.25it/s]
 14%|█▍        | 7/50 [00:00<00:02, 21.25it/s]
 20%|██        | 10/50 [00:00<00:01, 22.61it/s]
 26%|██▌       | 13/50 [00:00<00:01, 23.37it/s]
 32%|███▏      | 16/50 [00:00<00:01, 23.84it/s]
 38%|███▊      | 19/50 [00:00<00:01, 24.13it/s]
 44%|████▍     | 22/50 [00:00<00:01, 24.33it/s]
 50%|█████     | 25/50 [00:01<00:01, 24.40it/s]
 56%|█████▌    | 28/50 [00:01<00:00, 24.47it/s]
 62%|██████▏   | 31/50 [00:01<00:00, 24.54it/s]
 68%|██████▊   | 34/50 [00:01<00:00, 24.55it/s]
 74%|███████▍  | 37/50 [00:01<00:00, 24.58it/s]
 80%|████████  | 40/50 [00:01<00:00, 24.60it/s]
 86%|████████▌ | 43/50 [00:01<00:00, 24.59it/s]
 92%|█████████▏| 46/50 [00:01<00:00, 24.60it/s]
 98%|█████████▊| 49/50 [00:02<00:00, 24.60it/s]
100%|██████████| 50/50 [00:02<00:00, 23.77it/s]


--- 1. Computing Semantic Vector Shift from Text ---
Loading BiomedCLIP Model: chuhac/BiomedCLIP-vit-bert-hf
Using Text Anchors: 'healthy breast' - 'tumor breast'
Injecting shift vector with alpha = 1.0
Target Embedding Shape (Input to SD): torch.Size([1, 4, 768])

--- 2. Loading Stable Diffusion Inpainting Model ---
Model ID: runwayml/stable-diffusion-inpainting

--- 3. Processing Image ---
Dilating mask by 3 iterations...

--- 4. Running Generation ---
Saving output to: /home/woojye2020/decs_jupyter_lab/MedCLIP-SAMv2/generated_neg_output/udiat_vector_injection_breast2/Malignant/000025.png
Zero-Shot Translation Complete!

  -> Generating for: 000027.png

Loading pipeline components...:   0%|          | 0/7 [00:00<?, ?it/s]
Loading pipeline components...:  14%|█▍        | 1/7 [00:00<00:04,  1.34it/s]
Loading pipeline components...:  29%|██▊       | 2/7 [00:20<00:59, 11.86s/it]An error occurred while trying to fetch /home/woojye2020/.cache/huggingface/hub/models--runwayml--stable-diffusion-inpainting/snapshots/8a4288a76071f7280aedbdb3253bdb9e9d5d84bb/vae: Error no file named diffusion_pytorch_model.safetensors found in directory /home/woojye2020/.cache/huggingface/hub/models--runwayml--stable-diffusion-inpainting/snapshots/8a4288a76071f7280aedbdb3253bdb9e9d5d84bb/vae.
Defaulting to unsafe serialization. Pass `allow_pickle=False` to raise an error instead.

Loading pipeline components...:  43%|████▎     | 3/7 [00:20<00:26,  6.65s/it]`torch_dtype` is deprecated! Use `dtype` instead!

Loading pipeline components...:  71%|███████▏  | 5/7 [00:21<00:06,  3.10s/it]
Loading pipeline components...:  86%|████████▌ | 6/7 [00:22<00:02,  2.58s/it]An error occurred while trying to fetch /home/woojye2020/.cache/huggingface/hub/models--runwayml--stable-diffusion-inpainting/snapshots/8a4288a76071f7280aedbdb3253bdb9e9d5d84bb/unet: Error no file named diffusion_pytorch_model.safetensors found in directory /home/woojye2020/.cache/huggingface/hub/models--runwayml--stable-diffusion-inpainting/snapshots/8a4288a76071f7280aedbdb3253bdb9e9d5d84bb/unet.
Defaulting to unsafe serialization. Pass `allow_pickle=False` to raise an error instead.

Loading pipeline components...: 100%|██████████| 7/7 [00:23<00:00,  2.03s/it]
Loading pipeline components...: 100%|██████████| 7/7 [00:23<00:00,  3.37s/it]

  0%|          | 0/50 [00:00<?, ?it/s]
  2%|▏         | 1/50 [00:00<00:08,  6.03it/s]
  8%|▊         | 4/50 [00:00<00:03, 14.22it/s]
 14%|█▍        | 7/50 [00:00<00:02, 17.25it/s]
 20%|██        | 10/50 [00:00<00:02, 18.74it/s]
 26%|██▌       | 13/50 [00:00<00:01, 19.58it/s]
 32%|███▏      | 16/50 [00:00<00:01, 20.11it/s]
 38%|███▊      | 19/50 [00:01<00:01, 20.44it/s]
 44%|████▍     | 22/50 [00:01<00:01, 20.67it/s]
 50%|█████     | 25/50 [00:01<00:01, 21.15it/s]
 56%|█████▌    | 28/50 [00:01<00:00, 22.03it/s]
 62%|██████▏   | 31/50 [00:01<00:00, 21.76it/s]
 68%|██████▊   | 34/50 [00:01<00:00, 21.58it/s]
 74%|███████▍  | 37/50 [00:01<00:00, 21.46it/s]
 80%|████████  | 40/50 [00:01<00:00, 21.39it/s]
 86%|████████▌ | 43/50 [00:02<00:00, 21.34it/s]
 92%|█████████▏| 46/50 [00:02<00:00, 21.30it/s]
 98%|█████████▊| 49/50 [00:02<00:00, 21.27it/s]
100%|██████████| 50/50 [00:02<00:00, 20.34it/s]


--- 1. Computing Semantic Vector Shift from Text ---
Loading BiomedCLIP Model: chuhac/BiomedCLIP-vit-bert-hf
Using Text Anchors: 'healthy breast' - 'tumor breast'
Injecting shift vector with alpha = 1.0
Target Embedding Shape (Input to SD): torch.Size([1, 4, 768])

--- 2. Loading Stable Diffusion Inpainting Model ---
Model ID: runwayml/stable-diffusion-inpainting

--- 3. Processing Image ---
Dilating mask by 3 iterations...

--- 4. Running Generation ---
Saving output to: /home/woojye2020/decs_jupyter_lab/MedCLIP-SAMv2/generated_neg_output/udiat_vector_injection_breast2/Malignant/000027.png
Zero-Shot Translation Complete!

  -> Generating for: 000028.png

Loading pipeline components...:   0%|          | 0/7 [00:00<?, ?it/s]
Loading pipeline components...:  14%|█▍        | 1/7 [00:00<00:03,  1.73it/s]`torch_dtype` is deprecated! Use `dtype` instead!

Loading pipeline components...:  29%|██▊       | 2/7 [00:01<00:02,  1.89it/s]
Loading pipeline components...:  43%|████▎     | 3/7 [00:01<00:01,  2.96it/s]An error occurred while trying to fetch /home/woojye2020/.cache/huggingface/hub/models--runwayml--stable-diffusion-inpainting/snapshots/8a4288a76071f7280aedbdb3253bdb9e9d5d84bb/unet: Error no file named diffusion_pytorch_model.safetensors found in directory /home/woojye2020/.cache/huggingface/hub/models--runwayml--stable-diffusion-inpainting/snapshots/8a4288a76071f7280aedbdb3253bdb9e9d5d84bb/unet.
Defaulting to unsafe serialization. Pass `allow_pickle=False` to raise an error instead.

Loading pipeline components...:  57%|█████▋    | 4/7 [00:01<00:01,  2.58it/s]An error occurred while trying to fetch /home/woojye2020/.cache/huggingface/hub/models--runwayml--stable-diffusion-inpainting/snapshots/8a4288a76071f7280aedbdb3253bdb9e9d5d84bb/vae: Error no file named diffusion_pytorch_model.safetensors found in directory /home/woojye2020/.cache/huggingface/hub/models--runwayml--stable-diffusion-inpainting/snapshots/8a4288a76071f7280aedbdb3253bdb9e9d5d84bb/vae.
Defaulting to unsafe serialization. Pass `allow_pickle=False` to raise an error instead.

Loading pipeline components...:  71%|███████▏  | 5/7 [00:01<00:00,  3.48it/s]
Loading pipeline components...:  86%|████████▌ | 6/7 [00:02<00:00,  1.71it/s]
Loading pipeline components...: 100%|██████████| 7/7 [00:02<00:00,  2.40it/s]

  0%|          | 0/50 [00:00<?, ?it/s]
  2%|▏         | 1/50 [00:00<00:09,  5.39it/s]
  6%|▌         | 3/50 [00:00<00:04, 11.64it/s]
 10%|█         | 5/50 [00:00<00:03, 12.07it/s]
 14%|█▍        | 7/50 [00:00<00:03, 11.53it/s]
 18%|█▊        | 9/50 [00:00<00:03, 11.38it/s]
 22%|██▏       | 11/50 [00:00<00:03, 11.16it/s]
 26%|██▌       | 13/50 [00:01<00:02, 12.49it/s]
 32%|███▏      | 16/50 [00:01<00:02, 15.71it/s]
 38%|███▊      | 19/50 [00:01<00:01, 18.13it/s]
 44%|████▍     | 22/50 [00:01<00:01, 19.82it/s]
 50%|█████     | 25/50 [00:01<00:01, 21.15it/s]
 56%|█████▌    | 28/50 [00:01<00:00, 22.12it/s]
 62%|██████▏   | 31/50 [00:01<00:00, 22.82it/s]
 68%|██████▊   | 34/50 [00:01<00:00, 23.32it/s]
 74%|███████▍  | 37/50 [00:02<00:00, 23.68it/s]
 80%|████████  | 40/50 [00:02<00:00, 23.91it/s]
 86%|████████▌ | 43/50 [00:02<00:00, 24.07it/s]
 92%|█████████▏| 46/50 [00:02<00:00, 24.20it/s]
 98%|█████████▊| 49/50 [00:02<00:00, 24.30it/s]
100%|██████████| 50/50 [00:02<00:00, 19.00it/s]


--- 1. Computing Semantic Vector Shift from Text ---
Loading BiomedCLIP Model: chuhac/BiomedCLIP-vit-bert-hf
Using Text Anchors: 'healthy breast' - 'tumor breast'
Injecting shift vector with alpha = 1.0
Target Embedding Shape (Input to SD): torch.Size([1, 4, 768])

--- 2. Loading Stable Diffusion Inpainting Model ---
Model ID: runwayml/stable-diffusion-inpainting

--- 3. Processing Image ---
Dilating mask by 3 iterations...

--- 4. Running Generation ---
Saving output to: /home/woojye2020/decs_jupyter_lab/MedCLIP-SAMv2/generated_neg_output/udiat_vector_injection_breast2/Malignant/000028.png
Zero-Shot Translation Complete!

  -> Generating for: 000029.png

Loading pipeline components...:   0%|          | 0/7 [00:00<?, ?it/s]`torch_dtype` is deprecated! Use `dtype` instead!

Loading pipeline components...:  14%|█▍        | 1/7 [00:00<00:03,  1.64it/s]
Loading pipeline components...:  29%|██▊       | 2/7 [00:01<00:04,  1.17it/s]
Loading pipeline components...:  57%|█████▋    | 4/7 [00:02<00:02,  1.45it/s]An error occurred while trying to fetch /home/woojye2020/.cache/huggingface/hub/models--runwayml--stable-diffusion-inpainting/snapshots/8a4288a76071f7280aedbdb3253bdb9e9d5d84bb/vae: Error no file named diffusion_pytorch_model.safetensors found in directory /home/woojye2020/.cache/huggingface/hub/models--runwayml--stable-diffusion-inpainting/snapshots/8a4288a76071f7280aedbdb3253bdb9e9d5d84bb/vae.
Defaulting to unsafe serialization. Pass `allow_pickle=False` to raise an error instead.

Loading pipeline components...:  71%|███████▏  | 5/7 [00:02<00:01,  1.95it/s]An error occurred while trying to fetch /home/woojye2020/.cache/huggingface/hub/models--runwayml--stable-diffusion-inpainting/snapshots/8a4288a76071f7280aedbdb3253bdb9e9d5d84bb/unet: Error no file named diffusion_pytorch_model.safetensors found in directory /home/woojye2020/.cache/huggingface/hub/models--runwayml--stable-diffusion-inpainting/snapshots/8a4288a76071f7280aedbdb3253bdb9e9d5d84bb/unet.
Defaulting to unsafe serialization. Pass `allow_pickle=False` to raise an error instead.

Loading pipeline components...:  86%|████████▌ | 6/7 [00:03<00:00,  1.98it/s]
Loading pipeline components...: 100%|██████████| 7/7 [00:03<00:00,  2.55it/s]
Loading pipeline components...: 100%|██████████| 7/7 [00:03<00:00,  1.96it/s]

  0%|          | 0/50 [00:00<?, ?it/s]
  2%|▏         | 1/50 [00:00<00:09,  5.30it/s]
  6%|▌         | 3/50 [00:00<00:04, 11.52it/s]
 10%|█         | 5/50 [00:00<00:03, 14.71it/s]
 14%|█▍        | 7/50 [00:00<00:02, 16.54it/s]
 18%|█▊        | 9/50 [00:00<00:02, 17.68it/s]
 22%|██▏       | 11/50 [00:00<00:02, 18.42it/s]
 28%|██▊       | 14/50 [00:00<00:01, 19.08it/s]
 32%|███▏      | 16/50 [00:00<00:01, 19.33it/s]
 38%|███▊      | 19/50 [00:01<00:01, 19.70it/s]
 44%|████▍     | 22/50 [00:01<00:01, 19.90it/s]
 50%|█████     | 25/50 [00:01<00:01, 20.02it/s]
 56%|█████▌    | 28/50 [00:01<00:01, 20.11it/s]
 62%|██████▏   | 31/50 [00:01<00:00, 20.18it/s]
 68%|██████▊   | 34/50 [00:01<00:00, 20.22it/s]
 74%|███████▍  | 37/50 [00:01<00:00, 20.27it/s]
 80%|████████  | 40/50 [00:02<00:00, 20.30it/s]
 86%|████████▌ | 43/50 [00:02<00:00, 20.30it/s]
 92%|█████████▏| 46/50 [00:02<00:00, 20.30it/s]
 98%|█████████▊| 49/50 [00:02<00:00, 20.29it/s]
100%|██████████| 50/50 [00:02<00:00, 19.11it/s]


--- 1. Computing Semantic Vector Shift from Text ---
Loading BiomedCLIP Model: chuhac/BiomedCLIP-vit-bert-hf
Using Text Anchors: 'healthy breast' - 'tumor breast'
Injecting shift vector with alpha = 1.0
Target Embedding Shape (Input to SD): torch.Size([1, 4, 768])

--- 2. Loading Stable Diffusion Inpainting Model ---
Model ID: runwayml/stable-diffusion-inpainting

--- 3. Processing Image ---
Dilating mask by 3 iterations...

--- 4. Running Generation ---
Saving output to: /home/woojye2020/decs_jupyter_lab/MedCLIP-SAMv2/generated_neg_output/udiat_vector_injection_breast2/Malignant/000029.png
Zero-Shot Translation Complete!

  -> Generating for: 000030.png

Loading pipeline components...:   0%|          | 0/7 [00:00<?, ?it/s]An error occurred while trying to fetch /home/woojye2020/.cache/huggingface/hub/models--runwayml--stable-diffusion-inpainting/snapshots/8a4288a76071f7280aedbdb3253bdb9e9d5d84bb/unet: Error no file named diffusion_pytorch_model.safetensors found in directory /home/woojye2020/.cache/huggingface/hub/models--runwayml--stable-diffusion-inpainting/snapshots/8a4288a76071f7280aedbdb3253bdb9e9d5d84bb/unet.
Defaulting to unsafe serialization. Pass `allow_pickle=False` to raise an error instead.

Loading pipeline components...:  14%|█▍        | 1/7 [00:01<00:06,  1.08s/it]
Loading pipeline components...:  29%|██▊       | 2/7 [00:01<00:02,  1.95it/s]`torch_dtype` is deprecated! Use `dtype` instead!

Loading pipeline components...:  57%|█████▋    | 4/7 [00:02<00:01,  1.90it/s]An error occurred while trying to fetch /home/woojye2020/.cache/huggingface/hub/models--runwayml--stable-diffusion-inpainting/snapshots/8a4288a76071f7280aedbdb3253bdb9e9d5d84bb/vae: Error no file named diffusion_pytorch_model.safetensors found in directory /home/woojye2020/.cache/huggingface/hub/models--runwayml--stable-diffusion-inpainting/snapshots/8a4288a76071f7280aedbdb3253bdb9e9d5d84bb/vae.
Defaulting to unsafe serialization. Pass `allow_pickle=False` to raise an error instead.

Loading pipeline components...:  86%|████████▌ | 6/7 [00:02<00:00,  2.42it/s]
Loading pipeline components...: 100%|██████████| 7/7 [00:02<00:00,  2.45it/s]

  0%|          | 0/50 [00:00<?, ?it/s]
  2%|▏         | 1/50 [00:00<00:08,  6.08it/s]
  8%|▊         | 4/50 [00:00<00:03, 14.22it/s]
 14%|█▍        | 7/50 [00:00<00:02, 17.16it/s]
 20%|██        | 10/50 [00:00<00:02, 18.52it/s]
 24%|██▍       | 12/50 [00:00<00:02, 16.81it/s]
 28%|██▊       | 14/50 [00:00<00:02, 14.28it/s]
 32%|███▏      | 16/50 [00:01<00:02, 12.90it/s]
 36%|███▌      | 18/50 [00:01<00:02, 12.09it/s]
 40%|████      | 20/50 [00:01<00:02, 11.68it/s]
 44%|████▍     | 22/50 [00:01<00:02, 11.40it/s]
 48%|████▊     | 24/50 [00:01<00:02, 11.10it/s]
 52%|█████▏    | 26/50 [00:02<00:02, 10.92it/s]
 56%|█████▌    | 28/50 [00:02<00:02, 10.86it/s]
 60%|██████    | 30/50 [00:02<00:01, 11.66it/s]
 64%|██████▍   | 32/50 [00:02<00:01, 11.33it/s]
 68%|██████▊   | 34/50 [00:02<00:01, 11.08it/s]
 72%|███████▏  | 36/50 [00:02<00:01, 10.90it/s]
 76%|███████▌  | 38/50 [00:03<00:01, 10.79it/s]
 80%|████████  | 40/50 [00:03<00:00, 10.76it/s]
 84%|████████▍ | 42/50 [00:03<00:00, 10.66it/s]
 88%|████████▊ | 44/50 [00:03<00:00, 10.61it/s]
 92%|█████████▏| 46/50 [00:03<00:00, 10.58it/s]
 96%|█████████▌| 48/50 [00:04<00:00, 10.60it/s]
100%|██████████| 50/50 [00:04<00:00, 10.62it/s]
100%|██████████| 50/50 [00:04<00:00, 11.66it/s]


--- 1. Computing Semantic Vector Shift from Text ---
Loading BiomedCLIP Model: chuhac/BiomedCLIP-vit-bert-hf
Using Text Anchors: 'healthy breast' - 'tumor breast'
Injecting shift vector with alpha = 1.0
Target Embedding Shape (Input to SD): torch.Size([1, 4, 768])

--- 2. Loading Stable Diffusion Inpainting Model ---
Model ID: runwayml/stable-diffusion-inpainting

--- 3. Processing Image ---
Dilating mask by 3 iterations...

--- 4. Running Generation ---
Saving output to: /home/woojye2020/decs_jupyter_lab/MedCLIP-SAMv2/generated_neg_output/udiat_vector_injection_breast2/Malignant/000030.png
Zero-Shot Translation Complete!

  -> Generating for: 000031.png

Loading pipeline components...:   0%|          | 0/7 [00:00<?, ?it/s]`torch_dtype` is deprecated! Use `dtype` instead!

Loading pipeline components...:  29%|██▊       | 2/7 [00:00<00:01,  4.59it/s]
Loading pipeline components...:  43%|████▎     | 3/7 [00:00<00:00,  4.01it/s]
Loading pipeline components...:  57%|█████▋    | 4/7 [00:00<00:00,  5.07it/s]
Loading pipeline components...:  71%|███████▏  | 5/7 [00:01<00:00,  2.46it/s]An error occurred while trying to fetch /home/woojye2020/.cache/huggingface/hub/models--runwayml--stable-diffusion-inpainting/snapshots/8a4288a76071f7280aedbdb3253bdb9e9d5d84bb/unet: Error no file named diffusion_pytorch_model.safetensors found in directory /home/woojye2020/.cache/huggingface/hub/models--runwayml--stable-diffusion-inpainting/snapshots/8a4288a76071f7280aedbdb3253bdb9e9d5d84bb/unet.
Defaulting to unsafe serialization. Pass `allow_pickle=False` to raise an error instead.

Loading pipeline components...:  86%|████████▌ | 6/7 [00:02<00:00,  2.47it/s]An error occurred while trying to fetch /home/woojye2020/.cache/huggingface/hub/models--runwayml--stable-diffusion-inpainting/snapshots/8a4288a76071f7280aedbdb3253bdb9e9d5d84bb/vae: Error no file named diffusion_pytorch_model.safetensors found in directory /home/woojye2020/.cache/huggingface/hub/models--runwayml--stable-diffusion-inpainting/snapshots/8a4288a76071f7280aedbdb3253bdb9e9d5d84bb/vae.
Defaulting to unsafe serialization. Pass `allow_pickle=False` to raise an error instead.

Loading pipeline components...: 100%|██████████| 7/7 [00:02<00:00,  3.27it/s]

  0%|          | 0/50 [00:00<?, ?it/s]
  2%|▏         | 1/50 [00:00<00:07,  6.27it/s]
  6%|▌         | 3/50 [00:00<00:05,  9.09it/s]
 10%|█         | 5/50 [00:00<00:04,  9.89it/s]
 14%|█▍        | 7/50 [00:00<00:04, 10.25it/s]
 18%|█▊        | 9/50 [00:00<00:03, 11.65it/s]
 24%|██▍       | 12/50 [00:00<00:02, 15.15it/s]
 30%|███       | 15/50 [00:01<00:01, 17.73it/s]
 36%|███▌      | 18/50 [00:01<00:01, 19.61it/s]
 42%|████▏     | 21/50 [00:01<00:01, 20.98it/s]
 48%|████▊     | 24/50 [00:01<00:01, 21.97it/s]
 54%|█████▍    | 27/50 [00:01<00:01, 22.68it/s]
 60%|██████    | 30/50 [00:01<00:00, 23.18it/s]
 66%|██████▌   | 33/50 [00:01<00:00, 23.53it/s]
 72%|███████▏  | 36/50 [00:01<00:00, 23.72it/s]
 78%|███████▊  | 39/50 [00:02<00:00, 23.87it/s]
 84%|████████▍ | 42/50 [00:02<00:00, 24.00it/s]
 90%|█████████ | 45/50 [00:02<00:00, 24.09it/s]
 96%|█████████▌| 48/50 [00:02<00:00, 24.16it/s]
100%|██████████| 50/50 [00:02<00:00, 19.70it/s]


--- 1. Computing Semantic Vector Shift from Text ---
Loading BiomedCLIP Model: chuhac/BiomedCLIP-vit-bert-hf
Using Text Anchors: 'healthy breast' - 'tumor breast'
Injecting shift vector with alpha = 1.0
Target Embedding Shape (Input to SD): torch.Size([1, 4, 768])

--- 2. Loading Stable Diffusion Inpainting Model ---
Model ID: runwayml/stable-diffusion-inpainting

--- 3. Processing Image ---
Dilating mask by 3 iterations...

--- 4. Running Generation ---
Saving output to: /home/woojye2020/decs_jupyter_lab/MedCLIP-SAMv2/generated_neg_output/udiat_vector_injection_breast2/Malignant/000031.png
Zero-Shot Translation Complete!

  -> Generating for: 000041.png

Loading pipeline components...:   0%|          | 0/7 [00:00<?, ?it/s]An error occurred while trying to fetch /home/woojye2020/.cache/huggingface/hub/models--runwayml--stable-diffusion-inpainting/snapshots/8a4288a76071f7280aedbdb3253bdb9e9d5d84bb/unet: Error no file named diffusion_pytorch_model.safetensors found in directory /home/woojye2020/.cache/huggingface/hub/models--runwayml--stable-diffusion-inpainting/snapshots/8a4288a76071f7280aedbdb3253bdb9e9d5d84bb/unet.
Defaulting to unsafe serialization. Pass `allow_pickle=False` to raise an error instead.

Loading pipeline components...:  14%|█▍        | 1/7 [00:01<00:06,  1.06s/it]An error occurred while trying to fetch /home/woojye2020/.cache/huggingface/hub/models--runwayml--stable-diffusion-inpainting/snapshots/8a4288a76071f7280aedbdb3253bdb9e9d5d84bb/vae: Error no file named diffusion_pytorch_model.safetensors found in directory /home/woojye2020/.cache/huggingface/hub/models--runwayml--stable-diffusion-inpainting/snapshots/8a4288a76071f7280aedbdb3253bdb9e9d5d84bb/vae.
Defaulting to unsafe serialization. Pass `allow_pickle=False` to raise an error instead.

Loading pipeline components...:  43%|████▎     | 3/7 [00:01<00:01,  3.21it/s]`torch_dtype` is deprecated! Use `dtype` instead!

Loading pipeline components...:  71%|███████▏  | 5/7 [00:02<00:01,  1.91it/s]
Loading pipeline components...:  86%|████████▌ | 6/7 [00:02<00:00,  2.42it/s]
Loading pipeline components...: 100%|██████████| 7/7 [00:02<00:00,  2.56it/s]

  0%|          | 0/50 [00:00<?, ?it/s]
  2%|▏         | 1/50 [00:00<00:08,  5.94it/s]
  8%|▊         | 4/50 [00:00<00:03, 13.74it/s]
 12%|█▏        | 6/50 [00:00<00:02, 15.75it/s]
 16%|█▌        | 8/50 [00:00<00:02, 17.06it/s]
 20%|██        | 10/50 [00:00<00:02, 17.87it/s]
 26%|██▌       | 13/50 [00:00<00:01, 18.82it/s]
 32%|███▏      | 16/50 [00:00<00:01, 19.33it/s]
 38%|███▊      | 19/50 [00:01<00:01, 19.63it/s]
 44%|████▍     | 22/50 [00:01<00:01, 19.75it/s]
 48%|████▊     | 24/50 [00:01<00:01, 19.71it/s]
 52%|█████▏    | 26/50 [00:01<00:01, 19.78it/s]
 56%|█████▌    | 28/50 [00:01<00:01, 19.75it/s]
 62%|██████▏   | 31/50 [00:01<00:00, 19.95it/s]
 68%|██████▊   | 34/50 [00:01<00:00, 20.06it/s]
 74%|███████▍  | 37/50 [00:01<00:00, 20.59it/s]
 80%|████████  | 40/50 [00:02<00:00, 21.63it/s]
 86%|████████▌ | 43/50 [00:02<00:00, 21.74it/s]
 92%|█████████▏| 46/50 [00:02<00:00, 21.75it/s]
 98%|█████████▊| 49/50 [00:02<00:00, 21.73it/s]
100%|██████████| 50/50 [00:02<00:00, 19.68it/s]


--- 1. Computing Semantic Vector Shift from Text ---
Loading BiomedCLIP Model: chuhac/BiomedCLIP-vit-bert-hf
Using Text Anchors: 'healthy breast' - 'tumor breast'
Injecting shift vector with alpha = 1.0
Target Embedding Shape (Input to SD): torch.Size([1, 4, 768])

--- 2. Loading Stable Diffusion Inpainting Model ---
Model ID: runwayml/stable-diffusion-inpainting

--- 3. Processing Image ---
Dilating mask by 3 iterations...

--- 4. Running Generation ---
Saving output to: /home/woojye2020/decs_jupyter_lab/MedCLIP-SAMv2/generated_neg_output/udiat_vector_injection_breast2/Malignant/000041.png
Zero-Shot Translation Complete!

  -> Generating for: 000043.png

Loading pipeline components...:   0%|          | 0/7 [00:00<?, ?it/s]
Loading pipeline components...:  14%|█▍        | 1/7 [00:00<00:02,  2.94it/s]An error occurred while trying to fetch /home/woojye2020/.cache/huggingface/hub/models--runwayml--stable-diffusion-inpainting/snapshots/8a4288a76071f7280aedbdb3253bdb9e9d5d84bb/unet: Error no file named diffusion_pytorch_model.safetensors found in directory /home/woojye2020/.cache/huggingface/hub/models--runwayml--stable-diffusion-inpainting/snapshots/8a4288a76071f7280aedbdb3253bdb9e9d5d84bb/unet.
Defaulting to unsafe serialization. Pass `allow_pickle=False` to raise an error instead.

Loading pipeline components...:  43%|████▎     | 3/7 [00:00<00:00,  4.17it/s]An error occurred while trying to fetch /home/woojye2020/.cache/huggingface/hub/models--runwayml--stable-diffusion-inpainting/snapshots/8a4288a76071f7280aedbdb3253bdb9e9d5d84bb/vae: Error no file named diffusion_pytorch_model.safetensors found in directory /home/woojye2020/.cache/huggingface/hub/models--runwayml--stable-diffusion-inpainting/snapshots/8a4288a76071f7280aedbdb3253bdb9e9d5d84bb/vae.
Defaulting to unsafe serialization. Pass `allow_pickle=False` to raise an error instead.

Loading pipeline components...:  71%|███████▏  | 5/7 [00:00<00:00,  6.07it/s]`torch_dtype` is deprecated! Use `dtype` instead!

Loading pipeline components...:  86%|████████▌ | 6/7 [00:01<00:00,  4.68it/s]
Loading pipeline components...: 100%|██████████| 7/7 [00:02<00:00,  2.71it/s]
Loading pipeline components...: 100%|██████████| 7/7 [00:02<00:00,  3.40it/s]

  0%|          | 0/50 [00:00<?, ?it/s]
  2%|▏         | 1/50 [00:00<00:07,  6.70it/s]
  6%|▌         | 3/50 [00:00<00:05,  9.17it/s]
 10%|█         | 5/50 [00:00<00:04,  9.81it/s]
 14%|█▍        | 7/50 [00:00<00:03, 11.99it/s]
 20%|██        | 10/50 [00:00<00:02, 15.79it/s]
 26%|██▌       | 13/50 [00:00<00:02, 18.40it/s]
 32%|███▏      | 16/50 [00:01<00:01, 20.20it/s]
 38%|███▊      | 19/50 [00:01<00:01, 21.41it/s]
 44%|████▍     | 22/50 [00:01<00:01, 19.64it/s]
 50%|█████     | 25/50 [00:01<00:01, 15.55it/s]
 54%|█████▍    | 27/50 [00:01<00:01, 14.07it/s]
 58%|█████▊    | 29/50 [00:01<00:01, 13.07it/s]
 64%|██████▍   | 32/50 [00:02<00:01, 15.55it/s]
 70%|███████   | 35/50 [00:02<00:00, 17.67it/s]
 76%|███████▌  | 38/50 [00:02<00:00, 19.35it/s]
 82%|████████▏ | 41/50 [00:02<00:00, 20.66it/s]
 88%|████████▊ | 44/50 [00:02<00:00, 21.67it/s]
 94%|█████████▍| 47/50 [00:02<00:00, 22.42it/s]
100%|██████████| 50/50 [00:02<00:00, 22.95it/s]
100%|██████████| 50/50 [00:02<00:00, 17.63it/s]


--- 1. Computing Semantic Vector Shift from Text ---
Loading BiomedCLIP Model: chuhac/BiomedCLIP-vit-bert-hf
Using Text Anchors: 'healthy breast' - 'tumor breast'
Injecting shift vector with alpha = 1.0
Target Embedding Shape (Input to SD): torch.Size([1, 4, 768])

--- 2. Loading Stable Diffusion Inpainting Model ---
Model ID: runwayml/stable-diffusion-inpainting

--- 3. Processing Image ---
Dilating mask by 3 iterations...

--- 4. Running Generation ---
Saving output to: /home/woojye2020/decs_jupyter_lab/MedCLIP-SAMv2/generated_neg_output/udiat_vector_injection_breast2/Malignant/000043.png
Zero-Shot Translation Complete!

  -> Generating for: 000044.png

Loading pipeline components...:   0%|          | 0/7 [00:00<?, ?it/s]
Loading pipeline components...:  14%|█▍        | 1/7 [00:01<00:09,  1.53s/it]`torch_dtype` is deprecated! Use `dtype` instead!

Loading pipeline components...:  43%|████▎     | 3/7 [00:02<00:02,  1.63it/s]
Loading pipeline components...:  57%|█████▋    | 4/7 [00:03<00:02,  1.32it/s]An error occurred while trying to fetch /home/woojye2020/.cache/huggingface/hub/models--runwayml--stable-diffusion-inpainting/snapshots/8a4288a76071f7280aedbdb3253bdb9e9d5d84bb/unet: Error no file named diffusion_pytorch_model.safetensors found in directory /home/woojye2020/.cache/huggingface/hub/models--runwayml--stable-diffusion-inpainting/snapshots/8a4288a76071f7280aedbdb3253bdb9e9d5d84bb/unet.
Defaulting to unsafe serialization. Pass `allow_pickle=False` to raise an error instead.

Loading pipeline components...:  71%|███████▏  | 5/7 [00:03<00:01,  1.53it/s]An error occurred while trying to fetch /home/woojye2020/.cache/huggingface/hub/models--runwayml--stable-diffusion-inpainting/snapshots/8a4288a76071f7280aedbdb3253bdb9e9d5d84bb/vae: Error no file named diffusion_pytorch_model.safetensors found in directory /home/woojye2020/.cache/huggingface/hub/models--runwayml--stable-diffusion-inpainting/snapshots/8a4288a76071f7280aedbdb3253bdb9e9d5d84bb/vae.
Defaulting to unsafe serialization. Pass `allow_pickle=False` to raise an error instead.

Loading pipeline components...:  86%|████████▌ | 6/7 [00:03<00:00,  2.06it/s]
Loading pipeline components...: 100%|██████████| 7/7 [00:04<00:00,  2.34it/s]
Loading pipeline components...: 100%|██████████| 7/7 [00:04<00:00,  1.74it/s]

  0%|          | 0/50 [00:00<?, ?it/s]
  2%|▏         | 1/50 [00:00<00:08,  5.95it/s]
  8%|▊         | 4/50 [00:00<00:03, 14.09it/s]
 14%|█▍        | 7/50 [00:00<00:02, 17.11it/s]
 20%|██        | 10/50 [00:00<00:02, 19.45it/s]
 26%|██▌       | 13/50 [00:00<00:01, 21.04it/s]
 32%|███▏      | 16/50 [00:00<00:01, 22.12it/s]
 38%|███▊      | 19/50 [00:00<00:01, 22.86it/s]
 44%|████▍     | 22/50 [00:01<00:01, 23.35it/s]
 50%|█████     | 25/50 [00:01<00:01, 23.66it/s]
 56%|█████▌    | 28/50 [00:01<00:00, 23.84it/s]
 62%|██████▏   | 31/50 [00:01<00:00, 23.91it/s]
 68%|██████▊   | 34/50 [00:01<00:00, 23.94it/s]
 74%|███████▍  | 37/50 [00:01<00:00, 23.95it/s]
 80%|████████  | 40/50 [00:01<00:00, 23.99it/s]
 86%|████████▌ | 43/50 [00:01<00:00, 24.11it/s]
 92%|█████████▏| 46/50 [00:02<00:00, 24.18it/s]
 98%|█████████▊| 49/50 [00:02<00:00, 24.24it/s]
100%|██████████| 50/50 [00:02<00:00, 22.41it/s]


--- 1. Computing Semantic Vector Shift from Text ---
Loading BiomedCLIP Model: chuhac/BiomedCLIP-vit-bert-hf
Using Text Anchors: 'healthy breast' - 'tumor breast'
Injecting shift vector with alpha = 1.0
Target Embedding Shape (Input to SD): torch.Size([1, 4, 768])

--- 2. Loading Stable Diffusion Inpainting Model ---
Model ID: runwayml/stable-diffusion-inpainting

--- 3. Processing Image ---
Dilating mask by 3 iterations...

--- 4. Running Generation ---
Saving output to: /home/woojye2020/decs_jupyter_lab/MedCLIP-SAMv2/generated_neg_output/udiat_vector_injection_breast2/Malignant/000044.png
Zero-Shot Translation Complete!

  -> Generating for: 000045.png

Loading pipeline components...:   0%|          | 0/7 [00:00<?, ?it/s]
Loading pipeline components...:  14%|█▍        | 1/7 [00:00<00:03,  1.55it/s]An error occurred while trying to fetch /home/woojye2020/.cache/huggingface/hub/models--runwayml--stable-diffusion-inpainting/snapshots/8a4288a76071f7280aedbdb3253bdb9e9d5d84bb/vae: Error no file named diffusion_pytorch_model.safetensors found in directory /home/woojye2020/.cache/huggingface/hub/models--runwayml--stable-diffusion-inpainting/snapshots/8a4288a76071f7280aedbdb3253bdb9e9d5d84bb/vae.
Defaulting to unsafe serialization. Pass `allow_pickle=False` to raise an error instead.

Loading pipeline components...:  29%|██▊       | 2/7 [00:00<00:01,  2.73it/s]
Loading pipeline components...:  43%|████▎     | 3/7 [00:00<00:01,  3.94it/s]`torch_dtype` is deprecated! Use `dtype` instead!

Loading pipeline components...:  57%|█████▋    | 4/7 [00:02<00:01,  1.69it/s]An error occurred while trying to fetch /home/woojye2020/.cache/huggingface/hub/models--runwayml--stable-diffusion-inpainting/snapshots/8a4288a76071f7280aedbdb3253bdb9e9d5d84bb/unet: Error no file named diffusion_pytorch_model.safetensors found in directory /home/woojye2020/.cache/huggingface/hub/models--runwayml--stable-diffusion-inpainting/snapshots/8a4288a76071f7280aedbdb3253bdb9e9d5d84bb/unet.
Defaulting to unsafe serialization. Pass `allow_pickle=False` to raise an error instead.

Loading pipeline components...:  71%|███████▏  | 5/7 [00:02<00:01,  1.77it/s]
Loading pipeline components...: 100%|██████████| 7/7 [00:03<00:00,  2.48it/s]
Loading pipeline components...: 100%|██████████| 7/7 [00:03<00:00,  2.29it/s]

  0%|          | 0/50 [00:00<?, ?it/s]
  2%|▏         | 1/50 [00:00<00:05,  8.49it/s]
  8%|▊         | 4/50 [00:00<00:02, 18.25it/s]
 14%|█▍        | 7/50 [00:00<00:02, 21.19it/s]
 20%|██        | 10/50 [00:00<00:01, 22.51it/s]
 26%|██▌       | 13/50 [00:00<00:01, 23.24it/s]
 32%|███▏      | 16/50 [00:00<00:01, 23.67it/s]
 38%|███▊      | 19/50 [00:00<00:01, 23.95it/s]
 44%|████▍     | 22/50 [00:00<00:01, 24.14it/s]
 50%|█████     | 25/50 [00:01<00:01, 24.27it/s]
 56%|█████▌    | 28/50 [00:01<00:00, 24.35it/s]
 62%|██████▏   | 31/50 [00:01<00:00, 24.42it/s]
 68%|██████▊   | 34/50 [00:01<00:00, 24.44it/s]
 74%|███████▍  | 37/50 [00:01<00:00, 24.46it/s]
 80%|████████  | 40/50 [00:01<00:00, 24.47it/s]
 86%|████████▌ | 43/50 [00:01<00:00, 24.48it/s]
 92%|█████████▏| 46/50 [00:01<00:00, 24.49it/s]
 98%|█████████▊| 49/50 [00:02<00:00, 24.40it/s]
100%|██████████| 50/50 [00:02<00:00, 23.63it/s]


--- 1. Computing Semantic Vector Shift from Text ---
Loading BiomedCLIP Model: chuhac/BiomedCLIP-vit-bert-hf
Using Text Anchors: 'healthy breast' - 'tumor breast'
Injecting shift vector with alpha = 1.0
Target Embedding Shape (Input to SD): torch.Size([1, 4, 768])

--- 2. Loading Stable Diffusion Inpainting Model ---
Model ID: runwayml/stable-diffusion-inpainting

--- 3. Processing Image ---
Dilating mask by 3 iterations...

--- 4. Running Generation ---
Saving output to: /home/woojye2020/decs_jupyter_lab/MedCLIP-SAMv2/generated_neg_output/udiat_vector_injection_breast2/Malignant/000045.png
Zero-Shot Translation Complete!

  -> Generating for: 000046.png

Loading pipeline components...:   0%|          | 0/7 [00:00<?, ?it/s]`torch_dtype` is deprecated! Use `dtype` instead!

Loading pipeline components...:  14%|█▍        | 1/7 [00:01<00:06,  1.14s/it]An error occurred while trying to fetch /home/woojye2020/.cache/huggingface/hub/models--runwayml--stable-diffusion-inpainting/snapshots/8a4288a76071f7280aedbdb3253bdb9e9d5d84bb/vae: Error no file named diffusion_pytorch_model.safetensors found in directory /home/woojye2020/.cache/huggingface/hub/models--runwayml--stable-diffusion-inpainting/snapshots/8a4288a76071f7280aedbdb3253bdb9e9d5d84bb/vae.
Defaulting to unsafe serialization. Pass `allow_pickle=False` to raise an error instead.

Loading pipeline components...:  43%|████▎     | 3/7 [00:01<00:01,  2.18it/s]
Loading pipeline components...:  57%|█████▋    | 4/7 [00:01<00:01,  2.91it/s]An error occurred while trying to fetch /home/woojye2020/.cache/huggingface/hub/models--runwayml--stable-diffusion-inpainting/snapshots/8a4288a76071f7280aedbdb3253bdb9e9d5d84bb/unet: Error no file named diffusion_pytorch_model.safetensors found in directory /home/woojye2020/.cache/huggingface/hub/models--runwayml--stable-diffusion-inpainting/snapshots/8a4288a76071f7280aedbdb3253bdb9e9d5d84bb/unet.
Defaulting to unsafe serialization. Pass `allow_pickle=False` to raise an error instead.

Loading pipeline components...:  71%|███████▏  | 5/7 [00:02<00:00,  2.63it/s]
Loading pipeline components...: 100%|██████████| 7/7 [00:02<00:00,  3.73it/s]
Loading pipeline components...: 100%|██████████| 7/7 [00:02<00:00,  2.84it/s]

  0%|          | 0/50 [00:00<?, ?it/s]
  2%|▏         | 1/50 [00:00<00:05,  8.44it/s]
  8%|▊         | 4/50 [00:00<00:02, 18.20it/s]
 14%|█▍        | 7/50 [00:00<00:02, 21.16it/s]
 20%|██        | 10/50 [00:00<00:01, 22.54it/s]
 26%|██▌       | 13/50 [00:00<00:01, 23.29it/s]
 32%|███▏      | 16/50 [00:00<00:01, 23.74it/s]
 38%|███▊      | 19/50 [00:00<00:01, 23.99it/s]
 44%|████▍     | 22/50 [00:00<00:01, 24.16it/s]
 50%|█████     | 25/50 [00:01<00:01, 24.26it/s]
 56%|█████▌    | 28/50 [00:01<00:00, 24.33it/s]
 62%|██████▏   | 31/50 [00:01<00:00, 24.38it/s]
 68%|██████▊   | 34/50 [00:01<00:00, 24.43it/s]
 74%|███████▍  | 37/50 [00:01<00:00, 24.47it/s]
 80%|████████  | 40/50 [00:01<00:00, 24.50it/s]
 86%|████████▌ | 43/50 [00:01<00:00, 24.52it/s]
 92%|█████████▏| 46/50 [00:01<00:00, 24.50it/s]
 98%|█████████▊| 49/50 [00:02<00:00, 24.34it/s]
100%|██████████| 50/50 [00:02<00:00, 23.63it/s]


--- 1. Computing Semantic Vector Shift from Text ---
Loading BiomedCLIP Model: chuhac/BiomedCLIP-vit-bert-hf
Using Text Anchors: 'healthy breast' - 'tumor breast'
Injecting shift vector with alpha = 1.0
Target Embedding Shape (Input to SD): torch.Size([1, 4, 768])

--- 2. Loading Stable Diffusion Inpainting Model ---
Model ID: runwayml/stable-diffusion-inpainting

--- 3. Processing Image ---
Dilating mask by 3 iterations...

--- 4. Running Generation ---
Saving output to: /home/woojye2020/decs_jupyter_lab/MedCLIP-SAMv2/generated_neg_output/udiat_vector_injection_breast2/Malignant/000046.png
Zero-Shot Translation Complete!

  -> Generating for: 000047.png

Loading pipeline components...:   0%|          | 0/7 [00:00<?, ?it/s]
Loading pipeline components...:  29%|██▊       | 2/7 [00:00<00:00,  9.76it/s]`torch_dtype` is deprecated! Use `dtype` instead!

Loading pipeline components...:  43%|████▎     | 3/7 [00:01<00:02,  1.89it/s]An error occurred while trying to fetch /home/woojye2020/.cache/huggingface/hub/models--runwayml--stable-diffusion-inpainting/snapshots/8a4288a76071f7280aedbdb3253bdb9e9d5d84bb/vae: Error no file named diffusion_pytorch_model.safetensors found in directory /home/woojye2020/.cache/huggingface/hub/models--runwayml--stable-diffusion-inpainting/snapshots/8a4288a76071f7280aedbdb3253bdb9e9d5d84bb/vae.
Defaulting to unsafe serialization. Pass `allow_pickle=False` to raise an error instead.

Loading pipeline components...:  57%|█████▋    | 4/7 [00:01<00:01,  2.11it/s]An error occurred while trying to fetch /home/woojye2020/.cache/huggingface/hub/models--runwayml--stable-diffusion-inpainting/snapshots/8a4288a76071f7280aedbdb3253bdb9e9d5d84bb/unet: Error no file named diffusion_pytorch_model.safetensors found in directory /home/woojye2020/.cache/huggingface/hub/models--runwayml--stable-diffusion-inpainting/snapshots/8a4288a76071f7280aedbdb3253bdb9e9d5d84bb/unet.
Defaulting to unsafe serialization. Pass `allow_pickle=False` to raise an error instead.

Loading pipeline components...:  86%|████████▌ | 6/7 [00:02<00:00,  2.81it/s]
Loading pipeline components...: 100%|██████████| 7/7 [00:02<00:00,  2.65it/s]
Loading pipeline components...: 100%|██████████| 7/7 [00:02<00:00,  2.65it/s]

  0%|          | 0/50 [00:00<?, ?it/s]
  2%|▏         | 1/50 [00:00<00:08,  6.05it/s]
  8%|▊         | 4/50 [00:00<00:03, 14.15it/s]
 14%|█▍        | 7/50 [00:00<00:02, 17.06it/s]
 20%|██        | 10/50 [00:00<00:02, 19.55it/s]
 26%|██▌       | 13/50 [00:00<00:01, 21.23it/s]
 32%|███▏      | 16/50 [00:00<00:01, 22.32it/s]
 38%|███▊      | 19/50 [00:00<00:01, 23.04it/s]
 44%|████▍     | 22/50 [00:01<00:01, 23.53it/s]
 50%|█████     | 25/50 [00:01<00:01, 23.84it/s]
 56%|█████▌    | 28/50 [00:01<00:00, 24.05it/s]
 62%|██████▏   | 31/50 [00:01<00:00, 24.19it/s]
 68%|██████▊   | 34/50 [00:01<00:00, 24.28it/s]
 74%|███████▍  | 37/50 [00:01<00:00, 24.35it/s]
 80%|████████  | 40/50 [00:01<00:00, 24.41it/s]
 86%|████████▌ | 43/50 [00:01<00:00, 24.46it/s]
 92%|█████████▏| 46/50 [00:02<00:00, 24.49it/s]
 98%|█████████▊| 49/50 [00:02<00:00, 24.52it/s]
100%|██████████| 50/50 [00:02<00:00, 22.64it/s]


--- 1. Computing Semantic Vector Shift from Text ---
Loading BiomedCLIP Model: chuhac/BiomedCLIP-vit-bert-hf
Using Text Anchors: 'healthy breast' - 'tumor breast'
Injecting shift vector with alpha = 1.0
Target Embedding Shape (Input to SD): torch.Size([1, 4, 768])

--- 2. Loading Stable Diffusion Inpainting Model ---
Model ID: runwayml/stable-diffusion-inpainting

--- 3. Processing Image ---
Dilating mask by 3 iterations...

--- 4. Running Generation ---
Saving output to: /home/woojye2020/decs_jupyter_lab/MedCLIP-SAMv2/generated_neg_output/udiat_vector_injection_breast2/Malignant/000047.png
Zero-Shot Translation Complete!

  -> Generating for: 000048.png

Loading pipeline components...:   0%|          | 0/7 [00:00<?, ?it/s]
Loading pipeline components...:  14%|█▍        | 1/7 [00:00<00:01,  5.44it/s]An error occurred while trying to fetch /home/woojye2020/.cache/huggingface/hub/models--runwayml--stable-diffusion-inpainting/snapshots/8a4288a76071f7280aedbdb3253bdb9e9d5d84bb/unet: Error no file named diffusion_pytorch_model.safetensors found in directory /home/woojye2020/.cache/huggingface/hub/models--runwayml--stable-diffusion-inpainting/snapshots/8a4288a76071f7280aedbdb3253bdb9e9d5d84bb/unet.
Defaulting to unsafe serialization. Pass `allow_pickle=False` to raise an error instead.

Loading pipeline components...:  29%|██▊       | 2/7 [00:00<00:02,  2.25it/s]`torch_dtype` is deprecated! Use `dtype` instead!

Loading pipeline components...:  71%|███████▏  | 5/7 [00:01<00:00,  4.00it/s]An error occurred while trying to fetch /home/woojye2020/.cache/huggingface/hub/models--runwayml--stable-diffusion-inpainting/snapshots/8a4288a76071f7280aedbdb3253bdb9e9d5d84bb/vae: Error no file named diffusion_pytorch_model.safetensors found in directory /home/woojye2020/.cache/huggingface/hub/models--runwayml--stable-diffusion-inpainting/snapshots/8a4288a76071f7280aedbdb3253bdb9e9d5d84bb/vae.
Defaulting to unsafe serialization. Pass `allow_pickle=False` to raise an error instead.

Loading pipeline components...:  86%|████████▌ | 6/7 [00:01<00:00,  4.60it/s]
Loading pipeline components...: 100%|██████████| 7/7 [00:02<00:00,  2.17it/s]
Loading pipeline components...: 100%|██████████| 7/7 [00:02<00:00,  2.71it/s]

  0%|          | 0/50 [00:00<?, ?it/s]
  2%|▏         | 1/50 [00:00<00:05,  8.40it/s]
  8%|▊         | 4/50 [00:00<00:02, 18.16it/s]
 14%|█▍        | 7/50 [00:00<00:02, 21.22it/s]
 20%|██        | 10/50 [00:00<00:01, 22.63it/s]
 26%|██▌       | 13/50 [00:00<00:01, 23.37it/s]
 32%|███▏      | 16/50 [00:00<00:01, 23.80it/s]
 38%|███▊      | 19/50 [00:00<00:01, 24.07it/s]
 44%|████▍     | 22/50 [00:00<00:01, 24.24it/s]
 50%|█████     | 25/50 [00:01<00:01, 24.35it/s]
 56%|█████▌    | 28/50 [00:01<00:00, 24.42it/s]
 62%|██████▏   | 31/50 [00:01<00:00, 24.52it/s]
 68%|██████▊   | 34/50 [00:01<00:00, 24.58it/s]
 74%|███████▍  | 37/50 [00:01<00:00, 24.62it/s]
 80%|████████  | 40/50 [00:01<00:00, 24.66it/s]
 86%|████████▌ | 43/50 [00:01<00:00, 24.65it/s]
 92%|█████████▏| 46/50 [00:01<00:00, 24.63it/s]
 98%|█████████▊| 49/50 [00:02<00:00, 24.61it/s]
100%|██████████| 50/50 [00:02<00:00, 23.76it/s]


--- 1. Computing Semantic Vector Shift from Text ---
Loading BiomedCLIP Model: chuhac/BiomedCLIP-vit-bert-hf
Using Text Anchors: 'healthy breast' - 'tumor breast'
Injecting shift vector with alpha = 1.0
Target Embedding Shape (Input to SD): torch.Size([1, 4, 768])

--- 2. Loading Stable Diffusion Inpainting Model ---
Model ID: runwayml/stable-diffusion-inpainting

--- 3. Processing Image ---
Dilating mask by 3 iterations...

--- 4. Running Generation ---
Saving output to: /home/woojye2020/decs_jupyter_lab/MedCLIP-SAMv2/generated_neg_output/udiat_vector_injection_breast2/Malignant/000048.png
Zero-Shot Translation Complete!

  -> Generating for: 000049.png

Loading pipeline components...:   0%|          | 0/7 [00:00<?, ?it/s]
Loading pipeline components...:  14%|█▍        | 1/7 [00:00<00:01,  5.71it/s]`torch_dtype` is deprecated! Use `dtype` instead!

Loading pipeline components...:  29%|██▊       | 2/7 [00:00<00:01,  2.82it/s]
Loading pipeline components...:  43%|████▎     | 3/7 [00:00<00:01,  3.81it/s]
Loading pipeline components...:  57%|█████▋    | 4/7 [00:01<00:01,  1.67it/s]An error occurred while trying to fetch /home/woojye2020/.cache/huggingface/hub/models--runwayml--stable-diffusion-inpainting/snapshots/8a4288a76071f7280aedbdb3253bdb9e9d5d84bb/unet: Error no file named diffusion_pytorch_model.safetensors found in directory /home/woojye2020/.cache/huggingface/hub/models--runwayml--stable-diffusion-inpainting/snapshots/8a4288a76071f7280aedbdb3253bdb9e9d5d84bb/unet.
Defaulting to unsafe serialization. Pass `allow_pickle=False` to raise an error instead.

Loading pipeline components...:  71%|███████▏  | 5/7 [00:02<00:01,  1.79it/s]An error occurred while trying to fetch /home/woojye2020/.cache/huggingface/hub/models--runwayml--stable-diffusion-inpainting/snapshots/8a4288a76071f7280aedbdb3253bdb9e9d5d84bb/vae: Error no file named diffusion_pytorch_model.safetensors found in directory /home/woojye2020/.cache/huggingface/hub/models--runwayml--stable-diffusion-inpainting/snapshots/8a4288a76071f7280aedbdb3253bdb9e9d5d84bb/vae.
Defaulting to unsafe serialization. Pass `allow_pickle=False` to raise an error instead.

Loading pipeline components...:  86%|████████▌ | 6/7 [00:02<00:00,  2.45it/s]
Loading pipeline components...: 100%|██████████| 7/7 [00:02<00:00,  2.77it/s]

  0%|          | 0/50 [00:00<?, ?it/s]
  2%|▏         | 1/50 [00:00<00:08,  6.02it/s]
  8%|▊         | 4/50 [00:00<00:03, 14.24it/s]
 14%|█▍        | 7/50 [00:00<00:02, 17.26it/s]
 20%|██        | 10/50 [00:00<00:02, 18.80it/s]
 26%|██▌       | 13/50 [00:00<00:01, 20.64it/s]
 32%|███▏      | 16/50 [00:00<00:01, 21.89it/s]
 38%|███▊      | 19/50 [00:00<00:01, 22.72it/s]
 44%|████▍     | 22/50 [00:01<00:01, 23.32it/s]
 50%|█████     | 25/50 [00:01<00:01, 23.75it/s]
 56%|█████▌    | 28/50 [00:01<00:00, 24.05it/s]
 62%|██████▏   | 31/50 [00:01<00:00, 24.23it/s]
 68%|██████▊   | 34/50 [00:01<00:00, 24.36it/s]
 74%|███████▍  | 37/50 [00:01<00:00, 24.47it/s]
 80%|████████  | 40/50 [00:01<00:00, 24.52it/s]
 86%|████████▌ | 43/50 [00:01<00:00, 24.52it/s]
 92%|█████████▏| 46/50 [00:02<00:00, 24.55it/s]
 98%|█████████▊| 49/50 [00:02<00:00, 24.56it/s]
100%|██████████| 50/50 [00:02<00:00, 22.56it/s]


--- 1. Computing Semantic Vector Shift from Text ---
Loading BiomedCLIP Model: chuhac/BiomedCLIP-vit-bert-hf
Using Text Anchors: 'healthy breast' - 'tumor breast'
Injecting shift vector with alpha = 1.0
Target Embedding Shape (Input to SD): torch.Size([1, 4, 768])

--- 2. Loading Stable Diffusion Inpainting Model ---
Model ID: runwayml/stable-diffusion-inpainting

--- 3. Processing Image ---
Dilating mask by 3 iterations...

--- 4. Running Generation ---
Saving output to: /home/woojye2020/decs_jupyter_lab/MedCLIP-SAMv2/generated_neg_output/udiat_vector_injection_breast2/Malignant/000049.png
Zero-Shot Translation Complete!

  -> Generating for: 000050.png

Loading pipeline components...:   0%|          | 0/7 [00:00<?, ?it/s]An error occurred while trying to fetch /home/woojye2020/.cache/huggingface/hub/models--runwayml--stable-diffusion-inpainting/snapshots/8a4288a76071f7280aedbdb3253bdb9e9d5d84bb/unet: Error no file named diffusion_pytorch_model.safetensors found in directory /home/woojye2020/.cache/huggingface/hub/models--runwayml--stable-diffusion-inpainting/snapshots/8a4288a76071f7280aedbdb3253bdb9e9d5d84bb/unet.
Defaulting to unsafe serialization. Pass `allow_pickle=False` to raise an error instead.

Loading pipeline components...:  14%|█▍        | 1/7 [00:01<00:06,  1.03s/it]An error occurred while trying to fetch /home/woojye2020/.cache/huggingface/hub/models--runwayml--stable-diffusion-inpainting/snapshots/8a4288a76071f7280aedbdb3253bdb9e9d5d84bb/vae: Error no file named diffusion_pytorch_model.safetensors found in directory /home/woojye2020/.cache/huggingface/hub/models--runwayml--stable-diffusion-inpainting/snapshots/8a4288a76071f7280aedbdb3253bdb9e9d5d84bb/vae.
Defaulting to unsafe serialization. Pass `allow_pickle=False` to raise an error instead.

Loading pipeline components...:  29%|██▊       | 2/7 [00:01<00:02,  2.04it/s]`torch_dtype` is deprecated! Use `dtype` instead!

Loading pipeline components...:  43%|████▎     | 3/7 [00:02<00:03,  1.22it/s]
Loading pipeline components...:  86%|████████▌ | 6/7 [00:02<00:00,  2.58it/s]
Loading pipeline components...: 100%|██████████| 7/7 [00:02<00:00,  3.11it/s]
Loading pipeline components...: 100%|██████████| 7/7 [00:02<00:00,  2.36it/s]

  0%|          | 0/50 [00:00<?, ?it/s]
  2%|▏         | 1/50 [00:00<00:08,  5.71it/s]
  6%|▌         | 3/50 [00:00<00:03, 11.97it/s]
 10%|█         | 5/50 [00:00<00:03, 14.98it/s]
 14%|█▍        | 7/50 [00:00<00:02, 16.69it/s]
 18%|█▊        | 9/50 [00:00<00:02, 17.71it/s]
 22%|██▏       | 11/50 [00:00<00:02, 18.36it/s]
 26%|██▌       | 13/50 [00:00<00:01, 18.80it/s]
 30%|███       | 15/50 [00:00<00:01, 19.09it/s]
 34%|███▍      | 17/50 [00:00<00:01, 19.27it/s]
 38%|███▊      | 19/50 [00:01<00:01, 19.41it/s]
 42%|████▏     | 21/50 [00:01<00:01, 19.43it/s]
 46%|████▌     | 23/50 [00:01<00:01, 19.53it/s]
 50%|█████     | 25/50 [00:01<00:01, 19.60it/s]
 54%|█████▍    | 27/50 [00:01<00:01, 19.66it/s]
 58%|█████▊    | 29/50 [00:01<00:01, 19.68it/s]
 62%|██████▏   | 31/50 [00:01<00:00, 19.70it/s]
 66%|██████▌   | 33/50 [00:01<00:00, 19.73it/s]
 70%|███████   | 35/50 [00:01<00:00, 19.75it/s]
 74%|███████▍  | 37/50 [00:02<00:00, 19.77it/s]
 78%|███████▊  | 39/50 [00:02<00:00, 19.79it/s]
 84%|████████▍ | 42/50 [00:02<00:00, 20.41it/s]
 90%|█████████ | 45/50 [00:02<00:00, 21.78it/s]
 96%|█████████▌| 48/50 [00:02<00:00, 22.70it/s]
100%|██████████| 50/50 [00:02<00:00, 19.49it/s]


--- 1. Computing Semantic Vector Shift from Text ---
Loading BiomedCLIP Model: chuhac/BiomedCLIP-vit-bert-hf
Using Text Anchors: 'healthy breast' - 'tumor breast'
Injecting shift vector with alpha = 1.0
Target Embedding Shape (Input to SD): torch.Size([1, 4, 768])

--- 2. Loading Stable Diffusion Inpainting Model ---
Model ID: runwayml/stable-diffusion-inpainting

--- 3. Processing Image ---
Dilating mask by 3 iterations...

--- 4. Running Generation ---
Saving output to: /home/woojye2020/decs_jupyter_lab/MedCLIP-SAMv2/generated_neg_output/udiat_vector_injection_breast2/Malignant/000050.png
Zero-Shot Translation Complete!

  -> Generating for: 000053.png

Loading pipeline components...:   0%|          | 0/7 [00:00<?, ?it/s]
Loading pipeline components...:  14%|█▍        | 1/7 [00:00<00:01,  5.35it/s]`torch_dtype` is deprecated! Use `dtype` instead!

Loading pipeline components...:  29%|██▊       | 2/7 [00:01<00:03,  1.36it/s]
Loading pipeline components...:  43%|████▎     | 3/7 [00:01<00:01,  2.09it/s]An error occurred while trying to fetch /home/woojye2020/.cache/huggingface/hub/models--runwayml--stable-diffusion-inpainting/snapshots/8a4288a76071f7280aedbdb3253bdb9e9d5d84bb/vae: Error no file named diffusion_pytorch_model.safetensors found in directory /home/woojye2020/.cache/huggingface/hub/models--runwayml--stable-diffusion-inpainting/snapshots/8a4288a76071f7280aedbdb3253bdb9e9d5d84bb/vae.
Defaulting to unsafe serialization. Pass `allow_pickle=False` to raise an error instead.

Loading pipeline components...:  57%|█████▋    | 4/7 [00:01<00:01,  2.98it/s]
Loading pipeline components...:  86%|████████▌ | 6/7 [00:01<00:00,  4.10it/s]An error occurred while trying to fetch /home/woojye2020/.cache/huggingface/hub/models--runwayml--stable-diffusion-inpainting/snapshots/8a4288a76071f7280aedbdb3253bdb9e9d5d84bb/unet: Error no file named diffusion_pytorch_model.safetensors found in directory /home/woojye2020/.cache/huggingface/hub/models--runwayml--stable-diffusion-inpainting/snapshots/8a4288a76071f7280aedbdb3253bdb9e9d5d84bb/unet.
Defaulting to unsafe serialization. Pass `allow_pickle=False` to raise an error instead.

Loading pipeline components...: 100%|██████████| 7/7 [00:02<00:00,  3.24it/s]
Loading pipeline components...: 100%|██████████| 7/7 [00:02<00:00,  2.92it/s]

  0%|          | 0/50 [00:00<?, ?it/s]
  2%|▏         | 1/50 [00:00<00:08,  6.01it/s]
  8%|▊         | 4/50 [00:00<00:03, 14.05it/s]
 14%|█▍        | 7/50 [00:00<00:02, 16.95it/s]
 20%|██        | 10/50 [00:00<00:02, 18.36it/s]
 26%|██▌       | 13/50 [00:00<00:01, 19.17it/s]
 32%|███▏      | 16/50 [00:00<00:01, 19.66it/s]
 38%|███▊      | 19/50 [00:01<00:01, 20.96it/s]
 44%|████▍     | 22/50 [00:01<00:01, 21.98it/s]
 50%|█████     | 25/50 [00:01<00:01, 22.72it/s]
 56%|█████▌    | 28/50 [00:01<00:00, 23.27it/s]
 62%|██████▏   | 31/50 [00:01<00:00, 23.66it/s]
 68%|██████▊   | 34/50 [00:01<00:00, 23.94it/s]
 74%|███████▍  | 37/50 [00:01<00:00, 24.15it/s]
 80%|████████  | 40/50 [00:01<00:00, 24.25it/s]
 86%|████████▌ | 43/50 [00:01<00:00, 24.32it/s]
 92%|█████████▏| 46/50 [00:02<00:00, 24.36it/s]
 98%|█████████▊| 49/50 [00:02<00:00, 24.39it/s]
100%|██████████| 50/50 [00:02<00:00, 21.90it/s]


--- 1. Computing Semantic Vector Shift from Text ---
Loading BiomedCLIP Model: chuhac/BiomedCLIP-vit-bert-hf
Using Text Anchors: 'healthy breast' - 'tumor breast'
Injecting shift vector with alpha = 1.0
Target Embedding Shape (Input to SD): torch.Size([1, 4, 768])

--- 2. Loading Stable Diffusion Inpainting Model ---
Model ID: runwayml/stable-diffusion-inpainting

--- 3. Processing Image ---
Dilating mask by 3 iterations...

--- 4. Running Generation ---
Saving output to: /home/woojye2020/decs_jupyter_lab/MedCLIP-SAMv2/generated_neg_output/udiat_vector_injection_breast2/Malignant/000053.png
Zero-Shot Translation Complete!

  -> Generating for: 000054.png

Loading pipeline components...:   0%|          | 0/7 [00:00<?, ?it/s]`torch_dtype` is deprecated! Use `dtype` instead!

Loading pipeline components...:  14%|█▍        | 1/7 [00:01<00:06,  1.03s/it]An error occurred while trying to fetch /home/woojye2020/.cache/huggingface/hub/models--runwayml--stable-diffusion-inpainting/snapshots/8a4288a76071f7280aedbdb3253bdb9e9d5d84bb/vae: Error no file named diffusion_pytorch_model.safetensors found in directory /home/woojye2020/.cache/huggingface/hub/models--runwayml--stable-diffusion-inpainting/snapshots/8a4288a76071f7280aedbdb3253bdb9e9d5d84bb/vae.
Defaulting to unsafe serialization. Pass `allow_pickle=False` to raise an error instead.

Loading pipeline components...:  43%|████▎     | 3/7 [00:01<00:01,  2.62it/s]An error occurred while trying to fetch /home/woojye2020/.cache/huggingface/hub/models--runwayml--stable-diffusion-inpainting/snapshots/8a4288a76071f7280aedbdb3253bdb9e9d5d84bb/unet: Error no file named diffusion_pytorch_model.safetensors found in directory /home/woojye2020/.cache/huggingface/hub/models--runwayml--stable-diffusion-inpainting/snapshots/8a4288a76071f7280aedbdb3253bdb9e9d5d84bb/unet.
Defaulting to unsafe serialization. Pass `allow_pickle=False` to raise an error instead.

Loading pipeline components...:  57%|█████▋    | 4/7 [00:01<00:01,  2.50it/s]
Loading pipeline components...:  71%|███████▏  | 5/7 [00:02<00:00,  2.28it/s]
Loading pipeline components...:  86%|████████▌ | 6/7 [00:02<00:00,  3.00it/s]
Loading pipeline components...: 100%|██████████| 7/7 [00:02<00:00,  2.90it/s]

  0%|          | 0/50 [00:00<?, ?it/s]
  2%|▏         | 1/50 [00:00<00:08,  5.68it/s]
  6%|▌         | 3/50 [00:00<00:05,  8.72it/s]
 10%|█         | 5/50 [00:00<00:04, 10.01it/s]
 14%|█▍        | 7/50 [00:00<00:04, 10.64it/s]
 18%|█▊        | 9/50 [00:00<00:03, 10.72it/s]
 22%|██▏       | 11/50 [00:01<00:03, 10.76it/s]
 26%|██▌       | 13/50 [00:01<00:03, 11.13it/s]
 32%|███▏      | 16/50 [00:01<00:02, 14.23it/s]
 38%|███▊      | 19/50 [00:01<00:01, 16.80it/s]
 44%|████▍     | 22/50 [00:01<00:01, 18.18it/s]
 50%|█████     | 25/50 [00:01<00:01, 19.87it/s]
 56%|█████▌    | 28/50 [00:01<00:01, 21.17it/s]
 62%|██████▏   | 31/50 [00:02<00:00, 22.15it/s]
 68%|██████▊   | 34/50 [00:02<00:00, 22.84it/s]
 74%|███████▍  | 37/50 [00:02<00:00, 23.33it/s]
 80%|████████  | 40/50 [00:02<00:00, 23.68it/s]
 86%|████████▌ | 43/50 [00:02<00:00, 23.93it/s]
 92%|█████████▏| 46/50 [00:02<00:00, 24.07it/s]
 98%|█████████▊| 49/50 [00:02<00:00, 24.18it/s]
100%|██████████| 50/50 [00:02<00:00, 18.00it/s]


--- 1. Computing Semantic Vector Shift from Text ---
Loading BiomedCLIP Model: chuhac/BiomedCLIP-vit-bert-hf
Using Text Anchors: 'healthy breast' - 'tumor breast'
Injecting shift vector with alpha = 1.0
Target Embedding Shape (Input to SD): torch.Size([1, 4, 768])

--- 2. Loading Stable Diffusion Inpainting Model ---
Model ID: runwayml/stable-diffusion-inpainting

--- 3. Processing Image ---
Dilating mask by 3 iterations...

--- 4. Running Generation ---
Saving output to: /home/woojye2020/decs_jupyter_lab/MedCLIP-SAMv2/generated_neg_output/udiat_vector_injection_breast2/Malignant/000054.png
Zero-Shot Translation Complete!

  -> Generating for: 000055.png

Loading pipeline components...:   0%|          | 0/7 [00:00<?, ?it/s]An error occurred while trying to fetch /home/woojye2020/.cache/huggingface/hub/models--runwayml--stable-diffusion-inpainting/snapshots/8a4288a76071f7280aedbdb3253bdb9e9d5d84bb/vae: Error no file named diffusion_pytorch_model.safetensors found in directory /home/woojye2020/.cache/huggingface/hub/models--runwayml--stable-diffusion-inpainting/snapshots/8a4288a76071f7280aedbdb3253bdb9e9d5d84bb/vae.
Defaulting to unsafe serialization. Pass `allow_pickle=False` to raise an error instead.

Loading pipeline components...:  14%|█▍        | 1/7 [00:00<00:04,  1.44it/s]`torch_dtype` is deprecated! Use `dtype` instead!

Loading pipeline components...:  29%|██▊       | 2/7 [00:01<00:04,  1.07it/s]
Loading pipeline components...:  43%|████▎     | 3/7 [00:01<00:02,  1.73it/s]
Loading pipeline components...:  71%|███████▏  | 5/7 [00:02<00:00,  2.71it/s]An error occurred while trying to fetch /home/woojye2020/.cache/huggingface/hub/models--runwayml--stable-diffusion-inpainting/snapshots/8a4288a76071f7280aedbdb3253bdb9e9d5d84bb/unet: Error no file named diffusion_pytorch_model.safetensors found in directory /home/woojye2020/.cache/huggingface/hub/models--runwayml--stable-diffusion-inpainting/snapshots/8a4288a76071f7280aedbdb3253bdb9e9d5d84bb/unet.
Defaulting to unsafe serialization. Pass `allow_pickle=False` to raise an error instead.

Loading pipeline components...:  86%|████████▌ | 6/7 [00:02<00:00,  2.62it/s]
Loading pipeline components...: 100%|██████████| 7/7 [00:02<00:00,  2.50it/s]

  0%|          | 0/50 [00:00<?, ?it/s]
  2%|▏         | 1/50 [00:00<00:08,  5.58it/s]
  6%|▌         | 3/50 [00:00<00:04,  9.98it/s]
 10%|█         | 5/50 [00:00<00:04, 10.37it/s]
 14%|█▍        | 7/50 [00:00<00:04, 10.55it/s]
 18%|█▊        | 9/50 [00:00<00:03, 10.65it/s]
 22%|██▏       | 11/50 [00:01<00:03, 10.70it/s]
 26%|██▌       | 13/50 [00:01<00:03, 10.75it/s]
 30%|███       | 15/50 [00:01<00:03, 10.81it/s]
 34%|███▍      | 17/50 [00:01<00:03, 10.80it/s]
 38%|███▊      | 19/50 [00:01<00:02, 10.82it/s]
 44%|████▍     | 22/50 [00:01<00:02, 13.90it/s]
 50%|█████     | 25/50 [00:02<00:01, 16.48it/s]
 56%|█████▌    | 28/50 [00:02<00:01, 18.56it/s]
 62%|██████▏   | 31/50 [00:02<00:00, 20.16it/s]
 68%|██████▊   | 34/50 [00:02<00:00, 21.37it/s]
 74%|███████▍  | 37/50 [00:02<00:00, 22.26it/s]
 80%|████████  | 40/50 [00:02<00:00, 22.90it/s]
 86%|████████▌ | 43/50 [00:02<00:00, 23.35it/s]
 92%|█████████▏| 46/50 [00:02<00:00, 23.67it/s]
 98%|█████████▊| 49/50 [00:03<00:00, 23.90it/s]
100%|██████████| 50/50 [00:03<00:00, 16.29it/s]


--- 1. Computing Semantic Vector Shift from Text ---
Loading BiomedCLIP Model: chuhac/BiomedCLIP-vit-bert-hf
Using Text Anchors: 'healthy breast' - 'tumor breast'
Injecting shift vector with alpha = 1.0
Target Embedding Shape (Input to SD): torch.Size([1, 4, 768])

--- 2. Loading Stable Diffusion Inpainting Model ---
Model ID: runwayml/stable-diffusion-inpainting

--- 3. Processing Image ---
Dilating mask by 3 iterations...

--- 4. Running Generation ---
Saving output to: /home/woojye2020/decs_jupyter_lab/MedCLIP-SAMv2/generated_neg_output/udiat_vector_injection_breast2/Malignant/000055.png
Zero-Shot Translation Complete!

  -> Generating for: 000057.png

Loading pipeline components...:   0%|          | 0/7 [00:00<?, ?it/s]`torch_dtype` is deprecated! Use `dtype` instead!

Loading pipeline components...:  14%|█▍        | 1/7 [00:00<00:03,  1.72it/s]An error occurred while trying to fetch /home/woojye2020/.cache/huggingface/hub/models--runwayml--stable-diffusion-inpainting/snapshots/8a4288a76071f7280aedbdb3253bdb9e9d5d84bb/unet: Error no file named diffusion_pytorch_model.safetensors found in directory /home/woojye2020/.cache/huggingface/hub/models--runwayml--stable-diffusion-inpainting/snapshots/8a4288a76071f7280aedbdb3253bdb9e9d5d84bb/unet.
Defaulting to unsafe serialization. Pass `allow_pickle=False` to raise an error instead.

Loading pipeline components...:  43%|████▎     | 3/7 [00:01<00:01,  2.49it/s]An error occurred while trying to fetch /home/woojye2020/.cache/huggingface/hub/models--runwayml--stable-diffusion-inpainting/snapshots/8a4288a76071f7280aedbdb3253bdb9e9d5d84bb/vae: Error no file named diffusion_pytorch_model.safetensors found in directory /home/woojye2020/.cache/huggingface/hub/models--runwayml--stable-diffusion-inpainting/snapshots/8a4288a76071f7280aedbdb3253bdb9e9d5d84bb/vae.
Defaulting to unsafe serialization. Pass `allow_pickle=False` to raise an error instead.

Loading pipeline components...:  71%|███████▏  | 5/7 [00:01<00:00,  4.49it/s]
Loading pipeline components...:  86%|████████▌ | 6/7 [00:01<00:00,  5.16it/s]
Loading pipeline components...: 100%|██████████| 7/7 [00:02<00:00,  2.40it/s]
Loading pipeline components...: 100%|██████████| 7/7 [00:02<00:00,  2.82it/s]

  0%|          | 0/50 [00:00<?, ?it/s]
  2%|▏         | 1/50 [00:00<00:06,  7.96it/s]
  8%|▊         | 4/50 [00:00<00:02, 17.74it/s]
 14%|█▍        | 7/50 [00:00<00:02, 19.14it/s]
 18%|█▊        | 9/50 [00:00<00:02, 15.04it/s]
 22%|██▏       | 11/50 [00:00<00:02, 13.18it/s]
 26%|██▌       | 13/50 [00:00<00:03, 12.20it/s]
 30%|███       | 15/50 [00:01<00:03, 11.63it/s]
 34%|███▍      | 17/50 [00:01<00:02, 11.40it/s]
 38%|███▊      | 19/50 [00:01<00:02, 11.09it/s]
 42%|████▏     | 21/50 [00:01<00:02, 10.92it/s]
 46%|████▌     | 23/50 [00:01<00:02, 10.79it/s]
 50%|█████     | 25/50 [00:02<00:02, 10.78it/s]
 54%|█████▍    | 27/50 [00:02<00:02, 10.70it/s]
 58%|█████▊    | 29/50 [00:02<00:01, 10.64it/s]
 62%|██████▏   | 31/50 [00:02<00:01, 10.60it/s]
 66%|██████▌   | 33/50 [00:02<00:01, 10.59it/s]
 70%|███████   | 35/50 [00:03<00:01, 10.67it/s]
 74%|███████▍  | 37/50 [00:03<00:01, 10.61it/s]
 78%|███████▊  | 39/50 [00:03<00:01, 10.58it/s]
 82%|████████▏ | 41/50 [00:03<00:00, 10.56it/s]
 86%|████████▌ | 43/50 [00:03<00:00, 10.63it/s]
 90%|█████████ | 45/50 [00:03<00:00, 10.59it/s]
 94%|█████████▍| 47/50 [00:04<00:00, 10.54it/s]
 98%|█████████▊| 49/50 [00:04<00:00, 10.53it/s]
100%|██████████| 50/50 [00:04<00:00, 11.21it/s]


--- 1. Computing Semantic Vector Shift from Text ---
Loading BiomedCLIP Model: chuhac/BiomedCLIP-vit-bert-hf
Using Text Anchors: 'healthy breast' - 'tumor breast'
Injecting shift vector with alpha = 1.0
Target Embedding Shape (Input to SD): torch.Size([1, 4, 768])

--- 2. Loading Stable Diffusion Inpainting Model ---
Model ID: runwayml/stable-diffusion-inpainting

--- 3. Processing Image ---
Dilating mask by 3 iterations...

--- 4. Running Generation ---
Saving output to: /home/woojye2020/decs_jupyter_lab/MedCLIP-SAMv2/generated_neg_output/udiat_vector_injection_breast2/Malignant/000057.png
Zero-Shot Translation Complete!

  -> Generating for: 000132.png

Loading pipeline components...:   0%|          | 0/7 [00:00<?, ?it/s]
Loading pipeline components...:  14%|█▍        | 1/7 [00:00<00:05,  1.02it/s]`torch_dtype` is deprecated! Use `dtype` instead!

Loading pipeline components...:  29%|██▊       | 2/7 [00:01<00:03,  1.35it/s]An error occurred while trying to fetch /home/woojye2020/.cache/huggingface/hub/models--runwayml--stable-diffusion-inpainting/snapshots/8a4288a76071f7280aedbdb3253bdb9e9d5d84bb/unet: Error no file named diffusion_pytorch_model.safetensors found in directory /home/woojye2020/.cache/huggingface/hub/models--runwayml--stable-diffusion-inpainting/snapshots/8a4288a76071f7280aedbdb3253bdb9e9d5d84bb/unet.
Defaulting to unsafe serialization. Pass `allow_pickle=False` to raise an error instead.

Loading pipeline components...:  43%|████▎     | 3/7 [00:02<00:02,  1.60it/s]
Loading pipeline components...:  57%|█████▋    | 4/7 [00:02<00:01,  1.68it/s]An error occurred while trying to fetch /home/woojye2020/.cache/huggingface/hub/models--runwayml--stable-diffusion-inpainting/snapshots/8a4288a76071f7280aedbdb3253bdb9e9d5d84bb/vae: Error no file named diffusion_pytorch_model.safetensors found in directory /home/woojye2020/.cache/huggingface/hub/models--runwayml--stable-diffusion-inpainting/snapshots/8a4288a76071f7280aedbdb3253bdb9e9d5d84bb/vae.
Defaulting to unsafe serialization. Pass `allow_pickle=False` to raise an error instead.

Loading pipeline components...:  71%|███████▏  | 5/7 [00:02<00:00,  2.37it/s]
Loading pipeline components...: 100%|██████████| 7/7 [00:02<00:00,  4.18it/s]
Loading pipeline components...: 100%|██████████| 7/7 [00:02<00:00,  2.47it/s]

  0%|          | 0/50 [00:00<?, ?it/s]
  2%|▏         | 1/50 [00:00<00:06,  7.14it/s]
  8%|▊         | 4/50 [00:00<00:02, 15.69it/s]
 14%|█▍        | 7/50 [00:00<00:02, 18.07it/s]
 20%|██        | 10/50 [00:00<00:02, 19.12it/s]
 26%|██▌       | 13/50 [00:00<00:01, 19.63it/s]
 32%|███▏      | 16/50 [00:00<00:01, 19.94it/s]
 38%|███▊      | 19/50 [00:01<00:01, 20.15it/s]
 44%|████▍     | 22/50 [00:01<00:01, 20.31it/s]
 50%|█████     | 25/50 [00:01<00:01, 20.38it/s]
 56%|█████▌    | 28/50 [00:01<00:01, 20.37it/s]
 62%|██████▏   | 31/50 [00:01<00:00, 20.29it/s]
 68%|██████▊   | 34/50 [00:01<00:00, 20.20it/s]
 74%|███████▍  | 37/50 [00:01<00:00, 20.14it/s]
 80%|████████  | 40/50 [00:02<00:00, 20.07it/s]
 86%|████████▌ | 43/50 [00:02<00:00, 20.15it/s]
 92%|█████████▏| 46/50 [00:02<00:00, 20.20it/s]
 98%|█████████▊| 49/50 [00:02<00:00, 20.23it/s]
100%|██████████| 50/50 [00:02<00:00, 19.71it/s]


--- 1. Computing Semantic Vector Shift from Text ---
Loading BiomedCLIP Model: chuhac/BiomedCLIP-vit-bert-hf
Using Text Anchors: 'healthy breast' - 'tumor breast'
Injecting shift vector with alpha = 1.0
Target Embedding Shape (Input to SD): torch.Size([1, 4, 768])

--- 2. Loading Stable Diffusion Inpainting Model ---
Model ID: runwayml/stable-diffusion-inpainting

--- 3. Processing Image ---
Dilating mask by 3 iterations...

--- 4. Running Generation ---
Saving output to: /home/woojye2020/decs_jupyter_lab/MedCLIP-SAMv2/generated_neg_output/udiat_vector_injection_breast2/Malignant/000132.png
Zero-Shot Translation Complete!

  -> Generating for: 000133.png

Loading pipeline components...:   0%|          | 0/7 [00:00<?, ?it/s]An error occurred while trying to fetch /home/woojye2020/.cache/huggingface/hub/models--runwayml--stable-diffusion-inpainting/snapshots/8a4288a76071f7280aedbdb3253bdb9e9d5d84bb/vae: Error no file named diffusion_pytorch_model.safetensors found in directory /home/woojye2020/.cache/huggingface/hub/models--runwayml--stable-diffusion-inpainting/snapshots/8a4288a76071f7280aedbdb3253bdb9e9d5d84bb/vae.
Defaulting to unsafe serialization. Pass `allow_pickle=False` to raise an error instead.

Loading pipeline components...:  14%|█▍        | 1/7 [00:00<00:03,  1.90it/s]
Loading pipeline components...:  29%|██▊       | 2/7 [00:00<00:01,  3.51it/s]`torch_dtype` is deprecated! Use `dtype` instead!

Loading pipeline components...:  43%|████▎     | 3/7 [00:01<00:01,  2.56it/s]
Loading pipeline components...:  86%|████████▌ | 6/7 [00:02<00:00,  2.63it/s]An error occurred while trying to fetch /home/woojye2020/.cache/huggingface/hub/models--runwayml--stable-diffusion-inpainting/snapshots/8a4288a76071f7280aedbdb3253bdb9e9d5d84bb/unet: Error no file named diffusion_pytorch_model.safetensors found in directory /home/woojye2020/.cache/huggingface/hub/models--runwayml--stable-diffusion-inpainting/snapshots/8a4288a76071f7280aedbdb3253bdb9e9d5d84bb/unet.
Defaulting to unsafe serialization. Pass `allow_pickle=False` to raise an error instead.

Loading pipeline components...: 100%|██████████| 7/7 [00:02<00:00,  2.45it/s]
Loading pipeline components...: 100%|██████████| 7/7 [00:02<00:00,  2.52it/s]

  0%|          | 0/50 [00:00<?, ?it/s]
  2%|▏         | 1/50 [00:00<00:06,  7.99it/s]
  8%|▊         | 4/50 [00:00<00:02, 17.71it/s]
 14%|█▍        | 7/50 [00:00<00:02, 20.60it/s]
 20%|██        | 10/50 [00:00<00:01, 21.13it/s]
 26%|██▌       | 13/50 [00:00<00:01, 21.56it/s]
 32%|███▏      | 16/50 [00:00<00:01, 21.72it/s]
 38%|███▊      | 19/50 [00:00<00:01, 22.11it/s]
 44%|████▍     | 22/50 [00:01<00:01, 22.83it/s]
 50%|█████     | 25/50 [00:01<00:01, 23.33it/s]
 56%|█████▌    | 28/50 [00:01<00:00, 23.64it/s]
 62%|██████▏   | 31/50 [00:01<00:00, 23.31it/s]
 68%|██████▊   | 34/50 [00:01<00:00, 22.93it/s]
 74%|███████▍  | 37/50 [00:01<00:00, 22.60it/s]
 80%|████████  | 40/50 [00:01<00:00, 22.49it/s]
 86%|████████▌ | 43/50 [00:01<00:00, 23.04it/s]
 92%|█████████▏| 46/50 [00:02<00:00, 23.46it/s]
 98%|█████████▊| 49/50 [00:02<00:00, 23.74it/s]
100%|██████████| 50/50 [00:02<00:00, 22.44it/s]


--- 1. Computing Semantic Vector Shift from Text ---
Loading BiomedCLIP Model: chuhac/BiomedCLIP-vit-bert-hf
Using Text Anchors: 'healthy breast' - 'tumor breast'
Injecting shift vector with alpha = 1.0
Target Embedding Shape (Input to SD): torch.Size([1, 4, 768])

--- 2. Loading Stable Diffusion Inpainting Model ---
Model ID: runwayml/stable-diffusion-inpainting

--- 3. Processing Image ---
Dilating mask by 3 iterations...

--- 4. Running Generation ---
Saving output to: /home/woojye2020/decs_jupyter_lab/MedCLIP-SAMv2/generated_neg_output/udiat_vector_injection_breast2/Malignant/000133.png
Zero-Shot Translation Complete!

  -> Generating for: 000134.png

Loading pipeline components...:   0%|          | 0/7 [00:00<?, ?it/s]`torch_dtype` is deprecated! Use `dtype` instead!

Loading pipeline components...:  14%|█▍        | 1/7 [00:00<00:03,  1.68it/s]
Loading pipeline components...:  29%|██▊       | 2/7 [00:00<00:02,  2.17it/s]
Loading pipeline components...:  43%|████▎     | 3/7 [00:02<00:03,  1.31it/s]
Loading pipeline components...:  57%|█████▋    | 4/7 [00:02<00:01,  1.95it/s]An error occurred while trying to fetch /home/woojye2020/.cache/huggingface/hub/models--runwayml--stable-diffusion-inpainting/snapshots/8a4288a76071f7280aedbdb3253bdb9e9d5d84bb/vae: Error no file named diffusion_pytorch_model.safetensors found in directory /home/woojye2020/.cache/huggingface/hub/models--runwayml--stable-diffusion-inpainting/snapshots/8a4288a76071f7280aedbdb3253bdb9e9d5d84bb/vae.
Defaulting to unsafe serialization. Pass `allow_pickle=False` to raise an error instead.

Loading pipeline components...:  71%|███████▏  | 5/7 [00:02<00:00,  2.70it/s]An error occurred while trying to fetch /home/woojye2020/.cache/huggingface/hub/models--runwayml--stable-diffusion-inpainting/snapshots/8a4288a76071f7280aedbdb3253bdb9e9d5d84bb/unet: Error no file named diffusion_pytorch_model.safetensors found in directory /home/woojye2020/.cache/huggingface/hub/models--runwayml--stable-diffusion-inpainting/snapshots/8a4288a76071f7280aedbdb3253bdb9e9d5d84bb/unet.
Defaulting to unsafe serialization. Pass `allow_pickle=False` to raise an error instead.

Loading pipeline components...: 100%|██████████| 7/7 [00:02<00:00,  3.38it/s]
Loading pipeline components...: 100%|██████████| 7/7 [00:02<00:00,  2.52it/s]

  0%|          | 0/50 [00:00<?, ?it/s]
  2%|▏         | 1/50 [00:00<00:08,  5.76it/s]
  6%|▌         | 3/50 [00:00<00:03, 12.07it/s]
 10%|█         | 5/50 [00:00<00:02, 15.10it/s]
 14%|█▍        | 7/50 [00:00<00:02, 16.82it/s]
 18%|█▊        | 9/50 [00:00<00:02, 17.74it/s]
 22%|██▏       | 11/50 [00:00<00:02, 18.44it/s]
 26%|██▌       | 13/50 [00:00<00:01, 18.89it/s]
 30%|███       | 15/50 [00:00<00:01, 19.19it/s]
 34%|███▍      | 17/50 [00:00<00:01, 19.32it/s]
 38%|███▊      | 19/50 [00:01<00:01, 19.49it/s]
 44%|████▍     | 22/50 [00:01<00:01, 20.21it/s]
 50%|█████     | 25/50 [00:01<00:01, 21.59it/s]
 56%|█████▌    | 28/50 [00:01<00:00, 22.50it/s]
 62%|██████▏   | 31/50 [00:01<00:00, 23.13it/s]
 68%|██████▊   | 34/50 [00:01<00:00, 23.54it/s]
 74%|███████▍  | 37/50 [00:01<00:00, 23.81it/s]
 80%|████████  | 40/50 [00:01<00:00, 23.98it/s]
 86%|████████▌ | 43/50 [00:02<00:00, 24.11it/s]
 92%|█████████▏| 46/50 [00:02<00:00, 24.21it/s]
 98%|█████████▊| 49/50 [00:02<00:00, 24.27it/s]
100%|██████████| 50/50 [00:02<00:00, 21.10it/s]


--- 1. Computing Semantic Vector Shift from Text ---
Loading BiomedCLIP Model: chuhac/BiomedCLIP-vit-bert-hf
Using Text Anchors: 'healthy breast' - 'tumor breast'
Injecting shift vector with alpha = 1.0
Target Embedding Shape (Input to SD): torch.Size([1, 4, 768])

--- 2. Loading Stable Diffusion Inpainting Model ---
Model ID: runwayml/stable-diffusion-inpainting

--- 3. Processing Image ---
Dilating mask by 3 iterations...

--- 4. Running Generation ---
Saving output to: /home/woojye2020/decs_jupyter_lab/MedCLIP-SAMv2/generated_neg_output/udiat_vector_injection_breast2/Malignant/000134.png
Zero-Shot Translation Complete!

  -> Generating for: 000135.png

Loading pipeline components...:   0%|          | 0/7 [00:00<?, ?it/s]An error occurred while trying to fetch /home/woojye2020/.cache/huggingface/hub/models--runwayml--stable-diffusion-inpainting/snapshots/8a4288a76071f7280aedbdb3253bdb9e9d5d84bb/unet: Error no file named diffusion_pytorch_model.safetensors found in directory /home/woojye2020/.cache/huggingface/hub/models--runwayml--stable-diffusion-inpainting/snapshots/8a4288a76071f7280aedbdb3253bdb9e9d5d84bb/unet.
Defaulting to unsafe serialization. Pass `allow_pickle=False` to raise an error instead.

Loading pipeline components...:  14%|█▍        | 1/7 [00:00<00:05,  1.16it/s]`torch_dtype` is deprecated! Use `dtype` instead!

Loading pipeline components...:  57%|█████▋    | 4/7 [00:01<00:00,  3.28it/s]
Loading pipeline components...:  71%|███████▏  | 5/7 [00:01<00:00,  4.02it/s]
Loading pipeline components...:  86%|████████▌ | 6/7 [00:02<00:00,  2.11it/s]An error occurred while trying to fetch /home/woojye2020/.cache/huggingface/hub/models--runwayml--stable-diffusion-inpainting/snapshots/8a4288a76071f7280aedbdb3253bdb9e9d5d84bb/vae: Error no file named diffusion_pytorch_model.safetensors found in directory /home/woojye2020/.cache/huggingface/hub/models--runwayml--stable-diffusion-inpainting/snapshots/8a4288a76071f7280aedbdb3253bdb9e9d5d84bb/vae.
Defaulting to unsafe serialization. Pass `allow_pickle=False` to raise an error instead.

Loading pipeline components...: 100%|██████████| 7/7 [00:02<00:00,  2.69it/s]
Loading pipeline components...: 100%|██████████| 7/7 [00:02<00:00,  2.64it/s]

  0%|          | 0/50 [00:00<?, ?it/s]
  2%|▏         | 1/50 [00:00<00:08,  5.84it/s]
  8%|▊         | 4/50 [00:00<00:03, 13.78it/s]
 14%|█▍        | 7/50 [00:00<00:02, 16.65it/s]
 20%|██        | 10/50 [00:00<00:02, 18.08it/s]
 26%|██▌       | 13/50 [00:00<00:01, 18.90it/s]
 32%|███▏      | 16/50 [00:00<00:01, 19.41it/s]
 38%|███▊      | 19/50 [00:01<00:01, 19.76it/s]
 44%|████▍     | 22/50 [00:01<00:01, 19.87it/s]
 50%|█████     | 25/50 [00:01<00:01, 20.36it/s]
 56%|█████▌    | 28/50 [00:01<00:01, 21.53it/s]
 62%|██████▏   | 31/50 [00:01<00:00, 22.36it/s]
 68%|██████▊   | 34/50 [00:01<00:00, 22.97it/s]
 74%|███████▍  | 37/50 [00:01<00:00, 23.44it/s]
 80%|████████  | 40/50 [00:01<00:00, 23.78it/s]
 86%|████████▌ | 43/50 [00:02<00:00, 23.95it/s]
 92%|█████████▏| 46/50 [00:02<00:00, 24.07it/s]
 98%|█████████▊| 49/50 [00:02<00:00, 24.17it/s]
100%|██████████| 50/50 [00:02<00:00, 21.10it/s]


--- 1. Computing Semantic Vector Shift from Text ---
Loading BiomedCLIP Model: chuhac/BiomedCLIP-vit-bert-hf
Using Text Anchors: 'healthy breast' - 'tumor breast'
Injecting shift vector with alpha = 1.0
Target Embedding Shape (Input to SD): torch.Size([1, 4, 768])

--- 2. Loading Stable Diffusion Inpainting Model ---
Model ID: runwayml/stable-diffusion-inpainting

--- 3. Processing Image ---
Dilating mask by 3 iterations...

--- 4. Running Generation ---
Saving output to: /home/woojye2020/decs_jupyter_lab/MedCLIP-SAMv2/generated_neg_output/udiat_vector_injection_breast2/Malignant/000135.png
Zero-Shot Translation Complete!

  -> Generating for: 000136.png

Loading pipeline components...:   0%|          | 0/7 [00:00<?, ?it/s]`torch_dtype` is deprecated! Use `dtype` instead!

Loading pipeline components...:  14%|█▍        | 1/7 [00:01<00:06,  1.11s/it]An error occurred while trying to fetch /home/woojye2020/.cache/huggingface/hub/models--runwayml--stable-diffusion-inpainting/snapshots/8a4288a76071f7280aedbdb3253bdb9e9d5d84bb/unet: Error no file named diffusion_pytorch_model.safetensors found in directory /home/woojye2020/.cache/huggingface/hub/models--runwayml--stable-diffusion-inpainting/snapshots/8a4288a76071f7280aedbdb3253bdb9e9d5d84bb/unet.
Defaulting to unsafe serialization. Pass `allow_pickle=False` to raise an error instead.

Loading pipeline components...:  29%|██▊       | 2/7 [00:01<00:04,  1.16it/s]
Loading pipeline components...:  43%|████▎     | 3/7 [00:01<00:02,  1.93it/s]
Loading pipeline components...:  86%|████████▌ | 6/7 [00:02<00:00,  3.84it/s]An error occurred while trying to fetch /home/woojye2020/.cache/huggingface/hub/models--runwayml--stable-diffusion-inpainting/snapshots/8a4288a76071f7280aedbdb3253bdb9e9d5d84bb/vae: Error no file named diffusion_pytorch_model.safetensors found in directory /home/woojye2020/.cache/huggingface/hub/models--runwayml--stable-diffusion-inpainting/snapshots/8a4288a76071f7280aedbdb3253bdb9e9d5d84bb/vae.
Defaulting to unsafe serialization. Pass `allow_pickle=False` to raise an error instead.

Loading pipeline components...: 100%|██████████| 7/7 [00:02<00:00,  2.93it/s]

  0%|          | 0/50 [00:00<?, ?it/s]
  2%|▏         | 1/50 [00:00<00:07,  6.57it/s]
  6%|▌         | 3/50 [00:00<00:05,  9.04it/s]
 10%|█         | 5/50 [00:00<00:04,  9.74it/s]
 14%|█▍        | 7/50 [00:00<00:04, 10.08it/s]
 18%|█▊        | 9/50 [00:00<00:03, 10.35it/s]
 22%|██▏       | 11/50 [00:01<00:03, 10.38it/s]
 26%|██▌       | 13/50 [00:01<00:03, 10.42it/s]
 30%|███       | 15/50 [00:01<00:03, 10.44it/s]
 34%|███▍      | 17/50 [00:01<00:03, 10.51it/s]
 38%|███▊      | 19/50 [00:01<00:02, 10.50it/s]
 42%|████▏     | 21/50 [00:02<00:02, 10.47it/s]
 46%|████▌     | 23/50 [00:02<00:02, 10.48it/s]
 50%|█████     | 25/50 [00:02<00:02, 10.50it/s]
 54%|█████▍    | 27/50 [00:02<00:02, 10.57it/s]
 58%|█████▊    | 29/50 [00:02<00:01, 10.55it/s]
 62%|██████▏   | 31/50 [00:02<00:01, 10.54it/s]
 66%|██████▌   | 33/50 [00:03<00:01, 10.53it/s]
 70%|███████   | 35/50 [00:03<00:01, 10.59it/s]
 74%|███████▍  | 37/50 [00:03<00:01, 10.56it/s]
 78%|███████▊  | 39/50 [00:03<00:01, 10.52it/s]
 82%|████████▏ | 41/50 [00:03<00:00, 10.52it/s]
 86%|████████▌ | 43/50 [00:04<00:00, 10.52it/s]
 90%|█████████ | 45/50 [00:04<00:00, 10.57it/s]
 94%|█████████▍| 47/50 [00:04<00:00, 10.55it/s]
 98%|█████████▊| 49/50 [00:04<00:00, 10.54it/s]
100%|██████████| 50/50 [00:04<00:00, 10.41it/s]


--- 1. Computing Semantic Vector Shift from Text ---
Loading BiomedCLIP Model: chuhac/BiomedCLIP-vit-bert-hf
Using Text Anchors: 'healthy breast' - 'tumor breast'
Injecting shift vector with alpha = 1.0
Target Embedding Shape (Input to SD): torch.Size([1, 4, 768])

--- 2. Loading Stable Diffusion Inpainting Model ---
Model ID: runwayml/stable-diffusion-inpainting

--- 3. Processing Image ---
Dilating mask by 3 iterations...

--- 4. Running Generation ---
Saving output to: /home/woojye2020/decs_jupyter_lab/MedCLIP-SAMv2/generated_neg_output/udiat_vector_injection_breast2/Malignant/000136.png
Zero-Shot Translation Complete!

  -> Generating for: 000137.png

Loading pipeline components...:   0%|          | 0/7 [00:00<?, ?it/s]
Loading pipeline components...:  14%|█▍        | 1/7 [00:02<00:17,  2.94s/it]`torch_dtype` is deprecated! Use `dtype` instead!

Loading pipeline components...:  29%|██▊       | 2/7 [00:03<00:07,  1.56s/it]An error occurred while trying to fetch /home/woojye2020/.cache/huggingface/hub/models--runwayml--stable-diffusion-inpainting/snapshots/8a4288a76071f7280aedbdb3253bdb9e9d5d84bb/vae: Error no file named diffusion_pytorch_model.safetensors found in directory /home/woojye2020/.cache/huggingface/hub/models--runwayml--stable-diffusion-inpainting/snapshots/8a4288a76071f7280aedbdb3253bdb9e9d5d84bb/vae.
Defaulting to unsafe serialization. Pass `allow_pickle=False` to raise an error instead.
An error occurred while trying to fetch /home/woojye2020/.cache/huggingface/hub/models--runwayml--stable-diffusion-inpainting/snapshots/8a4288a76071f7280aedbdb3253bdb9e9d5d84bb/unet: Error no file named diffusion_pytorch_model.safetensors found in directory /home/woojye2020/.cache/huggingface/hub/models--runwayml--stable-diffusion-inpainting/snapshots/8a4288a76071f7280aedbdb3253bdb9e9d5d84bb/unet.
Defaulting to unsafe serialization. Pass `allow_pickle=False` to raise an error instead.

Loading pipeline components...:  57%|█████▋    | 4/7 [00:03<00:02,  1.39it/s]
Loading pipeline components...:  86%|████████▌ | 6/7 [00:04<00:00,  1.77it/s]
Loading pipeline components...: 100%|██████████| 7/7 [00:04<00:00,  1.47it/s]

  0%|          | 0/50 [00:00<?, ?it/s]
  2%|▏         | 1/50 [00:00<00:06,  7.12it/s]
  8%|▊         | 4/50 [00:00<00:02, 16.70it/s]
 14%|█▍        | 7/50 [00:00<00:02, 19.66it/s]
 20%|██        | 10/50 [00:00<00:01, 20.04it/s]
 26%|██▌       | 13/50 [00:00<00:01, 20.26it/s]
 32%|███▏      | 16/50 [00:00<00:01, 20.32it/s]
 38%|███▊      | 19/50 [00:00<00:01, 20.28it/s]
 44%|████▍     | 22/50 [00:01<00:01, 20.27it/s]
 50%|█████     | 25/50 [00:01<00:01, 20.26it/s]
 56%|█████▌    | 28/50 [00:01<00:01, 20.26it/s]
 62%|██████▏   | 31/50 [00:01<00:00, 20.26it/s]
 68%|██████▊   | 34/50 [00:01<00:00, 20.15it/s]
 74%|███████▍  | 37/50 [00:01<00:00, 20.16it/s]
 80%|████████  | 40/50 [00:02<00:00, 20.16it/s]
 86%|████████▌ | 43/50 [00:02<00:00, 20.19it/s]
 92%|█████████▏| 46/50 [00:02<00:00, 20.77it/s]
 98%|█████████▊| 49/50 [00:02<00:00, 21.17it/s]
100%|██████████| 50/50 [00:02<00:00, 20.13it/s]


--- 1. Computing Semantic Vector Shift from Text ---
Loading BiomedCLIP Model: chuhac/BiomedCLIP-vit-bert-hf
Using Text Anchors: 'healthy breast' - 'tumor breast'
Injecting shift vector with alpha = 1.0
Target Embedding Shape (Input to SD): torch.Size([1, 4, 768])

--- 2. Loading Stable Diffusion Inpainting Model ---
Model ID: runwayml/stable-diffusion-inpainting

--- 3. Processing Image ---
Dilating mask by 3 iterations...

--- 4. Running Generation ---
Saving output to: /home/woojye2020/decs_jupyter_lab/MedCLIP-SAMv2/generated_neg_output/udiat_vector_injection_breast2/Malignant/000137.png
Zero-Shot Translation Complete!

  -> Generating for: 000138.png

Loading pipeline components...:   0%|          | 0/7 [00:00<?, ?it/s]
Loading pipeline components...:  14%|█▍        | 1/7 [00:00<00:01,  5.30it/s]`torch_dtype` is deprecated! Use `dtype` instead!

Loading pipeline components...:  43%|████▎     | 3/7 [00:00<00:00,  4.00it/s]An error occurred while trying to fetch /home/woojye2020/.cache/huggingface/hub/models--runwayml--stable-diffusion-inpainting/snapshots/8a4288a76071f7280aedbdb3253bdb9e9d5d84bb/vae: Error no file named diffusion_pytorch_model.safetensors found in directory /home/woojye2020/.cache/huggingface/hub/models--runwayml--stable-diffusion-inpainting/snapshots/8a4288a76071f7280aedbdb3253bdb9e9d5d84bb/vae.
Defaulting to unsafe serialization. Pass `allow_pickle=False` to raise an error instead.

Loading pipeline components...:  57%|█████▋    | 4/7 [00:00<00:00,  3.98it/s]An error occurred while trying to fetch /home/woojye2020/.cache/huggingface/hub/models--runwayml--stable-diffusion-inpainting/snapshots/8a4288a76071f7280aedbdb3253bdb9e9d5d84bb/unet: Error no file named diffusion_pytorch_model.safetensors found in directory /home/woojye2020/.cache/huggingface/hub/models--runwayml--stable-diffusion-inpainting/snapshots/8a4288a76071f7280aedbdb3253bdb9e9d5d84bb/unet.
Defaulting to unsafe serialization. Pass `allow_pickle=False` to raise an error instead.

Loading pipeline components...:  71%|███████▏  | 5/7 [00:01<00:00,  3.33it/s]
Loading pipeline components...: 100%|██████████| 7/7 [00:02<00:00,  2.39it/s]
Loading pipeline components...: 100%|██████████| 7/7 [00:02<00:00,  2.83it/s]

  0%|          | 0/50 [00:00<?, ?it/s]
  2%|▏         | 1/50 [00:00<00:07,  6.22it/s]
  6%|▌         | 3/50 [00:00<00:05,  8.90it/s]
 10%|█         | 5/50 [00:00<00:04,  9.65it/s]
 14%|█▍        | 7/50 [00:00<00:04,  9.99it/s]
 18%|█▊        | 9/50 [00:00<00:04, 10.24it/s]
 22%|██▏       | 11/50 [00:01<00:03, 10.30it/s]
 26%|██▌       | 13/50 [00:01<00:03, 10.34it/s]
 30%|███       | 15/50 [00:01<00:03, 10.40it/s]
 34%|███▍      | 17/50 [00:01<00:03, 10.44it/s]
 38%|███▊      | 19/50 [00:01<00:02, 10.51it/s]
 42%|████▏     | 21/50 [00:02<00:02, 10.51it/s]
 46%|████▌     | 23/50 [00:02<00:02, 10.50it/s]
 50%|█████     | 25/50 [00:02<00:02, 10.48it/s]
 54%|█████▍    | 27/50 [00:02<00:02, 10.58it/s]
 58%|█████▊    | 29/50 [00:02<00:01, 10.54it/s]
 62%|██████▏   | 31/50 [00:03<00:01, 10.52it/s]
 66%|██████▌   | 33/50 [00:03<00:01, 10.52it/s]
 70%|███████   | 35/50 [00:03<00:01, 10.52it/s]
 74%|███████▍  | 37/50 [00:03<00:01, 10.58it/s]
 78%|███████▊  | 39/50 [00:03<00:01, 10.54it/s]
 82%|████████▏ | 41/50 [00:03<00:00, 10.47it/s]
 86%|████████▌ | 43/50 [00:04<00:00, 10.48it/s]
 90%|█████████ | 45/50 [00:04<00:00, 10.53it/s]
 94%|█████████▍| 47/50 [00:04<00:00, 10.54it/s]
 98%|█████████▊| 49/50 [00:04<00:00, 10.50it/s]
100%|██████████| 50/50 [00:04<00:00, 10.38it/s]


--- 1. Computing Semantic Vector Shift from Text ---
Loading BiomedCLIP Model: chuhac/BiomedCLIP-vit-bert-hf
Using Text Anchors: 'healthy breast' - 'tumor breast'
Injecting shift vector with alpha = 1.0
Target Embedding Shape (Input to SD): torch.Size([1, 4, 768])

--- 2. Loading Stable Diffusion Inpainting Model ---
Model ID: runwayml/stable-diffusion-inpainting

--- 3. Processing Image ---
Dilating mask by 3 iterations...

--- 4. Running Generation ---
Saving output to: /home/woojye2020/decs_jupyter_lab/MedCLIP-SAMv2/generated_neg_output/udiat_vector_injection_breast2/Malignant/000138.png
Zero-Shot Translation Complete!

  -> Generating for: 000139.png

Loading pipeline components...:   0%|          | 0/7 [00:00<?, ?it/s]An error occurred while trying to fetch /home/woojye2020/.cache/huggingface/hub/models--runwayml--stable-diffusion-inpainting/snapshots/8a4288a76071f7280aedbdb3253bdb9e9d5d84bb/vae: Error no file named diffusion_pytorch_model.safetensors found in directory /home/woojye2020/.cache/huggingface/hub/models--runwayml--stable-diffusion-inpainting/snapshots/8a4288a76071f7280aedbdb3253bdb9e9d5d84bb/vae.
Defaulting to unsafe serialization. Pass `allow_pickle=False` to raise an error instead.

Loading pipeline components...:  14%|█▍        | 1/7 [00:00<00:02,  2.13it/s]`torch_dtype` is deprecated! Use `dtype` instead!

Loading pipeline components...:  29%|██▊       | 2/7 [00:00<00:02,  2.50it/s]
Loading pipeline components...:  57%|█████▋    | 4/7 [00:00<00:00,  5.44it/s]
Loading pipeline components...:  86%|████████▌ | 6/7 [00:01<00:00,  3.47it/s]An error occurred while trying to fetch /home/woojye2020/.cache/huggingface/hub/models--runwayml--stable-diffusion-inpainting/snapshots/8a4288a76071f7280aedbdb3253bdb9e9d5d84bb/unet: Error no file named diffusion_pytorch_model.safetensors found in directory /home/woojye2020/.cache/huggingface/hub/models--runwayml--stable-diffusion-inpainting/snapshots/8a4288a76071f7280aedbdb3253bdb9e9d5d84bb/unet.
Defaulting to unsafe serialization. Pass `allow_pickle=False` to raise an error instead.

Loading pipeline components...: 100%|██████████| 7/7 [00:02<00:00,  3.19it/s]
Loading pipeline components...: 100%|██████████| 7/7 [00:02<00:00,  3.29it/s]

  0%|          | 0/50 [00:00<?, ?it/s]
  2%|▏         | 1/50 [00:00<00:06,  8.06it/s]
  8%|▊         | 4/50 [00:00<00:02, 17.76it/s]
 14%|█▍        | 7/50 [00:00<00:02, 20.77it/s]
 20%|██        | 10/50 [00:00<00:01, 22.17it/s]
 26%|██▌       | 13/50 [00:00<00:01, 22.92it/s]
 32%|███▏      | 16/50 [00:00<00:01, 23.37it/s]
 38%|███▊      | 19/50 [00:00<00:01, 23.68it/s]
 44%|████▍     | 22/50 [00:00<00:01, 23.79it/s]
 50%|█████     | 25/50 [00:01<00:01, 23.93it/s]
 56%|█████▌    | 28/50 [00:01<00:00, 24.02it/s]
 62%|██████▏   | 31/50 [00:01<00:00, 24.10it/s]
 68%|██████▊   | 34/50 [00:01<00:00, 24.17it/s]
 74%|███████▍  | 37/50 [00:01<00:00, 24.22it/s]
 80%|████████  | 40/50 [00:01<00:00, 24.26it/s]
 86%|████████▌ | 43/50 [00:01<00:00, 24.29it/s]
 92%|█████████▏| 46/50 [00:01<00:00, 24.29it/s]
 98%|█████████▊| 49/50 [00:02<00:00, 24.29it/s]
100%|██████████| 50/50 [00:02<00:00, 23.36it/s]


--- 1. Computing Semantic Vector Shift from Text ---
Loading BiomedCLIP Model: chuhac/BiomedCLIP-vit-bert-hf
Using Text Anchors: 'healthy breast' - 'tumor breast'
Injecting shift vector with alpha = 1.0
Target Embedding Shape (Input to SD): torch.Size([1, 4, 768])

--- 2. Loading Stable Diffusion Inpainting Model ---
Model ID: runwayml/stable-diffusion-inpainting

--- 3. Processing Image ---
Dilating mask by 3 iterations...

--- 4. Running Generation ---
Saving output to: /home/woojye2020/decs_jupyter_lab/MedCLIP-SAMv2/generated_neg_output/udiat_vector_injection_breast2/Malignant/000139.png
Zero-Shot Translation Complete!

  -> Generating for: 000140.png

Loading pipeline components...:   0%|          | 0/7 [00:00<?, ?it/s]`torch_dtype` is deprecated! Use `dtype` instead!

Loading pipeline components...:  14%|█▍        | 1/7 [00:00<00:03,  1.75it/s]An error occurred while trying to fetch /home/woojye2020/.cache/huggingface/hub/models--runwayml--stable-diffusion-inpainting/snapshots/8a4288a76071f7280aedbdb3253bdb9e9d5d84bb/vae: Error no file named diffusion_pytorch_model.safetensors found in directory /home/woojye2020/.cache/huggingface/hub/models--runwayml--stable-diffusion-inpainting/snapshots/8a4288a76071f7280aedbdb3253bdb9e9d5d84bb/vae.
Defaulting to unsafe serialization. Pass `allow_pickle=False` to raise an error instead.

Loading pipeline components...:  29%|██▊       | 2/7 [00:00<00:02,  2.25it/s]
Loading pipeline components...:  57%|█████▋    | 4/7 [00:01<00:00,  4.96it/s]
Loading pipeline components...:  71%|███████▏  | 5/7 [00:01<00:00,  2.36it/s]An error occurred while trying to fetch /home/woojye2020/.cache/huggingface/hub/models--runwayml--stable-diffusion-inpainting/snapshots/8a4288a76071f7280aedbdb3253bdb9e9d5d84bb/unet: Error no file named diffusion_pytorch_model.safetensors found in directory /home/woojye2020/.cache/huggingface/hub/models--runwayml--stable-diffusion-inpainting/snapshots/8a4288a76071f7280aedbdb3253bdb9e9d5d84bb/unet.
Defaulting to unsafe serialization. Pass `allow_pickle=False` to raise an error instead.

Loading pipeline components...:  86%|████████▌ | 6/7 [00:02<00:00,  2.43it/s]
Loading pipeline components...: 100%|██████████| 7/7 [00:02<00:00,  2.96it/s]

  0%|          | 0/50 [00:00<?, ?it/s]
  2%|▏         | 1/50 [00:00<00:07,  6.85it/s]
  8%|▊         | 4/50 [00:00<00:02, 16.45it/s]
 14%|█▍        | 7/50 [00:00<00:02, 19.92it/s]
 20%|██        | 10/50 [00:00<00:01, 21.60it/s]
 26%|██▌       | 13/50 [00:00<00:01, 22.48it/s]
 32%|███▏      | 16/50 [00:00<00:01, 22.24it/s]
 38%|███▊      | 19/50 [00:00<00:01, 22.17it/s]
 44%|████▍     | 22/50 [00:01<00:01, 22.01it/s]
 50%|█████     | 25/50 [00:01<00:01, 22.30it/s]
 56%|█████▌    | 28/50 [00:01<00:00, 22.91it/s]
 62%|██████▏   | 31/50 [00:01<00:00, 23.34it/s]
 68%|██████▊   | 34/50 [00:01<00:00, 23.30it/s]
 74%|███████▍  | 37/50 [00:01<00:00, 22.83it/s]
 80%|████████  | 40/50 [00:01<00:00, 22.55it/s]
 86%|████████▌ | 43/50 [00:01<00:00, 22.37it/s]
 92%|█████████▏| 46/50 [00:02<00:00, 22.78it/s]
 98%|█████████▊| 49/50 [00:02<00:00, 23.11it/s]
100%|██████████| 50/50 [00:02<00:00, 22.06it/s]


--- 1. Computing Semantic Vector Shift from Text ---
Loading BiomedCLIP Model: chuhac/BiomedCLIP-vit-bert-hf
Using Text Anchors: 'healthy breast' - 'tumor breast'
Injecting shift vector with alpha = 1.0
Target Embedding Shape (Input to SD): torch.Size([1, 4, 768])

--- 2. Loading Stable Diffusion Inpainting Model ---
Model ID: runwayml/stable-diffusion-inpainting

--- 3. Processing Image ---
Dilating mask by 3 iterations...

--- 4. Running Generation ---
Saving output to: /home/woojye2020/decs_jupyter_lab/MedCLIP-SAMv2/generated_neg_output/udiat_vector_injection_breast2/Malignant/000140.png
Zero-Shot Translation Complete!

  -> Generating for: 000141.png

Loading pipeline components...:   0%|          | 0/7 [00:00<?, ?it/s]
Loading pipeline components...:  14%|█▍        | 1/7 [00:00<00:01,  4.77it/s]`torch_dtype` is deprecated! Use `dtype` instead!

Loading pipeline components...:  43%|████▎     | 3/7 [00:01<00:01,  2.50it/s]
Loading pipeline components...:  57%|█████▋    | 4/7 [00:01<00:00,  3.13it/s]An error occurred while trying to fetch /home/woojye2020/.cache/huggingface/hub/models--runwayml--stable-diffusion-inpainting/snapshots/8a4288a76071f7280aedbdb3253bdb9e9d5d84bb/vae: Error no file named diffusion_pytorch_model.safetensors found in directory /home/woojye2020/.cache/huggingface/hub/models--runwayml--stable-diffusion-inpainting/snapshots/8a4288a76071f7280aedbdb3253bdb9e9d5d84bb/vae.
Defaulting to unsafe serialization. Pass `allow_pickle=False` to raise an error instead.

Loading pipeline components...:  71%|███████▏  | 5/7 [00:01<00:00,  4.03it/s]An error occurred while trying to fetch /home/woojye2020/.cache/huggingface/hub/models--runwayml--stable-diffusion-inpainting/snapshots/8a4288a76071f7280aedbdb3253bdb9e9d5d84bb/unet: Error no file named diffusion_pytorch_model.safetensors found in directory /home/woojye2020/.cache/huggingface/hub/models--runwayml--stable-diffusion-inpainting/snapshots/8a4288a76071f7280aedbdb3253bdb9e9d5d84bb/unet.
Defaulting to unsafe serialization. Pass `allow_pickle=False` to raise an error instead.

Loading pipeline components...:  86%|████████▌ | 6/7 [00:01<00:00,  3.24it/s]
Loading pipeline components...: 100%|██████████| 7/7 [00:02<00:00,  3.16it/s]
Loading pipeline components...: 100%|██████████| 7/7 [00:02<00:00,  3.20it/s]

  0%|          | 0/50 [00:00<?, ?it/s]
  2%|▏         | 1/50 [00:00<00:07,  6.40it/s]
  6%|▌         | 3/50 [00:00<00:05,  8.99it/s]
 10%|█         | 5/50 [00:00<00:04,  9.71it/s]
 14%|█▍        | 7/50 [00:00<00:04, 10.12it/s]
 18%|█▊        | 9/50 [00:00<00:04, 10.23it/s]
 22%|██▏       | 11/50 [00:01<00:03, 10.30it/s]
 26%|██▌       | 13/50 [00:01<00:03, 10.35it/s]
 30%|███       | 15/50 [00:01<00:03, 10.43it/s]
 34%|███▍      | 17/50 [00:01<00:03, 10.52it/s]
 38%|███▊      | 19/50 [00:01<00:02, 10.50it/s]
 42%|████▏     | 21/50 [00:02<00:02, 10.50it/s]
 46%|████▌     | 23/50 [00:02<00:02, 10.50it/s]
 50%|█████     | 25/50 [00:02<00:02, 11.31it/s]
 56%|█████▌    | 28/50 [00:02<00:01, 14.35it/s]
 62%|██████▏   | 31/50 [00:02<00:01, 16.85it/s]
 68%|██████▊   | 34/50 [00:02<00:00, 18.79it/s]
 72%|███████▏  | 36/50 [00:02<00:00, 18.84it/s]
 76%|███████▌  | 38/50 [00:03<00:00, 15.68it/s]
 80%|████████  | 40/50 [00:03<00:00, 13.92it/s]
 84%|████████▍ | 42/50 [00:03<00:00, 14.27it/s]
 90%|█████████ | 45/50 [00:03<00:00, 16.86it/s]
 96%|█████████▌| 48/50 [00:03<00:00, 18.85it/s]
100%|██████████| 50/50 [00:03<00:00, 13.50it/s]


--- 1. Computing Semantic Vector Shift from Text ---
Loading BiomedCLIP Model: chuhac/BiomedCLIP-vit-bert-hf
Using Text Anchors: 'healthy breast' - 'tumor breast'
Injecting shift vector with alpha = 1.0
Target Embedding Shape (Input to SD): torch.Size([1, 4, 768])

--- 2. Loading Stable Diffusion Inpainting Model ---
Model ID: runwayml/stable-diffusion-inpainting

--- 3. Processing Image ---
Dilating mask by 3 iterations...

--- 4. Running Generation ---
Saving output to: /home/woojye2020/decs_jupyter_lab/MedCLIP-SAMv2/generated_neg_output/udiat_vector_injection_breast2/Malignant/000141.png
Zero-Shot Translation Complete!

  -> Generating for: 000142.png

Loading pipeline components...:   0%|          | 0/7 [00:00<?, ?it/s]`torch_dtype` is deprecated! Use `dtype` instead!

Loading pipeline components...:  14%|█▍        | 1/7 [00:00<00:03,  1.73it/s]An error occurred while trying to fetch /home/woojye2020/.cache/huggingface/hub/models--runwayml--stable-diffusion-inpainting/snapshots/8a4288a76071f7280aedbdb3253bdb9e9d5d84bb/unet: Error no file named diffusion_pytorch_model.safetensors found in directory /home/woojye2020/.cache/huggingface/hub/models--runwayml--stable-diffusion-inpainting/snapshots/8a4288a76071f7280aedbdb3253bdb9e9d5d84bb/unet.
Defaulting to unsafe serialization. Pass `allow_pickle=False` to raise an error instead.

Loading pipeline components...:  29%|██▊       | 2/7 [00:01<00:05,  1.02s/it]
Loading pipeline components...:  43%|████▎     | 3/7 [00:02<00:02,  1.64it/s]
Loading pipeline components...:  57%|█████▋    | 4/7 [00:03<00:02,  1.23it/s]An error occurred while trying to fetch /home/woojye2020/.cache/huggingface/hub/models--runwayml--stable-diffusion-inpainting/snapshots/8a4288a76071f7280aedbdb3253bdb9e9d5d84bb/vae: Error no file named diffusion_pytorch_model.safetensors found in directory /home/woojye2020/.cache/huggingface/hub/models--runwayml--stable-diffusion-inpainting/snapshots/8a4288a76071f7280aedbdb3253bdb9e9d5d84bb/vae.
Defaulting to unsafe serialization. Pass `allow_pickle=False` to raise an error instead.

Loading pipeline components...:  71%|███████▏  | 5/7 [00:03<00:01,  1.77it/s]
Loading pipeline components...: 100%|██████████| 7/7 [00:03<00:00,  2.13it/s]

  0%|          | 0/50 [00:00<?, ?it/s]
  2%|▏         | 1/50 [00:00<00:08,  5.94it/s]
  8%|▊         | 4/50 [00:00<00:03, 13.92it/s]
 14%|█▍        | 7/50 [00:00<00:02, 16.83it/s]
 20%|██        | 10/50 [00:00<00:02, 18.28it/s]
 26%|██▌       | 13/50 [00:00<00:01, 19.11it/s]
 32%|███▏      | 16/50 [00:00<00:01, 19.60it/s]
 38%|███▊      | 19/50 [00:01<00:01, 19.91it/s]
 44%|████▍     | 22/50 [00:01<00:01, 21.07it/s]
 50%|█████     | 25/50 [00:01<00:01, 22.05it/s]
 56%|█████▌    | 28/50 [00:01<00:00, 22.74it/s]
 62%|██████▏   | 31/50 [00:01<00:00, 23.21it/s]
 68%|██████▊   | 34/50 [00:01<00:00, 23.57it/s]
 74%|███████▍  | 37/50 [00:01<00:00, 23.81it/s]
 80%|████████  | 40/50 [00:01<00:00, 23.98it/s]
 86%|████████▌ | 43/50 [00:02<00:00, 24.09it/s]
 92%|█████████▏| 46/50 [00:02<00:00, 24.19it/s]
 98%|█████████▊| 49/50 [00:02<00:00, 24.25it/s]
100%|██████████| 50/50 [00:02<00:00, 21.57it/s]


--- 1. Computing Semantic Vector Shift from Text ---
Loading BiomedCLIP Model: chuhac/BiomedCLIP-vit-bert-hf
Using Text Anchors: 'healthy breast' - 'tumor breast'
Injecting shift vector with alpha = 1.0
Target Embedding Shape (Input to SD): torch.Size([1, 4, 768])

--- 2. Loading Stable Diffusion Inpainting Model ---
Model ID: runwayml/stable-diffusion-inpainting

--- 3. Processing Image ---
Dilating mask by 3 iterations...

--- 4. Running Generation ---
Saving output to: /home/woojye2020/decs_jupyter_lab/MedCLIP-SAMv2/generated_neg_output/udiat_vector_injection_breast2/Malignant/000142.png
Zero-Shot Translation Complete!

  -> Generating for: 000143.png

Loading pipeline components...:   0%|          | 0/7 [00:00<?, ?it/s]
Loading pipeline components...:  14%|█▍        | 1/7 [00:00<00:01,  4.92it/s]An error occurred while trying to fetch /home/woojye2020/.cache/huggingface/hub/models--runwayml--stable-diffusion-inpainting/snapshots/8a4288a76071f7280aedbdb3253bdb9e9d5d84bb/vae: Error no file named diffusion_pytorch_model.safetensors found in directory /home/woojye2020/.cache/huggingface/hub/models--runwayml--stable-diffusion-inpainting/snapshots/8a4288a76071f7280aedbdb3253bdb9e9d5d84bb/vae.
Defaulting to unsafe serialization. Pass `allow_pickle=False` to raise an error instead.

Loading pipeline components...:  29%|██▊       | 2/7 [00:00<00:01,  3.57it/s]`torch_dtype` is deprecated! Use `dtype` instead!

Loading pipeline components...:  43%|████▎     | 3/7 [00:01<00:01,  2.58it/s]
Loading pipeline components...:  57%|█████▋    | 4/7 [00:02<00:02,  1.49it/s]An error occurred while trying to fetch /home/woojye2020/.cache/huggingface/hub/models--runwayml--stable-diffusion-inpainting/snapshots/8a4288a76071f7280aedbdb3253bdb9e9d5d84bb/unet: Error no file named diffusion_pytorch_model.safetensors found in directory /home/woojye2020/.cache/huggingface/hub/models--runwayml--stable-diffusion-inpainting/snapshots/8a4288a76071f7280aedbdb3253bdb9e9d5d84bb/unet.
Defaulting to unsafe serialization. Pass `allow_pickle=False` to raise an error instead.

Loading pipeline components...:  86%|████████▌ | 6/7 [00:02<00:00,  2.25it/s]
Loading pipeline components...: 100%|██████████| 7/7 [00:02<00:00,  2.65it/s]

  0%|          | 0/50 [00:00<?, ?it/s]
  2%|▏         | 1/50 [00:00<00:06,  7.04it/s]
  8%|▊         | 4/50 [00:00<00:02, 16.78it/s]
 14%|█▍        | 7/50 [00:00<00:02, 20.25it/s]
 20%|██        | 10/50 [00:00<00:01, 21.96it/s]
 26%|██▌       | 13/50 [00:00<00:01, 22.91it/s]
 32%|███▏      | 16/50 [00:00<00:01, 23.47it/s]
 38%|███▊      | 19/50 [00:00<00:01, 23.82it/s]
 44%|████▍     | 22/50 [00:00<00:01, 24.06it/s]
 50%|█████     | 25/50 [00:01<00:01, 24.14it/s]
 56%|█████▌    | 28/50 [00:01<00:00, 24.25it/s]
 62%|██████▏   | 31/50 [00:01<00:00, 24.35it/s]
 68%|██████▊   | 34/50 [00:01<00:00, 24.41it/s]
 74%|███████▍  | 37/50 [00:01<00:00, 24.45it/s]
 80%|████████  | 40/50 [00:01<00:00, 24.47it/s]
 86%|████████▌ | 43/50 [00:01<00:00, 24.46it/s]
 92%|█████████▏| 46/50 [00:01<00:00, 24.49it/s]
 98%|█████████▊| 49/50 [00:02<00:00, 24.52it/s]
100%|██████████| 50/50 [00:02<00:00, 23.40it/s]


--- 1. Computing Semantic Vector Shift from Text ---
Loading BiomedCLIP Model: chuhac/BiomedCLIP-vit-bert-hf
Using Text Anchors: 'healthy breast' - 'tumor breast'
Injecting shift vector with alpha = 1.0
Target Embedding Shape (Input to SD): torch.Size([1, 4, 768])

--- 2. Loading Stable Diffusion Inpainting Model ---
Model ID: runwayml/stable-diffusion-inpainting

--- 3. Processing Image ---
Dilating mask by 3 iterations...

--- 4. Running Generation ---
Saving output to: /home/woojye2020/decs_jupyter_lab/MedCLIP-SAMv2/generated_neg_output/udiat_vector_injection_breast2/Malignant/000143.png
Zero-Shot Translation Complete!

  -> Generating for: 000144.png

Loading pipeline components...:   0%|          | 0/7 [00:00<?, ?it/s]An error occurred while trying to fetch /home/woojye2020/.cache/huggingface/hub/models--runwayml--stable-diffusion-inpainting/snapshots/8a4288a76071f7280aedbdb3253bdb9e9d5d84bb/vae: Error no file named diffusion_pytorch_model.safetensors found in directory /home/woojye2020/.cache/huggingface/hub/models--runwayml--stable-diffusion-inpainting/snapshots/8a4288a76071f7280aedbdb3253bdb9e9d5d84bb/vae.
Defaulting to unsafe serialization. Pass `allow_pickle=False` to raise an error instead.

Loading pipeline components...:  14%|█▍        | 1/7 [00:00<00:03,  1.71it/s]`torch_dtype` is deprecated! Use `dtype` instead!

Loading pipeline components...:  29%|██▊       | 2/7 [00:01<00:02,  1.87it/s]
Loading pipeline components...:  71%|███████▏  | 5/7 [00:01<00:00,  5.48it/s]An error occurred while trying to fetch /home/woojye2020/.cache/huggingface/hub/models--runwayml--stable-diffusion-inpainting/snapshots/8a4288a76071f7280aedbdb3253bdb9e9d5d84bb/unet: Error no file named diffusion_pytorch_model.safetensors found in directory /home/woojye2020/.cache/huggingface/hub/models--runwayml--stable-diffusion-inpainting/snapshots/8a4288a76071f7280aedbdb3253bdb9e9d5d84bb/unet.
Defaulting to unsafe serialization. Pass `allow_pickle=False` to raise an error instead.

Loading pipeline components...: 100%|██████████| 7/7 [00:02<00:00,  2.34it/s]
Loading pipeline components...: 100%|██████████| 7/7 [00:02<00:00,  2.51it/s]

  0%|          | 0/50 [00:00<?, ?it/s]
  2%|▏         | 1/50 [00:00<00:08,  6.02it/s]
  8%|▊         | 4/50 [00:00<00:03, 14.07it/s]
 14%|█▍        | 7/50 [00:00<00:02, 16.97it/s]
 20%|██        | 10/50 [00:00<00:02, 18.40it/s]
 26%|██▌       | 13/50 [00:00<00:01, 19.21it/s]
 32%|███▏      | 16/50 [00:00<00:01, 19.71it/s]
 38%|███▊      | 19/50 [00:01<00:01, 20.02it/s]
 44%|████▍     | 22/50 [00:01<00:01, 20.18it/s]
 50%|█████     | 25/50 [00:01<00:01, 20.34it/s]
 56%|█████▌    | 28/50 [00:01<00:01, 20.46it/s]
 62%|██████▏   | 31/50 [00:01<00:00, 21.23it/s]
 68%|██████▊   | 34/50 [00:01<00:00, 22.13it/s]
 74%|███████▍  | 37/50 [00:01<00:00, 22.82it/s]
 80%|████████  | 40/50 [00:01<00:00, 23.32it/s]
 86%|████████▌ | 43/50 [00:02<00:00, 23.69it/s]
 92%|█████████▏| 46/50 [00:02<00:00, 23.95it/s]
 98%|█████████▊| 49/50 [00:02<00:00, 24.13it/s]
100%|██████████| 50/50 [00:02<00:00, 21.03it/s]


--- 1. Computing Semantic Vector Shift from Text ---
Loading BiomedCLIP Model: chuhac/BiomedCLIP-vit-bert-hf
Using Text Anchors: 'healthy breast' - 'tumor breast'
Injecting shift vector with alpha = 1.0
Target Embedding Shape (Input to SD): torch.Size([1, 4, 768])

--- 2. Loading Stable Diffusion Inpainting Model ---
Model ID: runwayml/stable-diffusion-inpainting

--- 3. Processing Image ---
Dilating mask by 3 iterations...

--- 4. Running Generation ---
Saving output to: /home/woojye2020/decs_jupyter_lab/MedCLIP-SAMv2/generated_neg_output/udiat_vector_injection_breast2/Malignant/000144.png
Zero-Shot Translation Complete!

  -> Generating for: 000145.png

Loading pipeline components...:   0%|          | 0/7 [00:00<?, ?it/s]
Loading pipeline components...:  29%|██▊       | 2/7 [00:00<00:00, 10.04it/s]An error occurred while trying to fetch /home/woojye2020/.cache/huggingface/hub/models--runwayml--stable-diffusion-inpainting/snapshots/8a4288a76071f7280aedbdb3253bdb9e9d5d84bb/vae: Error no file named diffusion_pytorch_model.safetensors found in directory /home/woojye2020/.cache/huggingface/hub/models--runwayml--stable-diffusion-inpainting/snapshots/8a4288a76071f7280aedbdb3253bdb9e9d5d84bb/vae.
Defaulting to unsafe serialization. Pass `allow_pickle=False` to raise an error instead.
`torch_dtype` is deprecated! Use `dtype` instead!

Loading pipeline components...:  57%|█████▋    | 4/7 [00:01<00:01,  2.06it/s]
Loading pipeline components...:  71%|███████▏  | 5/7 [00:02<00:00,  2.01it/s]An error occurred while trying to fetch /home/woojye2020/.cache/huggingface/hub/models--runwayml--stable-diffusion-inpainting/snapshots/8a4288a76071f7280aedbdb3253bdb9e9d5d84bb/unet: Error no file named diffusion_pytorch_model.safetensors found in directory /home/woojye2020/.cache/huggingface/hub/models--runwayml--stable-diffusion-inpainting/snapshots/8a4288a76071f7280aedbdb3253bdb9e9d5d84bb/unet.
Defaulting to unsafe serialization. Pass `allow_pickle=False` to raise an error instead.

Loading pipeline components...:  86%|████████▌ | 6/7 [00:02<00:00,  2.07it/s]
Loading pipeline components...: 100%|██████████| 7/7 [00:02<00:00,  2.59it/s]

  0%|          | 0/50 [00:00<?, ?it/s]
  2%|▏         | 1/50 [00:00<00:08,  5.80it/s]
  6%|▌         | 3/50 [00:00<00:03, 12.20it/s]
 12%|█▏        | 6/50 [00:00<00:02, 16.73it/s]
 18%|█▊        | 9/50 [00:00<00:02, 19.76it/s]
 24%|██▍       | 12/50 [00:00<00:01, 21.53it/s]
 30%|███       | 15/50 [00:00<00:01, 22.62it/s]
 36%|███▌      | 18/50 [00:00<00:01, 23.34it/s]
 42%|████▏     | 21/50 [00:01<00:01, 23.81it/s]
 48%|████▊     | 24/50 [00:01<00:01, 24.12it/s]
 54%|█████▍    | 27/50 [00:01<00:00, 24.29it/s]
 60%|██████    | 30/50 [00:01<00:00, 24.41it/s]
 66%|██████▌   | 33/50 [00:01<00:00, 24.51it/s]
 72%|███████▏  | 36/50 [00:01<00:00, 24.58it/s]
 78%|███████▊  | 39/50 [00:01<00:00, 24.64it/s]
 84%|████████▍ | 42/50 [00:01<00:00, 24.66it/s]
 90%|█████████ | 45/50 [00:01<00:00, 24.70it/s]
 96%|█████████▌| 48/50 [00:02<00:00, 24.72it/s]
100%|██████████| 50/50 [00:02<00:00, 22.87it/s]


--- 1. Computing Semantic Vector Shift from Text ---
Loading BiomedCLIP Model: chuhac/BiomedCLIP-vit-bert-hf
Using Text Anchors: 'healthy breast' - 'tumor breast'
Injecting shift vector with alpha = 1.0
Target Embedding Shape (Input to SD): torch.Size([1, 4, 768])

--- 2. Loading Stable Diffusion Inpainting Model ---
Model ID: runwayml/stable-diffusion-inpainting

--- 3. Processing Image ---
Dilating mask by 3 iterations...

--- 4. Running Generation ---
Saving output to: /home/woojye2020/decs_jupyter_lab/MedCLIP-SAMv2/generated_neg_output/udiat_vector_injection_breast2/Malignant/000145.png
Zero-Shot Translation Complete!

  -> Generating for: 000146.png

Loading pipeline components...:   0%|          | 0/7 [00:00<?, ?it/s]An error occurred while trying to fetch /home/woojye2020/.cache/huggingface/hub/models--runwayml--stable-diffusion-inpainting/snapshots/8a4288a76071f7280aedbdb3253bdb9e9d5d84bb/vae: Error no file named diffusion_pytorch_model.safetensors found in directory /home/woojye2020/.cache/huggingface/hub/models--runwayml--stable-diffusion-inpainting/snapshots/8a4288a76071f7280aedbdb3253bdb9e9d5d84bb/vae.
Defaulting to unsafe serialization. Pass `allow_pickle=False` to raise an error instead.

Loading pipeline components...:  14%|█▍        | 1/7 [00:00<00:02,  2.22it/s]`torch_dtype` is deprecated! Use `dtype` instead!

Loading pipeline components...:  29%|██▊       | 2/7 [00:01<00:04,  1.15it/s]
Loading pipeline components...:  43%|████▎     | 3/7 [00:02<00:02,  1.44it/s]An error occurred while trying to fetch /home/woojye2020/.cache/huggingface/hub/models--runwayml--stable-diffusion-inpainting/snapshots/8a4288a76071f7280aedbdb3253bdb9e9d5d84bb/unet: Error no file named diffusion_pytorch_model.safetensors found in directory /home/woojye2020/.cache/huggingface/hub/models--runwayml--stable-diffusion-inpainting/snapshots/8a4288a76071f7280aedbdb3253bdb9e9d5d84bb/unet.
Defaulting to unsafe serialization. Pass `allow_pickle=False` to raise an error instead.

Loading pipeline components...:  86%|████████▌ | 6/7 [00:02<00:00,  2.96it/s]
Loading pipeline components...: 100%|██████████| 7/7 [00:02<00:00,  3.55it/s]
Loading pipeline components...: 100%|██████████| 7/7 [00:02<00:00,  2.62it/s]

  0%|          | 0/50 [00:00<?, ?it/s]
  2%|▏         | 1/50 [00:00<00:09,  5.43it/s]
  8%|▊         | 4/50 [00:00<00:03, 13.35it/s]
 14%|█▍        | 7/50 [00:00<00:02, 16.41it/s]
 20%|██        | 10/50 [00:00<00:02, 17.99it/s]
 26%|██▌       | 13/50 [00:00<00:01, 18.89it/s]
 32%|███▏      | 16/50 [00:00<00:01, 19.45it/s]
 38%|███▊      | 19/50 [00:01<00:01, 20.82it/s]
 44%|████▍     | 22/50 [00:01<00:01, 21.96it/s]
 50%|█████     | 25/50 [00:01<00:01, 22.80it/s]
 56%|█████▌    | 28/50 [00:01<00:00, 23.38it/s]
 62%|██████▏   | 31/50 [00:01<00:00, 23.80it/s]
 68%|██████▊   | 34/50 [00:01<00:00, 24.08it/s]
 74%|███████▍  | 37/50 [00:01<00:00, 24.22it/s]
 80%|████████  | 40/50 [00:01<00:00, 24.33it/s]
 86%|████████▌ | 43/50 [00:02<00:00, 24.44it/s]
 92%|█████████▏| 46/50 [00:02<00:00, 24.52it/s]
 98%|█████████▊| 49/50 [00:02<00:00, 24.59it/s]
100%|██████████| 50/50 [00:02<00:00, 21.79it/s]


--- 1. Computing Semantic Vector Shift from Text ---
Loading BiomedCLIP Model: chuhac/BiomedCLIP-vit-bert-hf
Using Text Anchors: 'healthy breast' - 'tumor breast'
Injecting shift vector with alpha = 1.0
Target Embedding Shape (Input to SD): torch.Size([1, 4, 768])

--- 2. Loading Stable Diffusion Inpainting Model ---
Model ID: runwayml/stable-diffusion-inpainting

--- 3. Processing Image ---
Dilating mask by 3 iterations...

--- 4. Running Generation ---
Saving output to: /home/woojye2020/decs_jupyter_lab/MedCLIP-SAMv2/generated_neg_output/udiat_vector_injection_breast2/Malignant/000146.png
Zero-Shot Translation Complete!

  -> Generating for: 000147.png

Loading pipeline components...:   0%|          | 0/7 [00:00<?, ?it/s]
Loading pipeline components...:  14%|█▍        | 1/7 [00:00<00:01,  5.36it/s]
Loading pipeline components...:  43%|████▎     | 3/7 [00:00<00:00,  8.47it/s]An error occurred while trying to fetch /home/woojye2020/.cache/huggingface/hub/models--runwayml--stable-diffusion-inpainting/snapshots/8a4288a76071f7280aedbdb3253bdb9e9d5d84bb/unet: Error no file named diffusion_pytorch_model.safetensors found in directory /home/woojye2020/.cache/huggingface/hub/models--runwayml--stable-diffusion-inpainting/snapshots/8a4288a76071f7280aedbdb3253bdb9e9d5d84bb/unet.
Defaulting to unsafe serialization. Pass `allow_pickle=False` to raise an error instead.

Loading pipeline components...:  57%|█████▋    | 4/7 [00:00<00:00,  4.01it/s]`torch_dtype` is deprecated! Use `dtype` instead!

Loading pipeline components...:  71%|███████▏  | 5/7 [00:01<00:01,  1.90it/s]An error occurred while trying to fetch /home/woojye2020/.cache/huggingface/hub/models--runwayml--stable-diffusion-inpainting/snapshots/8a4288a76071f7280aedbdb3253bdb9e9d5d84bb/vae: Error no file named diffusion_pytorch_model.safetensors found in directory /home/woojye2020/.cache/huggingface/hub/models--runwayml--stable-diffusion-inpainting/snapshots/8a4288a76071f7280aedbdb3253bdb9e9d5d84bb/vae.
Defaulting to unsafe serialization. Pass `allow_pickle=False` to raise an error instead.

Loading pipeline components...:  86%|████████▌ | 6/7 [00:02<00:00,  2.54it/s]
Loading pipeline components...: 100%|██████████| 7/7 [00:02<00:00,  2.45it/s]
Loading pipeline components...: 100%|██████████| 7/7 [00:02<00:00,  2.79it/s]

  0%|          | 0/50 [00:00<?, ?it/s]
  2%|▏         | 1/50 [00:00<00:08,  6.00it/s]
  8%|▊         | 4/50 [00:00<00:03, 14.05it/s]
 14%|█▍        | 7/50 [00:00<00:02, 16.96it/s]
 20%|██        | 10/50 [00:00<00:02, 18.40it/s]
 26%|██▌       | 13/50 [00:00<00:01, 19.23it/s]
 32%|███▏      | 16/50 [00:00<00:01, 20.84it/s]
 38%|███▊      | 19/50 [00:00<00:01, 22.01it/s]
 44%|████▍     | 22/50 [00:01<00:01, 22.84it/s]
 50%|█████     | 25/50 [00:01<00:01, 23.43it/s]
 56%|█████▌    | 28/50 [00:01<00:00, 23.85it/s]
 62%|██████▏   | 31/50 [00:01<00:00, 24.14it/s]
 68%|██████▊   | 34/50 [00:01<00:00, 24.29it/s]
 74%|███████▍  | 37/50 [00:01<00:00, 24.42it/s]
 80%|████████  | 40/50 [00:01<00:00, 24.53it/s]
 86%|████████▌ | 43/50 [00:01<00:00, 24.62it/s]
 92%|█████████▏| 46/50 [00:02<00:00, 24.68it/s]
 98%|█████████▊| 49/50 [00:02<00:00, 24.70it/s]
100%|██████████| 50/50 [00:02<00:00, 22.29it/s]


--- 1. Computing Semantic Vector Shift from Text ---
Loading BiomedCLIP Model: chuhac/BiomedCLIP-vit-bert-hf
Using Text Anchors: 'healthy breast' - 'tumor breast'
Injecting shift vector with alpha = 1.0
Target Embedding Shape (Input to SD): torch.Size([1, 4, 768])

--- 2. Loading Stable Diffusion Inpainting Model ---
Model ID: runwayml/stable-diffusion-inpainting

--- 3. Processing Image ---
Dilating mask by 3 iterations...

--- 4. Running Generation ---
Saving output to: /home/woojye2020/decs_jupyter_lab/MedCLIP-SAMv2/generated_neg_output/udiat_vector_injection_breast2/Malignant/000147.png
Zero-Shot Translation Complete!

  -> Generating for: 000295.png

Loading pipeline components...:   0%|          | 0/7 [00:00<?, ?it/s]
Loading pipeline components...:  29%|██▊       | 2/7 [00:00<00:00,  9.78it/s]`torch_dtype` is deprecated! Use `dtype` instead!

Loading pipeline components...:  43%|████▎     | 3/7 [00:01<00:02,  1.93it/s]An error occurred while trying to fetch /home/woojye2020/.cache/huggingface/hub/models--runwayml--stable-diffusion-inpainting/snapshots/8a4288a76071f7280aedbdb3253bdb9e9d5d84bb/unet: Error no file named diffusion_pytorch_model.safetensors found in directory /home/woojye2020/.cache/huggingface/hub/models--runwayml--stable-diffusion-inpainting/snapshots/8a4288a76071f7280aedbdb3253bdb9e9d5d84bb/unet.
Defaulting to unsafe serialization. Pass `allow_pickle=False` to raise an error instead.

Loading pipeline components...:  57%|█████▋    | 4/7 [00:02<00:01,  1.68it/s]An error occurred while trying to fetch /home/woojye2020/.cache/huggingface/hub/models--runwayml--stable-diffusion-inpainting/snapshots/8a4288a76071f7280aedbdb3253bdb9e9d5d84bb/vae: Error no file named diffusion_pytorch_model.safetensors found in directory /home/woojye2020/.cache/huggingface/hub/models--runwayml--stable-diffusion-inpainting/snapshots/8a4288a76071f7280aedbdb3253bdb9e9d5d84bb/vae.
Defaulting to unsafe serialization. Pass `allow_pickle=False` to raise an error instead.

Loading pipeline components...:  86%|████████▌ | 6/7 [00:02<00:00,  2.33it/s]
Loading pipeline components...: 100%|██████████| 7/7 [00:02<00:00,  2.70it/s]

  0%|          | 0/50 [00:00<?, ?it/s]
  2%|▏         | 1/50 [00:00<00:08,  5.86it/s]
  8%|▊         | 4/50 [00:00<00:03, 13.88it/s]
 12%|█▏        | 6/50 [00:00<00:02, 15.98it/s]
 18%|█▊        | 9/50 [00:00<00:02, 17.73it/s]
 24%|██▍       | 12/50 [00:00<00:02, 18.62it/s]
 30%|███       | 15/50 [00:00<00:01, 19.15it/s]
 36%|███▌      | 18/50 [00:01<00:01, 19.47it/s]
 42%|████▏     | 21/50 [00:01<00:01, 19.69it/s]
 48%|████▊     | 24/50 [00:01<00:01, 19.82it/s]
 54%|█████▍    | 27/50 [00:01<00:01, 19.92it/s]
 60%|██████    | 30/50 [00:01<00:01, 19.99it/s]
 66%|██████▌   | 33/50 [00:01<00:00, 20.05it/s]
 72%|███████▏  | 36/50 [00:01<00:00, 20.09it/s]
 78%|███████▊  | 39/50 [00:02<00:00, 20.02it/s]
 84%|████████▍ | 42/50 [00:02<00:00, 20.65it/s]
 90%|█████████ | 45/50 [00:02<00:00, 21.72it/s]
 96%|█████████▌| 48/50 [00:02<00:00, 22.51it/s]
100%|██████████| 50/50 [00:02<00:00, 19.85it/s]


--- 1. Computing Semantic Vector Shift from Text ---
Loading BiomedCLIP Model: chuhac/BiomedCLIP-vit-bert-hf
Using Text Anchors: 'healthy breast' - 'tumor breast'
Injecting shift vector with alpha = 1.0
Target Embedding Shape (Input to SD): torch.Size([1, 4, 768])

--- 2. Loading Stable Diffusion Inpainting Model ---
Model ID: runwayml/stable-diffusion-inpainting

--- 3. Processing Image ---
Dilating mask by 3 iterations...

--- 4. Running Generation ---
Saving output to: /home/woojye2020/decs_jupyter_lab/MedCLIP-SAMv2/generated_neg_output/udiat_vector_injection_breast2/Malignant/000295.png
Zero-Shot Translation Complete!

  -> Generating for: 000296.png

Loading pipeline components...:   0%|          | 0/7 [00:00<?, ?it/s]`torch_dtype` is deprecated! Use `dtype` instead!

Loading pipeline components...:  14%|█▍        | 1/7 [00:00<00:03,  1.80it/s]An error occurred while trying to fetch /home/woojye2020/.cache/huggingface/hub/models--runwayml--stable-diffusion-inpainting/snapshots/8a4288a76071f7280aedbdb3253bdb9e9d5d84bb/unet: Error no file named diffusion_pytorch_model.safetensors found in directory /home/woojye2020/.cache/huggingface/hub/models--runwayml--stable-diffusion-inpainting/snapshots/8a4288a76071f7280aedbdb3253bdb9e9d5d84bb/unet.
Defaulting to unsafe serialization. Pass `allow_pickle=False` to raise an error instead.

Loading pipeline components...:  29%|██▊       | 2/7 [00:01<00:02,  1.89it/s]An error occurred while trying to fetch /home/woojye2020/.cache/huggingface/hub/models--runwayml--stable-diffusion-inpainting/snapshots/8a4288a76071f7280aedbdb3253bdb9e9d5d84bb/vae: Error no file named diffusion_pytorch_model.safetensors found in directory /home/woojye2020/.cache/huggingface/hub/models--runwayml--stable-diffusion-inpainting/snapshots/8a4288a76071f7280aedbdb3253bdb9e9d5d84bb/vae.
Defaulting to unsafe serialization. Pass `allow_pickle=False` to raise an error instead.

Loading pipeline components...:  71%|███████▏  | 5/7 [00:01<00:00,  5.25it/s]
Loading pipeline components...: 100%|██████████| 7/7 [00:01<00:00,  3.92it/s]
Loading pipeline components...: 100%|██████████| 7/7 [00:01<00:00,  3.62it/s]

  0%|          | 0/50 [00:00<?, ?it/s]
  2%|▏         | 1/50 [00:00<00:05,  8.49it/s]
  8%|▊         | 4/50 [00:00<00:02, 18.24it/s]
 14%|█▍        | 7/50 [00:00<00:02, 21.27it/s]
 20%|██        | 10/50 [00:00<00:01, 22.68it/s]
 26%|██▌       | 13/50 [00:00<00:01, 23.46it/s]
 32%|███▏      | 16/50 [00:00<00:01, 23.93it/s]
 38%|███▊      | 19/50 [00:00<00:01, 24.22it/s]
 44%|████▍     | 22/50 [00:00<00:01, 24.41it/s]
 50%|█████     | 25/50 [00:01<00:01, 24.49it/s]
 56%|█████▌    | 28/50 [00:01<00:00, 24.54it/s]
 62%|██████▏   | 31/50 [00:01<00:00, 24.60it/s]
 68%|██████▊   | 34/50 [00:01<00:00, 24.64it/s]
 74%|███████▍  | 37/50 [00:01<00:00, 24.68it/s]
 80%|████████  | 40/50 [00:01<00:00, 24.69it/s]
 86%|████████▌ | 43/50 [00:01<00:00, 24.71it/s]
 92%|█████████▏| 46/50 [00:01<00:00, 24.72it/s]
 98%|█████████▊| 49/50 [00:02<00:00, 24.73it/s]
100%|██████████| 50/50 [00:02<00:00, 23.86it/s]


--- 1. Computing Semantic Vector Shift from Text ---
Loading BiomedCLIP Model: chuhac/BiomedCLIP-vit-bert-hf
Using Text Anchors: 'healthy breast' - 'tumor breast'
Injecting shift vector with alpha = 1.0
Target Embedding Shape (Input to SD): torch.Size([1, 4, 768])

--- 2. Loading Stable Diffusion Inpainting Model ---
Model ID: runwayml/stable-diffusion-inpainting

--- 3. Processing Image ---
Dilating mask by 3 iterations...

--- 4. Running Generation ---
Saving output to: /home/woojye2020/decs_jupyter_lab/MedCLIP-SAMv2/generated_neg_output/udiat_vector_injection_breast2/Malignant/000296.png
Zero-Shot Translation Complete!

  -> Generating for: 000297.png

Loading pipeline components...:   0%|          | 0/7 [00:00<?, ?it/s]An error occurred while trying to fetch /home/woojye2020/.cache/huggingface/hub/models--runwayml--stable-diffusion-inpainting/snapshots/8a4288a76071f7280aedbdb3253bdb9e9d5d84bb/vae: Error no file named diffusion_pytorch_model.safetensors found in directory /home/woojye2020/.cache/huggingface/hub/models--runwayml--stable-diffusion-inpainting/snapshots/8a4288a76071f7280aedbdb3253bdb9e9d5d84bb/vae.
Defaulting to unsafe serialization. Pass `allow_pickle=False` to raise an error instead.

Loading pipeline components...:  14%|█▍        | 1/7 [00:00<00:02,  2.17it/s]
Loading pipeline components...:  29%|██▊       | 2/7 [00:00<00:01,  3.93it/s]An error occurred while trying to fetch /home/woojye2020/.cache/huggingface/hub/models--runwayml--stable-diffusion-inpainting/snapshots/8a4288a76071f7280aedbdb3253bdb9e9d5d84bb/unet: Error no file named diffusion_pytorch_model.safetensors found in directory /home/woojye2020/.cache/huggingface/hub/models--runwayml--stable-diffusion-inpainting/snapshots/8a4288a76071f7280aedbdb3253bdb9e9d5d84bb/unet.
Defaulting to unsafe serialization. Pass `allow_pickle=False` to raise an error instead.

Loading pipeline components...:  43%|████▎     | 3/7 [00:01<00:01,  2.95it/s]`torch_dtype` is deprecated! Use `dtype` instead!

Loading pipeline components...:  71%|███████▏  | 5/7 [00:02<00:00,  2.18it/s]
Loading pipeline components...: 100%|██████████| 7/7 [00:02<00:00,  2.71it/s]
Loading pipeline components...: 100%|██████████| 7/7 [00:02<00:00,  2.66it/s]

  0%|          | 0/50 [00:00<?, ?it/s]
  2%|▏         | 1/50 [00:00<00:08,  6.08it/s]
  8%|▊         | 4/50 [00:00<00:03, 14.30it/s]
 14%|█▍        | 7/50 [00:00<00:02, 17.30it/s]
 20%|██        | 10/50 [00:00<00:02, 18.78it/s]
 26%|██▌       | 13/50 [00:00<00:01, 19.62it/s]
 32%|███▏      | 16/50 [00:00<00:01, 20.14it/s]
 38%|███▊      | 19/50 [00:01<00:01, 20.46it/s]
 44%|████▍     | 22/50 [00:01<00:01, 20.67it/s]
 50%|█████     | 25/50 [00:01<00:01, 20.82it/s]
 56%|█████▌    | 28/50 [00:01<00:01, 20.92it/s]
 62%|██████▏   | 31/50 [00:01<00:00, 20.99it/s]
 68%|██████▊   | 34/50 [00:01<00:00, 21.28it/s]
 74%|███████▍  | 37/50 [00:01<00:00, 22.18it/s]
 80%|████████  | 40/50 [00:01<00:00, 22.86it/s]
 86%|████████▌ | 43/50 [00:02<00:00, 23.35it/s]
 92%|█████████▏| 46/50 [00:02<00:00, 23.71it/s]
 98%|█████████▊| 49/50 [00:02<00:00, 23.97it/s]
100%|██████████| 50/50 [00:02<00:00, 21.07it/s]


--- 1. Computing Semantic Vector Shift from Text ---
Loading BiomedCLIP Model: chuhac/BiomedCLIP-vit-bert-hf
Using Text Anchors: 'healthy breast' - 'tumor breast'
Injecting shift vector with alpha = 1.0
Target Embedding Shape (Input to SD): torch.Size([1, 4, 768])

--- 2. Loading Stable Diffusion Inpainting Model ---
Model ID: runwayml/stable-diffusion-inpainting

--- 3. Processing Image ---
Dilating mask by 3 iterations...

--- 4. Running Generation ---
Saving output to: /home/woojye2020/decs_jupyter_lab/MedCLIP-SAMv2/generated_neg_output/udiat_vector_injection_breast2/Malignant/000297.png
Zero-Shot Translation Complete!

  -> Generating for: 000298.png

Loading pipeline components...:   0%|          | 0/7 [00:00<?, ?it/s]An error occurred while trying to fetch /home/woojye2020/.cache/huggingface/hub/models--runwayml--stable-diffusion-inpainting/snapshots/8a4288a76071f7280aedbdb3253bdb9e9d5d84bb/vae: Error no file named diffusion_pytorch_model.safetensors found in directory /home/woojye2020/.cache/huggingface/hub/models--runwayml--stable-diffusion-inpainting/snapshots/8a4288a76071f7280aedbdb3253bdb9e9d5d84bb/vae.
Defaulting to unsafe serialization. Pass `allow_pickle=False` to raise an error instead.

Loading pipeline components...:  14%|█▍        | 1/7 [00:00<00:04,  1.40it/s]`torch_dtype` is deprecated! Use `dtype` instead!

Loading pipeline components...:  57%|█████▋    | 4/7 [00:01<00:01,  2.27it/s]
Loading pipeline components...:  71%|███████▏  | 5/7 [00:01<00:00,  2.85it/s]An error occurred while trying to fetch /home/woojye2020/.cache/huggingface/hub/models--runwayml--stable-diffusion-inpainting/snapshots/8a4288a76071f7280aedbdb3253bdb9e9d5d84bb/unet: Error no file named diffusion_pytorch_model.safetensors found in directory /home/woojye2020/.cache/huggingface/hub/models--runwayml--stable-diffusion-inpainting/snapshots/8a4288a76071f7280aedbdb3253bdb9e9d5d84bb/unet.
Defaulting to unsafe serialization. Pass `allow_pickle=False` to raise an error instead.

Loading pipeline components...:  86%|████████▌ | 6/7 [00:02<00:00,  2.55it/s]
Loading pipeline components...: 100%|██████████| 7/7 [00:02<00:00,  2.46it/s]
Loading pipeline components...: 100%|██████████| 7/7 [00:02<00:00,  2.41it/s]

  0%|          | 0/50 [00:00<?, ?it/s]
  2%|▏         | 1/50 [00:00<00:08,  6.04it/s]
  8%|▊         | 4/50 [00:00<00:03, 14.06it/s]
 14%|█▍        | 7/50 [00:00<00:02, 16.98it/s]
 20%|██        | 10/50 [00:00<00:02, 18.41it/s]
 26%|██▌       | 13/50 [00:00<00:01, 19.22it/s]
 32%|███▏      | 16/50 [00:00<00:01, 19.73it/s]
 38%|███▊      | 19/50 [00:01<00:01, 20.07it/s]
 44%|████▍     | 22/50 [00:01<00:01, 20.28it/s]
 50%|█████     | 25/50 [00:01<00:01, 20.42it/s]
 56%|█████▌    | 28/50 [00:01<00:01, 20.56it/s]
 62%|██████▏   | 31/50 [00:01<00:00, 21.66it/s]
 68%|██████▊   | 34/50 [00:01<00:00, 22.52it/s]
 74%|███████▍  | 37/50 [00:01<00:00, 23.18it/s]
 80%|████████  | 40/50 [00:01<00:00, 23.66it/s]
 86%|████████▌ | 43/50 [00:02<00:00, 24.00it/s]
 92%|█████████▏| 46/50 [00:02<00:00, 24.22it/s]
 98%|█████████▊| 49/50 [00:02<00:00, 24.34it/s]
100%|██████████| 50/50 [00:02<00:00, 21.19it/s]


--- 1. Computing Semantic Vector Shift from Text ---
Loading BiomedCLIP Model: chuhac/BiomedCLIP-vit-bert-hf
Using Text Anchors: 'healthy breast' - 'tumor breast'
Injecting shift vector with alpha = 1.0
Target Embedding Shape (Input to SD): torch.Size([1, 4, 768])

--- 2. Loading Stable Diffusion Inpainting Model ---
Model ID: runwayml/stable-diffusion-inpainting

--- 3. Processing Image ---
Dilating mask by 3 iterations...

--- 4. Running Generation ---
Saving output to: /home/woojye2020/decs_jupyter_lab/MedCLIP-SAMv2/generated_neg_output/udiat_vector_injection_breast2/Malignant/000298.png
Zero-Shot Translation Complete!

  -> Generating for: 000299.png

Loading pipeline components...:   0%|          | 0/7 [00:00<?, ?it/s]
Loading pipeline components...:  14%|█▍        | 1/7 [00:00<00:01,  5.37it/s]`torch_dtype` is deprecated! Use `dtype` instead!

Loading pipeline components...:  43%|████▎     | 3/7 [00:00<00:00,  4.10it/s]
Loading pipeline components...:  57%|█████▋    | 4/7 [00:00<00:00,  4.59it/s]
Loading pipeline components...:  71%|███████▏  | 5/7 [00:01<00:01,  1.97it/s]An error occurred while trying to fetch /home/woojye2020/.cache/huggingface/hub/models--runwayml--stable-diffusion-inpainting/snapshots/8a4288a76071f7280aedbdb3253bdb9e9d5d84bb/vae: Error no file named diffusion_pytorch_model.safetensors found in directory /home/woojye2020/.cache/huggingface/hub/models--runwayml--stable-diffusion-inpainting/snapshots/8a4288a76071f7280aedbdb3253bdb9e9d5d84bb/vae.
Defaulting to unsafe serialization. Pass `allow_pickle=False` to raise an error instead.

Loading pipeline components...:  86%|████████▌ | 6/7 [00:02<00:00,  2.63it/s]An error occurred while trying to fetch /home/woojye2020/.cache/huggingface/hub/models--runwayml--stable-diffusion-inpainting/snapshots/8a4288a76071f7280aedbdb3253bdb9e9d5d84bb/unet: Error no file named diffusion_pytorch_model.safetensors found in directory /home/woojye2020/.cache/huggingface/hub/models--runwayml--stable-diffusion-inpainting/snapshots/8a4288a76071f7280aedbdb3253bdb9e9d5d84bb/unet.
Defaulting to unsafe serialization. Pass `allow_pickle=False` to raise an error instead.

Loading pipeline components...: 100%|██████████| 7/7 [00:02<00:00,  2.49it/s]
Loading pipeline components...: 100%|██████████| 7/7 [00:02<00:00,  2.76it/s]

  0%|          | 0/50 [00:00<?, ?it/s]
  2%|▏         | 1/50 [00:00<00:08,  6.05it/s]
  8%|▊         | 4/50 [00:00<00:03, 14.29it/s]
 14%|█▍        | 7/50 [00:00<00:02, 17.31it/s]
 20%|██        | 10/50 [00:00<00:02, 18.80it/s]
 26%|██▌       | 13/50 [00:00<00:01, 19.65it/s]
 32%|███▏      | 16/50 [00:00<00:01, 20.67it/s]
 38%|███▊      | 19/50 [00:00<00:01, 21.91it/s]
 44%|████▍     | 22/50 [00:01<00:01, 22.79it/s]
 50%|█████     | 25/50 [00:01<00:01, 23.40it/s]
 56%|█████▌    | 28/50 [00:01<00:00, 23.83it/s]
 62%|██████▏   | 31/50 [00:01<00:00, 24.13it/s]
 68%|██████▊   | 34/50 [00:01<00:00, 24.29it/s]
 74%|███████▍  | 37/50 [00:01<00:00, 24.41it/s]
 80%|████████  | 40/50 [00:01<00:00, 24.52it/s]
 86%|████████▌ | 43/50 [00:01<00:00, 24.58it/s]
 92%|█████████▏| 46/50 [00:02<00:00, 24.63it/s]
 98%|█████████▊| 49/50 [00:02<00:00, 24.68it/s]
100%|██████████| 50/50 [00:02<00:00, 22.35it/s]


--- 1. Computing Semantic Vector Shift from Text ---
Loading BiomedCLIP Model: chuhac/BiomedCLIP-vit-bert-hf
Using Text Anchors: 'healthy breast' - 'tumor breast'
Injecting shift vector with alpha = 1.0
Target Embedding Shape (Input to SD): torch.Size([1, 4, 768])

--- 2. Loading Stable Diffusion Inpainting Model ---
Model ID: runwayml/stable-diffusion-inpainting

--- 3. Processing Image ---
Dilating mask by 3 iterations...

--- 4. Running Generation ---
Saving output to: /home/woojye2020/decs_jupyter_lab/MedCLIP-SAMv2/generated_neg_output/udiat_vector_injection_breast2/Malignant/000299.png
Zero-Shot Translation Complete!

  -> Generating for: 000300.png

Loading pipeline components...:   0%|          | 0/7 [00:00<?, ?it/s]
Loading pipeline components...:  14%|█▍        | 1/7 [00:00<00:01,  3.02it/s]`torch_dtype` is deprecated! Use `dtype` instead!

Loading pipeline components...:  29%|██▊       | 2/7 [00:01<00:03,  1.28it/s]An error occurred while trying to fetch /home/woojye2020/.cache/huggingface/hub/models--runwayml--stable-diffusion-inpainting/snapshots/8a4288a76071f7280aedbdb3253bdb9e9d5d84bb/vae: Error no file named diffusion_pytorch_model.safetensors found in directory /home/woojye2020/.cache/huggingface/hub/models--runwayml--stable-diffusion-inpainting/snapshots/8a4288a76071f7280aedbdb3253bdb9e9d5d84bb/vae.
Defaulting to unsafe serialization. Pass `allow_pickle=False` to raise an error instead.

Loading pipeline components...:  43%|████▎     | 3/7 [00:01<00:01,  2.06it/s]
Loading pipeline components...:  71%|███████▏  | 5/7 [00:02<00:00,  2.87it/s]An error occurred while trying to fetch /home/woojye2020/.cache/huggingface/hub/models--runwayml--stable-diffusion-inpainting/snapshots/8a4288a76071f7280aedbdb3253bdb9e9d5d84bb/unet: Error no file named diffusion_pytorch_model.safetensors found in directory /home/woojye2020/.cache/huggingface/hub/models--runwayml--stable-diffusion-inpainting/snapshots/8a4288a76071f7280aedbdb3253bdb9e9d5d84bb/unet.
Defaulting to unsafe serialization. Pass `allow_pickle=False` to raise an error instead.

Loading pipeline components...:  86%|████████▌ | 6/7 [00:02<00:00,  2.57it/s]
Loading pipeline components...: 100%|██████████| 7/7 [00:02<00:00,  3.26it/s]
Loading pipeline components...: 100%|██████████| 7/7 [00:02<00:00,  2.65it/s]

  0%|          | 0/50 [00:00<?, ?it/s]
  2%|▏         | 1/50 [00:00<00:08,  6.12it/s]
  6%|▌         | 3/50 [00:00<00:03, 12.58it/s]
 12%|█▏        | 6/50 [00:00<00:02, 16.62it/s]
 18%|█▊        | 9/50 [00:00<00:02, 18.38it/s]
 24%|██▍       | 12/50 [00:00<00:01, 19.31it/s]
 30%|███       | 15/50 [00:00<00:01, 19.88it/s]
 36%|███▌      | 18/50 [00:00<00:01, 20.38it/s]
 42%|████▏     | 21/50 [00:01<00:01, 21.65it/s]
 48%|████▊     | 24/50 [00:01<00:01, 22.58it/s]
 54%|█████▍    | 27/50 [00:01<00:00, 23.25it/s]
 60%|██████    | 30/50 [00:01<00:00, 23.71it/s]
 66%|██████▌   | 33/50 [00:01<00:00, 24.01it/s]
 72%|███████▏  | 36/50 [00:01<00:00, 24.21it/s]
 78%|███████▊  | 39/50 [00:01<00:00, 24.34it/s]
 84%|████████▍ | 42/50 [00:01<00:00, 24.44it/s]
 90%|█████████ | 45/50 [00:02<00:00, 24.53it/s]
 96%|█████████▌| 48/50 [00:02<00:00, 24.60it/s]
100%|██████████| 50/50 [00:02<00:00, 22.02it/s]


--- 1. Computing Semantic Vector Shift from Text ---
Loading BiomedCLIP Model: chuhac/BiomedCLIP-vit-bert-hf
Using Text Anchors: 'healthy breast' - 'tumor breast'
Injecting shift vector with alpha = 1.0
Target Embedding Shape (Input to SD): torch.Size([1, 4, 768])

--- 2. Loading Stable Diffusion Inpainting Model ---
Model ID: runwayml/stable-diffusion-inpainting

--- 3. Processing Image ---
Dilating mask by 3 iterations...

--- 4. Running Generation ---
Saving output to: /home/woojye2020/decs_jupyter_lab/MedCLIP-SAMv2/generated_neg_output/udiat_vector_injection_breast2/Malignant/000300.png
Zero-Shot Translation Complete!

  -> Generating for: 000301.png

Loading pipeline components...:   0%|          | 0/7 [00:00<?, ?it/s]`torch_dtype` is deprecated! Use `dtype` instead!

Loading pipeline components...:  14%|█▍        | 1/7 [00:00<00:02,  2.28it/s]
Loading pipeline components...:  29%|██▊       | 2/7 [00:01<00:03,  1.65it/s]
Loading pipeline components...:  57%|█████▋    | 4/7 [00:01<00:01,  2.34it/s]An error occurred while trying to fetch /home/woojye2020/.cache/huggingface/hub/models--runwayml--stable-diffusion-inpainting/snapshots/8a4288a76071f7280aedbdb3253bdb9e9d5d84bb/unet: Error no file named diffusion_pytorch_model.safetensors found in directory /home/woojye2020/.cache/huggingface/hub/models--runwayml--stable-diffusion-inpainting/snapshots/8a4288a76071f7280aedbdb3253bdb9e9d5d84bb/unet.
Defaulting to unsafe serialization. Pass `allow_pickle=False` to raise an error instead.

Loading pipeline components...:  71%|███████▏  | 5/7 [00:02<00:00,  2.38it/s]An error occurred while trying to fetch /home/woojye2020/.cache/huggingface/hub/models--runwayml--stable-diffusion-inpainting/snapshots/8a4288a76071f7280aedbdb3253bdb9e9d5d84bb/vae: Error no file named diffusion_pytorch_model.safetensors found in directory /home/woojye2020/.cache/huggingface/hub/models--runwayml--stable-diffusion-inpainting/snapshots/8a4288a76071f7280aedbdb3253bdb9e9d5d84bb/vae.
Defaulting to unsafe serialization. Pass `allow_pickle=False` to raise an error instead.

Loading pipeline components...: 100%|██████████| 7/7 [00:02<00:00,  3.06it/s]

  0%|          | 0/50 [00:00<?, ?it/s]
  2%|▏         | 1/50 [00:00<00:05,  8.51it/s]
  8%|▊         | 4/50 [00:00<00:02, 18.31it/s]
 14%|█▍        | 7/50 [00:00<00:02, 21.23it/s]
 20%|██        | 10/50 [00:00<00:01, 22.58it/s]
 26%|██▌       | 13/50 [00:00<00:01, 23.31it/s]
 32%|███▏      | 16/50 [00:00<00:01, 23.77it/s]
 38%|███▊      | 19/50 [00:00<00:01, 24.07it/s]
 44%|████▍     | 22/50 [00:00<00:01, 24.24it/s]
 50%|█████     | 25/50 [00:01<00:01, 24.38it/s]
 56%|█████▌    | 28/50 [00:01<00:00, 24.45it/s]
 62%|██████▏   | 31/50 [00:01<00:00, 24.50it/s]
 68%|██████▊   | 34/50 [00:01<00:00, 24.54it/s]
 74%|███████▍  | 37/50 [00:01<00:00, 24.54it/s]
 80%|████████  | 40/50 [00:01<00:00, 24.56it/s]
 86%|████████▌ | 43/50 [00:01<00:00, 24.55it/s]
 92%|█████████▏| 46/50 [00:01<00:00, 24.58it/s]
 98%|█████████▊| 49/50 [00:02<00:00, 24.59it/s]
100%|██████████| 50/50 [00:02<00:00, 23.74it/s]


--- 1. Computing Semantic Vector Shift from Text ---
Loading BiomedCLIP Model: chuhac/BiomedCLIP-vit-bert-hf
Using Text Anchors: 'healthy breast' - 'tumor breast'
Injecting shift vector with alpha = 1.0
Target Embedding Shape (Input to SD): torch.Size([1, 4, 768])

--- 2. Loading Stable Diffusion Inpainting Model ---
Model ID: runwayml/stable-diffusion-inpainting

--- 3. Processing Image ---
Dilating mask by 3 iterations...

--- 4. Running Generation ---
Saving output to: /home/woojye2020/decs_jupyter_lab/MedCLIP-SAMv2/generated_neg_output/udiat_vector_injection_breast2/Malignant/000301.png
Zero-Shot Translation Complete!

  -> Generating for: 000302.png

Loading pipeline components...:   0%|          | 0/7 [00:00<?, ?it/s]
Loading pipeline components...:  14%|█▍        | 1/7 [00:00<00:01,  5.43it/s]An error occurred while trying to fetch /home/woojye2020/.cache/huggingface/hub/models--runwayml--stable-diffusion-inpainting/snapshots/8a4288a76071f7280aedbdb3253bdb9e9d5d84bb/unet: Error no file named diffusion_pytorch_model.safetensors found in directory /home/woojye2020/.cache/huggingface/hub/models--runwayml--stable-diffusion-inpainting/snapshots/8a4288a76071f7280aedbdb3253bdb9e9d5d84bb/unet.
Defaulting to unsafe serialization. Pass `allow_pickle=False` to raise an error instead.

Loading pipeline components...:  29%|██▊       | 2/7 [00:00<00:02,  2.05it/s]An error occurred while trying to fetch /home/woojye2020/.cache/huggingface/hub/models--runwayml--stable-diffusion-inpainting/snapshots/8a4288a76071f7280aedbdb3253bdb9e9d5d84bb/vae: Error no file named diffusion_pytorch_model.safetensors found in directory /home/woojye2020/.cache/huggingface/hub/models--runwayml--stable-diffusion-inpainting/snapshots/8a4288a76071f7280aedbdb3253bdb9e9d5d84bb/vae.
Defaulting to unsafe serialization. Pass `allow_pickle=False` to raise an error instead.

Loading pipeline components...:  43%|████▎     | 3/7 [00:00<00:01,  3.15it/s]`torch_dtype` is deprecated! Use `dtype` instead!

Loading pipeline components...:  71%|███████▏  | 5/7 [00:02<00:00,  2.28it/s]
Loading pipeline components...: 100%|██████████| 7/7 [00:02<00:00,  2.84it/s]
Loading pipeline components...: 100%|██████████| 7/7 [00:02<00:00,  2.74it/s]

  0%|          | 0/50 [00:00<?, ?it/s]
  2%|▏         | 1/50 [00:00<00:08,  5.89it/s]
  8%|▊         | 4/50 [00:00<00:03, 13.87it/s]
 14%|█▍        | 7/50 [00:00<00:02, 16.79it/s]
 20%|██        | 10/50 [00:00<00:02, 18.22it/s]
 26%|██▌       | 13/50 [00:00<00:01, 19.05it/s]
 32%|███▏      | 16/50 [00:00<00:01, 19.55it/s]
 38%|███▊      | 19/50 [00:01<00:01, 19.88it/s]
 44%|████▍     | 22/50 [00:01<00:01, 21.02it/s]
 50%|█████     | 25/50 [00:01<00:01, 22.07it/s]
 56%|█████▌    | 28/50 [00:01<00:00, 22.82it/s]
 62%|██████▏   | 31/50 [00:01<00:00, 23.37it/s]
 68%|██████▊   | 34/50 [00:01<00:00, 23.75it/s]
 74%|███████▍  | 37/50 [00:01<00:00, 24.03it/s]
 80%|████████  | 40/50 [00:01<00:00, 24.23it/s]
 86%|████████▌ | 43/50 [00:02<00:00, 24.38it/s]
 92%|█████████▏| 46/50 [00:02<00:00, 24.49it/s]
 98%|█████████▊| 49/50 [00:02<00:00, 24.57it/s]
100%|██████████| 50/50 [00:02<00:00, 21.68it/s]


--- 1. Computing Semantic Vector Shift from Text ---
Loading BiomedCLIP Model: chuhac/BiomedCLIP-vit-bert-hf
Using Text Anchors: 'healthy breast' - 'tumor breast'
Injecting shift vector with alpha = 1.0
Target Embedding Shape (Input to SD): torch.Size([1, 4, 768])

--- 2. Loading Stable Diffusion Inpainting Model ---
Model ID: runwayml/stable-diffusion-inpainting

--- 3. Processing Image ---
Dilating mask by 3 iterations...

--- 4. Running Generation ---
Saving output to: /home/woojye2020/decs_jupyter_lab/MedCLIP-SAMv2/generated_neg_output/udiat_vector_injection_breast2/Malignant/000302.png
Zero-Shot Translation Complete!

  -> Generating for: 000303.png

Loading pipeline components...:   0%|          | 0/7 [00:00<?, ?it/s]`torch_dtype` is deprecated! Use `dtype` instead!

Loading pipeline components...:  14%|█▍        | 1/7 [00:00<00:03,  1.80it/s]
Loading pipeline components...:  29%|██▊       | 2/7 [00:00<00:01,  3.02it/s]An error occurred while trying to fetch /home/woojye2020/.cache/huggingface/hub/models--runwayml--stable-diffusion-inpainting/snapshots/8a4288a76071f7280aedbdb3253bdb9e9d5d84bb/unet: Error no file named diffusion_pytorch_model.safetensors found in directory /home/woojye2020/.cache/huggingface/hub/models--runwayml--stable-diffusion-inpainting/snapshots/8a4288a76071f7280aedbdb3253bdb9e9d5d84bb/unet.
Defaulting to unsafe serialization. Pass `allow_pickle=False` to raise an error instead.

Loading pipeline components...:  43%|████▎     | 3/7 [00:01<00:01,  2.50it/s]
Loading pipeline components...:  71%|███████▏  | 5/7 [00:01<00:00,  4.90it/s]
Loading pipeline components...:  86%|████████▌ | 6/7 [00:02<00:00,  2.18it/s]An error occurred while trying to fetch /home/woojye2020/.cache/huggingface/hub/models--runwayml--stable-diffusion-inpainting/snapshots/8a4288a76071f7280aedbdb3253bdb9e9d5d84bb/vae: Error no file named diffusion_pytorch_model.safetensors found in directory /home/woojye2020/.cache/huggingface/hub/models--runwayml--stable-diffusion-inpainting/snapshots/8a4288a76071f7280aedbdb3253bdb9e9d5d84bb/vae.
Defaulting to unsafe serialization. Pass `allow_pickle=False` to raise an error instead.

Loading pipeline components...: 100%|██████████| 7/7 [00:02<00:00,  2.79it/s]
Loading pipeline components...: 100%|██████████| 7/7 [00:02<00:00,  2.77it/s]

  0%|          | 0/50 [00:00<?, ?it/s]
  2%|▏         | 1/50 [00:00<00:08,  6.04it/s]
  8%|▊         | 4/50 [00:00<00:03, 14.15it/s]
 14%|█▍        | 7/50 [00:00<00:02, 18.04it/s]
 20%|██        | 10/50 [00:00<00:01, 20.43it/s]
 26%|██▌       | 13/50 [00:00<00:01, 21.88it/s]
 32%|███▏      | 16/50 [00:00<00:01, 22.82it/s]
 38%|███▊      | 19/50 [00:00<00:01, 23.45it/s]
 44%|████▍     | 22/50 [00:01<00:01, 23.86it/s]
 50%|█████     | 25/50 [00:01<00:01, 24.14it/s]
 56%|█████▌    | 28/50 [00:01<00:00, 24.33it/s]
 62%|██████▏   | 31/50 [00:01<00:00, 24.47it/s]
 68%|██████▊   | 34/50 [00:01<00:00, 24.57it/s]
 74%|███████▍  | 37/50 [00:01<00:00, 24.63it/s]
 80%|████████  | 40/50 [00:01<00:00, 24.65it/s]
 86%|████████▌ | 43/50 [00:01<00:00, 24.66it/s]
 92%|█████████▏| 46/50 [00:02<00:00, 24.68it/s]
 98%|█████████▊| 49/50 [00:02<00:00, 24.68it/s]
100%|██████████| 50/50 [00:02<00:00, 22.98it/s]


--- 1. Computing Semantic Vector Shift from Text ---
Loading BiomedCLIP Model: chuhac/BiomedCLIP-vit-bert-hf
Using Text Anchors: 'healthy breast' - 'tumor breast'
Injecting shift vector with alpha = 1.0
Target Embedding Shape (Input to SD): torch.Size([1, 4, 768])

--- 2. Loading Stable Diffusion Inpainting Model ---
Model ID: runwayml/stable-diffusion-inpainting

--- 3. Processing Image ---
Dilating mask by 3 iterations...

--- 4. Running Generation ---
Saving output to: /home/woojye2020/decs_jupyter_lab/MedCLIP-SAMv2/generated_neg_output/udiat_vector_injection_breast2/Malignant/000303.png
Zero-Shot Translation Complete!

  -> Generating for: 000304.png

Loading pipeline components...:   0%|          | 0/7 [00:00<?, ?it/s]`torch_dtype` is deprecated! Use `dtype` instead!

Loading pipeline components...:  14%|█▍        | 1/7 [00:01<00:06,  1.10s/it]An error occurred while trying to fetch /home/woojye2020/.cache/huggingface/hub/models--runwayml--stable-diffusion-inpainting/snapshots/8a4288a76071f7280aedbdb3253bdb9e9d5d84bb/unet: Error no file named diffusion_pytorch_model.safetensors found in directory /home/woojye2020/.cache/huggingface/hub/models--runwayml--stable-diffusion-inpainting/snapshots/8a4288a76071f7280aedbdb3253bdb9e9d5d84bb/unet.
Defaulting to unsafe serialization. Pass `allow_pickle=False` to raise an error instead.

Loading pipeline components...:  43%|████▎     | 3/7 [00:01<00:02,  1.75it/s]
Loading pipeline components...:  57%|█████▋    | 4/7 [00:02<00:01,  2.05it/s]
Loading pipeline components...:  71%|███████▏  | 5/7 [00:02<00:00,  2.74it/s]An error occurred while trying to fetch /home/woojye2020/.cache/huggingface/hub/models--runwayml--stable-diffusion-inpainting/snapshots/8a4288a76071f7280aedbdb3253bdb9e9d5d84bb/vae: Error no file named diffusion_pytorch_model.safetensors found in directory /home/woojye2020/.cache/huggingface/hub/models--runwayml--stable-diffusion-inpainting/snapshots/8a4288a76071f7280aedbdb3253bdb9e9d5d84bb/vae.
Defaulting to unsafe serialization. Pass `allow_pickle=False` to raise an error instead.

Loading pipeline components...:  86%|████████▌ | 6/7 [00:02<00:00,  3.49it/s]
Loading pipeline components...: 100%|██████████| 7/7 [00:02<00:00,  2.85it/s]

  0%|          | 0/50 [00:00<?, ?it/s]
  2%|▏         | 1/50 [00:00<00:08,  5.75it/s]
  6%|▌         | 3/50 [00:00<00:03, 12.07it/s]
 12%|█▏        | 6/50 [00:00<00:02, 16.00it/s]
 18%|█▊        | 9/50 [00:00<00:02, 18.72it/s]
 24%|██▍       | 12/50 [00:00<00:01, 20.74it/s]
 30%|███       | 15/50 [00:00<00:01, 22.04it/s]
 36%|███▌      | 18/50 [00:00<00:01, 22.90it/s]
 42%|████▏     | 21/50 [00:01<00:01, 23.49it/s]
 48%|████▊     | 24/50 [00:01<00:01, 23.87it/s]
 54%|█████▍    | 27/50 [00:01<00:00, 24.13it/s]
 60%|██████    | 30/50 [00:01<00:00, 24.29it/s]
 66%|██████▌   | 33/50 [00:01<00:00, 24.40it/s]
 72%|███████▏  | 36/50 [00:01<00:00, 24.50it/s]
 78%|███████▊  | 39/50 [00:01<00:00, 24.58it/s]
 84%|████████▍ | 42/50 [00:01<00:00, 24.62it/s]
 90%|█████████ | 45/50 [00:02<00:00, 24.67it/s]
 96%|█████████▌| 48/50 [00:02<00:00, 24.69it/s]
100%|██████████| 50/50 [00:02<00:00, 22.60it/s]


--- 1. Computing Semantic Vector Shift from Text ---
Loading BiomedCLIP Model: chuhac/BiomedCLIP-vit-bert-hf
Using Text Anchors: 'healthy breast' - 'tumor breast'
Injecting shift vector with alpha = 1.0
Target Embedding Shape (Input to SD): torch.Size([1, 4, 768])

--- 2. Loading Stable Diffusion Inpainting Model ---
Model ID: runwayml/stable-diffusion-inpainting

--- 3. Processing Image ---
Dilating mask by 3 iterations...

--- 4. Running Generation ---
Saving output to: /home/woojye2020/decs_jupyter_lab/MedCLIP-SAMv2/generated_neg_output/udiat_vector_injection_breast2/Malignant/000304.png
Zero-Shot Translation Complete!

  -> Generating for: 000305.png

Loading pipeline components...:   0%|          | 0/7 [00:00<?, ?it/s]
Loading pipeline components...:  14%|█▍        | 1/7 [00:00<00:02,  2.97it/s]An error occurred while trying to fetch /home/woojye2020/.cache/huggingface/hub/models--runwayml--stable-diffusion-inpainting/snapshots/8a4288a76071f7280aedbdb3253bdb9e9d5d84bb/vae: Error no file named diffusion_pytorch_model.safetensors found in directory /home/woojye2020/.cache/huggingface/hub/models--runwayml--stable-diffusion-inpainting/snapshots/8a4288a76071f7280aedbdb3253bdb9e9d5d84bb/vae.
Defaulting to unsafe serialization. Pass `allow_pickle=False` to raise an error instead.

Loading pipeline components...:  29%|██▊       | 2/7 [00:00<00:01,  4.66it/s]An error occurred while trying to fetch /home/woojye2020/.cache/huggingface/hub/models--runwayml--stable-diffusion-inpainting/snapshots/8a4288a76071f7280aedbdb3253bdb9e9d5d84bb/unet: Error no file named diffusion_pytorch_model.safetensors found in directory /home/woojye2020/.cache/huggingface/hub/models--runwayml--stable-diffusion-inpainting/snapshots/8a4288a76071f7280aedbdb3253bdb9e9d5d84bb/unet.
Defaulting to unsafe serialization. Pass `allow_pickle=False` to raise an error instead.

Loading pipeline components...:  43%|████▎     | 3/7 [00:00<00:01,  3.15it/s]`torch_dtype` is deprecated! Use `dtype` instead!

Loading pipeline components...:  71%|███████▏  | 5/7 [00:01<00:00,  3.27it/s]
Loading pipeline components...:  86%|████████▌ | 6/7 [00:02<00:00,  2.00it/s]
Loading pipeline components...: 100%|██████████| 7/7 [00:02<00:00,  2.82it/s]

  0%|          | 0/50 [00:00<?, ?it/s]
  2%|▏         | 1/50 [00:00<00:05,  8.50it/s]
  8%|▊         | 4/50 [00:00<00:02, 18.26it/s]
 14%|█▍        | 7/50 [00:00<00:02, 21.24it/s]
 20%|██        | 10/50 [00:00<00:01, 22.64it/s]
 26%|██▌       | 13/50 [00:00<00:01, 23.40it/s]
 32%|███▏      | 16/50 [00:00<00:01, 23.86it/s]
 38%|███▊      | 19/50 [00:00<00:01, 24.15it/s]
 44%|████▍     | 22/50 [00:00<00:01, 24.33it/s]
 50%|█████     | 25/50 [00:01<00:01, 24.47it/s]
 56%|█████▌    | 28/50 [00:01<00:00, 24.58it/s]
 62%|██████▏   | 31/50 [00:01<00:00, 24.64it/s]
 68%|██████▊   | 34/50 [00:01<00:00, 24.68it/s]
 74%|███████▍  | 37/50 [00:01<00:00, 24.71it/s]
 80%|████████  | 40/50 [00:01<00:00, 24.71it/s]
 86%|████████▌ | 43/50 [00:01<00:00, 24.71it/s]
 92%|█████████▏| 46/50 [00:01<00:00, 24.72it/s]
 98%|█████████▊| 49/50 [00:02<00:00, 24.72it/s]
100%|██████████| 50/50 [00:02<00:00, 23.85it/s]


--- 1. Computing Semantic Vector Shift from Text ---
Loading BiomedCLIP Model: chuhac/BiomedCLIP-vit-bert-hf
Using Text Anchors: 'healthy breast' - 'tumor breast'
Injecting shift vector with alpha = 1.0
Target Embedding Shape (Input to SD): torch.Size([1, 4, 768])

--- 2. Loading Stable Diffusion Inpainting Model ---
Model ID: runwayml/stable-diffusion-inpainting

--- 3. Processing Image ---
Dilating mask by 3 iterations...

--- 4. Running Generation ---
Saving output to: /home/woojye2020/decs_jupyter_lab/MedCLIP-SAMv2/generated_neg_output/udiat_vector_injection_breast2/Malignant/000305.png
Zero-Shot Translation Complete!

  -> Generating for: 000306.png

Loading pipeline components...:   0%|          | 0/7 [00:00<?, ?it/s]`torch_dtype` is deprecated! Use `dtype` instead!

Loading pipeline components...:  14%|█▍        | 1/7 [00:00<00:03,  1.82it/s]An error occurred while trying to fetch /home/woojye2020/.cache/huggingface/hub/models--runwayml--stable-diffusion-inpainting/snapshots/8a4288a76071f7280aedbdb3253bdb9e9d5d84bb/unet: Error no file named diffusion_pytorch_model.safetensors found in directory /home/woojye2020/.cache/huggingface/hub/models--runwayml--stable-diffusion-inpainting/snapshots/8a4288a76071f7280aedbdb3253bdb9e9d5d84bb/unet.
Defaulting to unsafe serialization. Pass `allow_pickle=False` to raise an error instead.

Loading pipeline components...:  29%|██▊       | 2/7 [00:01<00:02,  1.67it/s]An error occurred while trying to fetch /home/woojye2020/.cache/huggingface/hub/models--runwayml--stable-diffusion-inpainting/snapshots/8a4288a76071f7280aedbdb3253bdb9e9d5d84bb/vae: Error no file named diffusion_pytorch_model.safetensors found in directory /home/woojye2020/.cache/huggingface/hub/models--runwayml--stable-diffusion-inpainting/snapshots/8a4288a76071f7280aedbdb3253bdb9e9d5d84bb/vae.
Defaulting to unsafe serialization. Pass `allow_pickle=False` to raise an error instead.

Loading pipeline components...:  43%|████▎     | 3/7 [00:01<00:01,  2.66it/s]
Loading pipeline components...:  57%|█████▋    | 4/7 [00:02<00:01,  1.51it/s]
Loading pipeline components...: 100%|██████████| 7/7 [00:02<00:00,  3.70it/s]
Loading pipeline components...: 100%|██████████| 7/7 [00:02<00:00,  2.79it/s]

  0%|          | 0/50 [00:00<?, ?it/s]
  2%|▏         | 1/50 [00:00<00:08,  5.91it/s]
  8%|▊         | 4/50 [00:00<00:03, 14.44it/s]
 14%|█▍        | 7/50 [00:00<00:02, 18.63it/s]
 20%|██        | 10/50 [00:00<00:01, 20.91it/s]
 26%|██▌       | 13/50 [00:00<00:01, 22.25it/s]
 32%|███▏      | 16/50 [00:00<00:01, 23.05it/s]
 38%|███▊      | 19/50 [00:00<00:01, 23.56it/s]
 44%|████▍     | 22/50 [00:01<00:01, 23.90it/s]
 50%|█████     | 25/50 [00:01<00:01, 24.14it/s]
 56%|█████▌    | 28/50 [00:01<00:00, 24.29it/s]
 62%|██████▏   | 31/50 [00:01<00:00, 24.40it/s]
 68%|██████▊   | 34/50 [00:01<00:00, 24.48it/s]
 74%|███████▍  | 37/50 [00:01<00:00, 24.54it/s]
 80%|████████  | 40/50 [00:01<00:00, 24.58it/s]
 86%|████████▌ | 43/50 [00:01<00:00, 24.62it/s]
 92%|█████████▏| 46/50 [00:02<00:00, 24.65it/s]
 98%|█████████▊| 49/50 [00:02<00:00, 24.68it/s]
100%|██████████| 50/50 [00:02<00:00, 23.05it/s]


--- 1. Computing Semantic Vector Shift from Text ---
Loading BiomedCLIP Model: chuhac/BiomedCLIP-vit-bert-hf
Using Text Anchors: 'healthy breast' - 'tumor breast'
Injecting shift vector with alpha = 1.0
Target Embedding Shape (Input to SD): torch.Size([1, 4, 768])

--- 2. Loading Stable Diffusion Inpainting Model ---
Model ID: runwayml/stable-diffusion-inpainting

--- 3. Processing Image ---
Dilating mask by 3 iterations...

--- 4. Running Generation ---
Saving output to: /home/woojye2020/decs_jupyter_lab/MedCLIP-SAMv2/generated_neg_output/udiat_vector_injection_breast2/Malignant/000306.png
Zero-Shot Translation Complete!

  -> Generating for: 000307.png

Loading pipeline components...:   0%|          | 0/7 [00:00<?, ?it/s]`torch_dtype` is deprecated! Use `dtype` instead!

Loading pipeline components...:  14%|█▍        | 1/7 [00:00<00:03,  1.80it/s]
Loading pipeline components...:  43%|████▎     | 3/7 [00:01<00:02,  1.80it/s]
Loading pipeline components...:  57%|█████▋    | 4/7 [00:01<00:01,  2.21it/s]
Loading pipeline components...:  71%|███████▏  | 5/7 [00:02<00:00,  2.94it/s]An error occurred while trying to fetch /home/woojye2020/.cache/huggingface/hub/models--runwayml--stable-diffusion-inpainting/snapshots/8a4288a76071f7280aedbdb3253bdb9e9d5d84bb/unet: Error no file named diffusion_pytorch_model.safetensors found in directory /home/woojye2020/.cache/huggingface/hub/models--runwayml--stable-diffusion-inpainting/snapshots/8a4288a76071f7280aedbdb3253bdb9e9d5d84bb/unet.
Defaulting to unsafe serialization. Pass `allow_pickle=False` to raise an error instead.

Loading pipeline components...:  86%|████████▌ | 6/7 [00:02<00:00,  2.58it/s]An error occurred while trying to fetch /home/woojye2020/.cache/huggingface/hub/models--runwayml--stable-diffusion-inpainting/snapshots/8a4288a76071f7280aedbdb3253bdb9e9d5d84bb/vae: Error no file named diffusion_pytorch_model.safetensors found in directory /home/woojye2020/.cache/huggingface/hub/models--runwayml--stable-diffusion-inpainting/snapshots/8a4288a76071f7280aedbdb3253bdb9e9d5d84bb/vae.
Defaulting to unsafe serialization. Pass `allow_pickle=False` to raise an error instead.

Loading pipeline components...: 100%|██████████| 7/7 [00:02<00:00,  3.31it/s]
Loading pipeline components...: 100%|██████████| 7/7 [00:02<00:00,  2.65it/s]

  0%|          | 0/50 [00:00<?, ?it/s]
  2%|▏         | 1/50 [00:00<00:06,  7.87it/s]
  8%|▊         | 4/50 [00:00<00:02, 17.75it/s]
 14%|█▍        | 7/50 [00:00<00:02, 20.92it/s]
 20%|██        | 10/50 [00:00<00:01, 22.42it/s]
 26%|██▌       | 13/50 [00:00<00:01, 23.26it/s]
 32%|███▏      | 16/50 [00:00<00:01, 23.74it/s]
 38%|███▊      | 19/50 [00:00<00:01, 24.03it/s]
 44%|████▍     | 22/50 [00:00<00:01, 24.23it/s]
 50%|█████     | 25/50 [00:01<00:01, 24.36it/s]
 56%|█████▌    | 28/50 [00:01<00:00, 24.45it/s]
 62%|██████▏   | 31/50 [00:01<00:00, 24.51it/s]
 68%|██████▊   | 34/50 [00:01<00:00, 24.55it/s]
 74%|███████▍  | 37/50 [00:01<00:00, 24.60it/s]
 80%|████████  | 40/50 [00:01<00:00, 24.62it/s]
 86%|████████▌ | 43/50 [00:01<00:00, 24.65it/s]
 92%|█████████▏| 46/50 [00:01<00:00, 24.67it/s]
 98%|█████████▊| 49/50 [00:02<00:00, 24.69it/s]
100%|██████████| 50/50 [00:02<00:00, 23.70it/s]


--- 1. Computing Semantic Vector Shift from Text ---
Loading BiomedCLIP Model: chuhac/BiomedCLIP-vit-bert-hf
Using Text Anchors: 'healthy breast' - 'tumor breast'
Injecting shift vector with alpha = 1.0
Target Embedding Shape (Input to SD): torch.Size([1, 4, 768])

--- 2. Loading Stable Diffusion Inpainting Model ---
Model ID: runwayml/stable-diffusion-inpainting

--- 3. Processing Image ---
Dilating mask by 3 iterations...

--- 4. Running Generation ---
Saving output to: /home/woojye2020/decs_jupyter_lab/MedCLIP-SAMv2/generated_neg_output/udiat_vector_injection_breast2/Malignant/000307.png
Zero-Shot Translation Complete!

  -> Generating for: 000308.png

Loading pipeline components...:   0%|          | 0/7 [00:00<?, ?it/s]An error occurred while trying to fetch /home/woojye2020/.cache/huggingface/hub/models--runwayml--stable-diffusion-inpainting/snapshots/8a4288a76071f7280aedbdb3253bdb9e9d5d84bb/vae: Error no file named diffusion_pytorch_model.safetensors found in directory /home/woojye2020/.cache/huggingface/hub/models--runwayml--stable-diffusion-inpainting/snapshots/8a4288a76071f7280aedbdb3253bdb9e9d5d84bb/vae.
Defaulting to unsafe serialization. Pass `allow_pickle=False` to raise an error instead.

Loading pipeline components...:  14%|█▍        | 1/7 [00:00<00:02,  2.09it/s]An error occurred while trying to fetch /home/woojye2020/.cache/huggingface/hub/models--runwayml--stable-diffusion-inpainting/snapshots/8a4288a76071f7280aedbdb3253bdb9e9d5d84bb/unet: Error no file named diffusion_pytorch_model.safetensors found in directory /home/woojye2020/.cache/huggingface/hub/models--runwayml--stable-diffusion-inpainting/snapshots/8a4288a76071f7280aedbdb3253bdb9e9d5d84bb/unet.
Defaulting to unsafe serialization. Pass `allow_pickle=False` to raise an error instead.

Loading pipeline components...:  43%|████▎     | 3/7 [00:00<00:01,  3.25it/s]
Loading pipeline components...:  57%|█████▋    | 4/7 [00:01<00:00,  4.19it/s]`torch_dtype` is deprecated! Use `dtype` instead!

Loading pipeline components...:  71%|███████▏  | 5/7 [00:01<00:00,  3.17it/s]
Loading pipeline components...: 100%|██████████| 7/7 [00:02<00:00,  2.35it/s]
Loading pipeline components...: 100%|██████████| 7/7 [00:02<00:00,  2.66it/s]

  0%|          | 0/50 [00:00<?, ?it/s]
  2%|▏         | 1/50 [00:00<00:08,  6.06it/s]
  8%|▊         | 4/50 [00:00<00:03, 14.13it/s]
 14%|█▍        | 7/50 [00:00<00:02, 17.03it/s]
 20%|██        | 10/50 [00:00<00:02, 18.47it/s]
 26%|██▌       | 13/50 [00:00<00:01, 19.26it/s]
 32%|███▏      | 16/50 [00:00<00:01, 19.74it/s]
 38%|███▊      | 19/50 [00:01<00:01, 20.08it/s]
 44%|████▍     | 22/50 [00:01<00:01, 20.29it/s]
 50%|█████     | 25/50 [00:01<00:01, 20.34it/s]
 56%|█████▌    | 28/50 [00:01<00:01, 20.43it/s]
 62%|██████▏   | 31/50 [00:01<00:00, 20.53it/s]
 68%|██████▊   | 34/50 [00:01<00:00, 20.60it/s]
 74%|███████▍  | 37/50 [00:01<00:00, 21.58it/s]
 80%|████████  | 40/50 [00:02<00:00, 22.46it/s]
 86%|████████▌ | 43/50 [00:02<00:00, 23.10it/s]
 92%|█████████▏| 46/50 [00:02<00:00, 23.57it/s]
 98%|█████████▊| 49/50 [00:02<00:00, 23.92it/s]
100%|██████████| 50/50 [00:02<00:00, 20.75it/s]


--- 1. Computing Semantic Vector Shift from Text ---
Loading BiomedCLIP Model: chuhac/BiomedCLIP-vit-bert-hf
Using Text Anchors: 'healthy breast' - 'tumor breast'
Injecting shift vector with alpha = 1.0
Target Embedding Shape (Input to SD): torch.Size([1, 4, 768])

--- 2. Loading Stable Diffusion Inpainting Model ---
Model ID: runwayml/stable-diffusion-inpainting

--- 3. Processing Image ---
Dilating mask by 3 iterations...

--- 4. Running Generation ---
Saving output to: /home/woojye2020/decs_jupyter_lab/MedCLIP-SAMv2/generated_neg_output/udiat_vector_injection_breast2/Malignant/000308.png
Zero-Shot Translation Complete!

  -> Generating for: 000309.png

Loading pipeline components...:   0%|          | 0/7 [00:00<?, ?it/s]
Loading pipeline components...:  14%|█▍        | 1/7 [00:00<00:01,  3.12it/s]`torch_dtype` is deprecated! Use `dtype` instead!

Loading pipeline components...:  29%|██▊       | 2/7 [00:01<00:02,  1.74it/s]An error occurred while trying to fetch /home/woojye2020/.cache/huggingface/hub/models--runwayml--stable-diffusion-inpainting/snapshots/8a4288a76071f7280aedbdb3253bdb9e9d5d84bb/vae: Error no file named diffusion_pytorch_model.safetensors found in directory /home/woojye2020/.cache/huggingface/hub/models--runwayml--stable-diffusion-inpainting/snapshots/8a4288a76071f7280aedbdb3253bdb9e9d5d84bb/vae.
Defaulting to unsafe serialization. Pass `allow_pickle=False` to raise an error instead.

Loading pipeline components...:  71%|███████▏  | 5/7 [00:01<00:00,  4.88it/s]An error occurred while trying to fetch /home/woojye2020/.cache/huggingface/hub/models--runwayml--stable-diffusion-inpainting/snapshots/8a4288a76071f7280aedbdb3253bdb9e9d5d84bb/unet: Error no file named diffusion_pytorch_model.safetensors found in directory /home/woojye2020/.cache/huggingface/hub/models--runwayml--stable-diffusion-inpainting/snapshots/8a4288a76071f7280aedbdb3253bdb9e9d5d84bb/unet.
Defaulting to unsafe serialization. Pass `allow_pickle=False` to raise an error instead.

Loading pipeline components...:  86%|████████▌ | 6/7 [00:01<00:00,  4.23it/s]
Loading pipeline components...: 100%|██████████| 7/7 [00:01<00:00,  4.00it/s]
Loading pipeline components...: 100%|██████████| 7/7 [00:01<00:00,  3.75it/s]

  0%|          | 0/50 [00:00<?, ?it/s]
  2%|▏         | 1/50 [00:00<00:05,  8.39it/s]
  8%|▊         | 4/50 [00:00<00:02, 18.24it/s]
 14%|█▍        | 7/50 [00:00<00:02, 21.24it/s]
 20%|██        | 10/50 [00:00<00:01, 22.63it/s]
 26%|██▌       | 13/50 [00:00<00:01, 23.39it/s]
 32%|███▏      | 16/50 [00:00<00:01, 23.84it/s]
 38%|███▊      | 19/50 [00:00<00:01, 24.14it/s]
 44%|████▍     | 22/50 [00:00<00:01, 24.36it/s]
 50%|█████     | 25/50 [00:01<00:01, 24.49it/s]
 56%|█████▌    | 28/50 [00:01<00:00, 24.58it/s]
 62%|██████▏   | 31/50 [00:01<00:00, 24.65it/s]
 68%|██████▊   | 34/50 [00:01<00:00, 24.69it/s]
 74%|███████▍  | 37/50 [00:01<00:00, 24.69it/s]
 80%|████████  | 40/50 [00:01<00:00, 24.70it/s]
 86%|████████▌ | 43/50 [00:01<00:00, 24.71it/s]
 92%|█████████▏| 46/50 [00:01<00:00, 24.71it/s]
 98%|█████████▊| 49/50 [00:02<00:00, 24.72it/s]
100%|██████████| 50/50 [00:02<00:00, 23.84it/s]


--- 1. Computing Semantic Vector Shift from Text ---
Loading BiomedCLIP Model: chuhac/BiomedCLIP-vit-bert-hf
Using Text Anchors: 'healthy breast' - 'tumor breast'
Injecting shift vector with alpha = 1.0
Target Embedding Shape (Input to SD): torch.Size([1, 4, 768])

--- 2. Loading Stable Diffusion Inpainting Model ---
Model ID: runwayml/stable-diffusion-inpainting

--- 3. Processing Image ---
Dilating mask by 3 iterations...

--- 4. Running Generation ---
Saving output to: /home/woojye2020/decs_jupyter_lab/MedCLIP-SAMv2/generated_neg_output/udiat_vector_injection_breast2/Malignant/000309.png
Zero-Shot Translation Complete!

  -> Generating for: 000310.png

Loading pipeline components...:   0%|          | 0/7 [00:00<?, ?it/s]
Loading pipeline components...:  14%|█▍        | 1/7 [00:00<00:03,  1.93it/s]
Loading pipeline components...:  29%|██▊       | 2/7 [00:00<00:01,  3.37it/s]`torch_dtype` is deprecated! Use `dtype` instead!

Loading pipeline components...:  57%|█████▋    | 4/7 [00:01<00:00,  3.51it/s]An error occurred while trying to fetch /home/woojye2020/.cache/huggingface/hub/models--runwayml--stable-diffusion-inpainting/snapshots/8a4288a76071f7280aedbdb3253bdb9e9d5d84bb/unet: Error no file named diffusion_pytorch_model.safetensors found in directory /home/woojye2020/.cache/huggingface/hub/models--runwayml--stable-diffusion-inpainting/snapshots/8a4288a76071f7280aedbdb3253bdb9e9d5d84bb/unet.
Defaulting to unsafe serialization. Pass `allow_pickle=False` to raise an error instead.

Loading pipeline components...:  71%|███████▏  | 5/7 [00:01<00:00,  2.94it/s]An error occurred while trying to fetch /home/woojye2020/.cache/huggingface/hub/models--runwayml--stable-diffusion-inpainting/snapshots/8a4288a76071f7280aedbdb3253bdb9e9d5d84bb/vae: Error no file named diffusion_pytorch_model.safetensors found in directory /home/woojye2020/.cache/huggingface/hub/models--runwayml--stable-diffusion-inpainting/snapshots/8a4288a76071f7280aedbdb3253bdb9e9d5d84bb/vae.
Defaulting to unsafe serialization. Pass `allow_pickle=False` to raise an error instead.

Loading pipeline components...:  86%|████████▌ | 6/7 [00:01<00:00,  3.68it/s]
Loading pipeline components...: 100%|██████████| 7/7 [00:02<00:00,  2.93it/s]
Loading pipeline components...: 100%|██████████| 7/7 [00:02<00:00,  3.05it/s]

  0%|          | 0/50 [00:00<?, ?it/s]
  2%|▏         | 1/50 [00:00<00:08,  5.81it/s]
  6%|▌         | 3/50 [00:00<00:03, 12.24it/s]
 12%|█▏        | 6/50 [00:00<00:02, 16.19it/s]
 18%|█▊        | 9/50 [00:00<00:02, 17.91it/s]
 24%|██▍       | 12/50 [00:00<00:02, 18.81it/s]
 30%|███       | 15/50 [00:00<00:01, 19.33it/s]
 36%|███▌      | 18/50 [00:01<00:01, 19.67it/s]
 42%|████▏     | 21/50 [00:01<00:01, 19.92it/s]
 48%|████▊     | 24/50 [00:01<00:01, 20.03it/s]
 54%|█████▍    | 27/50 [00:01<00:01, 21.23it/s]
 60%|██████    | 30/50 [00:01<00:00, 22.20it/s]
 66%|██████▌   | 33/50 [00:01<00:00, 22.93it/s]
 72%|███████▏  | 36/50 [00:01<00:00, 23.45it/s]
 78%|███████▊  | 39/50 [00:01<00:00, 23.83it/s]
 84%|████████▍ | 42/50 [00:02<00:00, 24.10it/s]
 90%|█████████ | 45/50 [00:02<00:00, 24.25it/s]
 96%|█████████▌| 48/50 [00:02<00:00, 24.37it/s]
100%|██████████| 50/50 [00:02<00:00, 21.21it/s]


--- 1. Computing Semantic Vector Shift from Text ---
Loading BiomedCLIP Model: chuhac/BiomedCLIP-vit-bert-hf
Using Text Anchors: 'healthy breast' - 'tumor breast'
Injecting shift vector with alpha = 1.0
Target Embedding Shape (Input to SD): torch.Size([1, 4, 768])

--- 2. Loading Stable Diffusion Inpainting Model ---
Model ID: runwayml/stable-diffusion-inpainting

--- 3. Processing Image ---
Dilating mask by 3 iterations...

--- 4. Running Generation ---
Saving output to: /home/woojye2020/decs_jupyter_lab/MedCLIP-SAMv2/generated_neg_output/udiat_vector_injection_breast2/Malignant/000310.png
Zero-Shot Translation Complete!

Done. All outputs saved in /home/woojye2020/decs_jupyter_lab/MedCLIP-SAMv2/generated_neg_output/udiat_vector_injection_breast2
