image_path,file_name,label_name,label,caption,sample_type,source_class_name,original_class_index,source_image_path,generation_metadata_path
/home/woojye2020/decs_jupyter_lab/MedCLIP-SAMv2/data/MAS3K/extracted/MAS3K/img/AngelFish_2824.jpg,AngelFish_2824.jpg,AngelFish,0,There is a angelfish hidden in the natural background.,original,AngelFish,0,/home/woojye2020/decs_jupyter_lab/MedCLIP-SAMv2/data/MAS3K/extracted/MAS3K/img/AngelFish_2824.jpg,
/home/woojye2020/decs_jupyter_lab/MedCLIP-SAMv2/data/MAS3K/extracted/MAS3K/img/AngelFish_2833.jpg,AngelFish_2833.jpg,AngelFish,0,There is a angelfish hidden in the natural background.,original,AngelFish,0,/home/woojye2020/decs_jupyter_lab/MedCLIP-SAMv2/data/MAS3K/extracted/MAS3K/img/AngelFish_2833.jpg,
/home/woojye2020/decs_jupyter_lab/MedCLIP-SAMv2/data/MAS3K/extracted/MAS3K/img/BatFish_2886.jpg,BatFish_2886.jpg,BatFish,1,There is a batfish hidden in the natural background.,original,BatFish,1,/home/woojye2020/decs_jupyter_lab/MedCLIP-SAMv2/data/MAS3K/extracted/MAS3K/img/BatFish_2886.jpg,
/home/woojye2020/decs_jupyter_lab/MedCLIP-SAMv2/data/MAS3K/extracted/MAS3K/img/BatFish_2888.jpg,BatFish_2888.jpg,BatFish,1,There is a batfish hidden in the natural background.,original,BatFish,1,/home/woojye2020/decs_jupyter_lab/MedCLIP-SAMv2/data/MAS3K/extracted/MAS3K/img/BatFish_2888.jpg,
/home/woojye2020/decs_jupyter_lab/MedCLIP-SAMv2/data/MAS3K/extracted/MAS3K/img/Butterflyfish_1003.jpg,Butterflyfish_1003.jpg,Butterflyfish,2,There is a butterflyfish hidden in the natural background.,original,Butterflyfish,2,/home/woojye2020/decs_jupyter_lab/MedCLIP-SAMv2/data/MAS3K/extracted/MAS3K/img/Butterflyfish_1003.jpg,
/home/woojye2020/decs_jupyter_lab/MedCLIP-SAMv2/data/MAS3K/extracted/MAS3K/img/Butterflyfish_1006.jpg,Butterflyfish_1006.jpg,Butterflyfish,2,There is a butterflyfish hidden in the natural background.,original,Butterflyfish,2,/home/woojye2020/decs_jupyter_lab/MedCLIP-SAMv2/data/MAS3K/extracted/MAS3K/img/Butterflyfish_1006.jpg,
/home/woojye2020/decs_jupyter_lab/MedCLIP-SAMv2/data/MAS3K/extracted/MAS3K/img/Butterflyfish_1007.jpg,Butterflyfish_1007.jpg,Butterflyfish,2,There is a butterflyfish hidden in the natural background.,original,Butterflyfish,2,/home/woojye2020/decs_jupyter_lab/MedCLIP-SAMv2/data/MAS3K/extracted/MAS3K/img/Butterflyfish_1007.jpg,
/home/woojye2020/decs_jupyter_lab/MedCLIP-SAMv2/data/MAS3K/extracted/MAS3K/img/Butterflyfish_984.jpg,Butterflyfish_984.jpg,Butterflyfish,2,There is a butterflyfish hidden in the natural background.,original,Butterflyfish,2,/home/woojye2020/decs_jupyter_lab/MedCLIP-SAMv2/data/MAS3K/extracted/MAS3K/img/Butterflyfish_984.jpg,
/home/woojye2020/decs_jupyter_lab/MedCLIP-SAMv2/data/MAS3K/extracted/MAS3K/img/Butterflyfish_991.jpg,Butterflyfish_991.jpg,Butterflyfish,2,There is a butterflyfish hidden in the natural background.,original,Butterflyfish,2,/home/woojye2020/decs_jupyter_lab/MedCLIP-SAMv2/data/MAS3K/extracted/MAS3K/img/Butterflyfish_991.jpg,
/home/woojye2020/decs_jupyter_lab/MedCLIP-SAMv2/data/MAS3K/extracted/MAS3K/img/Butterflyfish_993.jpg,Butterflyfish_993.jpg,Butterflyfish,2,There is a butterflyfish hidden in the natural background.,original,Butterflyfish,2,/home/woojye2020/decs_jupyter_lab/MedCLIP-SAMv2/data/MAS3K/extracted/MAS3K/img/Butterflyfish_993.jpg,
/home/woojye2020/decs_jupyter_lab/MedCLIP-SAMv2/data/MAS3K/extracted/MAS3K/img/ClownFish_928.jpg,ClownFish_928.jpg,ClownFish,3,There is a clownfish hidden in the natural background.,original,ClownFish,3,/home/woojye2020/decs_jupyter_lab/MedCLIP-SAMv2/data/MAS3K/extracted/MAS3K/img/ClownFish_928.jpg,
/home/woojye2020/decs_jupyter_lab/MedCLIP-SAMv2/data/MAS3K/extracted/MAS3K/img/ClownFish_929.jpg,ClownFish_929.jpg,ClownFish,3,There is a clownfish hidden in the natural background.,original,ClownFish,3,/home/woojye2020/decs_jupyter_lab/MedCLIP-SAMv2/data/MAS3K/extracted/MAS3K/img/ClownFish_929.jpg,
/home/woojye2020/decs_jupyter_lab/MedCLIP-SAMv2/data/MAS3K/extracted/MAS3K/img/ClownFish_935.jpg,ClownFish_935.jpg,ClownFish,3,There is a clownfish hidden in the natural background.,original,ClownFish,3,/home/woojye2020/decs_jupyter_lab/MedCLIP-SAMv2/data/MAS3K/extracted/MAS3K/img/ClownFish_935.jpg,
/home/woojye2020/decs_jupyter_lab/MedCLIP-SAMv2/data/MAS3K/extracted/MAS3K/img/ClownFish_943.jpg,ClownFish_943.jpg,ClownFish,3,There is a clownfish hidden in the natural background.,original,ClownFish,3,/home/woojye2020/decs_jupyter_lab/MedCLIP-SAMv2/data/MAS3K/extracted/MAS3K/img/ClownFish_943.jpg,
/home/woojye2020/decs_jupyter_lab/MedCLIP-SAMv2/data/MAS3K/extracted/MAS3K/img/ClownFish_947.jpg,ClownFish_947.jpg,ClownFish,3,There is a clownfish hidden in the natural background.,original,ClownFish,3,/home/woojye2020/decs_jupyter_lab/MedCLIP-SAMv2/data/MAS3K/extracted/MAS3K/img/ClownFish_947.jpg,
/home/woojye2020/decs_jupyter_lab/MedCLIP-SAMv2/data/MAS3K/extracted/MAS3K/img/ClownFish_956.jpg,ClownFish_956.jpg,ClownFish,3,There is a clownfish hidden in the natural background.,original,ClownFish,3,/home/woojye2020/decs_jupyter_lab/MedCLIP-SAMv2/data/MAS3K/extracted/MAS3K/img/ClownFish_956.jpg,
/home/woojye2020/decs_jupyter_lab/MedCLIP-SAMv2/data/MAS3K/extracted/MAS3K/img/ClownFish_959.jpg,ClownFish_959.jpg,ClownFish,3,There is a clownfish hidden in the natural background.,original,ClownFish,3,/home/woojye2020/decs_jupyter_lab/MedCLIP-SAMv2/data/MAS3K/extracted/MAS3K/img/ClownFish_959.jpg,
/home/woojye2020/decs_jupyter_lab/MedCLIP-SAMv2/data/MAS3K/extracted/MAS3K/img/ClownFish_964.jpg,ClownFish_964.jpg,ClownFish,3,There is a clownfish hidden in the natural background.,original,ClownFish,3,/home/woojye2020/decs_jupyter_lab/MedCLIP-SAMv2/data/MAS3K/extracted/MAS3K/img/ClownFish_964.jpg,
/home/woojye2020/decs_jupyter_lab/MedCLIP-SAMv2/data/MAS3K/extracted/MAS3K/img/ClownFish_970.jpg,ClownFish_970.jpg,ClownFish,3,There is a clownfish hidden in the natural background.,original,ClownFish,3,/home/woojye2020/decs_jupyter_lab/MedCLIP-SAMv2/data/MAS3K/extracted/MAS3K/img/ClownFish_970.jpg,
/home/woojye2020/decs_jupyter_lab/MedCLIP-SAMv2/data/MAS3K/extracted/MAS3K/img/ClownFish_973.jpg,ClownFish_973.jpg,ClownFish,3,There is a clownfish hidden in the natural background.,original,ClownFish,3,/home/woojye2020/decs_jupyter_lab/MedCLIP-SAMv2/data/MAS3K/extracted/MAS3K/img/ClownFish_973.jpg,
/home/woojye2020/decs_jupyter_lab/MedCLIP-SAMv2/data/MAS3K/extracted/MAS3K/img/ClownFish_974.jpg,ClownFish_974.jpg,ClownFish,3,There is a clownfish hidden in the natural background.,original,ClownFish,3,/home/woojye2020/decs_jupyter_lab/MedCLIP-SAMv2/data/MAS3K/extracted/MAS3K/img/ClownFish_974.jpg,
/home/woojye2020/decs_jupyter_lab/MedCLIP-SAMv2/data/MAS3K/extracted/MAS3K/img/ClownFish_975.jpg,ClownFish_975.jpg,ClownFish,3,There is a clownfish hidden in the natural background.,original,ClownFish,3,/home/woojye2020/decs_jupyter_lab/MedCLIP-SAMv2/data/MAS3K/extracted/MAS3K/img/ClownFish_975.jpg,
/home/woojye2020/decs_jupyter_lab/MedCLIP-SAMv2/data/MAS3K/extracted/MAS3K/img/Conch_101.jpg,Conch_101.jpg,Conch,4,There is a conch hidden in the natural background.,original,Conch,4,/home/woojye2020/decs_jupyter_lab/MedCLIP-SAMv2/data/MAS3K/extracted/MAS3K/img/Conch_101.jpg,
/home/woojye2020/decs_jupyter_lab/MedCLIP-SAMv2/data/MAS3K/extracted/MAS3K/img/Conch_12.jpg,Conch_12.jpg,Conch,4,There is a conch hidden in the natural background.,original,Conch,4,/home/woojye2020/decs_jupyter_lab/MedCLIP-SAMv2/data/MAS3K/extracted/MAS3K/img/Conch_12.jpg,
/home/woojye2020/decs_jupyter_lab/MedCLIP-SAMv2/data/MAS3K/extracted/MAS3K/img/Conch_14.jpg,Conch_14.jpg,Conch,4,There is a conch hidden in the natural background.,original,Conch,4,/home/woojye2020/decs_jupyter_lab/MedCLIP-SAMv2/data/MAS3K/extracted/MAS3K/img/Conch_14.jpg,
/home/woojye2020/decs_jupyter_lab/MedCLIP-SAMv2/data/MAS3K/extracted/MAS3K/img/Conch_20.jpg,Conch_20.jpg,Conch,4,There is a conch hidden in the natural background.,original,Conch,4,/home/woojye2020/decs_jupyter_lab/MedCLIP-SAMv2/data/MAS3K/extracted/MAS3K/img/Conch_20.jpg,
/home/woojye2020/decs_jupyter_lab/MedCLIP-SAMv2/data/MAS3K/extracted/MAS3K/img/Conch_36.jpg,Conch_36.jpg,Conch,4,There is a conch hidden in the natural background.,original,Conch,4,/home/woojye2020/decs_jupyter_lab/MedCLIP-SAMv2/data/MAS3K/extracted/MAS3K/img/Conch_36.jpg,
/home/woojye2020/decs_jupyter_lab/MedCLIP-SAMv2/data/MAS3K/extracted/MAS3K/img/Conch_40.jpg,Conch_40.jpg,Conch,4,There is a conch hidden in the natural background.,original,Conch,4,/home/woojye2020/decs_jupyter_lab/MedCLIP-SAMv2/data/MAS3K/extracted/MAS3K/img/Conch_40.jpg,
/home/woojye2020/decs_jupyter_lab/MedCLIP-SAMv2/data/MAS3K/extracted/MAS3K/img/Conch_45.jpg,Conch_45.jpg,Conch,4,There is a conch hidden in the natural background.,original,Conch,4,/home/woojye2020/decs_jupyter_lab/MedCLIP-SAMv2/data/MAS3K/extracted/MAS3K/img/Conch_45.jpg,
/home/woojye2020/decs_jupyter_lab/MedCLIP-SAMv2/data/MAS3K/extracted/MAS3K/img/Conch_48.jpg,Conch_48.jpg,Conch,4,There is a conch hidden in the natural background.,original,Conch,4,/home/woojye2020/decs_jupyter_lab/MedCLIP-SAMv2/data/MAS3K/extracted/MAS3K/img/Conch_48.jpg,
/home/woojye2020/decs_jupyter_lab/MedCLIP-SAMv2/data/MAS3K/extracted/MAS3K/img/Conch_58.jpg,Conch_58.jpg,Conch,4,There is a conch hidden in the natural background.,original,Conch,4,/home/woojye2020/decs_jupyter_lab/MedCLIP-SAMv2/data/MAS3K/extracted/MAS3K/img/Conch_58.jpg,
/home/woojye2020/decs_jupyter_lab/MedCLIP-SAMv2/data/MAS3K/extracted/MAS3K/img/Conch_59.jpg,Conch_59.jpg,Conch,4,There is a conch hidden in the natural background.,original,Conch,4,/home/woojye2020/decs_jupyter_lab/MedCLIP-SAMv2/data/MAS3K/extracted/MAS3K/img/Conch_59.jpg,
/home/woojye2020/decs_jupyter_lab/MedCLIP-SAMv2/data/MAS3K/extracted/MAS3K/img/Conch_61.jpg,Conch_61.jpg,Conch,4,There is a conch hidden in the natural background.,original,Conch,4,/home/woojye2020/decs_jupyter_lab/MedCLIP-SAMv2/data/MAS3K/extracted/MAS3K/img/Conch_61.jpg,
/home/woojye2020/decs_jupyter_lab/MedCLIP-SAMv2/data/MAS3K/extracted/MAS3K/img/Conch_70.jpg,Conch_70.jpg,Conch,4,There is a conch hidden in the natural background.,original,Conch,4,/home/woojye2020/decs_jupyter_lab/MedCLIP-SAMv2/data/MAS3K/extracted/MAS3K/img/Conch_70.jpg,
/home/woojye2020/decs_jupyter_lab/MedCLIP-SAMv2/data/MAS3K/extracted/MAS3K/img/Conch_82.jpg,Conch_82.jpg,Conch,4,There is a conch hidden in the natural background.,original,Conch,4,/home/woojye2020/decs_jupyter_lab/MedCLIP-SAMv2/data/MAS3K/extracted/MAS3K/img/Conch_82.jpg,
/home/woojye2020/decs_jupyter_lab/MedCLIP-SAMv2/data/MAS3K/extracted/MAS3K/img/Conch_87.jpg,Conch_87.jpg,Conch,4,There is a conch hidden in the natural background.,original,Conch,4,/home/woojye2020/decs_jupyter_lab/MedCLIP-SAMv2/data/MAS3K/extracted/MAS3K/img/Conch_87.jpg,
/home/woojye2020/decs_jupyter_lab/MedCLIP-SAMv2/data/MAS3K/extracted/MAS3K/img/Conch_90.jpg,Conch_90.jpg,Conch,4,There is a conch hidden in the natural background.,original,Conch,4,/home/woojye2020/decs_jupyter_lab/MedCLIP-SAMv2/data/MAS3K/extracted/MAS3K/img/Conch_90.jpg,
/home/woojye2020/decs_jupyter_lab/MedCLIP-SAMv2/data/MAS3K/extracted/MAS3K/img/Conch_92.jpg,Conch_92.jpg,Conch,4,There is a conch hidden in the natural background.,original,Conch,4,/home/woojye2020/decs_jupyter_lab/MedCLIP-SAMv2/data/MAS3K/extracted/MAS3K/img/Conch_92.jpg,
/home/woojye2020/decs_jupyter_lab/MedCLIP-SAMv2/data/MAS3K/extracted/MAS3K/img/Conch_93.jpg,Conch_93.jpg,Conch,4,There is a conch hidden in the natural background.,original,Conch,4,/home/woojye2020/decs_jupyter_lab/MedCLIP-SAMv2/data/MAS3K/extracted/MAS3K/img/Conch_93.jpg,
/home/woojye2020/decs_jupyter_lab/MedCLIP-SAMv2/data/MAS3K/extracted/MAS3K/img/Conch_94.jpg,Conch_94.jpg,Conch,4,There is a conch hidden in the natural background.,original,Conch,4,/home/woojye2020/decs_jupyter_lab/MedCLIP-SAMv2/data/MAS3K/extracted/MAS3K/img/Conch_94.jpg,
/home/woojye2020/decs_jupyter_lab/MedCLIP-SAMv2/data/MAS3K/extracted/MAS3K/img/Conch_96.jpg,Conch_96.jpg,Conch,4,There is a conch hidden in the natural background.,original,Conch,4,/home/woojye2020/decs_jupyter_lab/MedCLIP-SAMv2/data/MAS3K/extracted/MAS3K/img/Conch_96.jpg,
/home/woojye2020/decs_jupyter_lab/MedCLIP-SAMv2/data/MAS3K/extracted/MAS3K/img/Crab_373.jpg,Crab_373.jpg,Crab,5,There is a crab hidden in the natural background.,original,Crab,5,/home/woojye2020/decs_jupyter_lab/MedCLIP-SAMv2/data/MAS3K/extracted/MAS3K/img/Crab_373.jpg,
/home/woojye2020/decs_jupyter_lab/MedCLIP-SAMv2/data/MAS3K/extracted/MAS3K/img/Crab_374.jpg,Crab_374.jpg,Crab,5,There is a crab hidden in the natural background.,original,Crab,5,/home/woojye2020/decs_jupyter_lab/MedCLIP-SAMv2/data/MAS3K/extracted/MAS3K/img/Crab_374.jpg,
/home/woojye2020/decs_jupyter_lab/MedCLIP-SAMv2/data/MAS3K/extracted/MAS3K/img/Crab_382.jpg,Crab_382.jpg,Crab,5,There is a crab hidden in the natural background.,original,Crab,5,/home/woojye2020/decs_jupyter_lab/MedCLIP-SAMv2/data/MAS3K/extracted/MAS3K/img/Crab_382.jpg,
/home/woojye2020/decs_jupyter_lab/MedCLIP-SAMv2/data/MAS3K/extracted/MAS3K/img/Crab_390.jpg,Crab_390.jpg,Crab,5,There is a crab hidden in the natural background.,original,Crab,5,/home/woojye2020/decs_jupyter_lab/MedCLIP-SAMv2/data/MAS3K/extracted/MAS3K/img/Crab_390.jpg,
/home/woojye2020/decs_jupyter_lab/MedCLIP-SAMv2/data/MAS3K/extracted/MAS3K/img/Crab_397.jpg,Crab_397.jpg,Crab,5,There is a crab hidden in the natural background.,original,Crab,5,/home/woojye2020/decs_jupyter_lab/MedCLIP-SAMv2/data/MAS3K/extracted/MAS3K/img/Crab_397.jpg,
/home/woojye2020/decs_jupyter_lab/MedCLIP-SAMv2/data/MAS3K/extracted/MAS3K/img/Crab_405.jpg,Crab_405.jpg,Crab,5,There is a crab hidden in the natural background.,original,Crab,5,/home/woojye2020/decs_jupyter_lab/MedCLIP-SAMv2/data/MAS3K/extracted/MAS3K/img/Crab_405.jpg,
/home/woojye2020/decs_jupyter_lab/MedCLIP-SAMv2/data/MAS3K/extracted/MAS3K/img/Crab_417.jpg,Crab_417.jpg,Crab,5,There is a crab hidden in the natural background.,original,Crab,5,/home/woojye2020/decs_jupyter_lab/MedCLIP-SAMv2/data/MAS3K/extracted/MAS3K/img/Crab_417.jpg,
/home/woojye2020/decs_jupyter_lab/MedCLIP-SAMv2/data/MAS3K/extracted/MAS3K/img/Crab_433.jpg,Crab_433.jpg,Crab,5,There is a crab hidden in the natural background.,original,Crab,5,/home/woojye2020/decs_jupyter_lab/MedCLIP-SAMv2/data/MAS3K/extracted/MAS3K/img/Crab_433.jpg,
/home/woojye2020/decs_jupyter_lab/MedCLIP-SAMv2/data/MAS3K/extracted/MAS3K/img/Crab_435.jpg,Crab_435.jpg,Crab,5,There is a crab hidden in the natural background.,original,Crab,5,/home/woojye2020/decs_jupyter_lab/MedCLIP-SAMv2/data/MAS3K/extracted/MAS3K/img/Crab_435.jpg,
/home/woojye2020/decs_jupyter_lab/MedCLIP-SAMv2/data/MAS3K/extracted/MAS3K/img/Crab_436.jpg,Crab_436.jpg,Crab,5,There is a crab hidden in the natural background.,original,Crab,5,/home/woojye2020/decs_jupyter_lab/MedCLIP-SAMv2/data/MAS3K/extracted/MAS3K/img/Crab_436.jpg,
/home/woojye2020/decs_jupyter_lab/MedCLIP-SAMv2/data/MAS3K/extracted/MAS3K/img/Crab_440.jpg,Crab_440.jpg,Crab,5,There is a crab hidden in the natural background.,original,Crab,5,/home/woojye2020/decs_jupyter_lab/MedCLIP-SAMv2/data/MAS3K/extracted/MAS3K/img/Crab_440.jpg,
/home/woojye2020/decs_jupyter_lab/MedCLIP-SAMv2/data/MAS3K/extracted/MAS3K/img/Crab_443.jpg,Crab_443.jpg,Crab,5,There is a crab hidden in the natural background.,original,Crab,5,/home/woojye2020/decs_jupyter_lab/MedCLIP-SAMv2/data/MAS3K/extracted/MAS3K/img/Crab_443.jpg,
/home/woojye2020/decs_jupyter_lab/MedCLIP-SAMv2/data/MAS3K/extracted/MAS3K/img/Crab_446.jpg,Crab_446.jpg,Crab,5,There is a crab hidden in the natural background.,original,Crab,5,/home/woojye2020/decs_jupyter_lab/MedCLIP-SAMv2/data/MAS3K/extracted/MAS3K/img/Crab_446.jpg,
/home/woojye2020/decs_jupyter_lab/MedCLIP-SAMv2/data/MAS3K/extracted/MAS3K/img/Crab_447.jpg,Crab_447.jpg,Crab,5,There is a crab hidden in the natural background.,original,Crab,5,/home/woojye2020/decs_jupyter_lab/MedCLIP-SAMv2/data/MAS3K/extracted/MAS3K/img/Crab_447.jpg,
/home/woojye2020/decs_jupyter_lab/MedCLIP-SAMv2/data/MAS3K/extracted/MAS3K/img/Crab_461.jpg,Crab_461.jpg,Crab,5,There is a crab hidden in the natural background.,original,Crab,5,/home/woojye2020/decs_jupyter_lab/MedCLIP-SAMv2/data/MAS3K/extracted/MAS3K/img/Crab_461.jpg,
/home/woojye2020/decs_jupyter_lab/MedCLIP-SAMv2/data/MAS3K/extracted/MAS3K/img/CrocodileFish_2890.jpg,CrocodileFish_2890.jpg,CrocodileFish,6,There is a crocodilefish hidden in the natural background.,original,CrocodileFish,6,/home/woojye2020/decs_jupyter_lab/MedCLIP-SAMv2/data/MAS3K/extracted/MAS3K/img/CrocodileFish_2890.jpg,
/home/woojye2020/decs_jupyter_lab/MedCLIP-SAMv2/data/MAS3K/extracted/MAS3K/img/CrocodileFish_2891.jpg,CrocodileFish_2891.jpg,CrocodileFish,6,There is a crocodilefish hidden in the natural background.,original,CrocodileFish,6,/home/woojye2020/decs_jupyter_lab/MedCLIP-SAMv2/data/MAS3K/extracted/MAS3K/img/CrocodileFish_2891.jpg,
/home/woojye2020/decs_jupyter_lab/MedCLIP-SAMv2/data/MAS3K/extracted/MAS3K/img/CrocodileFish_2895.jpg,CrocodileFish_2895.jpg,CrocodileFish,6,There is a crocodilefish hidden in the natural background.,original,CrocodileFish,6,/home/woojye2020/decs_jupyter_lab/MedCLIP-SAMv2/data/MAS3K/extracted/MAS3K/img/CrocodileFish_2895.jpg,
/home/woojye2020/decs_jupyter_lab/MedCLIP-SAMv2/data/MAS3K/extracted/MAS3K/img/CuttleFish_2873.jpg,CuttleFish_2873.jpg,CuttleFish,7,There is a cuttlefish hidden in the natural background.,original,CuttleFish,7,/home/woojye2020/decs_jupyter_lab/MedCLIP-SAMv2/data/MAS3K/extracted/MAS3K/img/CuttleFish_2873.jpg,
/home/woojye2020/decs_jupyter_lab/MedCLIP-SAMv2/data/MAS3K/extracted/MAS3K/img/Dolphin_758.jpg,Dolphin_758.jpg,Dolphin,8,There is a dolphin hidden in the natural background.,original,Dolphin,8,/home/woojye2020/decs_jupyter_lab/MedCLIP-SAMv2/data/MAS3K/extracted/MAS3K/img/Dolphin_758.jpg,
/home/woojye2020/decs_jupyter_lab/MedCLIP-SAMv2/data/MAS3K/extracted/MAS3K/img/Dolphin_771.jpg,Dolphin_771.jpg,Dolphin,8,There is a dolphin hidden in the natural background.,original,Dolphin,8,/home/woojye2020/decs_jupyter_lab/MedCLIP-SAMv2/data/MAS3K/extracted/MAS3K/img/Dolphin_771.jpg,
/home/woojye2020/decs_jupyter_lab/MedCLIP-SAMv2/data/MAS3K/extracted/MAS3K/img/Dolphin_772.jpg,Dolphin_772.jpg,Dolphin,8,There is a dolphin hidden in the natural background.,original,Dolphin,8,/home/woojye2020/decs_jupyter_lab/MedCLIP-SAMv2/data/MAS3K/extracted/MAS3K/img/Dolphin_772.jpg,
/home/woojye2020/decs_jupyter_lab/MedCLIP-SAMv2/data/MAS3K/extracted/MAS3K/img/Dolphin_773.jpg,Dolphin_773.jpg,Dolphin,8,There is a dolphin hidden in the natural background.,original,Dolphin,8,/home/woojye2020/decs_jupyter_lab/MedCLIP-SAMv2/data/MAS3K/extracted/MAS3K/img/Dolphin_773.jpg,
/home/woojye2020/decs_jupyter_lab/MedCLIP-SAMv2/data/MAS3K/extracted/MAS3K/img/Dolphin_781.jpg,Dolphin_781.jpg,Dolphin,8,There is a dolphin hidden in the natural background.,original,Dolphin,8,/home/woojye2020/decs_jupyter_lab/MedCLIP-SAMv2/data/MAS3K/extracted/MAS3K/img/Dolphin_781.jpg,
/home/woojye2020/decs_jupyter_lab/MedCLIP-SAMv2/data/MAS3K/extracted/MAS3K/img/Dolphin_782.jpg,Dolphin_782.jpg,Dolphin,8,There is a dolphin hidden in the natural background.,original,Dolphin,8,/home/woojye2020/decs_jupyter_lab/MedCLIP-SAMv2/data/MAS3K/extracted/MAS3K/img/Dolphin_782.jpg,
/home/woojye2020/decs_jupyter_lab/MedCLIP-SAMv2/data/MAS3K/extracted/MAS3K/img/Dolphin_797.jpg,Dolphin_797.jpg,Dolphin,8,There is a dolphin hidden in the natural background.,original,Dolphin,8,/home/woojye2020/decs_jupyter_lab/MedCLIP-SAMv2/data/MAS3K/extracted/MAS3K/img/Dolphin_797.jpg,
/home/woojye2020/decs_jupyter_lab/MedCLIP-SAMv2/data/MAS3K/extracted/MAS3K/img/Dolphin_802.jpg,Dolphin_802.jpg,Dolphin,8,There is a dolphin hidden in the natural background.,original,Dolphin,8,/home/woojye2020/decs_jupyter_lab/MedCLIP-SAMv2/data/MAS3K/extracted/MAS3K/img/Dolphin_802.jpg,
/home/woojye2020/decs_jupyter_lab/MedCLIP-SAMv2/data/MAS3K/extracted/MAS3K/img/Dolphin_803.jpg,Dolphin_803.jpg,Dolphin,8,There is a dolphin hidden in the natural background.,original,Dolphin,8,/home/woojye2020/decs_jupyter_lab/MedCLIP-SAMv2/data/MAS3K/extracted/MAS3K/img/Dolphin_803.jpg,
/home/woojye2020/decs_jupyter_lab/MedCLIP-SAMv2/data/MAS3K/extracted/MAS3K/img/Fish_1009.jpg,Fish_1009.jpg,Fish,9,There is a fish hidden in the natural background.,original,Fish,10,/home/woojye2020/decs_jupyter_lab/MedCLIP-SAMv2/data/MAS3K/extracted/MAS3K/img/Fish_1009.jpg,
/home/woojye2020/decs_jupyter_lab/MedCLIP-SAMv2/data/MAS3K/extracted/MAS3K/img/Fish_1014.jpg,Fish_1014.jpg,Fish,9,There is a fish hidden in the natural background.,original,Fish,10,/home/woojye2020/decs_jupyter_lab/MedCLIP-SAMv2/data/MAS3K/extracted/MAS3K/img/Fish_1014.jpg,
/home/woojye2020/decs_jupyter_lab/MedCLIP-SAMv2/data/MAS3K/extracted/MAS3K/img/Fish_1015.jpg,Fish_1015.jpg,Fish,9,There is a fish hidden in the natural background.,original,Fish,10,/home/woojye2020/decs_jupyter_lab/MedCLIP-SAMv2/data/MAS3K/extracted/MAS3K/img/Fish_1015.jpg,
/home/woojye2020/decs_jupyter_lab/MedCLIP-SAMv2/data/MAS3K/extracted/MAS3K/img/Fish_1017.jpg,Fish_1017.jpg,Fish,9,There is a fish hidden in the natural background.,original,Fish,10,/home/woojye2020/decs_jupyter_lab/MedCLIP-SAMv2/data/MAS3K/extracted/MAS3K/img/Fish_1017.jpg,
/home/woojye2020/decs_jupyter_lab/MedCLIP-SAMv2/data/MAS3K/extracted/MAS3K/img/Fish_1030.jpg,Fish_1030.jpg,Fish,9,There is a fish hidden in the natural background.,original,Fish,10,/home/woojye2020/decs_jupyter_lab/MedCLIP-SAMv2/data/MAS3K/extracted/MAS3K/img/Fish_1030.jpg,
/home/woojye2020/decs_jupyter_lab/MedCLIP-SAMv2/data/MAS3K/extracted/MAS3K/img/Fish_1037.jpg,Fish_1037.jpg,Fish,9,There is a fish hidden in the natural background.,original,Fish,10,/home/woojye2020/decs_jupyter_lab/MedCLIP-SAMv2/data/MAS3K/extracted/MAS3K/img/Fish_1037.jpg,
/home/woojye2020/decs_jupyter_lab/MedCLIP-SAMv2/data/MAS3K/extracted/MAS3K/img/Fish_1044.jpg,Fish_1044.jpg,Fish,9,There is a fish hidden in the natural background.,original,Fish,10,/home/woojye2020/decs_jupyter_lab/MedCLIP-SAMv2/data/MAS3K/extracted/MAS3K/img/Fish_1044.jpg,
/home/woojye2020/decs_jupyter_lab/MedCLIP-SAMv2/data/MAS3K/extracted/MAS3K/img/Fish_1055.jpg,Fish_1055.jpg,Fish,9,There is a fish hidden in the natural background.,original,Fish,10,/home/woojye2020/decs_jupyter_lab/MedCLIP-SAMv2/data/MAS3K/extracted/MAS3K/img/Fish_1055.jpg,
/home/woojye2020/decs_jupyter_lab/MedCLIP-SAMv2/data/MAS3K/extracted/MAS3K/img/Fish_1058.jpg,Fish_1058.jpg,Fish,9,There is a fish hidden in the natural background.,original,Fish,10,/home/woojye2020/decs_jupyter_lab/MedCLIP-SAMv2/data/MAS3K/extracted/MAS3K/img/Fish_1058.jpg,
/home/woojye2020/decs_jupyter_lab/MedCLIP-SAMv2/data/MAS3K/extracted/MAS3K/img/Fish_1061.jpg,Fish_1061.jpg,Fish,9,There is a fish hidden in the natural background.,original,Fish,10,/home/woojye2020/decs_jupyter_lab/MedCLIP-SAMv2/data/MAS3K/extracted/MAS3K/img/Fish_1061.jpg,
/home/woojye2020/decs_jupyter_lab/MedCLIP-SAMv2/data/MAS3K/extracted/MAS3K/img/Fish_1070.jpg,Fish_1070.jpg,Fish,9,There is a fish hidden in the natural background.,original,Fish,10,/home/woojye2020/decs_jupyter_lab/MedCLIP-SAMv2/data/MAS3K/extracted/MAS3K/img/Fish_1070.jpg,
/home/woojye2020/decs_jupyter_lab/MedCLIP-SAMv2/data/MAS3K/extracted/MAS3K/img/Fish_1073.jpg,Fish_1073.jpg,Fish,9,There is a fish hidden in the natural background.,original,Fish,10,/home/woojye2020/decs_jupyter_lab/MedCLIP-SAMv2/data/MAS3K/extracted/MAS3K/img/Fish_1073.jpg,
/home/woojye2020/decs_jupyter_lab/MedCLIP-SAMv2/data/MAS3K/extracted/MAS3K/img/Fish_1078.jpg,Fish_1078.jpg,Fish,9,There is a fish hidden in the natural background.,original,Fish,10,/home/woojye2020/decs_jupyter_lab/MedCLIP-SAMv2/data/MAS3K/extracted/MAS3K/img/Fish_1078.jpg,
/home/woojye2020/decs_jupyter_lab/MedCLIP-SAMv2/data/MAS3K/extracted/MAS3K/img/Fish_1083.jpg,Fish_1083.jpg,Fish,9,There is a fish hidden in the natural background.,original,Fish,10,/home/woojye2020/decs_jupyter_lab/MedCLIP-SAMv2/data/MAS3K/extracted/MAS3K/img/Fish_1083.jpg,
/home/woojye2020/decs_jupyter_lab/MedCLIP-SAMv2/data/MAS3K/extracted/MAS3K/img/Fish_1094.jpg,Fish_1094.jpg,Fish,9,There is a fish hidden in the natural background.,original,Fish,10,/home/woojye2020/decs_jupyter_lab/MedCLIP-SAMv2/data/MAS3K/extracted/MAS3K/img/Fish_1094.jpg,
/home/woojye2020/decs_jupyter_lab/MedCLIP-SAMv2/data/MAS3K/extracted/MAS3K/img/Fish_1096.jpg,Fish_1096.jpg,Fish,9,There is a fish hidden in the natural background.,original,Fish,10,/home/woojye2020/decs_jupyter_lab/MedCLIP-SAMv2/data/MAS3K/extracted/MAS3K/img/Fish_1096.jpg,
/home/woojye2020/decs_jupyter_lab/MedCLIP-SAMv2/data/MAS3K/extracted/MAS3K/img/Fish_1099.jpg,Fish_1099.jpg,Fish,9,There is a fish hidden in the natural background.,original,Fish,10,/home/woojye2020/decs_jupyter_lab/MedCLIP-SAMv2/data/MAS3K/extracted/MAS3K/img/Fish_1099.jpg,
/home/woojye2020/decs_jupyter_lab/MedCLIP-SAMv2/data/MAS3K/extracted/MAS3K/img/Fish_1105.jpg,Fish_1105.jpg,Fish,9,There is a fish hidden in the natural background.,original,Fish,10,/home/woojye2020/decs_jupyter_lab/MedCLIP-SAMv2/data/MAS3K/extracted/MAS3K/img/Fish_1105.jpg,
/home/woojye2020/decs_jupyter_lab/MedCLIP-SAMv2/data/MAS3K/extracted/MAS3K/img/Fish_1110.jpg,Fish_1110.jpg,Fish,9,There is a fish hidden in the natural background.,original,Fish,10,/home/woojye2020/decs_jupyter_lab/MedCLIP-SAMv2/data/MAS3K/extracted/MAS3K/img/Fish_1110.jpg,
/home/woojye2020/decs_jupyter_lab/MedCLIP-SAMv2/data/MAS3K/extracted/MAS3K/img/Fish_1113.jpg,Fish_1113.jpg,Fish,9,There is a fish hidden in the natural background.,original,Fish,10,/home/woojye2020/decs_jupyter_lab/MedCLIP-SAMv2/data/MAS3K/extracted/MAS3K/img/Fish_1113.jpg,
/home/woojye2020/decs_jupyter_lab/MedCLIP-SAMv2/data/MAS3K/extracted/MAS3K/img/Fish_1114.jpg,Fish_1114.jpg,Fish,9,There is a fish hidden in the natural background.,original,Fish,10,/home/woojye2020/decs_jupyter_lab/MedCLIP-SAMv2/data/MAS3K/extracted/MAS3K/img/Fish_1114.jpg,
/home/woojye2020/decs_jupyter_lab/MedCLIP-SAMv2/data/MAS3K/extracted/MAS3K/img/Fish_1124.jpg,Fish_1124.jpg,Fish,9,There is a fish hidden in the natural background.,original,Fish,10,/home/woojye2020/decs_jupyter_lab/MedCLIP-SAMv2/data/MAS3K/extracted/MAS3K/img/Fish_1124.jpg,
/home/woojye2020/decs_jupyter_lab/MedCLIP-SAMv2/data/MAS3K/extracted/MAS3K/img/Fish_1134.jpg,Fish_1134.jpg,Fish,9,There is a fish hidden in the natural background.,original,Fish,10,/home/woojye2020/decs_jupyter_lab/MedCLIP-SAMv2/data/MAS3K/extracted/MAS3K/img/Fish_1134.jpg,
/home/woojye2020/decs_jupyter_lab/MedCLIP-SAMv2/data/MAS3K/extracted/MAS3K/img/Fish_1137.jpg,Fish_1137.jpg,Fish,9,There is a fish hidden in the natural background.,original,Fish,10,/home/woojye2020/decs_jupyter_lab/MedCLIP-SAMv2/data/MAS3K/extracted/MAS3K/img/Fish_1137.jpg,
/home/woojye2020/decs_jupyter_lab/MedCLIP-SAMv2/data/MAS3K/extracted/MAS3K/img/Fish_1145.jpg,Fish_1145.jpg,Fish,9,There is a fish hidden in the natural background.,original,Fish,10,/home/woojye2020/decs_jupyter_lab/MedCLIP-SAMv2/data/MAS3K/extracted/MAS3K/img/Fish_1145.jpg,
/home/woojye2020/decs_jupyter_lab/MedCLIP-SAMv2/data/MAS3K/extracted/MAS3K/img/Fish_1148.jpg,Fish_1148.jpg,Fish,9,There is a fish hidden in the natural background.,original,Fish,10,/home/woojye2020/decs_jupyter_lab/MedCLIP-SAMv2/data/MAS3K/extracted/MAS3K/img/Fish_1148.jpg,
/home/woojye2020/decs_jupyter_lab/MedCLIP-SAMv2/data/MAS3K/extracted/MAS3K/img/Fish_1151.jpg,Fish_1151.jpg,Fish,9,There is a fish hidden in the natural background.,original,Fish,10,/home/woojye2020/decs_jupyter_lab/MedCLIP-SAMv2/data/MAS3K/extracted/MAS3K/img/Fish_1151.jpg,
/home/woojye2020/decs_jupyter_lab/MedCLIP-SAMv2/data/MAS3K/extracted/MAS3K/img/Fish_1154.jpg,Fish_1154.jpg,Fish,9,There is a fish hidden in the natural background.,original,Fish,10,/home/woojye2020/decs_jupyter_lab/MedCLIP-SAMv2/data/MAS3K/extracted/MAS3K/img/Fish_1154.jpg,
/home/woojye2020/decs_jupyter_lab/MedCLIP-SAMv2/data/MAS3K/extracted/MAS3K/img/Fish_1157.jpg,Fish_1157.jpg,Fish,9,There is a fish hidden in the natural background.,original,Fish,10,/home/woojye2020/decs_jupyter_lab/MedCLIP-SAMv2/data/MAS3K/extracted/MAS3K/img/Fish_1157.jpg,
/home/woojye2020/decs_jupyter_lab/MedCLIP-SAMv2/data/MAS3K/extracted/MAS3K/img/Fish_1161.jpg,Fish_1161.jpg,Fish,9,There is a fish hidden in the natural background.,original,Fish,10,/home/woojye2020/decs_jupyter_lab/MedCLIP-SAMv2/data/MAS3K/extracted/MAS3K/img/Fish_1161.jpg,
/home/woojye2020/decs_jupyter_lab/MedCLIP-SAMv2/data/MAS3K/extracted/MAS3K/img/Fish_1175.jpg,Fish_1175.jpg,Fish,9,There is a fish hidden in the natural background.,original,Fish,10,/home/woojye2020/decs_jupyter_lab/MedCLIP-SAMv2/data/MAS3K/extracted/MAS3K/img/Fish_1175.jpg,
/home/woojye2020/decs_jupyter_lab/MedCLIP-SAMv2/data/MAS3K/extracted/MAS3K/img/Fish_1176.jpg,Fish_1176.jpg,Fish,9,There is a fish hidden in the natural background.,original,Fish,10,/home/woojye2020/decs_jupyter_lab/MedCLIP-SAMv2/data/MAS3K/extracted/MAS3K/img/Fish_1176.jpg,
/home/woojye2020/decs_jupyter_lab/MedCLIP-SAMv2/data/MAS3K/extracted/MAS3K/img/Fish_1177.jpg,Fish_1177.jpg,Fish,9,There is a fish hidden in the natural background.,original,Fish,10,/home/woojye2020/decs_jupyter_lab/MedCLIP-SAMv2/data/MAS3K/extracted/MAS3K/img/Fish_1177.jpg,
/home/woojye2020/decs_jupyter_lab/MedCLIP-SAMv2/data/MAS3K/extracted/MAS3K/img/Fish_1179.jpg,Fish_1179.jpg,Fish,9,There is a fish hidden in the natural background.,original,Fish,10,/home/woojye2020/decs_jupyter_lab/MedCLIP-SAMv2/data/MAS3K/extracted/MAS3K/img/Fish_1179.jpg,
/home/woojye2020/decs_jupyter_lab/MedCLIP-SAMv2/data/MAS3K/extracted/MAS3K/img/Fish_1190.jpg,Fish_1190.jpg,Fish,9,There is a fish hidden in the natural background.,original,Fish,10,/home/woojye2020/decs_jupyter_lab/MedCLIP-SAMv2/data/MAS3K/extracted/MAS3K/img/Fish_1190.jpg,
/home/woojye2020/decs_jupyter_lab/MedCLIP-SAMv2/data/MAS3K/extracted/MAS3K/img/Fish_1193.jpg,Fish_1193.jpg,Fish,9,There is a fish hidden in the natural background.,original,Fish,10,/home/woojye2020/decs_jupyter_lab/MedCLIP-SAMv2/data/MAS3K/extracted/MAS3K/img/Fish_1193.jpg,
/home/woojye2020/decs_jupyter_lab/MedCLIP-SAMv2/data/MAS3K/extracted/MAS3K/img/Fish_1195.jpg,Fish_1195.jpg,Fish,9,There is a fish hidden in the natural background.,original,Fish,10,/home/woojye2020/decs_jupyter_lab/MedCLIP-SAMv2/data/MAS3K/extracted/MAS3K/img/Fish_1195.jpg,
/home/woojye2020/decs_jupyter_lab/MedCLIP-SAMv2/data/MAS3K/extracted/MAS3K/img/Fish_1202.jpg,Fish_1202.jpg,Fish,9,There is a fish hidden in the natural background.,original,Fish,10,/home/woojye2020/decs_jupyter_lab/MedCLIP-SAMv2/data/MAS3K/extracted/MAS3K/img/Fish_1202.jpg,
/home/woojye2020/decs_jupyter_lab/MedCLIP-SAMv2/data/MAS3K/extracted/MAS3K/img/Fish_1215.jpg,Fish_1215.jpg,Fish,9,There is a fish hidden in the natural background.,original,Fish,10,/home/woojye2020/decs_jupyter_lab/MedCLIP-SAMv2/data/MAS3K/extracted/MAS3K/img/Fish_1215.jpg,
/home/woojye2020/decs_jupyter_lab/MedCLIP-SAMv2/data/MAS3K/extracted/MAS3K/img/Fish_1229.jpg,Fish_1229.jpg,Fish,9,There is a fish hidden in the natural background.,original,Fish,10,/home/woojye2020/decs_jupyter_lab/MedCLIP-SAMv2/data/MAS3K/extracted/MAS3K/img/Fish_1229.jpg,
/home/woojye2020/decs_jupyter_lab/MedCLIP-SAMv2/data/MAS3K/extracted/MAS3K/img/Fish_1230.jpg,Fish_1230.jpg,Fish,9,There is a fish hidden in the natural background.,original,Fish,10,/home/woojye2020/decs_jupyter_lab/MedCLIP-SAMv2/data/MAS3K/extracted/MAS3K/img/Fish_1230.jpg,
/home/woojye2020/decs_jupyter_lab/MedCLIP-SAMv2/data/MAS3K/extracted/MAS3K/img/Fish_1231.jpg,Fish_1231.jpg,Fish,9,There is a fish hidden in the natural background.,original,Fish,10,/home/woojye2020/decs_jupyter_lab/MedCLIP-SAMv2/data/MAS3K/extracted/MAS3K/img/Fish_1231.jpg,
/home/woojye2020/decs_jupyter_lab/MedCLIP-SAMv2/data/MAS3K/extracted/MAS3K/img/Fish_1234.jpg,Fish_1234.jpg,Fish,9,There is a fish hidden in the natural background.,original,Fish,10,/home/woojye2020/decs_jupyter_lab/MedCLIP-SAMv2/data/MAS3K/extracted/MAS3K/img/Fish_1234.jpg,
/home/woojye2020/decs_jupyter_lab/MedCLIP-SAMv2/data/MAS3K/extracted/MAS3K/img/Fish_1244.jpg,Fish_1244.jpg,Fish,9,There is a fish hidden in the natural background.,original,Fish,10,/home/woojye2020/decs_jupyter_lab/MedCLIP-SAMv2/data/MAS3K/extracted/MAS3K/img/Fish_1244.jpg,
/home/woojye2020/decs_jupyter_lab/MedCLIP-SAMv2/data/MAS3K/extracted/MAS3K/img/Fish_1254.jpg,Fish_1254.jpg,Fish,9,There is a fish hidden in the natural background.,original,Fish,10,/home/woojye2020/decs_jupyter_lab/MedCLIP-SAMv2/data/MAS3K/extracted/MAS3K/img/Fish_1254.jpg,
/home/woojye2020/decs_jupyter_lab/MedCLIP-SAMv2/data/MAS3K/extracted/MAS3K/img/Fish_1259.jpg,Fish_1259.jpg,Fish,9,There is a fish hidden in the natural background.,original,Fish,10,/home/woojye2020/decs_jupyter_lab/MedCLIP-SAMv2/data/MAS3K/extracted/MAS3K/img/Fish_1259.jpg,
/home/woojye2020/decs_jupyter_lab/MedCLIP-SAMv2/data/MAS3K/extracted/MAS3K/img/Fish_1263.jpg,Fish_1263.jpg,Fish,9,There is a fish hidden in the natural background.,original,Fish,10,/home/woojye2020/decs_jupyter_lab/MedCLIP-SAMv2/data/MAS3K/extracted/MAS3K/img/Fish_1263.jpg,
/home/woojye2020/decs_jupyter_lab/MedCLIP-SAMv2/data/MAS3K/extracted/MAS3K/img/Fish_1264.jpg,Fish_1264.jpg,Fish,9,There is a fish hidden in the natural background.,original,Fish,10,/home/woojye2020/decs_jupyter_lab/MedCLIP-SAMv2/data/MAS3K/extracted/MAS3K/img/Fish_1264.jpg,
/home/woojye2020/decs_jupyter_lab/MedCLIP-SAMv2/data/MAS3K/extracted/MAS3K/img/Fish_1265.jpg,Fish_1265.jpg,Fish,9,There is a fish hidden in the natural background.,original,Fish,10,/home/woojye2020/decs_jupyter_lab/MedCLIP-SAMv2/data/MAS3K/extracted/MAS3K/img/Fish_1265.jpg,
/home/woojye2020/decs_jupyter_lab/MedCLIP-SAMv2/data/MAS3K/extracted/MAS3K/img/Fish_1281.jpg,Fish_1281.jpg,Fish,9,There is a fish hidden in the natural background.,original,Fish,10,/home/woojye2020/decs_jupyter_lab/MedCLIP-SAMv2/data/MAS3K/extracted/MAS3K/img/Fish_1281.jpg,
/home/woojye2020/decs_jupyter_lab/MedCLIP-SAMv2/data/MAS3K/extracted/MAS3K/img/Fish_1290.jpg,Fish_1290.jpg,Fish,9,There is a fish hidden in the natural background.,original,Fish,10,/home/woojye2020/decs_jupyter_lab/MedCLIP-SAMv2/data/MAS3K/extracted/MAS3K/img/Fish_1290.jpg,
/home/woojye2020/decs_jupyter_lab/MedCLIP-SAMv2/data/MAS3K/extracted/MAS3K/img/Fish_1292.jpg,Fish_1292.jpg,Fish,9,There is a fish hidden in the natural background.,original,Fish,10,/home/woojye2020/decs_jupyter_lab/MedCLIP-SAMv2/data/MAS3K/extracted/MAS3K/img/Fish_1292.jpg,
/home/woojye2020/decs_jupyter_lab/MedCLIP-SAMv2/data/MAS3K/extracted/MAS3K/img/Fish_1295.jpg,Fish_1295.jpg,Fish,9,There is a fish hidden in the natural background.,original,Fish,10,/home/woojye2020/decs_jupyter_lab/MedCLIP-SAMv2/data/MAS3K/extracted/MAS3K/img/Fish_1295.jpg,
/home/woojye2020/decs_jupyter_lab/MedCLIP-SAMv2/data/MAS3K/extracted/MAS3K/img/Fish_1296.jpg,Fish_1296.jpg,Fish,9,There is a fish hidden in the natural background.,original,Fish,10,/home/woojye2020/decs_jupyter_lab/MedCLIP-SAMv2/data/MAS3K/extracted/MAS3K/img/Fish_1296.jpg,
/home/woojye2020/decs_jupyter_lab/MedCLIP-SAMv2/data/MAS3K/extracted/MAS3K/img/Fish_1297.jpg,Fish_1297.jpg,Fish,9,There is a fish hidden in the natural background.,original,Fish,10,/home/woojye2020/decs_jupyter_lab/MedCLIP-SAMv2/data/MAS3K/extracted/MAS3K/img/Fish_1297.jpg,
/home/woojye2020/decs_jupyter_lab/MedCLIP-SAMv2/data/MAS3K/extracted/MAS3K/img/Fish_1302.jpg,Fish_1302.jpg,Fish,9,There is a fish hidden in the natural background.,original,Fish,10,/home/woojye2020/decs_jupyter_lab/MedCLIP-SAMv2/data/MAS3K/extracted/MAS3K/img/Fish_1302.jpg,
/home/woojye2020/decs_jupyter_lab/MedCLIP-SAMv2/data/MAS3K/extracted/MAS3K/img/Fish_1303.jpg,Fish_1303.jpg,Fish,9,There is a fish hidden in the natural background.,original,Fish,10,/home/woojye2020/decs_jupyter_lab/MedCLIP-SAMv2/data/MAS3K/extracted/MAS3K/img/Fish_1303.jpg,
/home/woojye2020/decs_jupyter_lab/MedCLIP-SAMv2/data/MAS3K/extracted/MAS3K/img/Fish_1315.jpg,Fish_1315.jpg,Fish,9,There is a fish hidden in the natural background.,original,Fish,10,/home/woojye2020/decs_jupyter_lab/MedCLIP-SAMv2/data/MAS3K/extracted/MAS3K/img/Fish_1315.jpg,
/home/woojye2020/decs_jupyter_lab/MedCLIP-SAMv2/data/MAS3K/extracted/MAS3K/img/Fish_1324.jpg,Fish_1324.jpg,Fish,9,There is a fish hidden in the natural background.,original,Fish,10,/home/woojye2020/decs_jupyter_lab/MedCLIP-SAMv2/data/MAS3K/extracted/MAS3K/img/Fish_1324.jpg,
/home/woojye2020/decs_jupyter_lab/MedCLIP-SAMv2/data/MAS3K/extracted/MAS3K/img/Fish_1329.jpg,Fish_1329.jpg,Fish,9,There is a fish hidden in the natural background.,original,Fish,10,/home/woojye2020/decs_jupyter_lab/MedCLIP-SAMv2/data/MAS3K/extracted/MAS3K/img/Fish_1329.jpg,
/home/woojye2020/decs_jupyter_lab/MedCLIP-SAMv2/data/MAS3K/extracted/MAS3K/img/Fish_1330.jpg,Fish_1330.jpg,Fish,9,There is a fish hidden in the natural background.,original,Fish,10,/home/woojye2020/decs_jupyter_lab/MedCLIP-SAMv2/data/MAS3K/extracted/MAS3K/img/Fish_1330.jpg,
/home/woojye2020/decs_jupyter_lab/MedCLIP-SAMv2/data/MAS3K/extracted/MAS3K/img/Fish_1331.jpg,Fish_1331.jpg,Fish,9,There is a fish hidden in the natural background.,original,Fish,10,/home/woojye2020/decs_jupyter_lab/MedCLIP-SAMv2/data/MAS3K/extracted/MAS3K/img/Fish_1331.jpg,
/home/woojye2020/decs_jupyter_lab/MedCLIP-SAMv2/data/MAS3K/extracted/MAS3K/img/Fish_1340.jpg,Fish_1340.jpg,Fish,9,There is a fish hidden in the natural background.,original,Fish,10,/home/woojye2020/decs_jupyter_lab/MedCLIP-SAMv2/data/MAS3K/extracted/MAS3K/img/Fish_1340.jpg,
/home/woojye2020/decs_jupyter_lab/MedCLIP-SAMv2/data/MAS3K/extracted/MAS3K/img/Fish_1343.jpg,Fish_1343.jpg,Fish,9,There is a fish hidden in the natural background.,original,Fish,10,/home/woojye2020/decs_jupyter_lab/MedCLIP-SAMv2/data/MAS3K/extracted/MAS3K/img/Fish_1343.jpg,
/home/woojye2020/decs_jupyter_lab/MedCLIP-SAMv2/data/MAS3K/extracted/MAS3K/img/Fish_1344.jpg,Fish_1344.jpg,Fish,9,There is a fish hidden in the natural background.,original,Fish,10,/home/woojye2020/decs_jupyter_lab/MedCLIP-SAMv2/data/MAS3K/extracted/MAS3K/img/Fish_1344.jpg,
/home/woojye2020/decs_jupyter_lab/MedCLIP-SAMv2/data/MAS3K/extracted/MAS3K/img/Fish_1348.jpg,Fish_1348.jpg,Fish,9,There is a fish hidden in the natural background.,original,Fish,10,/home/woojye2020/decs_jupyter_lab/MedCLIP-SAMv2/data/MAS3K/extracted/MAS3K/img/Fish_1348.jpg,
/home/woojye2020/decs_jupyter_lab/MedCLIP-SAMv2/data/MAS3K/extracted/MAS3K/img/Fish_1363.jpg,Fish_1363.jpg,Fish,9,There is a fish hidden in the natural background.,original,Fish,10,/home/woojye2020/decs_jupyter_lab/MedCLIP-SAMv2/data/MAS3K/extracted/MAS3K/img/Fish_1363.jpg,
/home/woojye2020/decs_jupyter_lab/MedCLIP-SAMv2/data/MAS3K/extracted/MAS3K/img/Fish_1368.jpg,Fish_1368.jpg,Fish,9,There is a fish hidden in the natural background.,original,Fish,10,/home/woojye2020/decs_jupyter_lab/MedCLIP-SAMv2/data/MAS3K/extracted/MAS3K/img/Fish_1368.jpg,
/home/woojye2020/decs_jupyter_lab/MedCLIP-SAMv2/data/MAS3K/extracted/MAS3K/img/Fish_1370.jpg,Fish_1370.jpg,Fish,9,There is a fish hidden in the natural background.,original,Fish,10,/home/woojye2020/decs_jupyter_lab/MedCLIP-SAMv2/data/MAS3K/extracted/MAS3K/img/Fish_1370.jpg,
/home/woojye2020/decs_jupyter_lab/MedCLIP-SAMv2/data/MAS3K/extracted/MAS3K/img/Fish_1373.jpg,Fish_1373.jpg,Fish,9,There is a fish hidden in the natural background.,original,Fish,10,/home/woojye2020/decs_jupyter_lab/MedCLIP-SAMv2/data/MAS3K/extracted/MAS3K/img/Fish_1373.jpg,
/home/woojye2020/decs_jupyter_lab/MedCLIP-SAMv2/data/MAS3K/extracted/MAS3K/img/Fish_1380.jpg,Fish_1380.jpg,Fish,9,There is a fish hidden in the natural background.,original,Fish,10,/home/woojye2020/decs_jupyter_lab/MedCLIP-SAMv2/data/MAS3K/extracted/MAS3K/img/Fish_1380.jpg,
/home/woojye2020/decs_jupyter_lab/MedCLIP-SAMv2/data/MAS3K/extracted/MAS3K/img/Fish_1383.jpg,Fish_1383.jpg,Fish,9,There is a fish hidden in the natural background.,original,Fish,10,/home/woojye2020/decs_jupyter_lab/MedCLIP-SAMv2/data/MAS3K/extracted/MAS3K/img/Fish_1383.jpg,
/home/woojye2020/decs_jupyter_lab/MedCLIP-SAMv2/data/MAS3K/extracted/MAS3K/img/Fish_1392.jpg,Fish_1392.jpg,Fish,9,There is a fish hidden in the natural background.,original,Fish,10,/home/woojye2020/decs_jupyter_lab/MedCLIP-SAMv2/data/MAS3K/extracted/MAS3K/img/Fish_1392.jpg,
/home/woojye2020/decs_jupyter_lab/MedCLIP-SAMv2/data/MAS3K/extracted/MAS3K/img/Fish_1395.jpg,Fish_1395.jpg,Fish,9,There is a fish hidden in the natural background.,original,Fish,10,/home/woojye2020/decs_jupyter_lab/MedCLIP-SAMv2/data/MAS3K/extracted/MAS3K/img/Fish_1395.jpg,
/home/woojye2020/decs_jupyter_lab/MedCLIP-SAMv2/data/MAS3K/extracted/MAS3K/img/Fish_1398.jpg,Fish_1398.jpg,Fish,9,There is a fish hidden in the natural background.,original,Fish,10,/home/woojye2020/decs_jupyter_lab/MedCLIP-SAMv2/data/MAS3K/extracted/MAS3K/img/Fish_1398.jpg,
/home/woojye2020/decs_jupyter_lab/MedCLIP-SAMv2/data/MAS3K/extracted/MAS3K/img/Fish_1399.jpg,Fish_1399.jpg,Fish,9,There is a fish hidden in the natural background.,original,Fish,10,/home/woojye2020/decs_jupyter_lab/MedCLIP-SAMv2/data/MAS3K/extracted/MAS3K/img/Fish_1399.jpg,
/home/woojye2020/decs_jupyter_lab/MedCLIP-SAMv2/data/MAS3K/extracted/MAS3K/img/Fish_1401.jpg,Fish_1401.jpg,Fish,9,There is a fish hidden in the natural background.,original,Fish,10,/home/woojye2020/decs_jupyter_lab/MedCLIP-SAMv2/data/MAS3K/extracted/MAS3K/img/Fish_1401.jpg,
/home/woojye2020/decs_jupyter_lab/MedCLIP-SAMv2/data/MAS3K/extracted/MAS3K/img/Fish_1403.jpg,Fish_1403.jpg,Fish,9,There is a fish hidden in the natural background.,original,Fish,10,/home/woojye2020/decs_jupyter_lab/MedCLIP-SAMv2/data/MAS3K/extracted/MAS3K/img/Fish_1403.jpg,
/home/woojye2020/decs_jupyter_lab/MedCLIP-SAMv2/data/MAS3K/extracted/MAS3K/img/Fish_1410.jpg,Fish_1410.jpg,Fish,9,There is a fish hidden in the natural background.,original,Fish,10,/home/woojye2020/decs_jupyter_lab/MedCLIP-SAMv2/data/MAS3K/extracted/MAS3K/img/Fish_1410.jpg,
/home/woojye2020/decs_jupyter_lab/MedCLIP-SAMv2/data/MAS3K/extracted/MAS3K/img/Fish_1412.jpg,Fish_1412.jpg,Fish,9,There is a fish hidden in the natural background.,original,Fish,10,/home/woojye2020/decs_jupyter_lab/MedCLIP-SAMv2/data/MAS3K/extracted/MAS3K/img/Fish_1412.jpg,
/home/woojye2020/decs_jupyter_lab/MedCLIP-SAMv2/data/MAS3K/extracted/MAS3K/img/Fish_1414.jpg,Fish_1414.jpg,Fish,9,There is a fish hidden in the natural background.,original,Fish,10,/home/woojye2020/decs_jupyter_lab/MedCLIP-SAMv2/data/MAS3K/extracted/MAS3K/img/Fish_1414.jpg,
/home/woojye2020/decs_jupyter_lab/MedCLIP-SAMv2/data/MAS3K/extracted/MAS3K/img/Fish_1415.jpg,Fish_1415.jpg,Fish,9,There is a fish hidden in the natural background.,original,Fish,10,/home/woojye2020/decs_jupyter_lab/MedCLIP-SAMv2/data/MAS3K/extracted/MAS3K/img/Fish_1415.jpg,
/home/woojye2020/decs_jupyter_lab/MedCLIP-SAMv2/data/MAS3K/extracted/MAS3K/img/Fish_1419.jpg,Fish_1419.jpg,Fish,9,There is a fish hidden in the natural background.,original,Fish,10,/home/woojye2020/decs_jupyter_lab/MedCLIP-SAMv2/data/MAS3K/extracted/MAS3K/img/Fish_1419.jpg,
/home/woojye2020/decs_jupyter_lab/MedCLIP-SAMv2/data/MAS3K/extracted/MAS3K/img/Fish_1432.jpg,Fish_1432.jpg,Fish,9,There is a fish hidden in the natural background.,original,Fish,10,/home/woojye2020/decs_jupyter_lab/MedCLIP-SAMv2/data/MAS3K/extracted/MAS3K/img/Fish_1432.jpg,
/home/woojye2020/decs_jupyter_lab/MedCLIP-SAMv2/data/MAS3K/extracted/MAS3K/img/Fish_1434.jpg,Fish_1434.jpg,Fish,9,There is a fish hidden in the natural background.,original,Fish,10,/home/woojye2020/decs_jupyter_lab/MedCLIP-SAMv2/data/MAS3K/extracted/MAS3K/img/Fish_1434.jpg,
/home/woojye2020/decs_jupyter_lab/MedCLIP-SAMv2/data/MAS3K/extracted/MAS3K/img/Fish_1435.jpg,Fish_1435.jpg,Fish,9,There is a fish hidden in the natural background.,original,Fish,10,/home/woojye2020/decs_jupyter_lab/MedCLIP-SAMv2/data/MAS3K/extracted/MAS3K/img/Fish_1435.jpg,
/home/woojye2020/decs_jupyter_lab/MedCLIP-SAMv2/data/MAS3K/extracted/MAS3K/img/Flounder_1441.jpg,Flounder_1441.jpg,Flounder,10,There is a flounder hidden in the natural background.,original,Flounder,11,/home/woojye2020/decs_jupyter_lab/MedCLIP-SAMv2/data/MAS3K/extracted/MAS3K/img/Flounder_1441.jpg,
/home/woojye2020/decs_jupyter_lab/MedCLIP-SAMv2/data/MAS3K/extracted/MAS3K/img/Flounder_1450.jpg,Flounder_1450.jpg,Flounder,10,There is a flounder hidden in the natural background.,original,Flounder,11,/home/woojye2020/decs_jupyter_lab/MedCLIP-SAMv2/data/MAS3K/extracted/MAS3K/img/Flounder_1450.jpg,
/home/woojye2020/decs_jupyter_lab/MedCLIP-SAMv2/data/MAS3K/extracted/MAS3K/img/Flounder_1451.jpg,Flounder_1451.jpg,Flounder,10,There is a flounder hidden in the natural background.,original,Flounder,11,/home/woojye2020/decs_jupyter_lab/MedCLIP-SAMv2/data/MAS3K/extracted/MAS3K/img/Flounder_1451.jpg,
/home/woojye2020/decs_jupyter_lab/MedCLIP-SAMv2/data/MAS3K/extracted/MAS3K/img/Flounder_1456.jpg,Flounder_1456.jpg,Flounder,10,There is a flounder hidden in the natural background.,original,Flounder,11,/home/woojye2020/decs_jupyter_lab/MedCLIP-SAMv2/data/MAS3K/extracted/MAS3K/img/Flounder_1456.jpg,
/home/woojye2020/decs_jupyter_lab/MedCLIP-SAMv2/data/MAS3K/extracted/MAS3K/img/Flounder_1458.jpg,Flounder_1458.jpg,Flounder,10,There is a flounder hidden in the natural background.,original,Flounder,11,/home/woojye2020/decs_jupyter_lab/MedCLIP-SAMv2/data/MAS3K/extracted/MAS3K/img/Flounder_1458.jpg,
/home/woojye2020/decs_jupyter_lab/MedCLIP-SAMv2/data/MAS3K/extracted/MAS3K/img/Flounder_1460.jpg,Flounder_1460.jpg,Flounder,10,There is a flounder hidden in the natural background.,original,Flounder,11,/home/woojye2020/decs_jupyter_lab/MedCLIP-SAMv2/data/MAS3K/extracted/MAS3K/img/Flounder_1460.jpg,
/home/woojye2020/decs_jupyter_lab/MedCLIP-SAMv2/data/MAS3K/extracted/MAS3K/img/Flounder_1463.jpg,Flounder_1463.jpg,Flounder,10,There is a flounder hidden in the natural background.,original,Flounder,11,/home/woojye2020/decs_jupyter_lab/MedCLIP-SAMv2/data/MAS3K/extracted/MAS3K/img/Flounder_1463.jpg,
/home/woojye2020/decs_jupyter_lab/MedCLIP-SAMv2/data/MAS3K/extracted/MAS3K/img/Flounder_1471.jpg,Flounder_1471.jpg,Flounder,10,There is a flounder hidden in the natural background.,original,Flounder,11,/home/woojye2020/decs_jupyter_lab/MedCLIP-SAMv2/data/MAS3K/extracted/MAS3K/img/Flounder_1471.jpg,
/home/woojye2020/decs_jupyter_lab/MedCLIP-SAMv2/data/MAS3K/extracted/MAS3K/img/Flounder_1495.jpg,Flounder_1495.jpg,Flounder,10,There is a flounder hidden in the natural background.,original,Flounder,11,/home/woojye2020/decs_jupyter_lab/MedCLIP-SAMv2/data/MAS3K/extracted/MAS3K/img/Flounder_1495.jpg,
/home/woojye2020/decs_jupyter_lab/MedCLIP-SAMv2/data/MAS3K/extracted/MAS3K/img/Flounder_1497.jpg,Flounder_1497.jpg,Flounder,10,There is a flounder hidden in the natural background.,original,Flounder,11,/home/woojye2020/decs_jupyter_lab/MedCLIP-SAMv2/data/MAS3K/extracted/MAS3K/img/Flounder_1497.jpg,
/home/woojye2020/decs_jupyter_lab/MedCLIP-SAMv2/data/MAS3K/extracted/MAS3K/img/Flounder_1498.jpg,Flounder_1498.jpg,Flounder,10,There is a flounder hidden in the natural background.,original,Flounder,11,/home/woojye2020/decs_jupyter_lab/MedCLIP-SAMv2/data/MAS3K/extracted/MAS3K/img/Flounder_1498.jpg,
/home/woojye2020/decs_jupyter_lab/MedCLIP-SAMv2/data/MAS3K/extracted/MAS3K/img/FrogFish_1988.jpg,FrogFish_1988.jpg,FrogFish,11,There is a frogfish hidden in the natural background.,original,FrogFish,12,/home/woojye2020/decs_jupyter_lab/MedCLIP-SAMv2/data/MAS3K/extracted/MAS3K/img/FrogFish_1988.jpg,
/home/woojye2020/decs_jupyter_lab/MedCLIP-SAMv2/data/MAS3K/extracted/MAS3K/img/FrogFish_1993.jpg,FrogFish_1993.jpg,FrogFish,11,There is a frogfish hidden in the natural background.,original,FrogFish,12,/home/woojye2020/decs_jupyter_lab/MedCLIP-SAMv2/data/MAS3K/extracted/MAS3K/img/FrogFish_1993.jpg,
/home/woojye2020/decs_jupyter_lab/MedCLIP-SAMv2/data/MAS3K/extracted/MAS3K/img/FrogFish_1997.jpg,FrogFish_1997.jpg,FrogFish,11,There is a frogfish hidden in the natural background.,original,FrogFish,12,/home/woojye2020/decs_jupyter_lab/MedCLIP-SAMv2/data/MAS3K/extracted/MAS3K/img/FrogFish_1997.jpg,
/home/woojye2020/decs_jupyter_lab/MedCLIP-SAMv2/data/MAS3K/extracted/MAS3K/img/GhostPipeFish_2003.jpg,GhostPipeFish_2003.jpg,GhostPipeFish,12,There is a ghost pipefish hidden in the natural background.,original,GhostPipeFish,13,/home/woojye2020/decs_jupyter_lab/MedCLIP-SAMv2/data/MAS3K/extracted/MAS3K/img/GhostPipeFish_2003.jpg,
/home/woojye2020/decs_jupyter_lab/MedCLIP-SAMv2/data/MAS3K/extracted/MAS3K/img/GhostPipeFish_2010.jpg,GhostPipeFish_2010.jpg,GhostPipeFish,12,There is a ghost pipefish hidden in the natural background.,original,GhostPipeFish,13,/home/woojye2020/decs_jupyter_lab/MedCLIP-SAMv2/data/MAS3K/extracted/MAS3K/img/GhostPipeFish_2010.jpg,
/home/woojye2020/decs_jupyter_lab/MedCLIP-SAMv2/data/MAS3K/extracted/MAS3K/img/GhostPipeFish_2011.jpg,GhostPipeFish_2011.jpg,GhostPipeFish,12,There is a ghost pipefish hidden in the natural background.,original,GhostPipeFish,13,/home/woojye2020/decs_jupyter_lab/MedCLIP-SAMv2/data/MAS3K/extracted/MAS3K/img/GhostPipeFish_2011.jpg,
/home/woojye2020/decs_jupyter_lab/MedCLIP-SAMv2/data/MAS3K/extracted/MAS3K/img/GhostPipeFish_2012.jpg,GhostPipeFish_2012.jpg,GhostPipeFish,12,There is a ghost pipefish hidden in the natural background.,original,GhostPipeFish,13,/home/woojye2020/decs_jupyter_lab/MedCLIP-SAMv2/data/MAS3K/extracted/MAS3K/img/GhostPipeFish_2012.jpg,
/home/woojye2020/decs_jupyter_lab/MedCLIP-SAMv2/data/MAS3K/extracted/MAS3K/img/GhostPipeFish_2013.jpg,GhostPipeFish_2013.jpg,GhostPipeFish,12,There is a ghost pipefish hidden in the natural background.,original,GhostPipeFish,13,/home/woojye2020/decs_jupyter_lab/MedCLIP-SAMv2/data/MAS3K/extracted/MAS3K/img/GhostPipeFish_2013.jpg,
/home/woojye2020/decs_jupyter_lab/MedCLIP-SAMv2/data/MAS3K/extracted/MAS3K/img/GhostPipeFish_2015.jpg,GhostPipeFish_2015.jpg,GhostPipeFish,12,There is a ghost pipefish hidden in the natural background.,original,GhostPipeFish,13,/home/woojye2020/decs_jupyter_lab/MedCLIP-SAMv2/data/MAS3K/extracted/MAS3K/img/GhostPipeFish_2015.jpg,
/home/woojye2020/decs_jupyter_lab/MedCLIP-SAMv2/data/MAS3K/extracted/MAS3K/img/GhostPipeFish_2019.jpg,GhostPipeFish_2019.jpg,GhostPipeFish,12,There is a ghost pipefish hidden in the natural background.,original,GhostPipeFish,13,/home/woojye2020/decs_jupyter_lab/MedCLIP-SAMv2/data/MAS3K/extracted/MAS3K/img/GhostPipeFish_2019.jpg,
/home/woojye2020/decs_jupyter_lab/MedCLIP-SAMv2/data/MAS3K/extracted/MAS3K/img/GhostPipeFish_2023.jpg,GhostPipeFish_2023.jpg,GhostPipeFish,12,There is a ghost pipefish hidden in the natural background.,original,GhostPipeFish,13,/home/woojye2020/decs_jupyter_lab/MedCLIP-SAMv2/data/MAS3K/extracted/MAS3K/img/GhostPipeFish_2023.jpg,
/home/woojye2020/decs_jupyter_lab/MedCLIP-SAMv2/data/MAS3K/extracted/MAS3K/img/GhostPipeFish_2028.jpg,GhostPipeFish_2028.jpg,GhostPipeFish,12,There is a ghost pipefish hidden in the natural background.,original,GhostPipeFish,13,/home/woojye2020/decs_jupyter_lab/MedCLIP-SAMv2/data/MAS3K/extracted/MAS3K/img/GhostPipeFish_2028.jpg,
/home/woojye2020/decs_jupyter_lab/MedCLIP-SAMv2/data/MAS3K/extracted/MAS3K/img/GhostPipeFish_2034.jpg,GhostPipeFish_2034.jpg,GhostPipeFish,12,There is a ghost pipefish hidden in the natural background.,original,GhostPipeFish,13,/home/woojye2020/decs_jupyter_lab/MedCLIP-SAMv2/data/MAS3K/extracted/MAS3K/img/GhostPipeFish_2034.jpg,
/home/woojye2020/decs_jupyter_lab/MedCLIP-SAMv2/data/MAS3K/extracted/MAS3K/img/GhostPipeFish_2041.jpg,GhostPipeFish_2041.jpg,GhostPipeFish,12,There is a ghost pipefish hidden in the natural background.,original,GhostPipeFish,13,/home/woojye2020/decs_jupyter_lab/MedCLIP-SAMv2/data/MAS3K/extracted/MAS3K/img/GhostPipeFish_2041.jpg,
/home/woojye2020/decs_jupyter_lab/MedCLIP-SAMv2/data/MAS3K/extracted/MAS3K/img/GhostPipeFish_2055.jpg,GhostPipeFish_2055.jpg,GhostPipeFish,12,There is a ghost pipefish hidden in the natural background.,original,GhostPipeFish,13,/home/woojye2020/decs_jupyter_lab/MedCLIP-SAMv2/data/MAS3K/extracted/MAS3K/img/GhostPipeFish_2055.jpg,
/home/woojye2020/decs_jupyter_lab/MedCLIP-SAMv2/data/MAS3K/extracted/MAS3K/img/GhostPipeFish_2058.jpg,GhostPipeFish_2058.jpg,GhostPipeFish,12,There is a ghost pipefish hidden in the natural background.,original,GhostPipeFish,13,/home/woojye2020/decs_jupyter_lab/MedCLIP-SAMv2/data/MAS3K/extracted/MAS3K/img/GhostPipeFish_2058.jpg,
/home/woojye2020/decs_jupyter_lab/MedCLIP-SAMv2/data/MAS3K/extracted/MAS3K/img/GhostPipeFish_2061.jpg,GhostPipeFish_2061.jpg,GhostPipeFish,12,There is a ghost pipefish hidden in the natural background.,original,GhostPipeFish,13,/home/woojye2020/decs_jupyter_lab/MedCLIP-SAMv2/data/MAS3K/extracted/MAS3K/img/GhostPipeFish_2061.jpg,
/home/woojye2020/decs_jupyter_lab/MedCLIP-SAMv2/data/MAS3K/extracted/MAS3K/img/GhostPipeFish_2067.jpg,GhostPipeFish_2067.jpg,GhostPipeFish,12,There is a ghost pipefish hidden in the natural background.,original,GhostPipeFish,13,/home/woojye2020/decs_jupyter_lab/MedCLIP-SAMv2/data/MAS3K/extracted/MAS3K/img/GhostPipeFish_2067.jpg,
/home/woojye2020/decs_jupyter_lab/MedCLIP-SAMv2/data/MAS3K/extracted/MAS3K/img/GhostPipeFish_2068.jpg,GhostPipeFish_2068.jpg,GhostPipeFish,12,There is a ghost pipefish hidden in the natural background.,original,GhostPipeFish,13,/home/woojye2020/decs_jupyter_lab/MedCLIP-SAMv2/data/MAS3K/extracted/MAS3K/img/GhostPipeFish_2068.jpg,
/home/woojye2020/decs_jupyter_lab/MedCLIP-SAMv2/data/MAS3K/extracted/MAS3K/img/GhostPipeFish_2069.jpg,GhostPipeFish_2069.jpg,GhostPipeFish,12,There is a ghost pipefish hidden in the natural background.,original,GhostPipeFish,13,/home/woojye2020/decs_jupyter_lab/MedCLIP-SAMv2/data/MAS3K/extracted/MAS3K/img/GhostPipeFish_2069.jpg,
/home/woojye2020/decs_jupyter_lab/MedCLIP-SAMv2/data/MAS3K/extracted/MAS3K/img/GhostPipeFish_2085.jpg,GhostPipeFish_2085.jpg,GhostPipeFish,12,There is a ghost pipefish hidden in the natural background.,original,GhostPipeFish,13,/home/woojye2020/decs_jupyter_lab/MedCLIP-SAMv2/data/MAS3K/extracted/MAS3K/img/GhostPipeFish_2085.jpg,
/home/woojye2020/decs_jupyter_lab/MedCLIP-SAMv2/data/MAS3K/extracted/MAS3K/img/GhostPipeFish_2092.jpg,GhostPipeFish_2092.jpg,GhostPipeFish,12,There is a ghost pipefish hidden in the natural background.,original,GhostPipeFish,13,/home/woojye2020/decs_jupyter_lab/MedCLIP-SAMv2/data/MAS3K/extracted/MAS3K/img/GhostPipeFish_2092.jpg,
/home/woojye2020/decs_jupyter_lab/MedCLIP-SAMv2/data/MAS3K/extracted/MAS3K/img/GhostPipeFish_2101.jpg,GhostPipeFish_2101.jpg,GhostPipeFish,12,There is a ghost pipefish hidden in the natural background.,original,GhostPipeFish,13,/home/woojye2020/decs_jupyter_lab/MedCLIP-SAMv2/data/MAS3K/extracted/MAS3K/img/GhostPipeFish_2101.jpg,
/home/woojye2020/decs_jupyter_lab/MedCLIP-SAMv2/data/MAS3K/extracted/MAS3K/img/GhostPipeFish_2102.jpg,GhostPipeFish_2102.jpg,GhostPipeFish,12,There is a ghost pipefish hidden in the natural background.,original,GhostPipeFish,13,/home/woojye2020/decs_jupyter_lab/MedCLIP-SAMv2/data/MAS3K/extracted/MAS3K/img/GhostPipeFish_2102.jpg,
/home/woojye2020/decs_jupyter_lab/MedCLIP-SAMv2/data/MAS3K/extracted/MAS3K/img/GhostPipeFish_2103.jpg,GhostPipeFish_2103.jpg,GhostPipeFish,12,There is a ghost pipefish hidden in the natural background.,original,GhostPipeFish,13,/home/woojye2020/decs_jupyter_lab/MedCLIP-SAMv2/data/MAS3K/extracted/MAS3K/img/GhostPipeFish_2103.jpg,
/home/woojye2020/decs_jupyter_lab/MedCLIP-SAMv2/data/MAS3K/extracted/MAS3K/img/GhostPipeFish_2110.jpg,GhostPipeFish_2110.jpg,GhostPipeFish,12,There is a ghost pipefish hidden in the natural background.,original,GhostPipeFish,13,/home/woojye2020/decs_jupyter_lab/MedCLIP-SAMv2/data/MAS3K/extracted/MAS3K/img/GhostPipeFish_2110.jpg,
/home/woojye2020/decs_jupyter_lab/MedCLIP-SAMv2/data/MAS3K/extracted/MAS3K/img/Grouper_1502.jpg,Grouper_1502.jpg,Grouper,13,There is a grouper hidden in the natural background.,original,Grouper,14,/home/woojye2020/decs_jupyter_lab/MedCLIP-SAMv2/data/MAS3K/extracted/MAS3K/img/Grouper_1502.jpg,
/home/woojye2020/decs_jupyter_lab/MedCLIP-SAMv2/data/MAS3K/extracted/MAS3K/img/Grouper_1503.jpg,Grouper_1503.jpg,Grouper,13,There is a grouper hidden in the natural background.,original,Grouper,14,/home/woojye2020/decs_jupyter_lab/MedCLIP-SAMv2/data/MAS3K/extracted/MAS3K/img/Grouper_1503.jpg,
/home/woojye2020/decs_jupyter_lab/MedCLIP-SAMv2/data/MAS3K/extracted/MAS3K/img/Grouper_1513.jpg,Grouper_1513.jpg,Grouper,13,There is a grouper hidden in the natural background.,original,Grouper,14,/home/woojye2020/decs_jupyter_lab/MedCLIP-SAMv2/data/MAS3K/extracted/MAS3K/img/Grouper_1513.jpg,
/home/woojye2020/decs_jupyter_lab/MedCLIP-SAMv2/data/MAS3K/extracted/MAS3K/img/Grouper_1514.jpg,Grouper_1514.jpg,Grouper,13,There is a grouper hidden in the natural background.,original,Grouper,14,/home/woojye2020/decs_jupyter_lab/MedCLIP-SAMv2/data/MAS3K/extracted/MAS3K/img/Grouper_1514.jpg,
/home/woojye2020/decs_jupyter_lab/MedCLIP-SAMv2/data/MAS3K/extracted/MAS3K/img/Grouper_1526.jpg,Grouper_1526.jpg,Grouper,13,There is a grouper hidden in the natural background.,original,Grouper,14,/home/woojye2020/decs_jupyter_lab/MedCLIP-SAMv2/data/MAS3K/extracted/MAS3K/img/Grouper_1526.jpg,
/home/woojye2020/decs_jupyter_lab/MedCLIP-SAMv2/data/MAS3K/extracted/MAS3K/img/Grouper_1531.jpg,Grouper_1531.jpg,Grouper,13,There is a grouper hidden in the natural background.,original,Grouper,14,/home/woojye2020/decs_jupyter_lab/MedCLIP-SAMv2/data/MAS3K/extracted/MAS3K/img/Grouper_1531.jpg,
/home/woojye2020/decs_jupyter_lab/MedCLIP-SAMv2/data/MAS3K/extracted/MAS3K/img/Grouper_1532.jpg,Grouper_1532.jpg,Grouper,13,There is a grouper hidden in the natural background.,original,Grouper,14,/home/woojye2020/decs_jupyter_lab/MedCLIP-SAMv2/data/MAS3K/extracted/MAS3K/img/Grouper_1532.jpg,
/home/woojye2020/decs_jupyter_lab/MedCLIP-SAMv2/data/MAS3K/extracted/MAS3K/img/Grouper_1541.jpg,Grouper_1541.jpg,Grouper,13,There is a grouper hidden in the natural background.,original,Grouper,14,/home/woojye2020/decs_jupyter_lab/MedCLIP-SAMv2/data/MAS3K/extracted/MAS3K/img/Grouper_1541.jpg,
/home/woojye2020/decs_jupyter_lab/MedCLIP-SAMv2/data/MAS3K/extracted/MAS3K/img/Grouper_1545.jpg,Grouper_1545.jpg,Grouper,13,There is a grouper hidden in the natural background.,original,Grouper,14,/home/woojye2020/decs_jupyter_lab/MedCLIP-SAMv2/data/MAS3K/extracted/MAS3K/img/Grouper_1545.jpg,
/home/woojye2020/decs_jupyter_lab/MedCLIP-SAMv2/data/MAS3K/extracted/MAS3K/img/Grouper_1548.jpg,Grouper_1548.jpg,Grouper,13,There is a grouper hidden in the natural background.,original,Grouper,14,/home/woojye2020/decs_jupyter_lab/MedCLIP-SAMv2/data/MAS3K/extracted/MAS3K/img/Grouper_1548.jpg,
/home/woojye2020/decs_jupyter_lab/MedCLIP-SAMv2/data/MAS3K/extracted/MAS3K/img/Grouper_1558.jpg,Grouper_1558.jpg,Grouper,13,There is a grouper hidden in the natural background.,original,Grouper,14,/home/woojye2020/decs_jupyter_lab/MedCLIP-SAMv2/data/MAS3K/extracted/MAS3K/img/Grouper_1558.jpg,
/home/woojye2020/decs_jupyter_lab/MedCLIP-SAMv2/data/MAS3K/extracted/MAS3K/img/Grouper_1561.jpg,Grouper_1561.jpg,Grouper,13,There is a grouper hidden in the natural background.,original,Grouper,14,/home/woojye2020/decs_jupyter_lab/MedCLIP-SAMv2/data/MAS3K/extracted/MAS3K/img/Grouper_1561.jpg,
/home/woojye2020/decs_jupyter_lab/MedCLIP-SAMv2/data/MAS3K/extracted/MAS3K/img/Grouper_1567.jpg,Grouper_1567.jpg,Grouper,13,There is a grouper hidden in the natural background.,original,Grouper,14,/home/woojye2020/decs_jupyter_lab/MedCLIP-SAMv2/data/MAS3K/extracted/MAS3K/img/Grouper_1567.jpg,
/home/woojye2020/decs_jupyter_lab/MedCLIP-SAMv2/data/MAS3K/extracted/MAS3K/img/Grouper_1568.jpg,Grouper_1568.jpg,Grouper,13,There is a grouper hidden in the natural background.,original,Grouper,14,/home/woojye2020/decs_jupyter_lab/MedCLIP-SAMv2/data/MAS3K/extracted/MAS3K/img/Grouper_1568.jpg,
/home/woojye2020/decs_jupyter_lab/MedCLIP-SAMv2/data/MAS3K/extracted/MAS3K/img/Grouper_1571.jpg,Grouper_1571.jpg,Grouper,13,There is a grouper hidden in the natural background.,original,Grouper,14,/home/woojye2020/decs_jupyter_lab/MedCLIP-SAMv2/data/MAS3K/extracted/MAS3K/img/Grouper_1571.jpg,
/home/woojye2020/decs_jupyter_lab/MedCLIP-SAMv2/data/MAS3K/extracted/MAS3K/img/Grouper_1578.jpg,Grouper_1578.jpg,Grouper,13,There is a grouper hidden in the natural background.,original,Grouper,14,/home/woojye2020/decs_jupyter_lab/MedCLIP-SAMv2/data/MAS3K/extracted/MAS3K/img/Grouper_1578.jpg,
/home/woojye2020/decs_jupyter_lab/MedCLIP-SAMv2/data/MAS3K/extracted/MAS3K/img/Grouper_1588.jpg,Grouper_1588.jpg,Grouper,13,There is a grouper hidden in the natural background.,original,Grouper,14,/home/woojye2020/decs_jupyter_lab/MedCLIP-SAMv2/data/MAS3K/extracted/MAS3K/img/Grouper_1588.jpg,
/home/woojye2020/decs_jupyter_lab/MedCLIP-SAMv2/data/MAS3K/extracted/MAS3K/img/Grouper_1591.jpg,Grouper_1591.jpg,Grouper,13,There is a grouper hidden in the natural background.,original,Grouper,14,/home/woojye2020/decs_jupyter_lab/MedCLIP-SAMv2/data/MAS3K/extracted/MAS3K/img/Grouper_1591.jpg,
/home/woojye2020/decs_jupyter_lab/MedCLIP-SAMv2/data/MAS3K/extracted/MAS3K/img/Grouper_1592.jpg,Grouper_1592.jpg,Grouper,13,There is a grouper hidden in the natural background.,original,Grouper,14,/home/woojye2020/decs_jupyter_lab/MedCLIP-SAMv2/data/MAS3K/extracted/MAS3K/img/Grouper_1592.jpg,
/home/woojye2020/decs_jupyter_lab/MedCLIP-SAMv2/data/MAS3K/extracted/MAS3K/img/Grouper_1601.jpg,Grouper_1601.jpg,Grouper,13,There is a grouper hidden in the natural background.,original,Grouper,14,/home/woojye2020/decs_jupyter_lab/MedCLIP-SAMv2/data/MAS3K/extracted/MAS3K/img/Grouper_1601.jpg,
/home/woojye2020/decs_jupyter_lab/MedCLIP-SAMv2/data/MAS3K/extracted/MAS3K/img/Grouper_1602.jpg,Grouper_1602.jpg,Grouper,13,There is a grouper hidden in the natural background.,original,Grouper,14,/home/woojye2020/decs_jupyter_lab/MedCLIP-SAMv2/data/MAS3K/extracted/MAS3K/img/Grouper_1602.jpg,
/home/woojye2020/decs_jupyter_lab/MedCLIP-SAMv2/data/MAS3K/extracted/MAS3K/img/Grouper_1607.jpg,Grouper_1607.jpg,Grouper,13,There is a grouper hidden in the natural background.,original,Grouper,14,/home/woojye2020/decs_jupyter_lab/MedCLIP-SAMv2/data/MAS3K/extracted/MAS3K/img/Grouper_1607.jpg,
/home/woojye2020/decs_jupyter_lab/MedCLIP-SAMv2/data/MAS3K/extracted/MAS3K/img/Grouper_1609.jpg,Grouper_1609.jpg,Grouper,13,There is a grouper hidden in the natural background.,original,Grouper,14,/home/woojye2020/decs_jupyter_lab/MedCLIP-SAMv2/data/MAS3K/extracted/MAS3K/img/Grouper_1609.jpg,
/home/woojye2020/decs_jupyter_lab/MedCLIP-SAMv2/data/MAS3K/extracted/MAS3K/img/Grouper_1610.jpg,Grouper_1610.jpg,Grouper,13,There is a grouper hidden in the natural background.,original,Grouper,14,/home/woojye2020/decs_jupyter_lab/MedCLIP-SAMv2/data/MAS3K/extracted/MAS3K/img/Grouper_1610.jpg,
/home/woojye2020/decs_jupyter_lab/MedCLIP-SAMv2/data/MAS3K/extracted/MAS3K/img/Grouper_1612.jpg,Grouper_1612.jpg,Grouper,13,There is a grouper hidden in the natural background.,original,Grouper,14,/home/woojye2020/decs_jupyter_lab/MedCLIP-SAMv2/data/MAS3K/extracted/MAS3K/img/Grouper_1612.jpg,
/home/woojye2020/decs_jupyter_lab/MedCLIP-SAMv2/data/MAS3K/extracted/MAS3K/img/Grouper_1614.jpg,Grouper_1614.jpg,Grouper,13,There is a grouper hidden in the natural background.,original,Grouper,14,/home/woojye2020/decs_jupyter_lab/MedCLIP-SAMv2/data/MAS3K/extracted/MAS3K/img/Grouper_1614.jpg,
/home/woojye2020/decs_jupyter_lab/MedCLIP-SAMv2/data/MAS3K/extracted/MAS3K/img/Grouper_1615.jpg,Grouper_1615.jpg,Grouper,13,There is a grouper hidden in the natural background.,original,Grouper,14,/home/woojye2020/decs_jupyter_lab/MedCLIP-SAMv2/data/MAS3K/extracted/MAS3K/img/Grouper_1615.jpg,
/home/woojye2020/decs_jupyter_lab/MedCLIP-SAMv2/data/MAS3K/extracted/MAS3K/img/Grouper_1624.jpg,Grouper_1624.jpg,Grouper,13,There is a grouper hidden in the natural background.,original,Grouper,14,/home/woojye2020/decs_jupyter_lab/MedCLIP-SAMv2/data/MAS3K/extracted/MAS3K/img/Grouper_1624.jpg,
/home/woojye2020/decs_jupyter_lab/MedCLIP-SAMv2/data/MAS3K/extracted/MAS3K/img/Grouper_1627.jpg,Grouper_1627.jpg,Grouper,13,There is a grouper hidden in the natural background.,original,Grouper,14,/home/woojye2020/decs_jupyter_lab/MedCLIP-SAMv2/data/MAS3K/extracted/MAS3K/img/Grouper_1627.jpg,
/home/woojye2020/decs_jupyter_lab/MedCLIP-SAMv2/data/MAS3K/extracted/MAS3K/img/Grouper_1628.jpg,Grouper_1628.jpg,Grouper,13,There is a grouper hidden in the natural background.,original,Grouper,14,/home/woojye2020/decs_jupyter_lab/MedCLIP-SAMv2/data/MAS3K/extracted/MAS3K/img/Grouper_1628.jpg,
/home/woojye2020/decs_jupyter_lab/MedCLIP-SAMv2/data/MAS3K/extracted/MAS3K/img/Grouper_1637.jpg,Grouper_1637.jpg,Grouper,13,There is a grouper hidden in the natural background.,original,Grouper,14,/home/woojye2020/decs_jupyter_lab/MedCLIP-SAMv2/data/MAS3K/extracted/MAS3K/img/Grouper_1637.jpg,
/home/woojye2020/decs_jupyter_lab/MedCLIP-SAMv2/data/MAS3K/extracted/MAS3K/img/Grouper_1639.jpg,Grouper_1639.jpg,Grouper,13,There is a grouper hidden in the natural background.,original,Grouper,14,/home/woojye2020/decs_jupyter_lab/MedCLIP-SAMv2/data/MAS3K/extracted/MAS3K/img/Grouper_1639.jpg,
/home/woojye2020/decs_jupyter_lab/MedCLIP-SAMv2/data/MAS3K/extracted/MAS3K/img/Grouper_1657.jpg,Grouper_1657.jpg,Grouper,13,There is a grouper hidden in the natural background.,original,Grouper,14,/home/woojye2020/decs_jupyter_lab/MedCLIP-SAMv2/data/MAS3K/extracted/MAS3K/img/Grouper_1657.jpg,
/home/woojye2020/decs_jupyter_lab/MedCLIP-SAMv2/data/MAS3K/extracted/MAS3K/img/Grouper_1663.jpg,Grouper_1663.jpg,Grouper,13,There is a grouper hidden in the natural background.,original,Grouper,14,/home/woojye2020/decs_jupyter_lab/MedCLIP-SAMv2/data/MAS3K/extracted/MAS3K/img/Grouper_1663.jpg,
/home/woojye2020/decs_jupyter_lab/MedCLIP-SAMv2/data/MAS3K/extracted/MAS3K/img/Grouper_1666.jpg,Grouper_1666.jpg,Grouper,13,There is a grouper hidden in the natural background.,original,Grouper,14,/home/woojye2020/decs_jupyter_lab/MedCLIP-SAMv2/data/MAS3K/extracted/MAS3K/img/Grouper_1666.jpg,
/home/woojye2020/decs_jupyter_lab/MedCLIP-SAMv2/data/MAS3K/extracted/MAS3K/img/Grouper_1671.jpg,Grouper_1671.jpg,Grouper,13,There is a grouper hidden in the natural background.,original,Grouper,14,/home/woojye2020/decs_jupyter_lab/MedCLIP-SAMv2/data/MAS3K/extracted/MAS3K/img/Grouper_1671.jpg,
/home/woojye2020/decs_jupyter_lab/MedCLIP-SAMv2/data/MAS3K/extracted/MAS3K/img/Grouper_1682.jpg,Grouper_1682.jpg,Grouper,13,There is a grouper hidden in the natural background.,original,Grouper,14,/home/woojye2020/decs_jupyter_lab/MedCLIP-SAMv2/data/MAS3K/extracted/MAS3K/img/Grouper_1682.jpg,
/home/woojye2020/decs_jupyter_lab/MedCLIP-SAMv2/data/MAS3K/extracted/MAS3K/img/Grouper_1684.jpg,Grouper_1684.jpg,Grouper,13,There is a grouper hidden in the natural background.,original,Grouper,14,/home/woojye2020/decs_jupyter_lab/MedCLIP-SAMv2/data/MAS3K/extracted/MAS3K/img/Grouper_1684.jpg,
/home/woojye2020/decs_jupyter_lab/MedCLIP-SAMv2/data/MAS3K/extracted/MAS3K/img/Grouper_1685.jpg,Grouper_1685.jpg,Grouper,13,There is a grouper hidden in the natural background.,original,Grouper,14,/home/woojye2020/decs_jupyter_lab/MedCLIP-SAMv2/data/MAS3K/extracted/MAS3K/img/Grouper_1685.jpg,
/home/woojye2020/decs_jupyter_lab/MedCLIP-SAMv2/data/MAS3K/extracted/MAS3K/img/Grouper_1691.jpg,Grouper_1691.jpg,Grouper,13,There is a grouper hidden in the natural background.,original,Grouper,14,/home/woojye2020/decs_jupyter_lab/MedCLIP-SAMv2/data/MAS3K/extracted/MAS3K/img/Grouper_1691.jpg,
/home/woojye2020/decs_jupyter_lab/MedCLIP-SAMv2/data/MAS3K/extracted/MAS3K/img/Grouper_1721.jpg,Grouper_1721.jpg,Grouper,13,There is a grouper hidden in the natural background.,original,Grouper,14,/home/woojye2020/decs_jupyter_lab/MedCLIP-SAMv2/data/MAS3K/extracted/MAS3K/img/Grouper_1721.jpg,
/home/woojye2020/decs_jupyter_lab/MedCLIP-SAMv2/data/MAS3K/extracted/MAS3K/img/Grouper_1725.jpg,Grouper_1725.jpg,Grouper,13,There is a grouper hidden in the natural background.,original,Grouper,14,/home/woojye2020/decs_jupyter_lab/MedCLIP-SAMv2/data/MAS3K/extracted/MAS3K/img/Grouper_1725.jpg,
/home/woojye2020/decs_jupyter_lab/MedCLIP-SAMv2/data/MAS3K/extracted/MAS3K/img/Grouper_1728.jpg,Grouper_1728.jpg,Grouper,13,There is a grouper hidden in the natural background.,original,Grouper,14,/home/woojye2020/decs_jupyter_lab/MedCLIP-SAMv2/data/MAS3K/extracted/MAS3K/img/Grouper_1728.jpg,
/home/woojye2020/decs_jupyter_lab/MedCLIP-SAMv2/data/MAS3K/extracted/MAS3K/img/Grouper_1729.jpg,Grouper_1729.jpg,Grouper,13,There is a grouper hidden in the natural background.,original,Grouper,14,/home/woojye2020/decs_jupyter_lab/MedCLIP-SAMv2/data/MAS3K/extracted/MAS3K/img/Grouper_1729.jpg,
/home/woojye2020/decs_jupyter_lab/MedCLIP-SAMv2/data/MAS3K/extracted/MAS3K/img/Grouper_1733.jpg,Grouper_1733.jpg,Grouper,13,There is a grouper hidden in the natural background.,original,Grouper,14,/home/woojye2020/decs_jupyter_lab/MedCLIP-SAMv2/data/MAS3K/extracted/MAS3K/img/Grouper_1733.jpg,
/home/woojye2020/decs_jupyter_lab/MedCLIP-SAMv2/data/MAS3K/extracted/MAS3K/img/Grouper_1739.jpg,Grouper_1739.jpg,Grouper,13,There is a grouper hidden in the natural background.,original,Grouper,14,/home/woojye2020/decs_jupyter_lab/MedCLIP-SAMv2/data/MAS3K/extracted/MAS3K/img/Grouper_1739.jpg,
/home/woojye2020/decs_jupyter_lab/MedCLIP-SAMv2/data/MAS3K/extracted/MAS3K/img/Grouper_1740.jpg,Grouper_1740.jpg,Grouper,13,There is a grouper hidden in the natural background.,original,Grouper,14,/home/woojye2020/decs_jupyter_lab/MedCLIP-SAMv2/data/MAS3K/extracted/MAS3K/img/Grouper_1740.jpg,
/home/woojye2020/decs_jupyter_lab/MedCLIP-SAMv2/data/MAS3K/extracted/MAS3K/img/Grouper_1742.jpg,Grouper_1742.jpg,Grouper,13,There is a grouper hidden in the natural background.,original,Grouper,14,/home/woojye2020/decs_jupyter_lab/MedCLIP-SAMv2/data/MAS3K/extracted/MAS3K/img/Grouper_1742.jpg,
/home/woojye2020/decs_jupyter_lab/MedCLIP-SAMv2/data/MAS3K/extracted/MAS3K/img/Grouper_1743.jpg,Grouper_1743.jpg,Grouper,13,There is a grouper hidden in the natural background.,original,Grouper,14,/home/woojye2020/decs_jupyter_lab/MedCLIP-SAMv2/data/MAS3K/extracted/MAS3K/img/Grouper_1743.jpg,
/home/woojye2020/decs_jupyter_lab/MedCLIP-SAMv2/data/MAS3K/extracted/MAS3K/img/Grouper_1744.jpg,Grouper_1744.jpg,Grouper,13,There is a grouper hidden in the natural background.,original,Grouper,14,/home/woojye2020/decs_jupyter_lab/MedCLIP-SAMv2/data/MAS3K/extracted/MAS3K/img/Grouper_1744.jpg,
/home/woojye2020/decs_jupyter_lab/MedCLIP-SAMv2/data/MAS3K/extracted/MAS3K/img/Grouper_1747.jpg,Grouper_1747.jpg,Grouper,13,There is a grouper hidden in the natural background.,original,Grouper,14,/home/woojye2020/decs_jupyter_lab/MedCLIP-SAMv2/data/MAS3K/extracted/MAS3K/img/Grouper_1747.jpg,
/home/woojye2020/decs_jupyter_lab/MedCLIP-SAMv2/data/MAS3K/extracted/MAS3K/img/Grouper_1748.jpg,Grouper_1748.jpg,Grouper,13,There is a grouper hidden in the natural background.,original,Grouper,14,/home/woojye2020/decs_jupyter_lab/MedCLIP-SAMv2/data/MAS3K/extracted/MAS3K/img/Grouper_1748.jpg,
/home/woojye2020/decs_jupyter_lab/MedCLIP-SAMv2/data/MAS3K/extracted/MAS3K/img/Grouper_1749.jpg,Grouper_1749.jpg,Grouper,13,There is a grouper hidden in the natural background.,original,Grouper,14,/home/woojye2020/decs_jupyter_lab/MedCLIP-SAMv2/data/MAS3K/extracted/MAS3K/img/Grouper_1749.jpg,
/home/woojye2020/decs_jupyter_lab/MedCLIP-SAMv2/data/MAS3K/extracted/MAS3K/img/Grouper_1750.jpg,Grouper_1750.jpg,Grouper,13,There is a grouper hidden in the natural background.,original,Grouper,14,/home/woojye2020/decs_jupyter_lab/MedCLIP-SAMv2/data/MAS3K/extracted/MAS3K/img/Grouper_1750.jpg,
/home/woojye2020/decs_jupyter_lab/MedCLIP-SAMv2/data/MAS3K/extracted/MAS3K/img/Grouper_1757.jpg,Grouper_1757.jpg,Grouper,13,There is a grouper hidden in the natural background.,original,Grouper,14,/home/woojye2020/decs_jupyter_lab/MedCLIP-SAMv2/data/MAS3K/extracted/MAS3K/img/Grouper_1757.jpg,
/home/woojye2020/decs_jupyter_lab/MedCLIP-SAMv2/data/MAS3K/extracted/MAS3K/img/Grouper_1764.jpg,Grouper_1764.jpg,Grouper,13,There is a grouper hidden in the natural background.,original,Grouper,14,/home/woojye2020/decs_jupyter_lab/MedCLIP-SAMv2/data/MAS3K/extracted/MAS3K/img/Grouper_1764.jpg,
/home/woojye2020/decs_jupyter_lab/MedCLIP-SAMv2/data/MAS3K/extracted/MAS3K/img/Grouper_1771.jpg,Grouper_1771.jpg,Grouper,13,There is a grouper hidden in the natural background.,original,Grouper,14,/home/woojye2020/decs_jupyter_lab/MedCLIP-SAMv2/data/MAS3K/extracted/MAS3K/img/Grouper_1771.jpg,
/home/woojye2020/decs_jupyter_lab/MedCLIP-SAMv2/data/MAS3K/extracted/MAS3K/img/Grouper_1784.jpg,Grouper_1784.jpg,Grouper,13,There is a grouper hidden in the natural background.,original,Grouper,14,/home/woojye2020/decs_jupyter_lab/MedCLIP-SAMv2/data/MAS3K/extracted/MAS3K/img/Grouper_1784.jpg,
/home/woojye2020/decs_jupyter_lab/MedCLIP-SAMv2/data/MAS3K/extracted/MAS3K/img/Grouper_1789.jpg,Grouper_1789.jpg,Grouper,13,There is a grouper hidden in the natural background.,original,Grouper,14,/home/woojye2020/decs_jupyter_lab/MedCLIP-SAMv2/data/MAS3K/extracted/MAS3K/img/Grouper_1789.jpg,
/home/woojye2020/decs_jupyter_lab/MedCLIP-SAMv2/data/MAS3K/extracted/MAS3K/img/Grouper_1790.jpg,Grouper_1790.jpg,Grouper,13,There is a grouper hidden in the natural background.,original,Grouper,14,/home/woojye2020/decs_jupyter_lab/MedCLIP-SAMv2/data/MAS3K/extracted/MAS3K/img/Grouper_1790.jpg,
/home/woojye2020/decs_jupyter_lab/MedCLIP-SAMv2/data/MAS3K/extracted/MAS3K/img/Grouper_1795.jpg,Grouper_1795.jpg,Grouper,13,There is a grouper hidden in the natural background.,original,Grouper,14,/home/woojye2020/decs_jupyter_lab/MedCLIP-SAMv2/data/MAS3K/extracted/MAS3K/img/Grouper_1795.jpg,
/home/woojye2020/decs_jupyter_lab/MedCLIP-SAMv2/data/MAS3K/extracted/MAS3K/img/Grouper_1811.jpg,Grouper_1811.jpg,Grouper,13,There is a grouper hidden in the natural background.,original,Grouper,14,/home/woojye2020/decs_jupyter_lab/MedCLIP-SAMv2/data/MAS3K/extracted/MAS3K/img/Grouper_1811.jpg,
/home/woojye2020/decs_jupyter_lab/MedCLIP-SAMv2/data/MAS3K/extracted/MAS3K/img/Grouper_1815.jpg,Grouper_1815.jpg,Grouper,13,There is a grouper hidden in the natural background.,original,Grouper,14,/home/woojye2020/decs_jupyter_lab/MedCLIP-SAMv2/data/MAS3K/extracted/MAS3K/img/Grouper_1815.jpg,
/home/woojye2020/decs_jupyter_lab/MedCLIP-SAMv2/data/MAS3K/extracted/MAS3K/img/Grouper_1821.jpg,Grouper_1821.jpg,Grouper,13,There is a grouper hidden in the natural background.,original,Grouper,14,/home/woojye2020/decs_jupyter_lab/MedCLIP-SAMv2/data/MAS3K/extracted/MAS3K/img/Grouper_1821.jpg,
/home/woojye2020/decs_jupyter_lab/MedCLIP-SAMv2/data/MAS3K/extracted/MAS3K/img/Grouper_1823.jpg,Grouper_1823.jpg,Grouper,13,There is a grouper hidden in the natural background.,original,Grouper,14,/home/woojye2020/decs_jupyter_lab/MedCLIP-SAMv2/data/MAS3K/extracted/MAS3K/img/Grouper_1823.jpg,
/home/woojye2020/decs_jupyter_lab/MedCLIP-SAMv2/data/MAS3K/extracted/MAS3K/img/Grouper_1831.jpg,Grouper_1831.jpg,Grouper,13,There is a grouper hidden in the natural background.,original,Grouper,14,/home/woojye2020/decs_jupyter_lab/MedCLIP-SAMv2/data/MAS3K/extracted/MAS3K/img/Grouper_1831.jpg,
/home/woojye2020/decs_jupyter_lab/MedCLIP-SAMv2/data/MAS3K/extracted/MAS3K/img/Grouper_1843.jpg,Grouper_1843.jpg,Grouper,13,There is a grouper hidden in the natural background.,original,Grouper,14,/home/woojye2020/decs_jupyter_lab/MedCLIP-SAMv2/data/MAS3K/extracted/MAS3K/img/Grouper_1843.jpg,
/home/woojye2020/decs_jupyter_lab/MedCLIP-SAMv2/data/MAS3K/extracted/MAS3K/img/Grouper_1845.jpg,Grouper_1845.jpg,Grouper,13,There is a grouper hidden in the natural background.,original,Grouper,14,/home/woojye2020/decs_jupyter_lab/MedCLIP-SAMv2/data/MAS3K/extracted/MAS3K/img/Grouper_1845.jpg,
/home/woojye2020/decs_jupyter_lab/MedCLIP-SAMv2/data/MAS3K/extracted/MAS3K/img/Grouper_1847.jpg,Grouper_1847.jpg,Grouper,13,There is a grouper hidden in the natural background.,original,Grouper,14,/home/woojye2020/decs_jupyter_lab/MedCLIP-SAMv2/data/MAS3K/extracted/MAS3K/img/Grouper_1847.jpg,
/home/woojye2020/decs_jupyter_lab/MedCLIP-SAMv2/data/MAS3K/extracted/MAS3K/img/Grouper_1849.jpg,Grouper_1849.jpg,Grouper,13,There is a grouper hidden in the natural background.,original,Grouper,14,/home/woojye2020/decs_jupyter_lab/MedCLIP-SAMv2/data/MAS3K/extracted/MAS3K/img/Grouper_1849.jpg,
/home/woojye2020/decs_jupyter_lab/MedCLIP-SAMv2/data/MAS3K/extracted/MAS3K/img/Grouper_1850.jpg,Grouper_1850.jpg,Grouper,13,There is a grouper hidden in the natural background.,original,Grouper,14,/home/woojye2020/decs_jupyter_lab/MedCLIP-SAMv2/data/MAS3K/extracted/MAS3K/img/Grouper_1850.jpg,
/home/woojye2020/decs_jupyter_lab/MedCLIP-SAMv2/data/MAS3K/extracted/MAS3K/img/Grouper_1851.jpg,Grouper_1851.jpg,Grouper,13,There is a grouper hidden in the natural background.,original,Grouper,14,/home/woojye2020/decs_jupyter_lab/MedCLIP-SAMv2/data/MAS3K/extracted/MAS3K/img/Grouper_1851.jpg,
/home/woojye2020/decs_jupyter_lab/MedCLIP-SAMv2/data/MAS3K/extracted/MAS3K/img/Grouper_1861.jpg,Grouper_1861.jpg,Grouper,13,There is a grouper hidden in the natural background.,original,Grouper,14,/home/woojye2020/decs_jupyter_lab/MedCLIP-SAMv2/data/MAS3K/extracted/MAS3K/img/Grouper_1861.jpg,
/home/woojye2020/decs_jupyter_lab/MedCLIP-SAMv2/data/MAS3K/extracted/MAS3K/img/Grouper_1863.jpg,Grouper_1863.jpg,Grouper,13,There is a grouper hidden in the natural background.,original,Grouper,14,/home/woojye2020/decs_jupyter_lab/MedCLIP-SAMv2/data/MAS3K/extracted/MAS3K/img/Grouper_1863.jpg,
/home/woojye2020/decs_jupyter_lab/MedCLIP-SAMv2/data/MAS3K/extracted/MAS3K/img/Grouper_1867.jpg,Grouper_1867.jpg,Grouper,13,There is a grouper hidden in the natural background.,original,Grouper,14,/home/woojye2020/decs_jupyter_lab/MedCLIP-SAMv2/data/MAS3K/extracted/MAS3K/img/Grouper_1867.jpg,
/home/woojye2020/decs_jupyter_lab/MedCLIP-SAMv2/data/MAS3K/extracted/MAS3K/img/Grouper_1868.jpg,Grouper_1868.jpg,Grouper,13,There is a grouper hidden in the natural background.,original,Grouper,14,/home/woojye2020/decs_jupyter_lab/MedCLIP-SAMv2/data/MAS3K/extracted/MAS3K/img/Grouper_1868.jpg,
/home/woojye2020/decs_jupyter_lab/MedCLIP-SAMv2/data/MAS3K/extracted/MAS3K/img/Grouper_1869.jpg,Grouper_1869.jpg,Grouper,13,There is a grouper hidden in the natural background.,original,Grouper,14,/home/woojye2020/decs_jupyter_lab/MedCLIP-SAMv2/data/MAS3K/extracted/MAS3K/img/Grouper_1869.jpg,
/home/woojye2020/decs_jupyter_lab/MedCLIP-SAMv2/data/MAS3K/extracted/MAS3K/img/Grouper_1873.jpg,Grouper_1873.jpg,Grouper,13,There is a grouper hidden in the natural background.,original,Grouper,14,/home/woojye2020/decs_jupyter_lab/MedCLIP-SAMv2/data/MAS3K/extracted/MAS3K/img/Grouper_1873.jpg,
/home/woojye2020/decs_jupyter_lab/MedCLIP-SAMv2/data/MAS3K/extracted/MAS3K/img/Grouper_1876.jpg,Grouper_1876.jpg,Grouper,13,There is a grouper hidden in the natural background.,original,Grouper,14,/home/woojye2020/decs_jupyter_lab/MedCLIP-SAMv2/data/MAS3K/extracted/MAS3K/img/Grouper_1876.jpg,
/home/woojye2020/decs_jupyter_lab/MedCLIP-SAMv2/data/MAS3K/extracted/MAS3K/img/Grouper_1879.jpg,Grouper_1879.jpg,Grouper,13,There is a grouper hidden in the natural background.,original,Grouper,14,/home/woojye2020/decs_jupyter_lab/MedCLIP-SAMv2/data/MAS3K/extracted/MAS3K/img/Grouper_1879.jpg,
/home/woojye2020/decs_jupyter_lab/MedCLIP-SAMv2/data/MAS3K/extracted/MAS3K/img/Grouper_1893.jpg,Grouper_1893.jpg,Grouper,13,There is a grouper hidden in the natural background.,original,Grouper,14,/home/woojye2020/decs_jupyter_lab/MedCLIP-SAMv2/data/MAS3K/extracted/MAS3K/img/Grouper_1893.jpg,
/home/woojye2020/decs_jupyter_lab/MedCLIP-SAMv2/data/MAS3K/extracted/MAS3K/img/Grouper_1897.jpg,Grouper_1897.jpg,Grouper,13,There is a grouper hidden in the natural background.,original,Grouper,14,/home/woojye2020/decs_jupyter_lab/MedCLIP-SAMv2/data/MAS3K/extracted/MAS3K/img/Grouper_1897.jpg,
/home/woojye2020/decs_jupyter_lab/MedCLIP-SAMv2/data/MAS3K/extracted/MAS3K/img/Grouper_1902.jpg,Grouper_1902.jpg,Grouper,13,There is a grouper hidden in the natural background.,original,Grouper,14,/home/woojye2020/decs_jupyter_lab/MedCLIP-SAMv2/data/MAS3K/extracted/MAS3K/img/Grouper_1902.jpg,
/home/woojye2020/decs_jupyter_lab/MedCLIP-SAMv2/data/MAS3K/extracted/MAS3K/img/Grouper_1903.jpg,Grouper_1903.jpg,Grouper,13,There is a grouper hidden in the natural background.,original,Grouper,14,/home/woojye2020/decs_jupyter_lab/MedCLIP-SAMv2/data/MAS3K/extracted/MAS3K/img/Grouper_1903.jpg,
/home/woojye2020/decs_jupyter_lab/MedCLIP-SAMv2/data/MAS3K/extracted/MAS3K/img/Grouper_1904.jpg,Grouper_1904.jpg,Grouper,13,There is a grouper hidden in the natural background.,original,Grouper,14,/home/woojye2020/decs_jupyter_lab/MedCLIP-SAMv2/data/MAS3K/extracted/MAS3K/img/Grouper_1904.jpg,
/home/woojye2020/decs_jupyter_lab/MedCLIP-SAMv2/data/MAS3K/extracted/MAS3K/img/Grouper_1916.jpg,Grouper_1916.jpg,Grouper,13,There is a grouper hidden in the natural background.,original,Grouper,14,/home/woojye2020/decs_jupyter_lab/MedCLIP-SAMv2/data/MAS3K/extracted/MAS3K/img/Grouper_1916.jpg,
/home/woojye2020/decs_jupyter_lab/MedCLIP-SAMv2/data/MAS3K/extracted/MAS3K/img/Grouper_1918.jpg,Grouper_1918.jpg,Grouper,13,There is a grouper hidden in the natural background.,original,Grouper,14,/home/woojye2020/decs_jupyter_lab/MedCLIP-SAMv2/data/MAS3K/extracted/MAS3K/img/Grouper_1918.jpg,
/home/woojye2020/decs_jupyter_lab/MedCLIP-SAMv2/data/MAS3K/extracted/MAS3K/img/Grouper_1923.jpg,Grouper_1923.jpg,Grouper,13,There is a grouper hidden in the natural background.,original,Grouper,14,/home/woojye2020/decs_jupyter_lab/MedCLIP-SAMv2/data/MAS3K/extracted/MAS3K/img/Grouper_1923.jpg,
/home/woojye2020/decs_jupyter_lab/MedCLIP-SAMv2/data/MAS3K/extracted/MAS3K/img/Grouper_1925.jpg,Grouper_1925.jpg,Grouper,13,There is a grouper hidden in the natural background.,original,Grouper,14,/home/woojye2020/decs_jupyter_lab/MedCLIP-SAMv2/data/MAS3K/extracted/MAS3K/img/Grouper_1925.jpg,
/home/woojye2020/decs_jupyter_lab/MedCLIP-SAMv2/data/MAS3K/extracted/MAS3K/img/Grouper_1927.jpg,Grouper_1927.jpg,Grouper,13,There is a grouper hidden in the natural background.,original,Grouper,14,/home/woojye2020/decs_jupyter_lab/MedCLIP-SAMv2/data/MAS3K/extracted/MAS3K/img/Grouper_1927.jpg,
/home/woojye2020/decs_jupyter_lab/MedCLIP-SAMv2/data/MAS3K/extracted/MAS3K/img/Grouper_1929.jpg,Grouper_1929.jpg,Grouper,13,There is a grouper hidden in the natural background.,original,Grouper,14,/home/woojye2020/decs_jupyter_lab/MedCLIP-SAMv2/data/MAS3K/extracted/MAS3K/img/Grouper_1929.jpg,
/home/woojye2020/decs_jupyter_lab/MedCLIP-SAMv2/data/MAS3K/extracted/MAS3K/img/Grouper_1939.jpg,Grouper_1939.jpg,Grouper,13,There is a grouper hidden in the natural background.,original,Grouper,14,/home/woojye2020/decs_jupyter_lab/MedCLIP-SAMv2/data/MAS3K/extracted/MAS3K/img/Grouper_1939.jpg,
/home/woojye2020/decs_jupyter_lab/MedCLIP-SAMv2/data/MAS3K/extracted/MAS3K/img/Grouper_1942.jpg,Grouper_1942.jpg,Grouper,13,There is a grouper hidden in the natural background.,original,Grouper,14,/home/woojye2020/decs_jupyter_lab/MedCLIP-SAMv2/data/MAS3K/extracted/MAS3K/img/Grouper_1942.jpg,
/home/woojye2020/decs_jupyter_lab/MedCLIP-SAMv2/data/MAS3K/extracted/MAS3K/img/JellyFish_309.jpg,JellyFish_309.jpg,JellyFish,14,There is a jellyfish hidden in the natural background.,original,JellyFish,15,/home/woojye2020/decs_jupyter_lab/MedCLIP-SAMv2/data/MAS3K/extracted/MAS3K/img/JellyFish_309.jpg,
/home/woojye2020/decs_jupyter_lab/MedCLIP-SAMv2/data/MAS3K/extracted/MAS3K/img/JellyFish_312.jpg,JellyFish_312.jpg,JellyFish,14,There is a jellyfish hidden in the natural background.,original,JellyFish,15,/home/woojye2020/decs_jupyter_lab/MedCLIP-SAMv2/data/MAS3K/extracted/MAS3K/img/JellyFish_312.jpg,
/home/woojye2020/decs_jupyter_lab/MedCLIP-SAMv2/data/MAS3K/extracted/MAS3K/img/JellyFish_315.jpg,JellyFish_315.jpg,JellyFish,14,There is a jellyfish hidden in the natural background.,original,JellyFish,15,/home/woojye2020/decs_jupyter_lab/MedCLIP-SAMv2/data/MAS3K/extracted/MAS3K/img/JellyFish_315.jpg,
/home/woojye2020/decs_jupyter_lab/MedCLIP-SAMv2/data/MAS3K/extracted/MAS3K/img/JellyFish_317.jpg,JellyFish_317.jpg,JellyFish,14,There is a jellyfish hidden in the natural background.,original,JellyFish,15,/home/woojye2020/decs_jupyter_lab/MedCLIP-SAMv2/data/MAS3K/extracted/MAS3K/img/JellyFish_317.jpg,
/home/woojye2020/decs_jupyter_lab/MedCLIP-SAMv2/data/MAS3K/extracted/MAS3K/img/JellyFish_319.jpg,JellyFish_319.jpg,JellyFish,14,There is a jellyfish hidden in the natural background.,original,JellyFish,15,/home/woojye2020/decs_jupyter_lab/MedCLIP-SAMv2/data/MAS3K/extracted/MAS3K/img/JellyFish_319.jpg,
/home/woojye2020/decs_jupyter_lab/MedCLIP-SAMv2/data/MAS3K/extracted/MAS3K/img/JellyFish_321.jpg,JellyFish_321.jpg,JellyFish,14,There is a jellyfish hidden in the natural background.,original,JellyFish,15,/home/woojye2020/decs_jupyter_lab/MedCLIP-SAMv2/data/MAS3K/extracted/MAS3K/img/JellyFish_321.jpg,
/home/woojye2020/decs_jupyter_lab/MedCLIP-SAMv2/data/MAS3K/extracted/MAS3K/img/JellyFish_322.jpg,JellyFish_322.jpg,JellyFish,14,There is a jellyfish hidden in the natural background.,original,JellyFish,15,/home/woojye2020/decs_jupyter_lab/MedCLIP-SAMv2/data/MAS3K/extracted/MAS3K/img/JellyFish_322.jpg,
/home/woojye2020/decs_jupyter_lab/MedCLIP-SAMv2/data/MAS3K/extracted/MAS3K/img/JellyFish_325.jpg,JellyFish_325.jpg,JellyFish,14,There is a jellyfish hidden in the natural background.,original,JellyFish,15,/home/woojye2020/decs_jupyter_lab/MedCLIP-SAMv2/data/MAS3K/extracted/MAS3K/img/JellyFish_325.jpg,
/home/woojye2020/decs_jupyter_lab/MedCLIP-SAMv2/data/MAS3K/extracted/MAS3K/img/JellyFish_327.jpg,JellyFish_327.jpg,JellyFish,14,There is a jellyfish hidden in the natural background.,original,JellyFish,15,/home/woojye2020/decs_jupyter_lab/MedCLIP-SAMv2/data/MAS3K/extracted/MAS3K/img/JellyFish_327.jpg,
/home/woojye2020/decs_jupyter_lab/MedCLIP-SAMv2/data/MAS3K/extracted/MAS3K/img/JellyFish_328.jpg,JellyFish_328.jpg,JellyFish,14,There is a jellyfish hidden in the natural background.,original,JellyFish,15,/home/woojye2020/decs_jupyter_lab/MedCLIP-SAMv2/data/MAS3K/extracted/MAS3K/img/JellyFish_328.jpg,
/home/woojye2020/decs_jupyter_lab/MedCLIP-SAMv2/data/MAS3K/extracted/MAS3K/img/JellyFish_331.jpg,JellyFish_331.jpg,JellyFish,14,There is a jellyfish hidden in the natural background.,original,JellyFish,15,/home/woojye2020/decs_jupyter_lab/MedCLIP-SAMv2/data/MAS3K/extracted/MAS3K/img/JellyFish_331.jpg,
/home/woojye2020/decs_jupyter_lab/MedCLIP-SAMv2/data/MAS3K/extracted/MAS3K/img/JellyFish_334.jpg,JellyFish_334.jpg,JellyFish,14,There is a jellyfish hidden in the natural background.,original,JellyFish,15,/home/woojye2020/decs_jupyter_lab/MedCLIP-SAMv2/data/MAS3K/extracted/MAS3K/img/JellyFish_334.jpg,
/home/woojye2020/decs_jupyter_lab/MedCLIP-SAMv2/data/MAS3K/extracted/MAS3K/img/JellyFish_335.jpg,JellyFish_335.jpg,JellyFish,14,There is a jellyfish hidden in the natural background.,original,JellyFish,15,/home/woojye2020/decs_jupyter_lab/MedCLIP-SAMv2/data/MAS3K/extracted/MAS3K/img/JellyFish_335.jpg,
/home/woojye2020/decs_jupyter_lab/MedCLIP-SAMv2/data/MAS3K/extracted/MAS3K/img/JellyFish_337.jpg,JellyFish_337.jpg,JellyFish,14,There is a jellyfish hidden in the natural background.,original,JellyFish,15,/home/woojye2020/decs_jupyter_lab/MedCLIP-SAMv2/data/MAS3K/extracted/MAS3K/img/JellyFish_337.jpg,
/home/woojye2020/decs_jupyter_lab/MedCLIP-SAMv2/data/MAS3K/extracted/MAS3K/img/JellyFish_339.jpg,JellyFish_339.jpg,JellyFish,14,There is a jellyfish hidden in the natural background.,original,JellyFish,15,/home/woojye2020/decs_jupyter_lab/MedCLIP-SAMv2/data/MAS3K/extracted/MAS3K/img/JellyFish_339.jpg,
/home/woojye2020/decs_jupyter_lab/MedCLIP-SAMv2/data/MAS3K/extracted/MAS3K/img/JellyFish_342.jpg,JellyFish_342.jpg,JellyFish,14,There is a jellyfish hidden in the natural background.,original,JellyFish,15,/home/woojye2020/decs_jupyter_lab/MedCLIP-SAMv2/data/MAS3K/extracted/MAS3K/img/JellyFish_342.jpg,
/home/woojye2020/decs_jupyter_lab/MedCLIP-SAMv2/data/MAS3K/extracted/MAS3K/img/JellyFish_343.jpg,JellyFish_343.jpg,JellyFish,14,There is a jellyfish hidden in the natural background.,original,JellyFish,15,/home/woojye2020/decs_jupyter_lab/MedCLIP-SAMv2/data/MAS3K/extracted/MAS3K/img/JellyFish_343.jpg,
/home/woojye2020/decs_jupyter_lab/MedCLIP-SAMv2/data/MAS3K/extracted/MAS3K/img/JellyFish_354.jpg,JellyFish_354.jpg,JellyFish,14,There is a jellyfish hidden in the natural background.,original,JellyFish,15,/home/woojye2020/decs_jupyter_lab/MedCLIP-SAMv2/data/MAS3K/extracted/MAS3K/img/JellyFish_354.jpg,
/home/woojye2020/decs_jupyter_lab/MedCLIP-SAMv2/data/MAS3K/extracted/MAS3K/img/LeafySeaDragon_1976.jpg,LeafySeaDragon_1976.jpg,LeafySeaDragon,15,There is a leafy seadragon hidden in the natural background.,original,LeafySeaDragon,16,/home/woojye2020/decs_jupyter_lab/MedCLIP-SAMv2/data/MAS3K/extracted/MAS3K/img/LeafySeaDragon_1976.jpg,
/home/woojye2020/decs_jupyter_lab/MedCLIP-SAMv2/data/MAS3K/extracted/MAS3K/img/LeafySeaDragon_1977.jpg,LeafySeaDragon_1977.jpg,LeafySeaDragon,15,There is a leafy seadragon hidden in the natural background.,original,LeafySeaDragon,16,/home/woojye2020/decs_jupyter_lab/MedCLIP-SAMv2/data/MAS3K/extracted/MAS3K/img/LeafySeaDragon_1977.jpg,
/home/woojye2020/decs_jupyter_lab/MedCLIP-SAMv2/data/MAS3K/extracted/MAS3K/img/LeafySeaDragon_1978.jpg,LeafySeaDragon_1978.jpg,LeafySeaDragon,15,There is a leafy seadragon hidden in the natural background.,original,LeafySeaDragon,16,/home/woojye2020/decs_jupyter_lab/MedCLIP-SAMv2/data/MAS3K/extracted/MAS3K/img/LeafySeaDragon_1978.jpg,
/home/woojye2020/decs_jupyter_lab/MedCLIP-SAMv2/data/MAS3K/extracted/MAS3K/img/MantaRay_2798.jpg,MantaRay_2798.jpg,MantaRay,16,There is a manta ray hidden in the natural background.,original,MantaRay,18,/home/woojye2020/decs_jupyter_lab/MedCLIP-SAMv2/data/MAS3K/extracted/MAS3K/img/MantaRay_2798.jpg,
/home/woojye2020/decs_jupyter_lab/MedCLIP-SAMv2/data/MAS3K/extracted/MAS3K/img/MantaRay_2799.jpg,MantaRay_2799.jpg,MantaRay,16,There is a manta ray hidden in the natural background.,original,MantaRay,18,/home/woojye2020/decs_jupyter_lab/MedCLIP-SAMv2/data/MAS3K/extracted/MAS3K/img/MantaRay_2799.jpg,
/home/woojye2020/decs_jupyter_lab/MedCLIP-SAMv2/data/MAS3K/extracted/MAS3K/img/MantaRay_2803.jpg,MantaRay_2803.jpg,MantaRay,16,There is a manta ray hidden in the natural background.,original,MantaRay,18,/home/woojye2020/decs_jupyter_lab/MedCLIP-SAMv2/data/MAS3K/extracted/MAS3K/img/MantaRay_2803.jpg,
/home/woojye2020/decs_jupyter_lab/MedCLIP-SAMv2/data/MAS3K/extracted/MAS3K/img/MantaRay_2804.jpg,MantaRay_2804.jpg,MantaRay,16,There is a manta ray hidden in the natural background.,original,MantaRay,18,/home/woojye2020/decs_jupyter_lab/MedCLIP-SAMv2/data/MAS3K/extracted/MAS3K/img/MantaRay_2804.jpg,
/home/woojye2020/decs_jupyter_lab/MedCLIP-SAMv2/data/MAS3K/extracted/MAS3K/img/MantaRay_2805.jpg,MantaRay_2805.jpg,MantaRay,16,There is a manta ray hidden in the natural background.,original,MantaRay,18,/home/woojye2020/decs_jupyter_lab/MedCLIP-SAMv2/data/MAS3K/extracted/MAS3K/img/MantaRay_2805.jpg,
/home/woojye2020/decs_jupyter_lab/MedCLIP-SAMv2/data/MAS3K/extracted/MAS3K/img/MantaRay_2809.jpg,MantaRay_2809.jpg,MantaRay,16,There is a manta ray hidden in the natural background.,original,MantaRay,18,/home/woojye2020/decs_jupyter_lab/MedCLIP-SAMv2/data/MAS3K/extracted/MAS3K/img/MantaRay_2809.jpg,
/home/woojye2020/decs_jupyter_lab/MedCLIP-SAMv2/data/MAS3K/extracted/MAS3K/img/MantaRay_2812.jpg,MantaRay_2812.jpg,MantaRay,16,There is a manta ray hidden in the natural background.,original,MantaRay,18,/home/woojye2020/decs_jupyter_lab/MedCLIP-SAMv2/data/MAS3K/extracted/MAS3K/img/MantaRay_2812.jpg,
/home/woojye2020/decs_jupyter_lab/MedCLIP-SAMv2/data/MAS3K/extracted/MAS3K/img/MorayEel_2843.jpg,MorayEel_2843.jpg,MorayEel,17,There is a moray eel hidden in the natural background.,original,MorayEel,19,/home/woojye2020/decs_jupyter_lab/MedCLIP-SAMv2/data/MAS3K/extracted/MAS3K/img/MorayEel_2843.jpg,
/home/woojye2020/decs_jupyter_lab/MedCLIP-SAMv2/data/MAS3K/extracted/MAS3K/img/MorayEel_2845.jpg,MorayEel_2845.jpg,MorayEel,17,There is a moray eel hidden in the natural background.,original,MorayEel,19,/home/woojye2020/decs_jupyter_lab/MedCLIP-SAMv2/data/MAS3K/extracted/MAS3K/img/MorayEel_2845.jpg,
/home/woojye2020/decs_jupyter_lab/MedCLIP-SAMv2/data/MAS3K/extracted/MAS3K/img/MorayEel_2846.jpg,MorayEel_2846.jpg,MorayEel,17,There is a moray eel hidden in the natural background.,original,MorayEel,19,/home/woojye2020/decs_jupyter_lab/MedCLIP-SAMv2/data/MAS3K/extracted/MAS3K/img/MorayEel_2846.jpg,
/home/woojye2020/decs_jupyter_lab/MedCLIP-SAMv2/data/MAS3K/extracted/MAS3K/img/MorayEel_2847.jpg,MorayEel_2847.jpg,MorayEel,17,There is a moray eel hidden in the natural background.,original,MorayEel,19,/home/woojye2020/decs_jupyter_lab/MedCLIP-SAMv2/data/MAS3K/extracted/MAS3K/img/MorayEel_2847.jpg,
/home/woojye2020/decs_jupyter_lab/MedCLIP-SAMv2/data/MAS3K/extracted/MAS3K/img/MorayEel_2858.jpg,MorayEel_2858.jpg,MorayEel,17,There is a moray eel hidden in the natural background.,original,MorayEel,19,/home/woojye2020/decs_jupyter_lab/MedCLIP-SAMv2/data/MAS3K/extracted/MAS3K/img/MorayEel_2858.jpg,
/home/woojye2020/decs_jupyter_lab/MedCLIP-SAMv2/data/MAS3K/extracted/MAS3K/img/MorayEel_2859.jpg,MorayEel_2859.jpg,MorayEel,17,There is a moray eel hidden in the natural background.,original,MorayEel,19,/home/woojye2020/decs_jupyter_lab/MedCLIP-SAMv2/data/MAS3K/extracted/MAS3K/img/MorayEel_2859.jpg,
/home/woojye2020/decs_jupyter_lab/MedCLIP-SAMv2/data/MAS3K/extracted/MAS3K/img/MorayEel_2860.jpg,MorayEel_2860.jpg,MorayEel,17,There is a moray eel hidden in the natural background.,original,MorayEel,19,/home/woojye2020/decs_jupyter_lab/MedCLIP-SAMv2/data/MAS3K/extracted/MAS3K/img/MorayEel_2860.jpg,
/home/woojye2020/decs_jupyter_lab/MedCLIP-SAMv2/data/MAS3K/extracted/MAS3K/img/MorayEel_2861.jpg,MorayEel_2861.jpg,MorayEel,17,There is a moray eel hidden in the natural background.,original,MorayEel,19,/home/woojye2020/decs_jupyter_lab/MedCLIP-SAMv2/data/MAS3K/extracted/MAS3K/img/MorayEel_2861.jpg,
/home/woojye2020/decs_jupyter_lab/MedCLIP-SAMv2/data/MAS3K/extracted/MAS3K/img/Octopus_107.jpg,Octopus_107.jpg,Octopus,18,There is a octopus hidden in the natural background.,original,Octopus,20,/home/woojye2020/decs_jupyter_lab/MedCLIP-SAMv2/data/MAS3K/extracted/MAS3K/img/Octopus_107.jpg,
/home/woojye2020/decs_jupyter_lab/MedCLIP-SAMv2/data/MAS3K/extracted/MAS3K/img/Octopus_109.jpg,Octopus_109.jpg,Octopus,18,There is a octopus hidden in the natural background.,original,Octopus,20,/home/woojye2020/decs_jupyter_lab/MedCLIP-SAMv2/data/MAS3K/extracted/MAS3K/img/Octopus_109.jpg,
/home/woojye2020/decs_jupyter_lab/MedCLIP-SAMv2/data/MAS3K/extracted/MAS3K/img/Octopus_113.jpg,Octopus_113.jpg,Octopus,18,There is a octopus hidden in the natural background.,original,Octopus,20,/home/woojye2020/decs_jupyter_lab/MedCLIP-SAMv2/data/MAS3K/extracted/MAS3K/img/Octopus_113.jpg,
/home/woojye2020/decs_jupyter_lab/MedCLIP-SAMv2/data/MAS3K/extracted/MAS3K/img/Octopus_117.jpg,Octopus_117.jpg,Octopus,18,There is a octopus hidden in the natural background.,original,Octopus,20,/home/woojye2020/decs_jupyter_lab/MedCLIP-SAMv2/data/MAS3K/extracted/MAS3K/img/Octopus_117.jpg,
/home/woojye2020/decs_jupyter_lab/MedCLIP-SAMv2/data/MAS3K/extracted/MAS3K/img/Octopus_123.jpg,Octopus_123.jpg,Octopus,18,There is a octopus hidden in the natural background.,original,Octopus,20,/home/woojye2020/decs_jupyter_lab/MedCLIP-SAMv2/data/MAS3K/extracted/MAS3K/img/Octopus_123.jpg,
/home/woojye2020/decs_jupyter_lab/MedCLIP-SAMv2/data/MAS3K/extracted/MAS3K/img/Octopus_128.jpg,Octopus_128.jpg,Octopus,18,There is a octopus hidden in the natural background.,original,Octopus,20,/home/woojye2020/decs_jupyter_lab/MedCLIP-SAMv2/data/MAS3K/extracted/MAS3K/img/Octopus_128.jpg,
/home/woojye2020/decs_jupyter_lab/MedCLIP-SAMv2/data/MAS3K/extracted/MAS3K/img/Octopus_136.jpg,Octopus_136.jpg,Octopus,18,There is a octopus hidden in the natural background.,original,Octopus,20,/home/woojye2020/decs_jupyter_lab/MedCLIP-SAMv2/data/MAS3K/extracted/MAS3K/img/Octopus_136.jpg,
/home/woojye2020/decs_jupyter_lab/MedCLIP-SAMv2/data/MAS3K/extracted/MAS3K/img/Octopus_143.jpg,Octopus_143.jpg,Octopus,18,There is a octopus hidden in the natural background.,original,Octopus,20,/home/woojye2020/decs_jupyter_lab/MedCLIP-SAMv2/data/MAS3K/extracted/MAS3K/img/Octopus_143.jpg,
/home/woojye2020/decs_jupyter_lab/MedCLIP-SAMv2/data/MAS3K/extracted/MAS3K/img/Octopus_145.jpg,Octopus_145.jpg,Octopus,18,There is a octopus hidden in the natural background.,original,Octopus,20,/home/woojye2020/decs_jupyter_lab/MedCLIP-SAMv2/data/MAS3K/extracted/MAS3K/img/Octopus_145.jpg,
/home/woojye2020/decs_jupyter_lab/MedCLIP-SAMv2/data/MAS3K/extracted/MAS3K/img/Octopus_146.jpg,Octopus_146.jpg,Octopus,18,There is a octopus hidden in the natural background.,original,Octopus,20,/home/woojye2020/decs_jupyter_lab/MedCLIP-SAMv2/data/MAS3K/extracted/MAS3K/img/Octopus_146.jpg,
/home/woojye2020/decs_jupyter_lab/MedCLIP-SAMv2/data/MAS3K/extracted/MAS3K/img/Octopus_149.jpg,Octopus_149.jpg,Octopus,18,There is a octopus hidden in the natural background.,original,Octopus,20,/home/woojye2020/decs_jupyter_lab/MedCLIP-SAMv2/data/MAS3K/extracted/MAS3K/img/Octopus_149.jpg,
/home/woojye2020/decs_jupyter_lab/MedCLIP-SAMv2/data/MAS3K/extracted/MAS3K/img/Octopus_166.jpg,Octopus_166.jpg,Octopus,18,There is a octopus hidden in the natural background.,original,Octopus,20,/home/woojye2020/decs_jupyter_lab/MedCLIP-SAMv2/data/MAS3K/extracted/MAS3K/img/Octopus_166.jpg,
/home/woojye2020/decs_jupyter_lab/MedCLIP-SAMv2/data/MAS3K/extracted/MAS3K/img/Octopus_169.jpg,Octopus_169.jpg,Octopus,18,There is a octopus hidden in the natural background.,original,Octopus,20,/home/woojye2020/decs_jupyter_lab/MedCLIP-SAMv2/data/MAS3K/extracted/MAS3K/img/Octopus_169.jpg,
/home/woojye2020/decs_jupyter_lab/MedCLIP-SAMv2/data/MAS3K/extracted/MAS3K/img/Octopus_171.jpg,Octopus_171.jpg,Octopus,18,There is a octopus hidden in the natural background.,original,Octopus,20,/home/woojye2020/decs_jupyter_lab/MedCLIP-SAMv2/data/MAS3K/extracted/MAS3K/img/Octopus_171.jpg,
/home/woojye2020/decs_jupyter_lab/MedCLIP-SAMv2/data/MAS3K/extracted/MAS3K/img/Octopus_175.jpg,Octopus_175.jpg,Octopus,18,There is a octopus hidden in the natural background.,original,Octopus,20,/home/woojye2020/decs_jupyter_lab/MedCLIP-SAMv2/data/MAS3K/extracted/MAS3K/img/Octopus_175.jpg,
/home/woojye2020/decs_jupyter_lab/MedCLIP-SAMv2/data/MAS3K/extracted/MAS3K/img/Octopus_178.jpg,Octopus_178.jpg,Octopus,18,There is a octopus hidden in the natural background.,original,Octopus,20,/home/woojye2020/decs_jupyter_lab/MedCLIP-SAMv2/data/MAS3K/extracted/MAS3K/img/Octopus_178.jpg,
/home/woojye2020/decs_jupyter_lab/MedCLIP-SAMv2/data/MAS3K/extracted/MAS3K/img/Octopus_182.jpg,Octopus_182.jpg,Octopus,18,There is a octopus hidden in the natural background.,original,Octopus,20,/home/woojye2020/decs_jupyter_lab/MedCLIP-SAMv2/data/MAS3K/extracted/MAS3K/img/Octopus_182.jpg,
/home/woojye2020/decs_jupyter_lab/MedCLIP-SAMv2/data/MAS3K/extracted/MAS3K/img/Pagurian_489.jpg,Pagurian_489.jpg,Pagurian,19,There is a pagurian hidden in the natural background.,original,Pagurian,21,/home/woojye2020/decs_jupyter_lab/MedCLIP-SAMv2/data/MAS3K/extracted/MAS3K/img/Pagurian_489.jpg,
/home/woojye2020/decs_jupyter_lab/MedCLIP-SAMv2/data/MAS3K/extracted/MAS3K/img/PipeFish_2111.jpg,PipeFish_2111.jpg,PipeFish,20,There is a pipefish hidden in the natural background.,original,PipeFish,22,/home/woojye2020/decs_jupyter_lab/MedCLIP-SAMv2/data/MAS3K/extracted/MAS3K/img/PipeFish_2111.jpg,
/home/woojye2020/decs_jupyter_lab/MedCLIP-SAMv2/data/MAS3K/extracted/MAS3K/img/PipeFish_2116.jpg,PipeFish_2116.jpg,PipeFish,20,There is a pipefish hidden in the natural background.,original,PipeFish,22,/home/woojye2020/decs_jupyter_lab/MedCLIP-SAMv2/data/MAS3K/extracted/MAS3K/img/PipeFish_2116.jpg,
/home/woojye2020/decs_jupyter_lab/MedCLIP-SAMv2/data/MAS3K/extracted/MAS3K/img/PipeFish_2118.jpg,PipeFish_2118.jpg,PipeFish,20,There is a pipefish hidden in the natural background.,original,PipeFish,22,/home/woojye2020/decs_jupyter_lab/MedCLIP-SAMv2/data/MAS3K/extracted/MAS3K/img/PipeFish_2118.jpg,
/home/woojye2020/decs_jupyter_lab/MedCLIP-SAMv2/data/MAS3K/extracted/MAS3K/img/PipeFish_2127.jpg,PipeFish_2127.jpg,PipeFish,20,There is a pipefish hidden in the natural background.,original,PipeFish,22,/home/woojye2020/decs_jupyter_lab/MedCLIP-SAMv2/data/MAS3K/extracted/MAS3K/img/PipeFish_2127.jpg,
/home/woojye2020/decs_jupyter_lab/MedCLIP-SAMv2/data/MAS3K/extracted/MAS3K/img/PipeFish_2131.jpg,PipeFish_2131.jpg,PipeFish,20,There is a pipefish hidden in the natural background.,original,PipeFish,22,/home/woojye2020/decs_jupyter_lab/MedCLIP-SAMv2/data/MAS3K/extracted/MAS3K/img/PipeFish_2131.jpg,
/home/woojye2020/decs_jupyter_lab/MedCLIP-SAMv2/data/MAS3K/extracted/MAS3K/img/PipeFish_2132.jpg,PipeFish_2132.jpg,PipeFish,20,There is a pipefish hidden in the natural background.,original,PipeFish,22,/home/woojye2020/decs_jupyter_lab/MedCLIP-SAMv2/data/MAS3K/extracted/MAS3K/img/PipeFish_2132.jpg,
/home/woojye2020/decs_jupyter_lab/MedCLIP-SAMv2/data/MAS3K/extracted/MAS3K/img/PipeFish_2138.jpg,PipeFish_2138.jpg,PipeFish,20,There is a pipefish hidden in the natural background.,original,PipeFish,22,/home/woojye2020/decs_jupyter_lab/MedCLIP-SAMv2/data/MAS3K/extracted/MAS3K/img/PipeFish_2138.jpg,
/home/woojye2020/decs_jupyter_lab/MedCLIP-SAMv2/data/MAS3K/extracted/MAS3K/img/PipeFish_2140.jpg,PipeFish_2140.jpg,PipeFish,20,There is a pipefish hidden in the natural background.,original,PipeFish,22,/home/woojye2020/decs_jupyter_lab/MedCLIP-SAMv2/data/MAS3K/extracted/MAS3K/img/PipeFish_2140.jpg,
/home/woojye2020/decs_jupyter_lab/MedCLIP-SAMv2/data/MAS3K/extracted/MAS3K/img/PipeFish_2148.jpg,PipeFish_2148.jpg,PipeFish,20,There is a pipefish hidden in the natural background.,original,PipeFish,22,/home/woojye2020/decs_jupyter_lab/MedCLIP-SAMv2/data/MAS3K/extracted/MAS3K/img/PipeFish_2148.jpg,
/home/woojye2020/decs_jupyter_lab/MedCLIP-SAMv2/data/MAS3K/extracted/MAS3K/img/PipeFish_2149.jpg,PipeFish_2149.jpg,PipeFish,20,There is a pipefish hidden in the natural background.,original,PipeFish,22,/home/woojye2020/decs_jupyter_lab/MedCLIP-SAMv2/data/MAS3K/extracted/MAS3K/img/PipeFish_2149.jpg,
/home/woojye2020/decs_jupyter_lab/MedCLIP-SAMv2/data/MAS3K/extracted/MAS3K/img/PipeFish_2150.jpg,PipeFish_2150.jpg,PipeFish,20,There is a pipefish hidden in the natural background.,original,PipeFish,22,/home/woojye2020/decs_jupyter_lab/MedCLIP-SAMv2/data/MAS3K/extracted/MAS3K/img/PipeFish_2150.jpg,
/home/woojye2020/decs_jupyter_lab/MedCLIP-SAMv2/data/MAS3K/extracted/MAS3K/img/PipeFish_2151.jpg,PipeFish_2151.jpg,PipeFish,20,There is a pipefish hidden in the natural background.,original,PipeFish,22,/home/woojye2020/decs_jupyter_lab/MedCLIP-SAMv2/data/MAS3K/extracted/MAS3K/img/PipeFish_2151.jpg,
/home/woojye2020/decs_jupyter_lab/MedCLIP-SAMv2/data/MAS3K/extracted/MAS3K/img/PipeFish_2152.jpg,PipeFish_2152.jpg,PipeFish,20,There is a pipefish hidden in the natural background.,original,PipeFish,22,/home/woojye2020/decs_jupyter_lab/MedCLIP-SAMv2/data/MAS3K/extracted/MAS3K/img/PipeFish_2152.jpg,
/home/woojye2020/decs_jupyter_lab/MedCLIP-SAMv2/data/MAS3K/extracted/MAS3K/img/PipeFish_2153.jpg,PipeFish_2153.jpg,PipeFish,20,There is a pipefish hidden in the natural background.,original,PipeFish,22,/home/woojye2020/decs_jupyter_lab/MedCLIP-SAMv2/data/MAS3K/extracted/MAS3K/img/PipeFish_2153.jpg,
/home/woojye2020/decs_jupyter_lab/MedCLIP-SAMv2/data/MAS3K/extracted/MAS3K/img/PipeFish_2165.jpg,PipeFish_2165.jpg,PipeFish,20,There is a pipefish hidden in the natural background.,original,PipeFish,22,/home/woojye2020/decs_jupyter_lab/MedCLIP-SAMv2/data/MAS3K/extracted/MAS3K/img/PipeFish_2165.jpg,
/home/woojye2020/decs_jupyter_lab/MedCLIP-SAMv2/data/MAS3K/extracted/MAS3K/img/PipeFish_2166.jpg,PipeFish_2166.jpg,PipeFish,20,There is a pipefish hidden in the natural background.,original,PipeFish,22,/home/woojye2020/decs_jupyter_lab/MedCLIP-SAMv2/data/MAS3K/extracted/MAS3K/img/PipeFish_2166.jpg,
/home/woojye2020/decs_jupyter_lab/MedCLIP-SAMv2/data/MAS3K/extracted/MAS3K/img/PipeFish_2174.jpg,PipeFish_2174.jpg,PipeFish,20,There is a pipefish hidden in the natural background.,original,PipeFish,22,/home/woojye2020/decs_jupyter_lab/MedCLIP-SAMv2/data/MAS3K/extracted/MAS3K/img/PipeFish_2174.jpg,
/home/woojye2020/decs_jupyter_lab/MedCLIP-SAMv2/data/MAS3K/extracted/MAS3K/img/PipeFish_2178.jpg,PipeFish_2178.jpg,PipeFish,20,There is a pipefish hidden in the natural background.,original,PipeFish,22,/home/woojye2020/decs_jupyter_lab/MedCLIP-SAMv2/data/MAS3K/extracted/MAS3K/img/PipeFish_2178.jpg,
/home/woojye2020/decs_jupyter_lab/MedCLIP-SAMv2/data/MAS3K/extracted/MAS3K/img/PipeFish_2183.jpg,PipeFish_2183.jpg,PipeFish,20,There is a pipefish hidden in the natural background.,original,PipeFish,22,/home/woojye2020/decs_jupyter_lab/MedCLIP-SAMv2/data/MAS3K/extracted/MAS3K/img/PipeFish_2183.jpg,
/home/woojye2020/decs_jupyter_lab/MedCLIP-SAMv2/data/MAS3K/extracted/MAS3K/img/PipeFish_2188.jpg,PipeFish_2188.jpg,PipeFish,20,There is a pipefish hidden in the natural background.,original,PipeFish,22,/home/woojye2020/decs_jupyter_lab/MedCLIP-SAMv2/data/MAS3K/extracted/MAS3K/img/PipeFish_2188.jpg,
/home/woojye2020/decs_jupyter_lab/MedCLIP-SAMv2/data/MAS3K/extracted/MAS3K/img/PipeFish_2192.jpg,PipeFish_2192.jpg,PipeFish,20,There is a pipefish hidden in the natural background.,original,PipeFish,22,/home/woojye2020/decs_jupyter_lab/MedCLIP-SAMv2/data/MAS3K/extracted/MAS3K/img/PipeFish_2192.jpg,
/home/woojye2020/decs_jupyter_lab/MedCLIP-SAMv2/data/MAS3K/extracted/MAS3K/img/PipeFish_2199.jpg,PipeFish_2199.jpg,PipeFish,20,There is a pipefish hidden in the natural background.,original,PipeFish,22,/home/woojye2020/decs_jupyter_lab/MedCLIP-SAMv2/data/MAS3K/extracted/MAS3K/img/PipeFish_2199.jpg,
/home/woojye2020/decs_jupyter_lab/MedCLIP-SAMv2/data/MAS3K/extracted/MAS3K/img/PipeFish_2202.jpg,PipeFish_2202.jpg,PipeFish,20,There is a pipefish hidden in the natural background.,original,PipeFish,22,/home/woojye2020/decs_jupyter_lab/MedCLIP-SAMv2/data/MAS3K/extracted/MAS3K/img/PipeFish_2202.jpg,
/home/woojye2020/decs_jupyter_lab/MedCLIP-SAMv2/data/MAS3K/extracted/MAS3K/img/PipeFish_2212.jpg,PipeFish_2212.jpg,PipeFish,20,There is a pipefish hidden in the natural background.,original,PipeFish,22,/home/woojye2020/decs_jupyter_lab/MedCLIP-SAMv2/data/MAS3K/extracted/MAS3K/img/PipeFish_2212.jpg,
/home/woojye2020/decs_jupyter_lab/MedCLIP-SAMv2/data/MAS3K/extracted/MAS3K/img/PipeFish_2218.jpg,PipeFish_2218.jpg,PipeFish,20,There is a pipefish hidden in the natural background.,original,PipeFish,22,/home/woojye2020/decs_jupyter_lab/MedCLIP-SAMv2/data/MAS3K/extracted/MAS3K/img/PipeFish_2218.jpg,
/home/woojye2020/decs_jupyter_lab/MedCLIP-SAMv2/data/MAS3K/extracted/MAS3K/img/PipeFish_2219.jpg,PipeFish_2219.jpg,PipeFish,20,There is a pipefish hidden in the natural background.,original,PipeFish,22,/home/woojye2020/decs_jupyter_lab/MedCLIP-SAMv2/data/MAS3K/extracted/MAS3K/img/PipeFish_2219.jpg,
/home/woojye2020/decs_jupyter_lab/MedCLIP-SAMv2/data/MAS3K/extracted/MAS3K/img/PipeFish_2220.jpg,PipeFish_2220.jpg,PipeFish,20,There is a pipefish hidden in the natural background.,original,PipeFish,22,/home/woojye2020/decs_jupyter_lab/MedCLIP-SAMv2/data/MAS3K/extracted/MAS3K/img/PipeFish_2220.jpg,
/home/woojye2020/decs_jupyter_lab/MedCLIP-SAMv2/data/MAS3K/extracted/MAS3K/img/PipeFish_2224.jpg,PipeFish_2224.jpg,PipeFish,20,There is a pipefish hidden in the natural background.,original,PipeFish,22,/home/woojye2020/decs_jupyter_lab/MedCLIP-SAMv2/data/MAS3K/extracted/MAS3K/img/PipeFish_2224.jpg,
/home/woojye2020/decs_jupyter_lab/MedCLIP-SAMv2/data/MAS3K/extracted/MAS3K/img/PipeFish_2234.jpg,PipeFish_2234.jpg,PipeFish,20,There is a pipefish hidden in the natural background.,original,PipeFish,22,/home/woojye2020/decs_jupyter_lab/MedCLIP-SAMv2/data/MAS3K/extracted/MAS3K/img/PipeFish_2234.jpg,
/home/woojye2020/decs_jupyter_lab/MedCLIP-SAMv2/data/MAS3K/extracted/MAS3K/img/PipeFish_2239.jpg,PipeFish_2239.jpg,PipeFish,20,There is a pipefish hidden in the natural background.,original,PipeFish,22,/home/woojye2020/decs_jupyter_lab/MedCLIP-SAMv2/data/MAS3K/extracted/MAS3K/img/PipeFish_2239.jpg,
/home/woojye2020/decs_jupyter_lab/MedCLIP-SAMv2/data/MAS3K/extracted/MAS3K/img/PipeFish_2240.jpg,PipeFish_2240.jpg,PipeFish,20,There is a pipefish hidden in the natural background.,original,PipeFish,22,/home/woojye2020/decs_jupyter_lab/MedCLIP-SAMv2/data/MAS3K/extracted/MAS3K/img/PipeFish_2240.jpg,
/home/woojye2020/decs_jupyter_lab/MedCLIP-SAMv2/data/MAS3K/extracted/MAS3K/img/PipeFish_2253.jpg,PipeFish_2253.jpg,PipeFish,20,There is a pipefish hidden in the natural background.,original,PipeFish,22,/home/woojye2020/decs_jupyter_lab/MedCLIP-SAMv2/data/MAS3K/extracted/MAS3K/img/PipeFish_2253.jpg,
/home/woojye2020/decs_jupyter_lab/MedCLIP-SAMv2/data/MAS3K/extracted/MAS3K/img/PipeFish_2255.jpg,PipeFish_2255.jpg,PipeFish,20,There is a pipefish hidden in the natural background.,original,PipeFish,22,/home/woojye2020/decs_jupyter_lab/MedCLIP-SAMv2/data/MAS3K/extracted/MAS3K/img/PipeFish_2255.jpg,
/home/woojye2020/decs_jupyter_lab/MedCLIP-SAMv2/data/MAS3K/extracted/MAS3K/img/PipeFish_2272.jpg,PipeFish_2272.jpg,PipeFish,20,There is a pipefish hidden in the natural background.,original,PipeFish,22,/home/woojye2020/decs_jupyter_lab/MedCLIP-SAMv2/data/MAS3K/extracted/MAS3K/img/PipeFish_2272.jpg,
/home/woojye2020/decs_jupyter_lab/MedCLIP-SAMv2/data/MAS3K/extracted/MAS3K/img/PipeFish_2283.jpg,PipeFish_2283.jpg,PipeFish,20,There is a pipefish hidden in the natural background.,original,PipeFish,22,/home/woojye2020/decs_jupyter_lab/MedCLIP-SAMv2/data/MAS3K/extracted/MAS3K/img/PipeFish_2283.jpg,
/home/woojye2020/decs_jupyter_lab/MedCLIP-SAMv2/data/MAS3K/extracted/MAS3K/img/PipeFish_2288.jpg,PipeFish_2288.jpg,PipeFish,20,There is a pipefish hidden in the natural background.,original,PipeFish,22,/home/woojye2020/decs_jupyter_lab/MedCLIP-SAMv2/data/MAS3K/extracted/MAS3K/img/PipeFish_2288.jpg,
/home/woojye2020/decs_jupyter_lab/MedCLIP-SAMv2/data/MAS3K/extracted/MAS3K/img/PipeFish_2294.jpg,PipeFish_2294.jpg,PipeFish,20,There is a pipefish hidden in the natural background.,original,PipeFish,22,/home/woojye2020/decs_jupyter_lab/MedCLIP-SAMv2/data/MAS3K/extracted/MAS3K/img/PipeFish_2294.jpg,
/home/woojye2020/decs_jupyter_lab/MedCLIP-SAMv2/data/MAS3K/extracted/MAS3K/img/PipeFish_2298.jpg,PipeFish_2298.jpg,PipeFish,20,There is a pipefish hidden in the natural background.,original,PipeFish,22,/home/woojye2020/decs_jupyter_lab/MedCLIP-SAMv2/data/MAS3K/extracted/MAS3K/img/PipeFish_2298.jpg,
/home/woojye2020/decs_jupyter_lab/MedCLIP-SAMv2/data/MAS3K/extracted/MAS3K/img/PipeFish_2299.jpg,PipeFish_2299.jpg,PipeFish,20,There is a pipefish hidden in the natural background.,original,PipeFish,22,/home/woojye2020/decs_jupyter_lab/MedCLIP-SAMv2/data/MAS3K/extracted/MAS3K/img/PipeFish_2299.jpg,
/home/woojye2020/decs_jupyter_lab/MedCLIP-SAMv2/data/MAS3K/extracted/MAS3K/img/PipeFish_2300.jpg,PipeFish_2300.jpg,PipeFish,20,There is a pipefish hidden in the natural background.,original,PipeFish,22,/home/woojye2020/decs_jupyter_lab/MedCLIP-SAMv2/data/MAS3K/extracted/MAS3K/img/PipeFish_2300.jpg,
/home/woojye2020/decs_jupyter_lab/MedCLIP-SAMv2/data/MAS3K/extracted/MAS3K/img/PipeFish_2301.jpg,PipeFish_2301.jpg,PipeFish,20,There is a pipefish hidden in the natural background.,original,PipeFish,22,/home/woojye2020/decs_jupyter_lab/MedCLIP-SAMv2/data/MAS3K/extracted/MAS3K/img/PipeFish_2301.jpg,
/home/woojye2020/decs_jupyter_lab/MedCLIP-SAMv2/data/MAS3K/extracted/MAS3K/img/PipeFish_2302.jpg,PipeFish_2302.jpg,PipeFish,20,There is a pipefish hidden in the natural background.,original,PipeFish,22,/home/woojye2020/decs_jupyter_lab/MedCLIP-SAMv2/data/MAS3K/extracted/MAS3K/img/PipeFish_2302.jpg,
/home/woojye2020/decs_jupyter_lab/MedCLIP-SAMv2/data/MAS3K/extracted/MAS3K/img/PipeFish_2304.jpg,PipeFish_2304.jpg,PipeFish,20,There is a pipefish hidden in the natural background.,original,PipeFish,22,/home/woojye2020/decs_jupyter_lab/MedCLIP-SAMv2/data/MAS3K/extracted/MAS3K/img/PipeFish_2304.jpg,
/home/woojye2020/decs_jupyter_lab/MedCLIP-SAMv2/data/MAS3K/extracted/MAS3K/img/PipeFish_2320.jpg,PipeFish_2320.jpg,PipeFish,20,There is a pipefish hidden in the natural background.,original,PipeFish,22,/home/woojye2020/decs_jupyter_lab/MedCLIP-SAMv2/data/MAS3K/extracted/MAS3K/img/PipeFish_2320.jpg,
/home/woojye2020/decs_jupyter_lab/MedCLIP-SAMv2/data/MAS3K/extracted/MAS3K/img/PipeFish_2323.jpg,PipeFish_2323.jpg,PipeFish,20,There is a pipefish hidden in the natural background.,original,PipeFish,22,/home/woojye2020/decs_jupyter_lab/MedCLIP-SAMv2/data/MAS3K/extracted/MAS3K/img/PipeFish_2323.jpg,
/home/woojye2020/decs_jupyter_lab/MedCLIP-SAMv2/data/MAS3K/extracted/MAS3K/img/PipeFish_2331.jpg,PipeFish_2331.jpg,PipeFish,20,There is a pipefish hidden in the natural background.,original,PipeFish,22,/home/woojye2020/decs_jupyter_lab/MedCLIP-SAMv2/data/MAS3K/extracted/MAS3K/img/PipeFish_2331.jpg,
/home/woojye2020/decs_jupyter_lab/MedCLIP-SAMv2/data/MAS3K/extracted/MAS3K/img/PipeFish_2340.jpg,PipeFish_2340.jpg,PipeFish,20,There is a pipefish hidden in the natural background.,original,PipeFish,22,/home/woojye2020/decs_jupyter_lab/MedCLIP-SAMv2/data/MAS3K/extracted/MAS3K/img/PipeFish_2340.jpg,
/home/woojye2020/decs_jupyter_lab/MedCLIP-SAMv2/data/MAS3K/extracted/MAS3K/img/PipeFish_2349.jpg,PipeFish_2349.jpg,PipeFish,20,There is a pipefish hidden in the natural background.,original,PipeFish,22,/home/woojye2020/decs_jupyter_lab/MedCLIP-SAMv2/data/MAS3K/extracted/MAS3K/img/PipeFish_2349.jpg,
/home/woojye2020/decs_jupyter_lab/MedCLIP-SAMv2/data/MAS3K/extracted/MAS3K/img/PipeFish_2360.jpg,PipeFish_2360.jpg,PipeFish,20,There is a pipefish hidden in the natural background.,original,PipeFish,22,/home/woojye2020/decs_jupyter_lab/MedCLIP-SAMv2/data/MAS3K/extracted/MAS3K/img/PipeFish_2360.jpg,
/home/woojye2020/decs_jupyter_lab/MedCLIP-SAMv2/data/MAS3K/extracted/MAS3K/img/PipeFish_2364.jpg,PipeFish_2364.jpg,PipeFish,20,There is a pipefish hidden in the natural background.,original,PipeFish,22,/home/woojye2020/decs_jupyter_lab/MedCLIP-SAMv2/data/MAS3K/extracted/MAS3K/img/PipeFish_2364.jpg,
/home/woojye2020/decs_jupyter_lab/MedCLIP-SAMv2/data/MAS3K/extracted/MAS3K/img/PipeFish_2367.jpg,PipeFish_2367.jpg,PipeFish,20,There is a pipefish hidden in the natural background.,original,PipeFish,22,/home/woojye2020/decs_jupyter_lab/MedCLIP-SAMv2/data/MAS3K/extracted/MAS3K/img/PipeFish_2367.jpg,
/home/woojye2020/decs_jupyter_lab/MedCLIP-SAMv2/data/MAS3K/extracted/MAS3K/img/PipeFish_2369.jpg,PipeFish_2369.jpg,PipeFish,20,There is a pipefish hidden in the natural background.,original,PipeFish,22,/home/woojye2020/decs_jupyter_lab/MedCLIP-SAMv2/data/MAS3K/extracted/MAS3K/img/PipeFish_2369.jpg,
/home/woojye2020/decs_jupyter_lab/MedCLIP-SAMv2/data/MAS3K/extracted/MAS3K/img/PipeFish_2371.jpg,PipeFish_2371.jpg,PipeFish,20,There is a pipefish hidden in the natural background.,original,PipeFish,22,/home/woojye2020/decs_jupyter_lab/MedCLIP-SAMv2/data/MAS3K/extracted/MAS3K/img/PipeFish_2371.jpg,
/home/woojye2020/decs_jupyter_lab/MedCLIP-SAMv2/data/MAS3K/extracted/MAS3K/img/PipeFish_2372.jpg,PipeFish_2372.jpg,PipeFish,20,There is a pipefish hidden in the natural background.,original,PipeFish,22,/home/woojye2020/decs_jupyter_lab/MedCLIP-SAMv2/data/MAS3K/extracted/MAS3K/img/PipeFish_2372.jpg,
/home/woojye2020/decs_jupyter_lab/MedCLIP-SAMv2/data/MAS3K/extracted/MAS3K/img/PipeFish_2378.jpg,PipeFish_2378.jpg,PipeFish,20,There is a pipefish hidden in the natural background.,original,PipeFish,22,/home/woojye2020/decs_jupyter_lab/MedCLIP-SAMv2/data/MAS3K/extracted/MAS3K/img/PipeFish_2378.jpg,
/home/woojye2020/decs_jupyter_lab/MedCLIP-SAMv2/data/MAS3K/extracted/MAS3K/img/PipeFish_2386.jpg,PipeFish_2386.jpg,PipeFish,20,There is a pipefish hidden in the natural background.,original,PipeFish,22,/home/woojye2020/decs_jupyter_lab/MedCLIP-SAMv2/data/MAS3K/extracted/MAS3K/img/PipeFish_2386.jpg,
/home/woojye2020/decs_jupyter_lab/MedCLIP-SAMv2/data/MAS3K/extracted/MAS3K/img/PipeFish_2387.jpg,PipeFish_2387.jpg,PipeFish,20,There is a pipefish hidden in the natural background.,original,PipeFish,22,/home/woojye2020/decs_jupyter_lab/MedCLIP-SAMv2/data/MAS3K/extracted/MAS3K/img/PipeFish_2387.jpg,
/home/woojye2020/decs_jupyter_lab/MedCLIP-SAMv2/data/MAS3K/extracted/MAS3K/img/PipeFish_2393.jpg,PipeFish_2393.jpg,PipeFish,20,There is a pipefish hidden in the natural background.,original,PipeFish,22,/home/woojye2020/decs_jupyter_lab/MedCLIP-SAMv2/data/MAS3K/extracted/MAS3K/img/PipeFish_2393.jpg,
/home/woojye2020/decs_jupyter_lab/MedCLIP-SAMv2/data/MAS3K/extracted/MAS3K/img/PipeFish_2397.jpg,PipeFish_2397.jpg,PipeFish,20,There is a pipefish hidden in the natural background.,original,PipeFish,22,/home/woojye2020/decs_jupyter_lab/MedCLIP-SAMv2/data/MAS3K/extracted/MAS3K/img/PipeFish_2397.jpg,
/home/woojye2020/decs_jupyter_lab/MedCLIP-SAMv2/data/MAS3K/extracted/MAS3K/img/PipeFish_2403.jpg,PipeFish_2403.jpg,PipeFish,20,There is a pipefish hidden in the natural background.,original,PipeFish,22,/home/woojye2020/decs_jupyter_lab/MedCLIP-SAMv2/data/MAS3K/extracted/MAS3K/img/PipeFish_2403.jpg,
/home/woojye2020/decs_jupyter_lab/MedCLIP-SAMv2/data/MAS3K/extracted/MAS3K/img/PipeFish_2405.jpg,PipeFish_2405.jpg,PipeFish,20,There is a pipefish hidden in the natural background.,original,PipeFish,22,/home/woojye2020/decs_jupyter_lab/MedCLIP-SAMv2/data/MAS3K/extracted/MAS3K/img/PipeFish_2405.jpg,
/home/woojye2020/decs_jupyter_lab/MedCLIP-SAMv2/data/MAS3K/extracted/MAS3K/img/PipeFish_2409.jpg,PipeFish_2409.jpg,PipeFish,20,There is a pipefish hidden in the natural background.,original,PipeFish,22,/home/woojye2020/decs_jupyter_lab/MedCLIP-SAMv2/data/MAS3K/extracted/MAS3K/img/PipeFish_2409.jpg,
/home/woojye2020/decs_jupyter_lab/MedCLIP-SAMv2/data/MAS3K/extracted/MAS3K/img/PipeFish_2415.jpg,PipeFish_2415.jpg,PipeFish,20,There is a pipefish hidden in the natural background.,original,PipeFish,22,/home/woojye2020/decs_jupyter_lab/MedCLIP-SAMv2/data/MAS3K/extracted/MAS3K/img/PipeFish_2415.jpg,
/home/woojye2020/decs_jupyter_lab/MedCLIP-SAMv2/data/MAS3K/extracted/MAS3K/img/PipeFish_2423.jpg,PipeFish_2423.jpg,PipeFish,20,There is a pipefish hidden in the natural background.,original,PipeFish,22,/home/woojye2020/decs_jupyter_lab/MedCLIP-SAMv2/data/MAS3K/extracted/MAS3K/img/PipeFish_2423.jpg,
/home/woojye2020/decs_jupyter_lab/MedCLIP-SAMv2/data/MAS3K/extracted/MAS3K/img/PipeFish_2425.jpg,PipeFish_2425.jpg,PipeFish,20,There is a pipefish hidden in the natural background.,original,PipeFish,22,/home/woojye2020/decs_jupyter_lab/MedCLIP-SAMv2/data/MAS3K/extracted/MAS3K/img/PipeFish_2425.jpg,
/home/woojye2020/decs_jupyter_lab/MedCLIP-SAMv2/data/MAS3K/extracted/MAS3K/img/PipeFish_2430.jpg,PipeFish_2430.jpg,PipeFish,20,There is a pipefish hidden in the natural background.,original,PipeFish,22,/home/woojye2020/decs_jupyter_lab/MedCLIP-SAMv2/data/MAS3K/extracted/MAS3K/img/PipeFish_2430.jpg,
/home/woojye2020/decs_jupyter_lab/MedCLIP-SAMv2/data/MAS3K/extracted/MAS3K/img/PipeFish_2431.jpg,PipeFish_2431.jpg,PipeFish,20,There is a pipefish hidden in the natural background.,original,PipeFish,22,/home/woojye2020/decs_jupyter_lab/MedCLIP-SAMv2/data/MAS3K/extracted/MAS3K/img/PipeFish_2431.jpg,
/home/woojye2020/decs_jupyter_lab/MedCLIP-SAMv2/data/MAS3K/extracted/MAS3K/img/PipeFish_2434.jpg,PipeFish_2434.jpg,PipeFish,20,There is a pipefish hidden in the natural background.,original,PipeFish,22,/home/woojye2020/decs_jupyter_lab/MedCLIP-SAMv2/data/MAS3K/extracted/MAS3K/img/PipeFish_2434.jpg,
/home/woojye2020/decs_jupyter_lab/MedCLIP-SAMv2/data/MAS3K/extracted/MAS3K/img/PipeFish_2442.jpg,PipeFish_2442.jpg,PipeFish,20,There is a pipefish hidden in the natural background.,original,PipeFish,22,/home/woojye2020/decs_jupyter_lab/MedCLIP-SAMv2/data/MAS3K/extracted/MAS3K/img/PipeFish_2442.jpg,
/home/woojye2020/decs_jupyter_lab/MedCLIP-SAMv2/data/MAS3K/extracted/MAS3K/img/PipeFish_2457.jpg,PipeFish_2457.jpg,PipeFish,20,There is a pipefish hidden in the natural background.,original,PipeFish,22,/home/woojye2020/decs_jupyter_lab/MedCLIP-SAMv2/data/MAS3K/extracted/MAS3K/img/PipeFish_2457.jpg,
/home/woojye2020/decs_jupyter_lab/MedCLIP-SAMv2/data/MAS3K/extracted/MAS3K/img/PipeFish_2458.jpg,PipeFish_2458.jpg,PipeFish,20,There is a pipefish hidden in the natural background.,original,PipeFish,22,/home/woojye2020/decs_jupyter_lab/MedCLIP-SAMv2/data/MAS3K/extracted/MAS3K/img/PipeFish_2458.jpg,
/home/woojye2020/decs_jupyter_lab/MedCLIP-SAMv2/data/MAS3K/extracted/MAS3K/img/PipeFish_2464.jpg,PipeFish_2464.jpg,PipeFish,20,There is a pipefish hidden in the natural background.,original,PipeFish,22,/home/woojye2020/decs_jupyter_lab/MedCLIP-SAMv2/data/MAS3K/extracted/MAS3K/img/PipeFish_2464.jpg,
/home/woojye2020/decs_jupyter_lab/MedCLIP-SAMv2/data/MAS3K/extracted/MAS3K/img/PipeFish_2465.jpg,PipeFish_2465.jpg,PipeFish,20,There is a pipefish hidden in the natural background.,original,PipeFish,22,/home/woojye2020/decs_jupyter_lab/MedCLIP-SAMv2/data/MAS3K/extracted/MAS3K/img/PipeFish_2465.jpg,
/home/woojye2020/decs_jupyter_lab/MedCLIP-SAMv2/data/MAS3K/extracted/MAS3K/img/PipeFish_2467.jpg,PipeFish_2467.jpg,PipeFish,20,There is a pipefish hidden in the natural background.,original,PipeFish,22,/home/woojye2020/decs_jupyter_lab/MedCLIP-SAMv2/data/MAS3K/extracted/MAS3K/img/PipeFish_2467.jpg,
/home/woojye2020/decs_jupyter_lab/MedCLIP-SAMv2/data/MAS3K/extracted/MAS3K/img/PipeFish_2468.jpg,PipeFish_2468.jpg,PipeFish,20,There is a pipefish hidden in the natural background.,original,PipeFish,22,/home/woojye2020/decs_jupyter_lab/MedCLIP-SAMv2/data/MAS3K/extracted/MAS3K/img/PipeFish_2468.jpg,
/home/woojye2020/decs_jupyter_lab/MedCLIP-SAMv2/data/MAS3K/extracted/MAS3K/img/PipeFish_2469.jpg,PipeFish_2469.jpg,PipeFish,20,There is a pipefish hidden in the natural background.,original,PipeFish,22,/home/woojye2020/decs_jupyter_lab/MedCLIP-SAMv2/data/MAS3K/extracted/MAS3K/img/PipeFish_2469.jpg,
/home/woojye2020/decs_jupyter_lab/MedCLIP-SAMv2/data/MAS3K/extracted/MAS3K/img/PipeFish_2470.jpg,PipeFish_2470.jpg,PipeFish,20,There is a pipefish hidden in the natural background.,original,PipeFish,22,/home/woojye2020/decs_jupyter_lab/MedCLIP-SAMv2/data/MAS3K/extracted/MAS3K/img/PipeFish_2470.jpg,
/home/woojye2020/decs_jupyter_lab/MedCLIP-SAMv2/data/MAS3K/extracted/MAS3K/img/PipeFish_2471.jpg,PipeFish_2471.jpg,PipeFish,20,There is a pipefish hidden in the natural background.,original,PipeFish,22,/home/woojye2020/decs_jupyter_lab/MedCLIP-SAMv2/data/MAS3K/extracted/MAS3K/img/PipeFish_2471.jpg,
/home/woojye2020/decs_jupyter_lab/MedCLIP-SAMv2/data/MAS3K/extracted/MAS3K/img/Piranha_2909.jpg,Piranha_2909.jpg,Piranha,21,There is a piranha hidden in the natural background.,original,Piranha,23,/home/woojye2020/decs_jupyter_lab/MedCLIP-SAMv2/data/MAS3K/extracted/MAS3K/img/Piranha_2909.jpg,
/home/woojye2020/decs_jupyter_lab/MedCLIP-SAMv2/data/MAS3K/extracted/MAS3K/img/Piranha_2910.jpg,Piranha_2910.jpg,Piranha,21,There is a piranha hidden in the natural background.,original,Piranha,23,/home/woojye2020/decs_jupyter_lab/MedCLIP-SAMv2/data/MAS3K/extracted/MAS3K/img/Piranha_2910.jpg,
/home/woojye2020/decs_jupyter_lab/MedCLIP-SAMv2/data/MAS3K/extracted/MAS3K/img/RatFish_2900.jpg,RatFish_2900.jpg,RatFish,22,There is a ratfish hidden in the natural background.,original,RatFish,24,/home/woojye2020/decs_jupyter_lab/MedCLIP-SAMv2/data/MAS3K/extracted/MAS3K/img/RatFish_2900.jpg,
/home/woojye2020/decs_jupyter_lab/MedCLIP-SAMv2/data/MAS3K/extracted/MAS3K/img/ScorpionFish_2479.jpg,ScorpionFish_2479.jpg,ScorpionFish,23,There is a scorpionfish hidden in the natural background.,original,ScorpionFish,25,/home/woojye2020/decs_jupyter_lab/MedCLIP-SAMv2/data/MAS3K/extracted/MAS3K/img/ScorpionFish_2479.jpg,
/home/woojye2020/decs_jupyter_lab/MedCLIP-SAMv2/data/MAS3K/extracted/MAS3K/img/ScorpionFish_2487.jpg,ScorpionFish_2487.jpg,ScorpionFish,23,There is a scorpionfish hidden in the natural background.,original,ScorpionFish,25,/home/woojye2020/decs_jupyter_lab/MedCLIP-SAMv2/data/MAS3K/extracted/MAS3K/img/ScorpionFish_2487.jpg,
/home/woojye2020/decs_jupyter_lab/MedCLIP-SAMv2/data/MAS3K/extracted/MAS3K/img/ScorpionFish_2494.jpg,ScorpionFish_2494.jpg,ScorpionFish,23,There is a scorpionfish hidden in the natural background.,original,ScorpionFish,25,/home/woojye2020/decs_jupyter_lab/MedCLIP-SAMv2/data/MAS3K/extracted/MAS3K/img/ScorpionFish_2494.jpg,
/home/woojye2020/decs_jupyter_lab/MedCLIP-SAMv2/data/MAS3K/extracted/MAS3K/img/ScorpionFish_2504.jpg,ScorpionFish_2504.jpg,ScorpionFish,23,There is a scorpionfish hidden in the natural background.,original,ScorpionFish,25,/home/woojye2020/decs_jupyter_lab/MedCLIP-SAMv2/data/MAS3K/extracted/MAS3K/img/ScorpionFish_2504.jpg,
/home/woojye2020/decs_jupyter_lab/MedCLIP-SAMv2/data/MAS3K/extracted/MAS3K/img/ScorpionFish_2507.jpg,ScorpionFish_2507.jpg,ScorpionFish,23,There is a scorpionfish hidden in the natural background.,original,ScorpionFish,25,/home/woojye2020/decs_jupyter_lab/MedCLIP-SAMv2/data/MAS3K/extracted/MAS3K/img/ScorpionFish_2507.jpg,
/home/woojye2020/decs_jupyter_lab/MedCLIP-SAMv2/data/MAS3K/extracted/MAS3K/img/ScorpionFish_2513.jpg,ScorpionFish_2513.jpg,ScorpionFish,23,There is a scorpionfish hidden in the natural background.,original,ScorpionFish,25,/home/woojye2020/decs_jupyter_lab/MedCLIP-SAMv2/data/MAS3K/extracted/MAS3K/img/ScorpionFish_2513.jpg,
/home/woojye2020/decs_jupyter_lab/MedCLIP-SAMv2/data/MAS3K/extracted/MAS3K/img/ScorpionFish_2515.jpg,ScorpionFish_2515.jpg,ScorpionFish,23,There is a scorpionfish hidden in the natural background.,original,ScorpionFish,25,/home/woojye2020/decs_jupyter_lab/MedCLIP-SAMv2/data/MAS3K/extracted/MAS3K/img/ScorpionFish_2515.jpg,
/home/woojye2020/decs_jupyter_lab/MedCLIP-SAMv2/data/MAS3K/extracted/MAS3K/img/ScorpionFish_2520.jpg,ScorpionFish_2520.jpg,ScorpionFish,23,There is a scorpionfish hidden in the natural background.,original,ScorpionFish,25,/home/woojye2020/decs_jupyter_lab/MedCLIP-SAMv2/data/MAS3K/extracted/MAS3K/img/ScorpionFish_2520.jpg,
/home/woojye2020/decs_jupyter_lab/MedCLIP-SAMv2/data/MAS3K/extracted/MAS3K/img/ScorpionFish_2522.jpg,ScorpionFish_2522.jpg,ScorpionFish,23,There is a scorpionfish hidden in the natural background.,original,ScorpionFish,25,/home/woojye2020/decs_jupyter_lab/MedCLIP-SAMv2/data/MAS3K/extracted/MAS3K/img/ScorpionFish_2522.jpg,
/home/woojye2020/decs_jupyter_lab/MedCLIP-SAMv2/data/MAS3K/extracted/MAS3K/img/ScorpionFish_2525.jpg,ScorpionFish_2525.jpg,ScorpionFish,23,There is a scorpionfish hidden in the natural background.,original,ScorpionFish,25,/home/woojye2020/decs_jupyter_lab/MedCLIP-SAMv2/data/MAS3K/extracted/MAS3K/img/ScorpionFish_2525.jpg,
/home/woojye2020/decs_jupyter_lab/MedCLIP-SAMv2/data/MAS3K/extracted/MAS3K/img/ScorpionFish_2526.jpg,ScorpionFish_2526.jpg,ScorpionFish,23,There is a scorpionfish hidden in the natural background.,original,ScorpionFish,25,/home/woojye2020/decs_jupyter_lab/MedCLIP-SAMv2/data/MAS3K/extracted/MAS3K/img/ScorpionFish_2526.jpg,
/home/woojye2020/decs_jupyter_lab/MedCLIP-SAMv2/data/MAS3K/extracted/MAS3K/img/ScorpionFish_2535.jpg,ScorpionFish_2535.jpg,ScorpionFish,23,There is a scorpionfish hidden in the natural background.,original,ScorpionFish,25,/home/woojye2020/decs_jupyter_lab/MedCLIP-SAMv2/data/MAS3K/extracted/MAS3K/img/ScorpionFish_2535.jpg,
/home/woojye2020/decs_jupyter_lab/MedCLIP-SAMv2/data/MAS3K/extracted/MAS3K/img/ScorpionFish_2541.jpg,ScorpionFish_2541.jpg,ScorpionFish,23,There is a scorpionfish hidden in the natural background.,original,ScorpionFish,25,/home/woojye2020/decs_jupyter_lab/MedCLIP-SAMv2/data/MAS3K/extracted/MAS3K/img/ScorpionFish_2541.jpg,
/home/woojye2020/decs_jupyter_lab/MedCLIP-SAMv2/data/MAS3K/extracted/MAS3K/img/ScorpionFish_2543.jpg,ScorpionFish_2543.jpg,ScorpionFish,23,There is a scorpionfish hidden in the natural background.,original,ScorpionFish,25,/home/woojye2020/decs_jupyter_lab/MedCLIP-SAMv2/data/MAS3K/extracted/MAS3K/img/ScorpionFish_2543.jpg,
/home/woojye2020/decs_jupyter_lab/MedCLIP-SAMv2/data/MAS3K/extracted/MAS3K/img/ScorpionFish_2545.jpg,ScorpionFish_2545.jpg,ScorpionFish,23,There is a scorpionfish hidden in the natural background.,original,ScorpionFish,25,/home/woojye2020/decs_jupyter_lab/MedCLIP-SAMv2/data/MAS3K/extracted/MAS3K/img/ScorpionFish_2545.jpg,
/home/woojye2020/decs_jupyter_lab/MedCLIP-SAMv2/data/MAS3K/extracted/MAS3K/img/ScorpionFish_2551.jpg,ScorpionFish_2551.jpg,ScorpionFish,23,There is a scorpionfish hidden in the natural background.,original,ScorpionFish,25,/home/woojye2020/decs_jupyter_lab/MedCLIP-SAMv2/data/MAS3K/extracted/MAS3K/img/ScorpionFish_2551.jpg,
/home/woojye2020/decs_jupyter_lab/MedCLIP-SAMv2/data/MAS3K/extracted/MAS3K/img/ScorpionFish_2562.jpg,ScorpionFish_2562.jpg,ScorpionFish,23,There is a scorpionfish hidden in the natural background.,original,ScorpionFish,25,/home/woojye2020/decs_jupyter_lab/MedCLIP-SAMv2/data/MAS3K/extracted/MAS3K/img/ScorpionFish_2562.jpg,
/home/woojye2020/decs_jupyter_lab/MedCLIP-SAMv2/data/MAS3K/extracted/MAS3K/img/ScorpionFish_2564.jpg,ScorpionFish_2564.jpg,ScorpionFish,23,There is a scorpionfish hidden in the natural background.,original,ScorpionFish,25,/home/woojye2020/decs_jupyter_lab/MedCLIP-SAMv2/data/MAS3K/extracted/MAS3K/img/ScorpionFish_2564.jpg,
/home/woojye2020/decs_jupyter_lab/MedCLIP-SAMv2/data/MAS3K/extracted/MAS3K/img/ScorpionFish_2569.jpg,ScorpionFish_2569.jpg,ScorpionFish,23,There is a scorpionfish hidden in the natural background.,original,ScorpionFish,25,/home/woojye2020/decs_jupyter_lab/MedCLIP-SAMv2/data/MAS3K/extracted/MAS3K/img/ScorpionFish_2569.jpg,
/home/woojye2020/decs_jupyter_lab/MedCLIP-SAMv2/data/MAS3K/extracted/MAS3K/img/ScorpionFish_2570.jpg,ScorpionFish_2570.jpg,ScorpionFish,23,There is a scorpionfish hidden in the natural background.,original,ScorpionFish,25,/home/woojye2020/decs_jupyter_lab/MedCLIP-SAMv2/data/MAS3K/extracted/MAS3K/img/ScorpionFish_2570.jpg,
/home/woojye2020/decs_jupyter_lab/MedCLIP-SAMv2/data/MAS3K/extracted/MAS3K/img/ScorpionFish_2575.jpg,ScorpionFish_2575.jpg,ScorpionFish,23,There is a scorpionfish hidden in the natural background.,original,ScorpionFish,25,/home/woojye2020/decs_jupyter_lab/MedCLIP-SAMv2/data/MAS3K/extracted/MAS3K/img/ScorpionFish_2575.jpg,
/home/woojye2020/decs_jupyter_lab/MedCLIP-SAMv2/data/MAS3K/extracted/MAS3K/img/ScorpionFish_2577.jpg,ScorpionFish_2577.jpg,ScorpionFish,23,There is a scorpionfish hidden in the natural background.,original,ScorpionFish,25,/home/woojye2020/decs_jupyter_lab/MedCLIP-SAMv2/data/MAS3K/extracted/MAS3K/img/ScorpionFish_2577.jpg,
/home/woojye2020/decs_jupyter_lab/MedCLIP-SAMv2/data/MAS3K/extracted/MAS3K/img/ScorpionFish_2585.jpg,ScorpionFish_2585.jpg,ScorpionFish,23,There is a scorpionfish hidden in the natural background.,original,ScorpionFish,25,/home/woojye2020/decs_jupyter_lab/MedCLIP-SAMv2/data/MAS3K/extracted/MAS3K/img/ScorpionFish_2585.jpg,
/home/woojye2020/decs_jupyter_lab/MedCLIP-SAMv2/data/MAS3K/extracted/MAS3K/img/SeaHorse_2596.jpg,SeaHorse_2596.jpg,SeaHorse,24,There is a seahorse hidden in the natural background.,original,SeaHorse,27,/home/woojye2020/decs_jupyter_lab/MedCLIP-SAMv2/data/MAS3K/extracted/MAS3K/img/SeaHorse_2596.jpg,
/home/woojye2020/decs_jupyter_lab/MedCLIP-SAMv2/data/MAS3K/extracted/MAS3K/img/SeaHorse_2599.jpg,SeaHorse_2599.jpg,SeaHorse,24,There is a seahorse hidden in the natural background.,original,SeaHorse,27,/home/woojye2020/decs_jupyter_lab/MedCLIP-SAMv2/data/MAS3K/extracted/MAS3K/img/SeaHorse_2599.jpg,
/home/woojye2020/decs_jupyter_lab/MedCLIP-SAMv2/data/MAS3K/extracted/MAS3K/img/SeaHorse_2603.jpg,SeaHorse_2603.jpg,SeaHorse,24,There is a seahorse hidden in the natural background.,original,SeaHorse,27,/home/woojye2020/decs_jupyter_lab/MedCLIP-SAMv2/data/MAS3K/extracted/MAS3K/img/SeaHorse_2603.jpg,
/home/woojye2020/decs_jupyter_lab/MedCLIP-SAMv2/data/MAS3K/extracted/MAS3K/img/SeaHorse_2604.jpg,SeaHorse_2604.jpg,SeaHorse,24,There is a seahorse hidden in the natural background.,original,SeaHorse,27,/home/woojye2020/decs_jupyter_lab/MedCLIP-SAMv2/data/MAS3K/extracted/MAS3K/img/SeaHorse_2604.jpg,
/home/woojye2020/decs_jupyter_lab/MedCLIP-SAMv2/data/MAS3K/extracted/MAS3K/img/SeaHorse_2609.jpg,SeaHorse_2609.jpg,SeaHorse,24,There is a seahorse hidden in the natural background.,original,SeaHorse,27,/home/woojye2020/decs_jupyter_lab/MedCLIP-SAMv2/data/MAS3K/extracted/MAS3K/img/SeaHorse_2609.jpg,
/home/woojye2020/decs_jupyter_lab/MedCLIP-SAMv2/data/MAS3K/extracted/MAS3K/img/SeaHorse_2611.jpg,SeaHorse_2611.jpg,SeaHorse,24,There is a seahorse hidden in the natural background.,original,SeaHorse,27,/home/woojye2020/decs_jupyter_lab/MedCLIP-SAMv2/data/MAS3K/extracted/MAS3K/img/SeaHorse_2611.jpg,
/home/woojye2020/decs_jupyter_lab/MedCLIP-SAMv2/data/MAS3K/extracted/MAS3K/img/SeaHorse_2617.jpg,SeaHorse_2617.jpg,SeaHorse,24,There is a seahorse hidden in the natural background.,original,SeaHorse,27,/home/woojye2020/decs_jupyter_lab/MedCLIP-SAMv2/data/MAS3K/extracted/MAS3K/img/SeaHorse_2617.jpg,
/home/woojye2020/decs_jupyter_lab/MedCLIP-SAMv2/data/MAS3K/extracted/MAS3K/img/SeaHorse_2623.jpg,SeaHorse_2623.jpg,SeaHorse,24,There is a seahorse hidden in the natural background.,original,SeaHorse,27,/home/woojye2020/decs_jupyter_lab/MedCLIP-SAMv2/data/MAS3K/extracted/MAS3K/img/SeaHorse_2623.jpg,
/home/woojye2020/decs_jupyter_lab/MedCLIP-SAMv2/data/MAS3K/extracted/MAS3K/img/SeaHorse_2624.jpg,SeaHorse_2624.jpg,SeaHorse,24,There is a seahorse hidden in the natural background.,original,SeaHorse,27,/home/woojye2020/decs_jupyter_lab/MedCLIP-SAMv2/data/MAS3K/extracted/MAS3K/img/SeaHorse_2624.jpg,
/home/woojye2020/decs_jupyter_lab/MedCLIP-SAMv2/data/MAS3K/extracted/MAS3K/img/SeaHorse_2626.jpg,SeaHorse_2626.jpg,SeaHorse,24,There is a seahorse hidden in the natural background.,original,SeaHorse,27,/home/woojye2020/decs_jupyter_lab/MedCLIP-SAMv2/data/MAS3K/extracted/MAS3K/img/SeaHorse_2626.jpg,
/home/woojye2020/decs_jupyter_lab/MedCLIP-SAMv2/data/MAS3K/extracted/MAS3K/img/SeaHorse_2632.jpg,SeaHorse_2632.jpg,SeaHorse,24,There is a seahorse hidden in the natural background.,original,SeaHorse,27,/home/woojye2020/decs_jupyter_lab/MedCLIP-SAMv2/data/MAS3K/extracted/MAS3K/img/SeaHorse_2632.jpg,
/home/woojye2020/decs_jupyter_lab/MedCLIP-SAMv2/data/MAS3K/extracted/MAS3K/img/SeaHorse_2637.jpg,SeaHorse_2637.jpg,SeaHorse,24,There is a seahorse hidden in the natural background.,original,SeaHorse,27,/home/woojye2020/decs_jupyter_lab/MedCLIP-SAMv2/data/MAS3K/extracted/MAS3K/img/SeaHorse_2637.jpg,
/home/woojye2020/decs_jupyter_lab/MedCLIP-SAMv2/data/MAS3K/extracted/MAS3K/img/SeaHorse_2645.jpg,SeaHorse_2645.jpg,SeaHorse,24,There is a seahorse hidden in the natural background.,original,SeaHorse,27,/home/woojye2020/decs_jupyter_lab/MedCLIP-SAMv2/data/MAS3K/extracted/MAS3K/img/SeaHorse_2645.jpg,
/home/woojye2020/decs_jupyter_lab/MedCLIP-SAMv2/data/MAS3K/extracted/MAS3K/img/SeaHorse_2646.jpg,SeaHorse_2646.jpg,SeaHorse,24,There is a seahorse hidden in the natural background.,original,SeaHorse,27,/home/woojye2020/decs_jupyter_lab/MedCLIP-SAMv2/data/MAS3K/extracted/MAS3K/img/SeaHorse_2646.jpg,
/home/woojye2020/decs_jupyter_lab/MedCLIP-SAMv2/data/MAS3K/extracted/MAS3K/img/SeaHorse_2652.jpg,SeaHorse_2652.jpg,SeaHorse,24,There is a seahorse hidden in the natural background.,original,SeaHorse,27,/home/woojye2020/decs_jupyter_lab/MedCLIP-SAMv2/data/MAS3K/extracted/MAS3K/img/SeaHorse_2652.jpg,
/home/woojye2020/decs_jupyter_lab/MedCLIP-SAMv2/data/MAS3K/extracted/MAS3K/img/SeaHorse_2655.jpg,SeaHorse_2655.jpg,SeaHorse,24,There is a seahorse hidden in the natural background.,original,SeaHorse,27,/home/woojye2020/decs_jupyter_lab/MedCLIP-SAMv2/data/MAS3K/extracted/MAS3K/img/SeaHorse_2655.jpg,
/home/woojye2020/decs_jupyter_lab/MedCLIP-SAMv2/data/MAS3K/extracted/MAS3K/img/SeaHorse_2656.jpg,SeaHorse_2656.jpg,SeaHorse,24,There is a seahorse hidden in the natural background.,original,SeaHorse,27,/home/woojye2020/decs_jupyter_lab/MedCLIP-SAMv2/data/MAS3K/extracted/MAS3K/img/SeaHorse_2656.jpg,
/home/woojye2020/decs_jupyter_lab/MedCLIP-SAMv2/data/MAS3K/extracted/MAS3K/img/SeaHorse_2660.jpg,SeaHorse_2660.jpg,SeaHorse,24,There is a seahorse hidden in the natural background.,original,SeaHorse,27,/home/woojye2020/decs_jupyter_lab/MedCLIP-SAMv2/data/MAS3K/extracted/MAS3K/img/SeaHorse_2660.jpg,
/home/woojye2020/decs_jupyter_lab/MedCLIP-SAMv2/data/MAS3K/extracted/MAS3K/img/SeaHorse_2667.jpg,SeaHorse_2667.jpg,SeaHorse,24,There is a seahorse hidden in the natural background.,original,SeaHorse,27,/home/woojye2020/decs_jupyter_lab/MedCLIP-SAMv2/data/MAS3K/extracted/MAS3K/img/SeaHorse_2667.jpg,
/home/woojye2020/decs_jupyter_lab/MedCLIP-SAMv2/data/MAS3K/extracted/MAS3K/img/SeaHorse_2676.jpg,SeaHorse_2676.jpg,SeaHorse,24,There is a seahorse hidden in the natural background.,original,SeaHorse,27,/home/woojye2020/decs_jupyter_lab/MedCLIP-SAMv2/data/MAS3K/extracted/MAS3K/img/SeaHorse_2676.jpg,
/home/woojye2020/decs_jupyter_lab/MedCLIP-SAMv2/data/MAS3K/extracted/MAS3K/img/SeaHorse_2681.jpg,SeaHorse_2681.jpg,SeaHorse,24,There is a seahorse hidden in the natural background.,original,SeaHorse,27,/home/woojye2020/decs_jupyter_lab/MedCLIP-SAMv2/data/MAS3K/extracted/MAS3K/img/SeaHorse_2681.jpg,
/home/woojye2020/decs_jupyter_lab/MedCLIP-SAMv2/data/MAS3K/extracted/MAS3K/img/SeaHorse_2683.jpg,SeaHorse_2683.jpg,SeaHorse,24,There is a seahorse hidden in the natural background.,original,SeaHorse,27,/home/woojye2020/decs_jupyter_lab/MedCLIP-SAMv2/data/MAS3K/extracted/MAS3K/img/SeaHorse_2683.jpg,
/home/woojye2020/decs_jupyter_lab/MedCLIP-SAMv2/data/MAS3K/extracted/MAS3K/img/SeaHorse_2689.jpg,SeaHorse_2689.jpg,SeaHorse,24,There is a seahorse hidden in the natural background.,original,SeaHorse,27,/home/woojye2020/decs_jupyter_lab/MedCLIP-SAMv2/data/MAS3K/extracted/MAS3K/img/SeaHorse_2689.jpg,
/home/woojye2020/decs_jupyter_lab/MedCLIP-SAMv2/data/MAS3K/extracted/MAS3K/img/SeaHorse_2693.jpg,SeaHorse_2693.jpg,SeaHorse,24,There is a seahorse hidden in the natural background.,original,SeaHorse,27,/home/woojye2020/decs_jupyter_lab/MedCLIP-SAMv2/data/MAS3K/extracted/MAS3K/img/SeaHorse_2693.jpg,
/home/woojye2020/decs_jupyter_lab/MedCLIP-SAMv2/data/MAS3K/extracted/MAS3K/img/SeaHorse_2694.jpg,SeaHorse_2694.jpg,SeaHorse,24,There is a seahorse hidden in the natural background.,original,SeaHorse,27,/home/woojye2020/decs_jupyter_lab/MedCLIP-SAMv2/data/MAS3K/extracted/MAS3K/img/SeaHorse_2694.jpg,
/home/woojye2020/decs_jupyter_lab/MedCLIP-SAMv2/data/MAS3K/extracted/MAS3K/img/SeaHorse_2701.jpg,SeaHorse_2701.jpg,SeaHorse,24,There is a seahorse hidden in the natural background.,original,SeaHorse,27,/home/woojye2020/decs_jupyter_lab/MedCLIP-SAMv2/data/MAS3K/extracted/MAS3K/img/SeaHorse_2701.jpg,
/home/woojye2020/decs_jupyter_lab/MedCLIP-SAMv2/data/MAS3K/extracted/MAS3K/img/SeaHorse_2715.jpg,SeaHorse_2715.jpg,SeaHorse,24,There is a seahorse hidden in the natural background.,original,SeaHorse,27,/home/woojye2020/decs_jupyter_lab/MedCLIP-SAMv2/data/MAS3K/extracted/MAS3K/img/SeaHorse_2715.jpg,
/home/woojye2020/decs_jupyter_lab/MedCLIP-SAMv2/data/MAS3K/extracted/MAS3K/img/SeaHorse_2719.jpg,SeaHorse_2719.jpg,SeaHorse,24,There is a seahorse hidden in the natural background.,original,SeaHorse,27,/home/woojye2020/decs_jupyter_lab/MedCLIP-SAMv2/data/MAS3K/extracted/MAS3K/img/SeaHorse_2719.jpg,
/home/woojye2020/decs_jupyter_lab/MedCLIP-SAMv2/data/MAS3K/extracted/MAS3K/img/SeaHorse_2721.jpg,SeaHorse_2721.jpg,SeaHorse,24,There is a seahorse hidden in the natural background.,original,SeaHorse,27,/home/woojye2020/decs_jupyter_lab/MedCLIP-SAMv2/data/MAS3K/extracted/MAS3K/img/SeaHorse_2721.jpg,
/home/woojye2020/decs_jupyter_lab/MedCLIP-SAMv2/data/MAS3K/extracted/MAS3K/img/SeaHorse_2743.jpg,SeaHorse_2743.jpg,SeaHorse,24,There is a seahorse hidden in the natural background.,original,SeaHorse,27,/home/woojye2020/decs_jupyter_lab/MedCLIP-SAMv2/data/MAS3K/extracted/MAS3K/img/SeaHorse_2743.jpg,
/home/woojye2020/decs_jupyter_lab/MedCLIP-SAMv2/data/MAS3K/extracted/MAS3K/img/Seal_805.jpg,Seal_805.jpg,Seal,25,There is a seal hidden in the natural background.,original,Seal,28,/home/woojye2020/decs_jupyter_lab/MedCLIP-SAMv2/data/MAS3K/extracted/MAS3K/img/Seal_805.jpg,
/home/woojye2020/decs_jupyter_lab/MedCLIP-SAMv2/data/MAS3K/extracted/MAS3K/img/Seal_816.jpg,Seal_816.jpg,Seal,25,There is a seal hidden in the natural background.,original,Seal,28,/home/woojye2020/decs_jupyter_lab/MedCLIP-SAMv2/data/MAS3K/extracted/MAS3K/img/Seal_816.jpg,
/home/woojye2020/decs_jupyter_lab/MedCLIP-SAMv2/data/MAS3K/extracted/MAS3K/img/Seal_829.jpg,Seal_829.jpg,Seal,25,There is a seal hidden in the natural background.,original,Seal,28,/home/woojye2020/decs_jupyter_lab/MedCLIP-SAMv2/data/MAS3K/extracted/MAS3K/img/Seal_829.jpg,
/home/woojye2020/decs_jupyter_lab/MedCLIP-SAMv2/data/MAS3K/extracted/MAS3K/img/Seal_833.jpg,Seal_833.jpg,Seal,25,There is a seal hidden in the natural background.,original,Seal,28,/home/woojye2020/decs_jupyter_lab/MedCLIP-SAMv2/data/MAS3K/extracted/MAS3K/img/Seal_833.jpg,
/home/woojye2020/decs_jupyter_lab/MedCLIP-SAMv2/data/MAS3K/extracted/MAS3K/img/Seal_845.jpg,Seal_845.jpg,Seal,25,There is a seal hidden in the natural background.,original,Seal,28,/home/woojye2020/decs_jupyter_lab/MedCLIP-SAMv2/data/MAS3K/extracted/MAS3K/img/Seal_845.jpg,
/home/woojye2020/decs_jupyter_lab/MedCLIP-SAMv2/data/MAS3K/extracted/MAS3K/img/Seal_847.jpg,Seal_847.jpg,Seal,25,There is a seal hidden in the natural background.,original,Seal,28,/home/woojye2020/decs_jupyter_lab/MedCLIP-SAMv2/data/MAS3K/extracted/MAS3K/img/Seal_847.jpg,
/home/woojye2020/decs_jupyter_lab/MedCLIP-SAMv2/data/MAS3K/extracted/MAS3K/img/Seal_856.jpg,Seal_856.jpg,Seal,25,There is a seal hidden in the natural background.,original,Seal,28,/home/woojye2020/decs_jupyter_lab/MedCLIP-SAMv2/data/MAS3K/extracted/MAS3K/img/Seal_856.jpg,
/home/woojye2020/decs_jupyter_lab/MedCLIP-SAMv2/data/MAS3K/extracted/MAS3K/img/Shark_872.jpg,Shark_872.jpg,Shark,26,There is a shark hidden in the natural background.,original,Shark,29,/home/woojye2020/decs_jupyter_lab/MedCLIP-SAMv2/data/MAS3K/extracted/MAS3K/img/Shark_872.jpg,
/home/woojye2020/decs_jupyter_lab/MedCLIP-SAMv2/data/MAS3K/extracted/MAS3K/img/Shark_873.jpg,Shark_873.jpg,Shark,26,There is a shark hidden in the natural background.,original,Shark,29,/home/woojye2020/decs_jupyter_lab/MedCLIP-SAMv2/data/MAS3K/extracted/MAS3K/img/Shark_873.jpg,
/home/woojye2020/decs_jupyter_lab/MedCLIP-SAMv2/data/MAS3K/extracted/MAS3K/img/Shark_879.jpg,Shark_879.jpg,Shark,26,There is a shark hidden in the natural background.,original,Shark,29,/home/woojye2020/decs_jupyter_lab/MedCLIP-SAMv2/data/MAS3K/extracted/MAS3K/img/Shark_879.jpg,
/home/woojye2020/decs_jupyter_lab/MedCLIP-SAMv2/data/MAS3K/extracted/MAS3K/img/Shark_898.jpg,Shark_898.jpg,Shark,26,There is a shark hidden in the natural background.,original,Shark,29,/home/woojye2020/decs_jupyter_lab/MedCLIP-SAMv2/data/MAS3K/extracted/MAS3K/img/Shark_898.jpg,
/home/woojye2020/decs_jupyter_lab/MedCLIP-SAMv2/data/MAS3K/extracted/MAS3K/img/Shark_902.jpg,Shark_902.jpg,Shark,26,There is a shark hidden in the natural background.,original,Shark,29,/home/woojye2020/decs_jupyter_lab/MedCLIP-SAMv2/data/MAS3K/extracted/MAS3K/img/Shark_902.jpg,
/home/woojye2020/decs_jupyter_lab/MedCLIP-SAMv2/data/MAS3K/extracted/MAS3K/img/Shark_910.jpg,Shark_910.jpg,Shark,26,There is a shark hidden in the natural background.,original,Shark,29,/home/woojye2020/decs_jupyter_lab/MedCLIP-SAMv2/data/MAS3K/extracted/MAS3K/img/Shark_910.jpg,
/home/woojye2020/decs_jupyter_lab/MedCLIP-SAMv2/data/MAS3K/extracted/MAS3K/img/Shrimp_496.jpg,Shrimp_496.jpg,Shrimp,27,There is a shrimp hidden in the natural background.,original,Shrimp,30,/home/woojye2020/decs_jupyter_lab/MedCLIP-SAMv2/data/MAS3K/extracted/MAS3K/img/Shrimp_496.jpg,
/home/woojye2020/decs_jupyter_lab/MedCLIP-SAMv2/data/MAS3K/extracted/MAS3K/img/Shrimp_497.jpg,Shrimp_497.jpg,Shrimp,27,There is a shrimp hidden in the natural background.,original,Shrimp,30,/home/woojye2020/decs_jupyter_lab/MedCLIP-SAMv2/data/MAS3K/extracted/MAS3K/img/Shrimp_497.jpg,
/home/woojye2020/decs_jupyter_lab/MedCLIP-SAMv2/data/MAS3K/extracted/MAS3K/img/Shrimp_500.jpg,Shrimp_500.jpg,Shrimp,27,There is a shrimp hidden in the natural background.,original,Shrimp,30,/home/woojye2020/decs_jupyter_lab/MedCLIP-SAMv2/data/MAS3K/extracted/MAS3K/img/Shrimp_500.jpg,
/home/woojye2020/decs_jupyter_lab/MedCLIP-SAMv2/data/MAS3K/extracted/MAS3K/img/Shrimp_502.jpg,Shrimp_502.jpg,Shrimp,27,There is a shrimp hidden in the natural background.,original,Shrimp,30,/home/woojye2020/decs_jupyter_lab/MedCLIP-SAMv2/data/MAS3K/extracted/MAS3K/img/Shrimp_502.jpg,
/home/woojye2020/decs_jupyter_lab/MedCLIP-SAMv2/data/MAS3K/extracted/MAS3K/img/Shrimp_503.jpg,Shrimp_503.jpg,Shrimp,27,There is a shrimp hidden in the natural background.,original,Shrimp,30,/home/woojye2020/decs_jupyter_lab/MedCLIP-SAMv2/data/MAS3K/extracted/MAS3K/img/Shrimp_503.jpg,
/home/woojye2020/decs_jupyter_lab/MedCLIP-SAMv2/data/MAS3K/extracted/MAS3K/img/Shrimp_507.jpg,Shrimp_507.jpg,Shrimp,27,There is a shrimp hidden in the natural background.,original,Shrimp,30,/home/woojye2020/decs_jupyter_lab/MedCLIP-SAMv2/data/MAS3K/extracted/MAS3K/img/Shrimp_507.jpg,
/home/woojye2020/decs_jupyter_lab/MedCLIP-SAMv2/data/MAS3K/extracted/MAS3K/img/Shrimp_510.jpg,Shrimp_510.jpg,Shrimp,27,There is a shrimp hidden in the natural background.,original,Shrimp,30,/home/woojye2020/decs_jupyter_lab/MedCLIP-SAMv2/data/MAS3K/extracted/MAS3K/img/Shrimp_510.jpg,
/home/woojye2020/decs_jupyter_lab/MedCLIP-SAMv2/data/MAS3K/extracted/MAS3K/img/Shrimp_514.jpg,Shrimp_514.jpg,Shrimp,27,There is a shrimp hidden in the natural background.,original,Shrimp,30,/home/woojye2020/decs_jupyter_lab/MedCLIP-SAMv2/data/MAS3K/extracted/MAS3K/img/Shrimp_514.jpg,
/home/woojye2020/decs_jupyter_lab/MedCLIP-SAMv2/data/MAS3K/extracted/MAS3K/img/Shrimp_516.jpg,Shrimp_516.jpg,Shrimp,27,There is a shrimp hidden in the natural background.,original,Shrimp,30,/home/woojye2020/decs_jupyter_lab/MedCLIP-SAMv2/data/MAS3K/extracted/MAS3K/img/Shrimp_516.jpg,
/home/woojye2020/decs_jupyter_lab/MedCLIP-SAMv2/data/MAS3K/extracted/MAS3K/img/Shrimp_519.jpg,Shrimp_519.jpg,Shrimp,27,There is a shrimp hidden in the natural background.,original,Shrimp,30,/home/woojye2020/decs_jupyter_lab/MedCLIP-SAMv2/data/MAS3K/extracted/MAS3K/img/Shrimp_519.jpg,
/home/woojye2020/decs_jupyter_lab/MedCLIP-SAMv2/data/MAS3K/extracted/MAS3K/img/Shrimp_528.jpg,Shrimp_528.jpg,Shrimp,27,There is a shrimp hidden in the natural background.,original,Shrimp,30,/home/woojye2020/decs_jupyter_lab/MedCLIP-SAMv2/data/MAS3K/extracted/MAS3K/img/Shrimp_528.jpg,
/home/woojye2020/decs_jupyter_lab/MedCLIP-SAMv2/data/MAS3K/extracted/MAS3K/img/Shrimp_529.jpg,Shrimp_529.jpg,Shrimp,27,There is a shrimp hidden in the natural background.,original,Shrimp,30,/home/woojye2020/decs_jupyter_lab/MedCLIP-SAMv2/data/MAS3K/extracted/MAS3K/img/Shrimp_529.jpg,
/home/woojye2020/decs_jupyter_lab/MedCLIP-SAMv2/data/MAS3K/extracted/MAS3K/img/Shrimp_531.jpg,Shrimp_531.jpg,Shrimp,27,There is a shrimp hidden in the natural background.,original,Shrimp,30,/home/woojye2020/decs_jupyter_lab/MedCLIP-SAMv2/data/MAS3K/extracted/MAS3K/img/Shrimp_531.jpg,
/home/woojye2020/decs_jupyter_lab/MedCLIP-SAMv2/data/MAS3K/extracted/MAS3K/img/Shrimp_532.jpg,Shrimp_532.jpg,Shrimp,27,There is a shrimp hidden in the natural background.,original,Shrimp,30,/home/woojye2020/decs_jupyter_lab/MedCLIP-SAMv2/data/MAS3K/extracted/MAS3K/img/Shrimp_532.jpg,
/home/woojye2020/decs_jupyter_lab/MedCLIP-SAMv2/data/MAS3K/extracted/MAS3K/img/Shrimp_533.jpg,Shrimp_533.jpg,Shrimp,27,There is a shrimp hidden in the natural background.,original,Shrimp,30,/home/woojye2020/decs_jupyter_lab/MedCLIP-SAMv2/data/MAS3K/extracted/MAS3K/img/Shrimp_533.jpg,
/home/woojye2020/decs_jupyter_lab/MedCLIP-SAMv2/data/MAS3K/extracted/MAS3K/img/Shrimp_536.jpg,Shrimp_536.jpg,Shrimp,27,There is a shrimp hidden in the natural background.,original,Shrimp,30,/home/woojye2020/decs_jupyter_lab/MedCLIP-SAMv2/data/MAS3K/extracted/MAS3K/img/Shrimp_536.jpg,
/home/woojye2020/decs_jupyter_lab/MedCLIP-SAMv2/data/MAS3K/extracted/MAS3K/img/Slug_187.jpg,Slug_187.jpg,Slug,28,There is a slug hidden in the natural background.,original,Slug,31,/home/woojye2020/decs_jupyter_lab/MedCLIP-SAMv2/data/MAS3K/extracted/MAS3K/img/Slug_187.jpg,
/home/woojye2020/decs_jupyter_lab/MedCLIP-SAMv2/data/MAS3K/extracted/MAS3K/img/Slug_195.jpg,Slug_195.jpg,Slug,28,There is a slug hidden in the natural background.,original,Slug,31,/home/woojye2020/decs_jupyter_lab/MedCLIP-SAMv2/data/MAS3K/extracted/MAS3K/img/Slug_195.jpg,
/home/woojye2020/decs_jupyter_lab/MedCLIP-SAMv2/data/MAS3K/extracted/MAS3K/img/StarFish_218.jpg,StarFish_218.jpg,StarFish,29,There is a starfish hidden in the natural background.,original,StarFish,32,/home/woojye2020/decs_jupyter_lab/MedCLIP-SAMv2/data/MAS3K/extracted/MAS3K/img/StarFish_218.jpg,
/home/woojye2020/decs_jupyter_lab/MedCLIP-SAMv2/data/MAS3K/extracted/MAS3K/img/StarFish_222.jpg,StarFish_222.jpg,StarFish,29,There is a starfish hidden in the natural background.,original,StarFish,32,/home/woojye2020/decs_jupyter_lab/MedCLIP-SAMv2/data/MAS3K/extracted/MAS3K/img/StarFish_222.jpg,
/home/woojye2020/decs_jupyter_lab/MedCLIP-SAMv2/data/MAS3K/extracted/MAS3K/img/StarFish_227.jpg,StarFish_227.jpg,StarFish,29,There is a starfish hidden in the natural background.,original,StarFish,32,/home/woojye2020/decs_jupyter_lab/MedCLIP-SAMv2/data/MAS3K/extracted/MAS3K/img/StarFish_227.jpg,
/home/woojye2020/decs_jupyter_lab/MedCLIP-SAMv2/data/MAS3K/extracted/MAS3K/img/StarFish_229.jpg,StarFish_229.jpg,StarFish,29,There is a starfish hidden in the natural background.,original,StarFish,32,/home/woojye2020/decs_jupyter_lab/MedCLIP-SAMv2/data/MAS3K/extracted/MAS3K/img/StarFish_229.jpg,
/home/woojye2020/decs_jupyter_lab/MedCLIP-SAMv2/data/MAS3K/extracted/MAS3K/img/StarFish_237.jpg,StarFish_237.jpg,StarFish,29,There is a starfish hidden in the natural background.,original,StarFish,32,/home/woojye2020/decs_jupyter_lab/MedCLIP-SAMv2/data/MAS3K/extracted/MAS3K/img/StarFish_237.jpg,
/home/woojye2020/decs_jupyter_lab/MedCLIP-SAMv2/data/MAS3K/extracted/MAS3K/img/StarFish_240.jpg,StarFish_240.jpg,StarFish,29,There is a starfish hidden in the natural background.,original,StarFish,32,/home/woojye2020/decs_jupyter_lab/MedCLIP-SAMv2/data/MAS3K/extracted/MAS3K/img/StarFish_240.jpg,
/home/woojye2020/decs_jupyter_lab/MedCLIP-SAMv2/data/MAS3K/extracted/MAS3K/img/StarFish_243.jpg,StarFish_243.jpg,StarFish,29,There is a starfish hidden in the natural background.,original,StarFish,32,/home/woojye2020/decs_jupyter_lab/MedCLIP-SAMv2/data/MAS3K/extracted/MAS3K/img/StarFish_243.jpg,
/home/woojye2020/decs_jupyter_lab/MedCLIP-SAMv2/data/MAS3K/extracted/MAS3K/img/StarFish_245.jpg,StarFish_245.jpg,StarFish,29,There is a starfish hidden in the natural background.,original,StarFish,32,/home/woojye2020/decs_jupyter_lab/MedCLIP-SAMv2/data/MAS3K/extracted/MAS3K/img/StarFish_245.jpg,
/home/woojye2020/decs_jupyter_lab/MedCLIP-SAMv2/data/MAS3K/extracted/MAS3K/img/StarFish_248.jpg,StarFish_248.jpg,StarFish,29,There is a starfish hidden in the natural background.,original,StarFish,32,/home/woojye2020/decs_jupyter_lab/MedCLIP-SAMv2/data/MAS3K/extracted/MAS3K/img/StarFish_248.jpg,
/home/woojye2020/decs_jupyter_lab/MedCLIP-SAMv2/data/MAS3K/extracted/MAS3K/img/StarFish_250.jpg,StarFish_250.jpg,StarFish,29,There is a starfish hidden in the natural background.,original,StarFish,32,/home/woojye2020/decs_jupyter_lab/MedCLIP-SAMv2/data/MAS3K/extracted/MAS3K/img/StarFish_250.jpg,
/home/woojye2020/decs_jupyter_lab/MedCLIP-SAMv2/data/MAS3K/extracted/MAS3K/img/StarFish_260.jpg,StarFish_260.jpg,StarFish,29,There is a starfish hidden in the natural background.,original,StarFish,32,/home/woojye2020/decs_jupyter_lab/MedCLIP-SAMv2/data/MAS3K/extracted/MAS3K/img/StarFish_260.jpg,
/home/woojye2020/decs_jupyter_lab/MedCLIP-SAMv2/data/MAS3K/extracted/MAS3K/img/StarFish_261.jpg,StarFish_261.jpg,StarFish,29,There is a starfish hidden in the natural background.,original,StarFish,32,/home/woojye2020/decs_jupyter_lab/MedCLIP-SAMv2/data/MAS3K/extracted/MAS3K/img/StarFish_261.jpg,
/home/woojye2020/decs_jupyter_lab/MedCLIP-SAMv2/data/MAS3K/extracted/MAS3K/img/StarFish_262.jpg,StarFish_262.jpg,StarFish,29,There is a starfish hidden in the natural background.,original,StarFish,32,/home/woojye2020/decs_jupyter_lab/MedCLIP-SAMv2/data/MAS3K/extracted/MAS3K/img/StarFish_262.jpg,
/home/woojye2020/decs_jupyter_lab/MedCLIP-SAMv2/data/MAS3K/extracted/MAS3K/img/StarFish_264.jpg,StarFish_264.jpg,StarFish,29,There is a starfish hidden in the natural background.,original,StarFish,32,/home/woojye2020/decs_jupyter_lab/MedCLIP-SAMv2/data/MAS3K/extracted/MAS3K/img/StarFish_264.jpg,
/home/woojye2020/decs_jupyter_lab/MedCLIP-SAMv2/data/MAS3K/extracted/MAS3K/img/StarFish_280.jpg,StarFish_280.jpg,StarFish,29,There is a starfish hidden in the natural background.,original,StarFish,32,/home/woojye2020/decs_jupyter_lab/MedCLIP-SAMv2/data/MAS3K/extracted/MAS3K/img/StarFish_280.jpg,
/home/woojye2020/decs_jupyter_lab/MedCLIP-SAMv2/data/MAS3K/extracted/MAS3K/img/StarFish_282.jpg,StarFish_282.jpg,StarFish,29,There is a starfish hidden in the natural background.,original,StarFish,32,/home/woojye2020/decs_jupyter_lab/MedCLIP-SAMv2/data/MAS3K/extracted/MAS3K/img/StarFish_282.jpg,
/home/woojye2020/decs_jupyter_lab/MedCLIP-SAMv2/data/MAS3K/extracted/MAS3K/img/StarFish_294.jpg,StarFish_294.jpg,StarFish,29,There is a starfish hidden in the natural background.,original,StarFish,32,/home/woojye2020/decs_jupyter_lab/MedCLIP-SAMv2/data/MAS3K/extracted/MAS3K/img/StarFish_294.jpg,
/home/woojye2020/decs_jupyter_lab/MedCLIP-SAMv2/data/MAS3K/extracted/MAS3K/img/StarFish_300.jpg,StarFish_300.jpg,StarFish,29,There is a starfish hidden in the natural background.,original,StarFish,32,/home/woojye2020/decs_jupyter_lab/MedCLIP-SAMv2/data/MAS3K/extracted/MAS3K/img/StarFish_300.jpg,
/home/woojye2020/decs_jupyter_lab/MedCLIP-SAMv2/data/MAS3K/extracted/MAS3K/img/StarFish_301.jpg,StarFish_301.jpg,StarFish,29,There is a starfish hidden in the natural background.,original,StarFish,32,/home/woojye2020/decs_jupyter_lab/MedCLIP-SAMv2/data/MAS3K/extracted/MAS3K/img/StarFish_301.jpg,
/home/woojye2020/decs_jupyter_lab/MedCLIP-SAMv2/data/MAS3K/extracted/MAS3K/img/StarFish_305.jpg,StarFish_305.jpg,StarFish,29,There is a starfish hidden in the natural background.,original,StarFish,32,/home/woojye2020/decs_jupyter_lab/MedCLIP-SAMv2/data/MAS3K/extracted/MAS3K/img/StarFish_305.jpg,
/home/woojye2020/decs_jupyter_lab/MedCLIP-SAMv2/data/MAS3K/extracted/MAS3K/img/Stingaree_2748.jpg,Stingaree_2748.jpg,Stingaree,30,There is a stingaree hidden in the natural background.,original,Stingaree,33,/home/woojye2020/decs_jupyter_lab/MedCLIP-SAMv2/data/MAS3K/extracted/MAS3K/img/Stingaree_2748.jpg,
/home/woojye2020/decs_jupyter_lab/MedCLIP-SAMv2/data/MAS3K/extracted/MAS3K/img/Stingaree_2751.jpg,Stingaree_2751.jpg,Stingaree,30,There is a stingaree hidden in the natural background.,original,Stingaree,33,/home/woojye2020/decs_jupyter_lab/MedCLIP-SAMv2/data/MAS3K/extracted/MAS3K/img/Stingaree_2751.jpg,
/home/woojye2020/decs_jupyter_lab/MedCLIP-SAMv2/data/MAS3K/extracted/MAS3K/img/Stingaree_2753.jpg,Stingaree_2753.jpg,Stingaree,30,There is a stingaree hidden in the natural background.,original,Stingaree,33,/home/woojye2020/decs_jupyter_lab/MedCLIP-SAMv2/data/MAS3K/extracted/MAS3K/img/Stingaree_2753.jpg,
/home/woojye2020/decs_jupyter_lab/MedCLIP-SAMv2/data/MAS3K/extracted/MAS3K/img/Stingaree_2755.jpg,Stingaree_2755.jpg,Stingaree,30,There is a stingaree hidden in the natural background.,original,Stingaree,33,/home/woojye2020/decs_jupyter_lab/MedCLIP-SAMv2/data/MAS3K/extracted/MAS3K/img/Stingaree_2755.jpg,
/home/woojye2020/decs_jupyter_lab/MedCLIP-SAMv2/data/MAS3K/extracted/MAS3K/img/Stingaree_2759.jpg,Stingaree_2759.jpg,Stingaree,30,There is a stingaree hidden in the natural background.,original,Stingaree,33,/home/woojye2020/decs_jupyter_lab/MedCLIP-SAMv2/data/MAS3K/extracted/MAS3K/img/Stingaree_2759.jpg,
/home/woojye2020/decs_jupyter_lab/MedCLIP-SAMv2/data/MAS3K/extracted/MAS3K/img/Stingaree_2764.jpg,Stingaree_2764.jpg,Stingaree,30,There is a stingaree hidden in the natural background.,original,Stingaree,33,/home/woojye2020/decs_jupyter_lab/MedCLIP-SAMv2/data/MAS3K/extracted/MAS3K/img/Stingaree_2764.jpg,
/home/woojye2020/decs_jupyter_lab/MedCLIP-SAMv2/data/MAS3K/extracted/MAS3K/img/Stingaree_2777.jpg,Stingaree_2777.jpg,Stingaree,30,There is a stingaree hidden in the natural background.,original,Stingaree,33,/home/woojye2020/decs_jupyter_lab/MedCLIP-SAMv2/data/MAS3K/extracted/MAS3K/img/Stingaree_2777.jpg,
/home/woojye2020/decs_jupyter_lab/MedCLIP-SAMv2/data/MAS3K/extracted/MAS3K/img/Stingaree_2779.jpg,Stingaree_2779.jpg,Stingaree,30,There is a stingaree hidden in the natural background.,original,Stingaree,33,/home/woojye2020/decs_jupyter_lab/MedCLIP-SAMv2/data/MAS3K/extracted/MAS3K/img/Stingaree_2779.jpg,
/home/woojye2020/decs_jupyter_lab/MedCLIP-SAMv2/data/MAS3K/extracted/MAS3K/img/Stingaree_2780.jpg,Stingaree_2780.jpg,Stingaree,30,There is a stingaree hidden in the natural background.,original,Stingaree,33,/home/woojye2020/decs_jupyter_lab/MedCLIP-SAMv2/data/MAS3K/extracted/MAS3K/img/Stingaree_2780.jpg,
/home/woojye2020/decs_jupyter_lab/MedCLIP-SAMv2/data/MAS3K/extracted/MAS3K/img/Stingaree_2788.jpg,Stingaree_2788.jpg,Stingaree,30,There is a stingaree hidden in the natural background.,original,Stingaree,33,/home/woojye2020/decs_jupyter_lab/MedCLIP-SAMv2/data/MAS3K/extracted/MAS3K/img/Stingaree_2788.jpg,
/home/woojye2020/decs_jupyter_lab/MedCLIP-SAMv2/data/MAS3K/extracted/MAS3K/img/Stingaree_2795.jpg,Stingaree_2795.jpg,Stingaree,30,There is a stingaree hidden in the natural background.,original,Stingaree,33,/home/woojye2020/decs_jupyter_lab/MedCLIP-SAMv2/data/MAS3K/extracted/MAS3K/img/Stingaree_2795.jpg,
/home/woojye2020/decs_jupyter_lab/MedCLIP-SAMv2/data/MAS3K/extracted/MAS3K/img/SurgeonFish_1945.jpg,SurgeonFish_1945.jpg,SurgeonFish,31,There is a surgeonfish hidden in the natural background.,original,SurgeonFish,34,/home/woojye2020/decs_jupyter_lab/MedCLIP-SAMv2/data/MAS3K/extracted/MAS3K/img/SurgeonFish_1945.jpg,
/home/woojye2020/decs_jupyter_lab/MedCLIP-SAMv2/data/MAS3K/extracted/MAS3K/img/SurgeonFish_1946.jpg,SurgeonFish_1946.jpg,SurgeonFish,31,There is a surgeonfish hidden in the natural background.,original,SurgeonFish,34,/home/woojye2020/decs_jupyter_lab/MedCLIP-SAMv2/data/MAS3K/extracted/MAS3K/img/SurgeonFish_1946.jpg,
/home/woojye2020/decs_jupyter_lab/MedCLIP-SAMv2/data/MAS3K/extracted/MAS3K/img/SurgeonFish_1948.jpg,SurgeonFish_1948.jpg,SurgeonFish,31,There is a surgeonfish hidden in the natural background.,original,SurgeonFish,34,/home/woojye2020/decs_jupyter_lab/MedCLIP-SAMv2/data/MAS3K/extracted/MAS3K/img/SurgeonFish_1948.jpg,
/home/woojye2020/decs_jupyter_lab/MedCLIP-SAMv2/data/MAS3K/extracted/MAS3K/img/SurgeonFish_1953.jpg,SurgeonFish_1953.jpg,SurgeonFish,31,There is a surgeonfish hidden in the natural background.,original,SurgeonFish,34,/home/woojye2020/decs_jupyter_lab/MedCLIP-SAMv2/data/MAS3K/extracted/MAS3K/img/SurgeonFish_1953.jpg,
/home/woojye2020/decs_jupyter_lab/MedCLIP-SAMv2/data/MAS3K/extracted/MAS3K/img/SurgeonFish_1960.jpg,SurgeonFish_1960.jpg,SurgeonFish,31,There is a surgeonfish hidden in the natural background.,original,SurgeonFish,34,/home/woojye2020/decs_jupyter_lab/MedCLIP-SAMv2/data/MAS3K/extracted/MAS3K/img/SurgeonFish_1960.jpg,
/home/woojye2020/decs_jupyter_lab/MedCLIP-SAMv2/data/MAS3K/extracted/MAS3K/img/SurgeonFish_1969.jpg,SurgeonFish_1969.jpg,SurgeonFish,31,There is a surgeonfish hidden in the natural background.,original,SurgeonFish,34,/home/woojye2020/decs_jupyter_lab/MedCLIP-SAMv2/data/MAS3K/extracted/MAS3K/img/SurgeonFish_1969.jpg,
/home/woojye2020/decs_jupyter_lab/MedCLIP-SAMv2/data/MAS3K/extracted/MAS3K/img/SurgeonFish_1970.jpg,SurgeonFish_1970.jpg,SurgeonFish,31,There is a surgeonfish hidden in the natural background.,original,SurgeonFish,34,/home/woojye2020/decs_jupyter_lab/MedCLIP-SAMv2/data/MAS3K/extracted/MAS3K/img/SurgeonFish_1970.jpg,
/home/woojye2020/decs_jupyter_lab/MedCLIP-SAMv2/data/MAS3K/extracted/MAS3K/img/Turtle_547.jpg,Turtle_547.jpg,Turtle,32,There is a turtle hidden in the natural background.,original,Turtle,36,/home/woojye2020/decs_jupyter_lab/MedCLIP-SAMv2/data/MAS3K/extracted/MAS3K/img/Turtle_547.jpg,
/home/woojye2020/decs_jupyter_lab/MedCLIP-SAMv2/data/MAS3K/extracted/MAS3K/img/Turtle_549.jpg,Turtle_549.jpg,Turtle,32,There is a turtle hidden in the natural background.,original,Turtle,36,/home/woojye2020/decs_jupyter_lab/MedCLIP-SAMv2/data/MAS3K/extracted/MAS3K/img/Turtle_549.jpg,
/home/woojye2020/decs_jupyter_lab/MedCLIP-SAMv2/data/MAS3K/extracted/MAS3K/img/Turtle_552.jpg,Turtle_552.jpg,Turtle,32,There is a turtle hidden in the natural background.,original,Turtle,36,/home/woojye2020/decs_jupyter_lab/MedCLIP-SAMv2/data/MAS3K/extracted/MAS3K/img/Turtle_552.jpg,
/home/woojye2020/decs_jupyter_lab/MedCLIP-SAMv2/data/MAS3K/extracted/MAS3K/img/Turtle_557.jpg,Turtle_557.jpg,Turtle,32,There is a turtle hidden in the natural background.,original,Turtle,36,/home/woojye2020/decs_jupyter_lab/MedCLIP-SAMv2/data/MAS3K/extracted/MAS3K/img/Turtle_557.jpg,
/home/woojye2020/decs_jupyter_lab/MedCLIP-SAMv2/data/MAS3K/extracted/MAS3K/img/Turtle_559.jpg,Turtle_559.jpg,Turtle,32,There is a turtle hidden in the natural background.,original,Turtle,36,/home/woojye2020/decs_jupyter_lab/MedCLIP-SAMv2/data/MAS3K/extracted/MAS3K/img/Turtle_559.jpg,
/home/woojye2020/decs_jupyter_lab/MedCLIP-SAMv2/data/MAS3K/extracted/MAS3K/img/Turtle_560.jpg,Turtle_560.jpg,Turtle,32,There is a turtle hidden in the natural background.,original,Turtle,36,/home/woojye2020/decs_jupyter_lab/MedCLIP-SAMv2/data/MAS3K/extracted/MAS3K/img/Turtle_560.jpg,
/home/woojye2020/decs_jupyter_lab/MedCLIP-SAMv2/data/MAS3K/extracted/MAS3K/img/Turtle_570.jpg,Turtle_570.jpg,Turtle,32,There is a turtle hidden in the natural background.,original,Turtle,36,/home/woojye2020/decs_jupyter_lab/MedCLIP-SAMv2/data/MAS3K/extracted/MAS3K/img/Turtle_570.jpg,
/home/woojye2020/decs_jupyter_lab/MedCLIP-SAMv2/data/MAS3K/extracted/MAS3K/img/Turtle_577.jpg,Turtle_577.jpg,Turtle,32,There is a turtle hidden in the natural background.,original,Turtle,36,/home/woojye2020/decs_jupyter_lab/MedCLIP-SAMv2/data/MAS3K/extracted/MAS3K/img/Turtle_577.jpg,
/home/woojye2020/decs_jupyter_lab/MedCLIP-SAMv2/data/MAS3K/extracted/MAS3K/img/Turtle_579.jpg,Turtle_579.jpg,Turtle,32,There is a turtle hidden in the natural background.,original,Turtle,36,/home/woojye2020/decs_jupyter_lab/MedCLIP-SAMv2/data/MAS3K/extracted/MAS3K/img/Turtle_579.jpg,
/home/woojye2020/decs_jupyter_lab/MedCLIP-SAMv2/data/MAS3K/extracted/MAS3K/img/Turtle_583.jpg,Turtle_583.jpg,Turtle,32,There is a turtle hidden in the natural background.,original,Turtle,36,/home/woojye2020/decs_jupyter_lab/MedCLIP-SAMv2/data/MAS3K/extracted/MAS3K/img/Turtle_583.jpg,
/home/woojye2020/decs_jupyter_lab/MedCLIP-SAMv2/data/MAS3K/extracted/MAS3K/img/Turtle_596.jpg,Turtle_596.jpg,Turtle,32,There is a turtle hidden in the natural background.,original,Turtle,36,/home/woojye2020/decs_jupyter_lab/MedCLIP-SAMv2/data/MAS3K/extracted/MAS3K/img/Turtle_596.jpg,
/home/woojye2020/decs_jupyter_lab/MedCLIP-SAMv2/data/MAS3K/extracted/MAS3K/img/Turtle_597.jpg,Turtle_597.jpg,Turtle,32,There is a turtle hidden in the natural background.,original,Turtle,36,/home/woojye2020/decs_jupyter_lab/MedCLIP-SAMv2/data/MAS3K/extracted/MAS3K/img/Turtle_597.jpg,
/home/woojye2020/decs_jupyter_lab/MedCLIP-SAMv2/data/MAS3K/extracted/MAS3K/img/Turtle_600.jpg,Turtle_600.jpg,Turtle,32,There is a turtle hidden in the natural background.,original,Turtle,36,/home/woojye2020/decs_jupyter_lab/MedCLIP-SAMv2/data/MAS3K/extracted/MAS3K/img/Turtle_600.jpg,
/home/woojye2020/decs_jupyter_lab/MedCLIP-SAMv2/data/MAS3K/extracted/MAS3K/img/Turtle_602.jpg,Turtle_602.jpg,Turtle,32,There is a turtle hidden in the natural background.,original,Turtle,36,/home/woojye2020/decs_jupyter_lab/MedCLIP-SAMv2/data/MAS3K/extracted/MAS3K/img/Turtle_602.jpg,
/home/woojye2020/decs_jupyter_lab/MedCLIP-SAMv2/data/MAS3K/extracted/MAS3K/img/Turtle_608.jpg,Turtle_608.jpg,Turtle,32,There is a turtle hidden in the natural background.,original,Turtle,36,/home/woojye2020/decs_jupyter_lab/MedCLIP-SAMv2/data/MAS3K/extracted/MAS3K/img/Turtle_608.jpg,
/home/woojye2020/decs_jupyter_lab/MedCLIP-SAMv2/data/MAS3K/extracted/MAS3K/img/Turtle_614.jpg,Turtle_614.jpg,Turtle,32,There is a turtle hidden in the natural background.,original,Turtle,36,/home/woojye2020/decs_jupyter_lab/MedCLIP-SAMv2/data/MAS3K/extracted/MAS3K/img/Turtle_614.jpg,
/home/woojye2020/decs_jupyter_lab/MedCLIP-SAMv2/data/MAS3K/extracted/MAS3K/img/Turtle_620.jpg,Turtle_620.jpg,Turtle,32,There is a turtle hidden in the natural background.,original,Turtle,36,/home/woojye2020/decs_jupyter_lab/MedCLIP-SAMv2/data/MAS3K/extracted/MAS3K/img/Turtle_620.jpg,
/home/woojye2020/decs_jupyter_lab/MedCLIP-SAMv2/data/MAS3K/extracted/MAS3K/img/Turtle_627.jpg,Turtle_627.jpg,Turtle,32,There is a turtle hidden in the natural background.,original,Turtle,36,/home/woojye2020/decs_jupyter_lab/MedCLIP-SAMv2/data/MAS3K/extracted/MAS3K/img/Turtle_627.jpg,
/home/woojye2020/decs_jupyter_lab/MedCLIP-SAMv2/data/MAS3K/extracted/MAS3K/img/Turtle_632.jpg,Turtle_632.jpg,Turtle,32,There is a turtle hidden in the natural background.,original,Turtle,36,/home/woojye2020/decs_jupyter_lab/MedCLIP-SAMv2/data/MAS3K/extracted/MAS3K/img/Turtle_632.jpg,
/home/woojye2020/decs_jupyter_lab/MedCLIP-SAMv2/data/MAS3K/extracted/MAS3K/img/Turtle_634.jpg,Turtle_634.jpg,Turtle,32,There is a turtle hidden in the natural background.,original,Turtle,36,/home/woojye2020/decs_jupyter_lab/MedCLIP-SAMv2/data/MAS3K/extracted/MAS3K/img/Turtle_634.jpg,
/home/woojye2020/decs_jupyter_lab/MedCLIP-SAMv2/data/MAS3K/extracted/MAS3K/img/Turtle_646.jpg,Turtle_646.jpg,Turtle,32,There is a turtle hidden in the natural background.,original,Turtle,36,/home/woojye2020/decs_jupyter_lab/MedCLIP-SAMv2/data/MAS3K/extracted/MAS3K/img/Turtle_646.jpg,
/home/woojye2020/decs_jupyter_lab/MedCLIP-SAMv2/data/MAS3K/extracted/MAS3K/img/Turtle_654.jpg,Turtle_654.jpg,Turtle,32,There is a turtle hidden in the natural background.,original,Turtle,36,/home/woojye2020/decs_jupyter_lab/MedCLIP-SAMv2/data/MAS3K/extracted/MAS3K/img/Turtle_654.jpg,
/home/woojye2020/decs_jupyter_lab/MedCLIP-SAMv2/data/MAS3K/extracted/MAS3K/img/Turtle_655.jpg,Turtle_655.jpg,Turtle,32,There is a turtle hidden in the natural background.,original,Turtle,36,/home/woojye2020/decs_jupyter_lab/MedCLIP-SAMv2/data/MAS3K/extracted/MAS3K/img/Turtle_655.jpg,
/home/woojye2020/decs_jupyter_lab/MedCLIP-SAMv2/data/MAS3K/extracted/MAS3K/img/Turtle_658.jpg,Turtle_658.jpg,Turtle,32,There is a turtle hidden in the natural background.,original,Turtle,36,/home/woojye2020/decs_jupyter_lab/MedCLIP-SAMv2/data/MAS3K/extracted/MAS3K/img/Turtle_658.jpg,
/home/woojye2020/decs_jupyter_lab/MedCLIP-SAMv2/data/MAS3K/extracted/MAS3K/img/Turtle_659.jpg,Turtle_659.jpg,Turtle,32,There is a turtle hidden in the natural background.,original,Turtle,36,/home/woojye2020/decs_jupyter_lab/MedCLIP-SAMv2/data/MAS3K/extracted/MAS3K/img/Turtle_659.jpg,
/home/woojye2020/decs_jupyter_lab/MedCLIP-SAMv2/data/MAS3K/extracted/MAS3K/img/Turtle_667.jpg,Turtle_667.jpg,Turtle,32,There is a turtle hidden in the natural background.,original,Turtle,36,/home/woojye2020/decs_jupyter_lab/MedCLIP-SAMv2/data/MAS3K/extracted/MAS3K/img/Turtle_667.jpg,
/home/woojye2020/decs_jupyter_lab/MedCLIP-SAMv2/data/MAS3K/extracted/MAS3K/img/Turtle_669.jpg,Turtle_669.jpg,Turtle,32,There is a turtle hidden in the natural background.,original,Turtle,36,/home/woojye2020/decs_jupyter_lab/MedCLIP-SAMv2/data/MAS3K/extracted/MAS3K/img/Turtle_669.jpg,
/home/woojye2020/decs_jupyter_lab/MedCLIP-SAMv2/data/MAS3K/extracted/MAS3K/img/Turtle_682.jpg,Turtle_682.jpg,Turtle,32,There is a turtle hidden in the natural background.,original,Turtle,36,/home/woojye2020/decs_jupyter_lab/MedCLIP-SAMv2/data/MAS3K/extracted/MAS3K/img/Turtle_682.jpg,
/home/woojye2020/decs_jupyter_lab/MedCLIP-SAMv2/data/MAS3K/extracted/MAS3K/img/Turtle_695.jpg,Turtle_695.jpg,Turtle,32,There is a turtle hidden in the natural background.,original,Turtle,36,/home/woojye2020/decs_jupyter_lab/MedCLIP-SAMv2/data/MAS3K/extracted/MAS3K/img/Turtle_695.jpg,
/home/woojye2020/decs_jupyter_lab/MedCLIP-SAMv2/data/MAS3K/extracted/MAS3K/img/Turtle_706.jpg,Turtle_706.jpg,Turtle,32,There is a turtle hidden in the natural background.,original,Turtle,36,/home/woojye2020/decs_jupyter_lab/MedCLIP-SAMv2/data/MAS3K/extracted/MAS3K/img/Turtle_706.jpg,
/home/woojye2020/decs_jupyter_lab/MedCLIP-SAMv2/data/MAS3K/extracted/MAS3K/img/Turtle_714.jpg,Turtle_714.jpg,Turtle,32,There is a turtle hidden in the natural background.,original,Turtle,36,/home/woojye2020/decs_jupyter_lab/MedCLIP-SAMv2/data/MAS3K/extracted/MAS3K/img/Turtle_714.jpg,
/home/woojye2020/decs_jupyter_lab/MedCLIP-SAMv2/data/MAS3K/extracted/MAS3K/img/Turtle_715.jpg,Turtle_715.jpg,Turtle,32,There is a turtle hidden in the natural background.,original,Turtle,36,/home/woojye2020/decs_jupyter_lab/MedCLIP-SAMv2/data/MAS3K/extracted/MAS3K/img/Turtle_715.jpg,
/home/woojye2020/decs_jupyter_lab/MedCLIP-SAMv2/data/MAS3K/extracted/MAS3K/img/Turtle_723.jpg,Turtle_723.jpg,Turtle,32,There is a turtle hidden in the natural background.,original,Turtle,36,/home/woojye2020/decs_jupyter_lab/MedCLIP-SAMv2/data/MAS3K/extracted/MAS3K/img/Turtle_723.jpg,
/home/woojye2020/decs_jupyter_lab/MedCLIP-SAMv2/data/MAS3K/extracted/MAS3K/img/Turtle_725.jpg,Turtle_725.jpg,Turtle,32,There is a turtle hidden in the natural background.,original,Turtle,36,/home/woojye2020/decs_jupyter_lab/MedCLIP-SAMv2/data/MAS3K/extracted/MAS3K/img/Turtle_725.jpg,
/home/woojye2020/decs_jupyter_lab/MedCLIP-SAMv2/data/MAS3K/extracted/MAS3K/img/Turtle_726.jpg,Turtle_726.jpg,Turtle,32,There is a turtle hidden in the natural background.,original,Turtle,36,/home/woojye2020/decs_jupyter_lab/MedCLIP-SAMv2/data/MAS3K/extracted/MAS3K/img/Turtle_726.jpg,
/home/woojye2020/decs_jupyter_lab/MedCLIP-SAMv2/data/MAS3K/extracted/MAS3K/img/Turtle_733.jpg,Turtle_733.jpg,Turtle,32,There is a turtle hidden in the natural background.,original,Turtle,36,/home/woojye2020/decs_jupyter_lab/MedCLIP-SAMv2/data/MAS3K/extracted/MAS3K/img/Turtle_733.jpg,
/home/woojye2020/decs_jupyter_lab/MedCLIP-SAMv2/data/MAS3K/extracted/MAS3K/img/Turtle_736.jpg,Turtle_736.jpg,Turtle,32,There is a turtle hidden in the natural background.,original,Turtle,36,/home/woojye2020/decs_jupyter_lab/MedCLIP-SAMv2/data/MAS3K/extracted/MAS3K/img/Turtle_736.jpg,
/home/woojye2020/decs_jupyter_lab/MedCLIP-SAMv2/data/MAS3K/extracted/MAS3K/img/Turtle_739.jpg,Turtle_739.jpg,Turtle,32,There is a turtle hidden in the natural background.,original,Turtle,36,/home/woojye2020/decs_jupyter_lab/MedCLIP-SAMv2/data/MAS3K/extracted/MAS3K/img/Turtle_739.jpg,
/home/woojye2020/decs_jupyter_lab/MedCLIP-SAMv2/data/MAS3K/extracted/MAS3K/img/Turtle_740.jpg,Turtle_740.jpg,Turtle,32,There is a turtle hidden in the natural background.,original,Turtle,36,/home/woojye2020/decs_jupyter_lab/MedCLIP-SAMv2/data/MAS3K/extracted/MAS3K/img/Turtle_740.jpg,
/home/woojye2020/decs_jupyter_lab/MedCLIP-SAMv2/data/MAS3K/extracted/MAS3K/img/Turtle_743.jpg,Turtle_743.jpg,Turtle,32,There is a turtle hidden in the natural background.,original,Turtle,36,/home/woojye2020/decs_jupyter_lab/MedCLIP-SAMv2/data/MAS3K/extracted/MAS3K/img/Turtle_743.jpg,
/home/woojye2020/decs_jupyter_lab/MedCLIP-SAMv2/data/MAS3K_medclipsam/test_images_sd15_inpainting_v1/AngelFish_2824.jpg,AngelFish_2824.jpg,no camouflaged animal,33,There is no camouflaged animal hidden in the natural background.,sd15_inpainting_no_object,AngelFish,0,/home/woojye2020/decs_jupyter_lab/MedCLIP-SAMv2/data/MAS3K/extracted/MAS3K/img/AngelFish_2824.jpg,/home/woojye2020/decs_jupyter_lab/MedCLIP-SAMv2/data/MAS3K_medclipsam/test_images_sd15_inpainting_v1/generation_metadata.jsonl
/home/woojye2020/decs_jupyter_lab/MedCLIP-SAMv2/data/MAS3K_medclipsam/test_images_sd15_inpainting_v1/AngelFish_2833.jpg,AngelFish_2833.jpg,no camouflaged animal,33,There is no camouflaged animal hidden in the natural background.,sd15_inpainting_no_object,AngelFish,0,/home/woojye2020/decs_jupyter_lab/MedCLIP-SAMv2/data/MAS3K/extracted/MAS3K/img/AngelFish_2833.jpg,/home/woojye2020/decs_jupyter_lab/MedCLIP-SAMv2/data/MAS3K_medclipsam/test_images_sd15_inpainting_v1/generation_metadata.jsonl
/home/woojye2020/decs_jupyter_lab/MedCLIP-SAMv2/data/MAS3K_medclipsam/test_images_sd15_inpainting_v1/BatFish_2886.jpg,BatFish_2886.jpg,no camouflaged animal,33,There is no camouflaged animal hidden in the natural background.,sd15_inpainting_no_object,BatFish,1,/home/woojye2020/decs_jupyter_lab/MedCLIP-SAMv2/data/MAS3K/extracted/MAS3K/img/BatFish_2886.jpg,/home/woojye2020/decs_jupyter_lab/MedCLIP-SAMv2/data/MAS3K_medclipsam/test_images_sd15_inpainting_v1/generation_metadata.jsonl
/home/woojye2020/decs_jupyter_lab/MedCLIP-SAMv2/data/MAS3K_medclipsam/test_images_sd15_inpainting_v1/BatFish_2888.jpg,BatFish_2888.jpg,no camouflaged animal,33,There is no camouflaged animal hidden in the natural background.,sd15_inpainting_no_object,BatFish,1,/home/woojye2020/decs_jupyter_lab/MedCLIP-SAMv2/data/MAS3K/extracted/MAS3K/img/BatFish_2888.jpg,/home/woojye2020/decs_jupyter_lab/MedCLIP-SAMv2/data/MAS3K_medclipsam/test_images_sd15_inpainting_v1/generation_metadata.jsonl
/home/woojye2020/decs_jupyter_lab/MedCLIP-SAMv2/data/MAS3K_medclipsam/test_images_sd15_inpainting_v1/Butterflyfish_1003.jpg,Butterflyfish_1003.jpg,no camouflaged animal,33,There is no camouflaged animal hidden in the natural background.,sd15_inpainting_no_object,Butterflyfish,2,/home/woojye2020/decs_jupyter_lab/MedCLIP-SAMv2/data/MAS3K/extracted/MAS3K/img/Butterflyfish_1003.jpg,/home/woojye2020/decs_jupyter_lab/MedCLIP-SAMv2/data/MAS3K_medclipsam/test_images_sd15_inpainting_v1/generation_metadata.jsonl
/home/woojye2020/decs_jupyter_lab/MedCLIP-SAMv2/data/MAS3K_medclipsam/test_images_sd15_inpainting_v1/Butterflyfish_1006.jpg,Butterflyfish_1006.jpg,no camouflaged animal,33,There is no camouflaged animal hidden in the natural background.,sd15_inpainting_no_object,Butterflyfish,2,/home/woojye2020/decs_jupyter_lab/MedCLIP-SAMv2/data/MAS3K/extracted/MAS3K/img/Butterflyfish_1006.jpg,/home/woojye2020/decs_jupyter_lab/MedCLIP-SAMv2/data/MAS3K_medclipsam/test_images_sd15_inpainting_v1/generation_metadata.jsonl
/home/woojye2020/decs_jupyter_lab/MedCLIP-SAMv2/data/MAS3K_medclipsam/test_images_sd15_inpainting_v1/Butterflyfish_1007.jpg,Butterflyfish_1007.jpg,no camouflaged animal,33,There is no camouflaged animal hidden in the natural background.,sd15_inpainting_no_object,Butterflyfish,2,/home/woojye2020/decs_jupyter_lab/MedCLIP-SAMv2/data/MAS3K/extracted/MAS3K/img/Butterflyfish_1007.jpg,/home/woojye2020/decs_jupyter_lab/MedCLIP-SAMv2/data/MAS3K_medclipsam/test_images_sd15_inpainting_v1/generation_metadata.jsonl
/home/woojye2020/decs_jupyter_lab/MedCLIP-SAMv2/data/MAS3K_medclipsam/test_images_sd15_inpainting_v1/Butterflyfish_984.jpg,Butterflyfish_984.jpg,no camouflaged animal,33,There is no camouflaged animal hidden in the natural background.,sd15_inpainting_no_object,Butterflyfish,2,/home/woojye2020/decs_jupyter_lab/MedCLIP-SAMv2/data/MAS3K/extracted/MAS3K/img/Butterflyfish_984.jpg,/home/woojye2020/decs_jupyter_lab/MedCLIP-SAMv2/data/MAS3K_medclipsam/test_images_sd15_inpainting_v1/generation_metadata.jsonl
/home/woojye2020/decs_jupyter_lab/MedCLIP-SAMv2/data/MAS3K_medclipsam/test_images_sd15_inpainting_v1/Butterflyfish_991.jpg,Butterflyfish_991.jpg,no camouflaged animal,33,There is no camouflaged animal hidden in the natural background.,sd15_inpainting_no_object,Butterflyfish,2,/home/woojye2020/decs_jupyter_lab/MedCLIP-SAMv2/data/MAS3K/extracted/MAS3K/img/Butterflyfish_991.jpg,/home/woojye2020/decs_jupyter_lab/MedCLIP-SAMv2/data/MAS3K_medclipsam/test_images_sd15_inpainting_v1/generation_metadata.jsonl
/home/woojye2020/decs_jupyter_lab/MedCLIP-SAMv2/data/MAS3K_medclipsam/test_images_sd15_inpainting_v1/Butterflyfish_993.jpg,Butterflyfish_993.jpg,no camouflaged animal,33,There is no camouflaged animal hidden in the natural background.,sd15_inpainting_no_object,Butterflyfish,2,/home/woojye2020/decs_jupyter_lab/MedCLIP-SAMv2/data/MAS3K/extracted/MAS3K/img/Butterflyfish_993.jpg,/home/woojye2020/decs_jupyter_lab/MedCLIP-SAMv2/data/MAS3K_medclipsam/test_images_sd15_inpainting_v1/generation_metadata.jsonl
/home/woojye2020/decs_jupyter_lab/MedCLIP-SAMv2/data/MAS3K_medclipsam/test_images_sd15_inpainting_v1/ClownFish_928.jpg,ClownFish_928.jpg,no camouflaged animal,33,There is no camouflaged animal hidden in the natural background.,sd15_inpainting_no_object,ClownFish,3,/home/woojye2020/decs_jupyter_lab/MedCLIP-SAMv2/data/MAS3K/extracted/MAS3K/img/ClownFish_928.jpg,/home/woojye2020/decs_jupyter_lab/MedCLIP-SAMv2/data/MAS3K_medclipsam/test_images_sd15_inpainting_v1/generation_metadata.jsonl
/home/woojye2020/decs_jupyter_lab/MedCLIP-SAMv2/data/MAS3K_medclipsam/test_images_sd15_inpainting_v1/ClownFish_929.jpg,ClownFish_929.jpg,no camouflaged animal,33,There is no camouflaged animal hidden in the natural background.,sd15_inpainting_no_object,ClownFish,3,/home/woojye2020/decs_jupyter_lab/MedCLIP-SAMv2/data/MAS3K/extracted/MAS3K/img/ClownFish_929.jpg,/home/woojye2020/decs_jupyter_lab/MedCLIP-SAMv2/data/MAS3K_medclipsam/test_images_sd15_inpainting_v1/generation_metadata.jsonl
/home/woojye2020/decs_jupyter_lab/MedCLIP-SAMv2/data/MAS3K_medclipsam/test_images_sd15_inpainting_v1/ClownFish_935.jpg,ClownFish_935.jpg,no camouflaged animal,33,There is no camouflaged animal hidden in the natural background.,sd15_inpainting_no_object,ClownFish,3,/home/woojye2020/decs_jupyter_lab/MedCLIP-SAMv2/data/MAS3K/extracted/MAS3K/img/ClownFish_935.jpg,/home/woojye2020/decs_jupyter_lab/MedCLIP-SAMv2/data/MAS3K_medclipsam/test_images_sd15_inpainting_v1/generation_metadata.jsonl
/home/woojye2020/decs_jupyter_lab/MedCLIP-SAMv2/data/MAS3K_medclipsam/test_images_sd15_inpainting_v1/ClownFish_943.jpg,ClownFish_943.jpg,no camouflaged animal,33,There is no camouflaged animal hidden in the natural background.,sd15_inpainting_no_object,ClownFish,3,/home/woojye2020/decs_jupyter_lab/MedCLIP-SAMv2/data/MAS3K/extracted/MAS3K/img/ClownFish_943.jpg,/home/woojye2020/decs_jupyter_lab/MedCLIP-SAMv2/data/MAS3K_medclipsam/test_images_sd15_inpainting_v1/generation_metadata.jsonl
/home/woojye2020/decs_jupyter_lab/MedCLIP-SAMv2/data/MAS3K_medclipsam/test_images_sd15_inpainting_v1/ClownFish_947.jpg,ClownFish_947.jpg,no camouflaged animal,33,There is no camouflaged animal hidden in the natural background.,sd15_inpainting_no_object,ClownFish,3,/home/woojye2020/decs_jupyter_lab/MedCLIP-SAMv2/data/MAS3K/extracted/MAS3K/img/ClownFish_947.jpg,/home/woojye2020/decs_jupyter_lab/MedCLIP-SAMv2/data/MAS3K_medclipsam/test_images_sd15_inpainting_v1/generation_metadata.jsonl
/home/woojye2020/decs_jupyter_lab/MedCLIP-SAMv2/data/MAS3K_medclipsam/test_images_sd15_inpainting_v1/ClownFish_956.jpg,ClownFish_956.jpg,no camouflaged animal,33,There is no camouflaged animal hidden in the natural background.,sd15_inpainting_no_object,ClownFish,3,/home/woojye2020/decs_jupyter_lab/MedCLIP-SAMv2/data/MAS3K/extracted/MAS3K/img/ClownFish_956.jpg,/home/woojye2020/decs_jupyter_lab/MedCLIP-SAMv2/data/MAS3K_medclipsam/test_images_sd15_inpainting_v1/generation_metadata.jsonl
/home/woojye2020/decs_jupyter_lab/MedCLIP-SAMv2/data/MAS3K_medclipsam/test_images_sd15_inpainting_v1/ClownFish_959.jpg,ClownFish_959.jpg,no camouflaged animal,33,There is no camouflaged animal hidden in the natural background.,sd15_inpainting_no_object,ClownFish,3,/home/woojye2020/decs_jupyter_lab/MedCLIP-SAMv2/data/MAS3K/extracted/MAS3K/img/ClownFish_959.jpg,/home/woojye2020/decs_jupyter_lab/MedCLIP-SAMv2/data/MAS3K_medclipsam/test_images_sd15_inpainting_v1/generation_metadata.jsonl
/home/woojye2020/decs_jupyter_lab/MedCLIP-SAMv2/data/MAS3K_medclipsam/test_images_sd15_inpainting_v1/ClownFish_964.jpg,ClownFish_964.jpg,no camouflaged animal,33,There is no camouflaged animal hidden in the natural background.,sd15_inpainting_no_object,ClownFish,3,/home/woojye2020/decs_jupyter_lab/MedCLIP-SAMv2/data/MAS3K/extracted/MAS3K/img/ClownFish_964.jpg,/home/woojye2020/decs_jupyter_lab/MedCLIP-SAMv2/data/MAS3K_medclipsam/test_images_sd15_inpainting_v1/generation_metadata.jsonl
/home/woojye2020/decs_jupyter_lab/MedCLIP-SAMv2/data/MAS3K_medclipsam/test_images_sd15_inpainting_v1/ClownFish_970.jpg,ClownFish_970.jpg,no camouflaged animal,33,There is no camouflaged animal hidden in the natural background.,sd15_inpainting_no_object,ClownFish,3,/home/woojye2020/decs_jupyter_lab/MedCLIP-SAMv2/data/MAS3K/extracted/MAS3K/img/ClownFish_970.jpg,/home/woojye2020/decs_jupyter_lab/MedCLIP-SAMv2/data/MAS3K_medclipsam/test_images_sd15_inpainting_v1/generation_metadata.jsonl
/home/woojye2020/decs_jupyter_lab/MedCLIP-SAMv2/data/MAS3K_medclipsam/test_images_sd15_inpainting_v1/ClownFish_973.jpg,ClownFish_973.jpg,no camouflaged animal,33,There is no camouflaged animal hidden in the natural background.,sd15_inpainting_no_object,ClownFish,3,/home/woojye2020/decs_jupyter_lab/MedCLIP-SAMv2/data/MAS3K/extracted/MAS3K/img/ClownFish_973.jpg,/home/woojye2020/decs_jupyter_lab/MedCLIP-SAMv2/data/MAS3K_medclipsam/test_images_sd15_inpainting_v1/generation_metadata.jsonl
/home/woojye2020/decs_jupyter_lab/MedCLIP-SAMv2/data/MAS3K_medclipsam/test_images_sd15_inpainting_v1/ClownFish_974.jpg,ClownFish_974.jpg,no camouflaged animal,33,There is no camouflaged animal hidden in the natural background.,sd15_inpainting_no_object,ClownFish,3,/home/woojye2020/decs_jupyter_lab/MedCLIP-SAMv2/data/MAS3K/extracted/MAS3K/img/ClownFish_974.jpg,/home/woojye2020/decs_jupyter_lab/MedCLIP-SAMv2/data/MAS3K_medclipsam/test_images_sd15_inpainting_v1/generation_metadata.jsonl
/home/woojye2020/decs_jupyter_lab/MedCLIP-SAMv2/data/MAS3K_medclipsam/test_images_sd15_inpainting_v1/ClownFish_975.jpg,ClownFish_975.jpg,no camouflaged animal,33,There is no camouflaged animal hidden in the natural background.,sd15_inpainting_no_object,ClownFish,3,/home/woojye2020/decs_jupyter_lab/MedCLIP-SAMv2/data/MAS3K/extracted/MAS3K/img/ClownFish_975.jpg,/home/woojye2020/decs_jupyter_lab/MedCLIP-SAMv2/data/MAS3K_medclipsam/test_images_sd15_inpainting_v1/generation_metadata.jsonl
/home/woojye2020/decs_jupyter_lab/MedCLIP-SAMv2/data/MAS3K_medclipsam/test_images_sd15_inpainting_v1/Conch_101.jpg,Conch_101.jpg,no camouflaged animal,33,There is no camouflaged animal hidden in the natural background.,sd15_inpainting_no_object,Conch,4,/home/woojye2020/decs_jupyter_lab/MedCLIP-SAMv2/data/MAS3K/extracted/MAS3K/img/Conch_101.jpg,/home/woojye2020/decs_jupyter_lab/MedCLIP-SAMv2/data/MAS3K_medclipsam/test_images_sd15_inpainting_v1/generation_metadata.jsonl
/home/woojye2020/decs_jupyter_lab/MedCLIP-SAMv2/data/MAS3K_medclipsam/test_images_sd15_inpainting_v1/Conch_12.jpg,Conch_12.jpg,no camouflaged animal,33,There is no camouflaged animal hidden in the natural background.,sd15_inpainting_no_object,Conch,4,/home/woojye2020/decs_jupyter_lab/MedCLIP-SAMv2/data/MAS3K/extracted/MAS3K/img/Conch_12.jpg,/home/woojye2020/decs_jupyter_lab/MedCLIP-SAMv2/data/MAS3K_medclipsam/test_images_sd15_inpainting_v1/generation_metadata.jsonl
/home/woojye2020/decs_jupyter_lab/MedCLIP-SAMv2/data/MAS3K_medclipsam/test_images_sd15_inpainting_v1/Conch_14.jpg,Conch_14.jpg,no camouflaged animal,33,There is no camouflaged animal hidden in the natural background.,sd15_inpainting_no_object,Conch,4,/home/woojye2020/decs_jupyter_lab/MedCLIP-SAMv2/data/MAS3K/extracted/MAS3K/img/Conch_14.jpg,/home/woojye2020/decs_jupyter_lab/MedCLIP-SAMv2/data/MAS3K_medclipsam/test_images_sd15_inpainting_v1/generation_metadata.jsonl
/home/woojye2020/decs_jupyter_lab/MedCLIP-SAMv2/data/MAS3K_medclipsam/test_images_sd15_inpainting_v1/Conch_20.jpg,Conch_20.jpg,no camouflaged animal,33,There is no camouflaged animal hidden in the natural background.,sd15_inpainting_no_object,Conch,4,/home/woojye2020/decs_jupyter_lab/MedCLIP-SAMv2/data/MAS3K/extracted/MAS3K/img/Conch_20.jpg,/home/woojye2020/decs_jupyter_lab/MedCLIP-SAMv2/data/MAS3K_medclipsam/test_images_sd15_inpainting_v1/generation_metadata.jsonl
/home/woojye2020/decs_jupyter_lab/MedCLIP-SAMv2/data/MAS3K_medclipsam/test_images_sd15_inpainting_v1/Conch_36.jpg,Conch_36.jpg,no camouflaged animal,33,There is no camouflaged animal hidden in the natural background.,sd15_inpainting_no_object,Conch,4,/home/woojye2020/decs_jupyter_lab/MedCLIP-SAMv2/data/MAS3K/extracted/MAS3K/img/Conch_36.jpg,/home/woojye2020/decs_jupyter_lab/MedCLIP-SAMv2/data/MAS3K_medclipsam/test_images_sd15_inpainting_v1/generation_metadata.jsonl
/home/woojye2020/decs_jupyter_lab/MedCLIP-SAMv2/data/MAS3K_medclipsam/test_images_sd15_inpainting_v1/Conch_40.jpg,Conch_40.jpg,no camouflaged animal,33,There is no camouflaged animal hidden in the natural background.,sd15_inpainting_no_object,Conch,4,/home/woojye2020/decs_jupyter_lab/MedCLIP-SAMv2/data/MAS3K/extracted/MAS3K/img/Conch_40.jpg,/home/woojye2020/decs_jupyter_lab/MedCLIP-SAMv2/data/MAS3K_medclipsam/test_images_sd15_inpainting_v1/generation_metadata.jsonl
/home/woojye2020/decs_jupyter_lab/MedCLIP-SAMv2/data/MAS3K_medclipsam/test_images_sd15_inpainting_v1/Conch_45.jpg,Conch_45.jpg,no camouflaged animal,33,There is no camouflaged animal hidden in the natural background.,sd15_inpainting_no_object,Conch,4,/home/woojye2020/decs_jupyter_lab/MedCLIP-SAMv2/data/MAS3K/extracted/MAS3K/img/Conch_45.jpg,/home/woojye2020/decs_jupyter_lab/MedCLIP-SAMv2/data/MAS3K_medclipsam/test_images_sd15_inpainting_v1/generation_metadata.jsonl
/home/woojye2020/decs_jupyter_lab/MedCLIP-SAMv2/data/MAS3K_medclipsam/test_images_sd15_inpainting_v1/Conch_48.jpg,Conch_48.jpg,no camouflaged animal,33,There is no camouflaged animal hidden in the natural background.,sd15_inpainting_no_object,Conch,4,/home/woojye2020/decs_jupyter_lab/MedCLIP-SAMv2/data/MAS3K/extracted/MAS3K/img/Conch_48.jpg,/home/woojye2020/decs_jupyter_lab/MedCLIP-SAMv2/data/MAS3K_medclipsam/test_images_sd15_inpainting_v1/generation_metadata.jsonl
/home/woojye2020/decs_jupyter_lab/MedCLIP-SAMv2/data/MAS3K_medclipsam/test_images_sd15_inpainting_v1/Conch_58.jpg,Conch_58.jpg,no camouflaged animal,33,There is no camouflaged animal hidden in the natural background.,sd15_inpainting_no_object,Conch,4,/home/woojye2020/decs_jupyter_lab/MedCLIP-SAMv2/data/MAS3K/extracted/MAS3K/img/Conch_58.jpg,/home/woojye2020/decs_jupyter_lab/MedCLIP-SAMv2/data/MAS3K_medclipsam/test_images_sd15_inpainting_v1/generation_metadata.jsonl
/home/woojye2020/decs_jupyter_lab/MedCLIP-SAMv2/data/MAS3K_medclipsam/test_images_sd15_inpainting_v1/Conch_59.jpg,Conch_59.jpg,no camouflaged animal,33,There is no camouflaged animal hidden in the natural background.,sd15_inpainting_no_object,Conch,4,/home/woojye2020/decs_jupyter_lab/MedCLIP-SAMv2/data/MAS3K/extracted/MAS3K/img/Conch_59.jpg,/home/woojye2020/decs_jupyter_lab/MedCLIP-SAMv2/data/MAS3K_medclipsam/test_images_sd15_inpainting_v1/generation_metadata.jsonl
/home/woojye2020/decs_jupyter_lab/MedCLIP-SAMv2/data/MAS3K_medclipsam/test_images_sd15_inpainting_v1/Conch_61.jpg,Conch_61.jpg,no camouflaged animal,33,There is no camouflaged animal hidden in the natural background.,sd15_inpainting_no_object,Conch,4,/home/woojye2020/decs_jupyter_lab/MedCLIP-SAMv2/data/MAS3K/extracted/MAS3K/img/Conch_61.jpg,/home/woojye2020/decs_jupyter_lab/MedCLIP-SAMv2/data/MAS3K_medclipsam/test_images_sd15_inpainting_v1/generation_metadata.jsonl
/home/woojye2020/decs_jupyter_lab/MedCLIP-SAMv2/data/MAS3K_medclipsam/test_images_sd15_inpainting_v1/Conch_70.jpg,Conch_70.jpg,no camouflaged animal,33,There is no camouflaged animal hidden in the natural background.,sd15_inpainting_no_object,Conch,4,/home/woojye2020/decs_jupyter_lab/MedCLIP-SAMv2/data/MAS3K/extracted/MAS3K/img/Conch_70.jpg,/home/woojye2020/decs_jupyter_lab/MedCLIP-SAMv2/data/MAS3K_medclipsam/test_images_sd15_inpainting_v1/generation_metadata.jsonl
/home/woojye2020/decs_jupyter_lab/MedCLIP-SAMv2/data/MAS3K_medclipsam/test_images_sd15_inpainting_v1/Conch_82.jpg,Conch_82.jpg,no camouflaged animal,33,There is no camouflaged animal hidden in the natural background.,sd15_inpainting_no_object,Conch,4,/home/woojye2020/decs_jupyter_lab/MedCLIP-SAMv2/data/MAS3K/extracted/MAS3K/img/Conch_82.jpg,/home/woojye2020/decs_jupyter_lab/MedCLIP-SAMv2/data/MAS3K_medclipsam/test_images_sd15_inpainting_v1/generation_metadata.jsonl
/home/woojye2020/decs_jupyter_lab/MedCLIP-SAMv2/data/MAS3K_medclipsam/test_images_sd15_inpainting_v1/Conch_87.jpg,Conch_87.jpg,no camouflaged animal,33,There is no camouflaged animal hidden in the natural background.,sd15_inpainting_no_object,Conch,4,/home/woojye2020/decs_jupyter_lab/MedCLIP-SAMv2/data/MAS3K/extracted/MAS3K/img/Conch_87.jpg,/home/woojye2020/decs_jupyter_lab/MedCLIP-SAMv2/data/MAS3K_medclipsam/test_images_sd15_inpainting_v1/generation_metadata.jsonl
/home/woojye2020/decs_jupyter_lab/MedCLIP-SAMv2/data/MAS3K_medclipsam/test_images_sd15_inpainting_v1/Conch_90.jpg,Conch_90.jpg,no camouflaged animal,33,There is no camouflaged animal hidden in the natural background.,sd15_inpainting_no_object,Conch,4,/home/woojye2020/decs_jupyter_lab/MedCLIP-SAMv2/data/MAS3K/extracted/MAS3K/img/Conch_90.jpg,/home/woojye2020/decs_jupyter_lab/MedCLIP-SAMv2/data/MAS3K_medclipsam/test_images_sd15_inpainting_v1/generation_metadata.jsonl
/home/woojye2020/decs_jupyter_lab/MedCLIP-SAMv2/data/MAS3K_medclipsam/test_images_sd15_inpainting_v1/Conch_92.jpg,Conch_92.jpg,no camouflaged animal,33,There is no camouflaged animal hidden in the natural background.,sd15_inpainting_no_object,Conch,4,/home/woojye2020/decs_jupyter_lab/MedCLIP-SAMv2/data/MAS3K/extracted/MAS3K/img/Conch_92.jpg,/home/woojye2020/decs_jupyter_lab/MedCLIP-SAMv2/data/MAS3K_medclipsam/test_images_sd15_inpainting_v1/generation_metadata.jsonl
/home/woojye2020/decs_jupyter_lab/MedCLIP-SAMv2/data/MAS3K_medclipsam/test_images_sd15_inpainting_v1/Conch_93.jpg,Conch_93.jpg,no camouflaged animal,33,There is no camouflaged animal hidden in the natural background.,sd15_inpainting_no_object,Conch,4,/home/woojye2020/decs_jupyter_lab/MedCLIP-SAMv2/data/MAS3K/extracted/MAS3K/img/Conch_93.jpg,/home/woojye2020/decs_jupyter_lab/MedCLIP-SAMv2/data/MAS3K_medclipsam/test_images_sd15_inpainting_v1/generation_metadata.jsonl
/home/woojye2020/decs_jupyter_lab/MedCLIP-SAMv2/data/MAS3K_medclipsam/test_images_sd15_inpainting_v1/Conch_94.jpg,Conch_94.jpg,no camouflaged animal,33,There is no camouflaged animal hidden in the natural background.,sd15_inpainting_no_object,Conch,4,/home/woojye2020/decs_jupyter_lab/MedCLIP-SAMv2/data/MAS3K/extracted/MAS3K/img/Conch_94.jpg,/home/woojye2020/decs_jupyter_lab/MedCLIP-SAMv2/data/MAS3K_medclipsam/test_images_sd15_inpainting_v1/generation_metadata.jsonl
/home/woojye2020/decs_jupyter_lab/MedCLIP-SAMv2/data/MAS3K_medclipsam/test_images_sd15_inpainting_v1/Conch_96.jpg,Conch_96.jpg,no camouflaged animal,33,There is no camouflaged animal hidden in the natural background.,sd15_inpainting_no_object,Conch,4,/home/woojye2020/decs_jupyter_lab/MedCLIP-SAMv2/data/MAS3K/extracted/MAS3K/img/Conch_96.jpg,/home/woojye2020/decs_jupyter_lab/MedCLIP-SAMv2/data/MAS3K_medclipsam/test_images_sd15_inpainting_v1/generation_metadata.jsonl
/home/woojye2020/decs_jupyter_lab/MedCLIP-SAMv2/data/MAS3K_medclipsam/test_images_sd15_inpainting_v1/Crab_373.jpg,Crab_373.jpg,no camouflaged animal,33,There is no camouflaged animal hidden in the natural background.,sd15_inpainting_no_object,Crab,5,/home/woojye2020/decs_jupyter_lab/MedCLIP-SAMv2/data/MAS3K/extracted/MAS3K/img/Crab_373.jpg,/home/woojye2020/decs_jupyter_lab/MedCLIP-SAMv2/data/MAS3K_medclipsam/test_images_sd15_inpainting_v1/generation_metadata.jsonl
/home/woojye2020/decs_jupyter_lab/MedCLIP-SAMv2/data/MAS3K_medclipsam/test_images_sd15_inpainting_v1/Crab_374.jpg,Crab_374.jpg,no camouflaged animal,33,There is no camouflaged animal hidden in the natural background.,sd15_inpainting_no_object,Crab,5,/home/woojye2020/decs_jupyter_lab/MedCLIP-SAMv2/data/MAS3K/extracted/MAS3K/img/Crab_374.jpg,/home/woojye2020/decs_jupyter_lab/MedCLIP-SAMv2/data/MAS3K_medclipsam/test_images_sd15_inpainting_v1/generation_metadata.jsonl
/home/woojye2020/decs_jupyter_lab/MedCLIP-SAMv2/data/MAS3K_medclipsam/test_images_sd15_inpainting_v1/Crab_382.jpg,Crab_382.jpg,no camouflaged animal,33,There is no camouflaged animal hidden in the natural background.,sd15_inpainting_no_object,Crab,5,/home/woojye2020/decs_jupyter_lab/MedCLIP-SAMv2/data/MAS3K/extracted/MAS3K/img/Crab_382.jpg,/home/woojye2020/decs_jupyter_lab/MedCLIP-SAMv2/data/MAS3K_medclipsam/test_images_sd15_inpainting_v1/generation_metadata.jsonl
/home/woojye2020/decs_jupyter_lab/MedCLIP-SAMv2/data/MAS3K_medclipsam/test_images_sd15_inpainting_v1/Crab_390.jpg,Crab_390.jpg,no camouflaged animal,33,There is no camouflaged animal hidden in the natural background.,sd15_inpainting_no_object,Crab,5,/home/woojye2020/decs_jupyter_lab/MedCLIP-SAMv2/data/MAS3K/extracted/MAS3K/img/Crab_390.jpg,/home/woojye2020/decs_jupyter_lab/MedCLIP-SAMv2/data/MAS3K_medclipsam/test_images_sd15_inpainting_v1/generation_metadata.jsonl
/home/woojye2020/decs_jupyter_lab/MedCLIP-SAMv2/data/MAS3K_medclipsam/test_images_sd15_inpainting_v1/Crab_397.jpg,Crab_397.jpg,no camouflaged animal,33,There is no camouflaged animal hidden in the natural background.,sd15_inpainting_no_object,Crab,5,/home/woojye2020/decs_jupyter_lab/MedCLIP-SAMv2/data/MAS3K/extracted/MAS3K/img/Crab_397.jpg,/home/woojye2020/decs_jupyter_lab/MedCLIP-SAMv2/data/MAS3K_medclipsam/test_images_sd15_inpainting_v1/generation_metadata.jsonl
/home/woojye2020/decs_jupyter_lab/MedCLIP-SAMv2/data/MAS3K_medclipsam/test_images_sd15_inpainting_v1/Crab_405.jpg,Crab_405.jpg,no camouflaged animal,33,There is no camouflaged animal hidden in the natural background.,sd15_inpainting_no_object,Crab,5,/home/woojye2020/decs_jupyter_lab/MedCLIP-SAMv2/data/MAS3K/extracted/MAS3K/img/Crab_405.jpg,/home/woojye2020/decs_jupyter_lab/MedCLIP-SAMv2/data/MAS3K_medclipsam/test_images_sd15_inpainting_v1/generation_metadata.jsonl
/home/woojye2020/decs_jupyter_lab/MedCLIP-SAMv2/data/MAS3K_medclipsam/test_images_sd15_inpainting_v1/Crab_417.jpg,Crab_417.jpg,no camouflaged animal,33,There is no camouflaged animal hidden in the natural background.,sd15_inpainting_no_object,Crab,5,/home/woojye2020/decs_jupyter_lab/MedCLIP-SAMv2/data/MAS3K/extracted/MAS3K/img/Crab_417.jpg,/home/woojye2020/decs_jupyter_lab/MedCLIP-SAMv2/data/MAS3K_medclipsam/test_images_sd15_inpainting_v1/generation_metadata.jsonl
/home/woojye2020/decs_jupyter_lab/MedCLIP-SAMv2/data/MAS3K_medclipsam/test_images_sd15_inpainting_v1/Crab_433.jpg,Crab_433.jpg,no camouflaged animal,33,There is no camouflaged animal hidden in the natural background.,sd15_inpainting_no_object,Crab,5,/home/woojye2020/decs_jupyter_lab/MedCLIP-SAMv2/data/MAS3K/extracted/MAS3K/img/Crab_433.jpg,/home/woojye2020/decs_jupyter_lab/MedCLIP-SAMv2/data/MAS3K_medclipsam/test_images_sd15_inpainting_v1/generation_metadata.jsonl
/home/woojye2020/decs_jupyter_lab/MedCLIP-SAMv2/data/MAS3K_medclipsam/test_images_sd15_inpainting_v1/Crab_435.jpg,Crab_435.jpg,no camouflaged animal,33,There is no camouflaged animal hidden in the natural background.,sd15_inpainting_no_object,Crab,5,/home/woojye2020/decs_jupyter_lab/MedCLIP-SAMv2/data/MAS3K/extracted/MAS3K/img/Crab_435.jpg,/home/woojye2020/decs_jupyter_lab/MedCLIP-SAMv2/data/MAS3K_medclipsam/test_images_sd15_inpainting_v1/generation_metadata.jsonl
/home/woojye2020/decs_jupyter_lab/MedCLIP-SAMv2/data/MAS3K_medclipsam/test_images_sd15_inpainting_v1/Crab_436.jpg,Crab_436.jpg,no camouflaged animal,33,There is no camouflaged animal hidden in the natural background.,sd15_inpainting_no_object,Crab,5,/home/woojye2020/decs_jupyter_lab/MedCLIP-SAMv2/data/MAS3K/extracted/MAS3K/img/Crab_436.jpg,/home/woojye2020/decs_jupyter_lab/MedCLIP-SAMv2/data/MAS3K_medclipsam/test_images_sd15_inpainting_v1/generation_metadata.jsonl
/home/woojye2020/decs_jupyter_lab/MedCLIP-SAMv2/data/MAS3K_medclipsam/test_images_sd15_inpainting_v1/Crab_440.jpg,Crab_440.jpg,no camouflaged animal,33,There is no camouflaged animal hidden in the natural background.,sd15_inpainting_no_object,Crab,5,/home/woojye2020/decs_jupyter_lab/MedCLIP-SAMv2/data/MAS3K/extracted/MAS3K/img/Crab_440.jpg,/home/woojye2020/decs_jupyter_lab/MedCLIP-SAMv2/data/MAS3K_medclipsam/test_images_sd15_inpainting_v1/generation_metadata.jsonl
/home/woojye2020/decs_jupyter_lab/MedCLIP-SAMv2/data/MAS3K_medclipsam/test_images_sd15_inpainting_v1/Crab_443.jpg,Crab_443.jpg,no camouflaged animal,33,There is no camouflaged animal hidden in the natural background.,sd15_inpainting_no_object,Crab,5,/home/woojye2020/decs_jupyter_lab/MedCLIP-SAMv2/data/MAS3K/extracted/MAS3K/img/Crab_443.jpg,/home/woojye2020/decs_jupyter_lab/MedCLIP-SAMv2/data/MAS3K_medclipsam/test_images_sd15_inpainting_v1/generation_metadata.jsonl
/home/woojye2020/decs_jupyter_lab/MedCLIP-SAMv2/data/MAS3K_medclipsam/test_images_sd15_inpainting_v1/Crab_446.jpg,Crab_446.jpg,no camouflaged animal,33,There is no camouflaged animal hidden in the natural background.,sd15_inpainting_no_object,Crab,5,/home/woojye2020/decs_jupyter_lab/MedCLIP-SAMv2/data/MAS3K/extracted/MAS3K/img/Crab_446.jpg,/home/woojye2020/decs_jupyter_lab/MedCLIP-SAMv2/data/MAS3K_medclipsam/test_images_sd15_inpainting_v1/generation_metadata.jsonl
/home/woojye2020/decs_jupyter_lab/MedCLIP-SAMv2/data/MAS3K_medclipsam/test_images_sd15_inpainting_v1/Crab_447.jpg,Crab_447.jpg,no camouflaged animal,33,There is no camouflaged animal hidden in the natural background.,sd15_inpainting_no_object,Crab,5,/home/woojye2020/decs_jupyter_lab/MedCLIP-SAMv2/data/MAS3K/extracted/MAS3K/img/Crab_447.jpg,/home/woojye2020/decs_jupyter_lab/MedCLIP-SAMv2/data/MAS3K_medclipsam/test_images_sd15_inpainting_v1/generation_metadata.jsonl
/home/woojye2020/decs_jupyter_lab/MedCLIP-SAMv2/data/MAS3K_medclipsam/test_images_sd15_inpainting_v1/Crab_461.jpg,Crab_461.jpg,no camouflaged animal,33,There is no camouflaged animal hidden in the natural background.,sd15_inpainting_no_object,Crab,5,/home/woojye2020/decs_jupyter_lab/MedCLIP-SAMv2/data/MAS3K/extracted/MAS3K/img/Crab_461.jpg,/home/woojye2020/decs_jupyter_lab/MedCLIP-SAMv2/data/MAS3K_medclipsam/test_images_sd15_inpainting_v1/generation_metadata.jsonl
/home/woojye2020/decs_jupyter_lab/MedCLIP-SAMv2/data/MAS3K_medclipsam/test_images_sd15_inpainting_v1/CrocodileFish_2890.jpg,CrocodileFish_2890.jpg,no camouflaged animal,33,There is no camouflaged animal hidden in the natural background.,sd15_inpainting_no_object,CrocodileFish,6,/home/woojye2020/decs_jupyter_lab/MedCLIP-SAMv2/data/MAS3K/extracted/MAS3K/img/CrocodileFish_2890.jpg,/home/woojye2020/decs_jupyter_lab/MedCLIP-SAMv2/data/MAS3K_medclipsam/test_images_sd15_inpainting_v1/generation_metadata.jsonl
/home/woojye2020/decs_jupyter_lab/MedCLIP-SAMv2/data/MAS3K_medclipsam/test_images_sd15_inpainting_v1/CrocodileFish_2891.jpg,CrocodileFish_2891.jpg,no camouflaged animal,33,There is no camouflaged animal hidden in the natural background.,sd15_inpainting_no_object,CrocodileFish,6,/home/woojye2020/decs_jupyter_lab/MedCLIP-SAMv2/data/MAS3K/extracted/MAS3K/img/CrocodileFish_2891.jpg,/home/woojye2020/decs_jupyter_lab/MedCLIP-SAMv2/data/MAS3K_medclipsam/test_images_sd15_inpainting_v1/generation_metadata.jsonl
/home/woojye2020/decs_jupyter_lab/MedCLIP-SAMv2/data/MAS3K_medclipsam/test_images_sd15_inpainting_v1/CrocodileFish_2895.jpg,CrocodileFish_2895.jpg,no camouflaged animal,33,There is no camouflaged animal hidden in the natural background.,sd15_inpainting_no_object,CrocodileFish,6,/home/woojye2020/decs_jupyter_lab/MedCLIP-SAMv2/data/MAS3K/extracted/MAS3K/img/CrocodileFish_2895.jpg,/home/woojye2020/decs_jupyter_lab/MedCLIP-SAMv2/data/MAS3K_medclipsam/test_images_sd15_inpainting_v1/generation_metadata.jsonl
/home/woojye2020/decs_jupyter_lab/MedCLIP-SAMv2/data/MAS3K_medclipsam/test_images_sd15_inpainting_v1/CuttleFish_2873.jpg,CuttleFish_2873.jpg,no camouflaged animal,33,There is no camouflaged animal hidden in the natural background.,sd15_inpainting_no_object,CuttleFish,7,/home/woojye2020/decs_jupyter_lab/MedCLIP-SAMv2/data/MAS3K/extracted/MAS3K/img/CuttleFish_2873.jpg,/home/woojye2020/decs_jupyter_lab/MedCLIP-SAMv2/data/MAS3K_medclipsam/test_images_sd15_inpainting_v1/generation_metadata.jsonl
/home/woojye2020/decs_jupyter_lab/MedCLIP-SAMv2/data/MAS3K_medclipsam/test_images_sd15_inpainting_v1/Dolphin_758.jpg,Dolphin_758.jpg,no camouflaged animal,33,There is no camouflaged animal hidden in the natural background.,sd15_inpainting_no_object,Dolphin,8,/home/woojye2020/decs_jupyter_lab/MedCLIP-SAMv2/data/MAS3K/extracted/MAS3K/img/Dolphin_758.jpg,/home/woojye2020/decs_jupyter_lab/MedCLIP-SAMv2/data/MAS3K_medclipsam/test_images_sd15_inpainting_v1/generation_metadata.jsonl
/home/woojye2020/decs_jupyter_lab/MedCLIP-SAMv2/data/MAS3K_medclipsam/test_images_sd15_inpainting_v1/Dolphin_771.jpg,Dolphin_771.jpg,no camouflaged animal,33,There is no camouflaged animal hidden in the natural background.,sd15_inpainting_no_object,Dolphin,8,/home/woojye2020/decs_jupyter_lab/MedCLIP-SAMv2/data/MAS3K/extracted/MAS3K/img/Dolphin_771.jpg,/home/woojye2020/decs_jupyter_lab/MedCLIP-SAMv2/data/MAS3K_medclipsam/test_images_sd15_inpainting_v1/generation_metadata.jsonl
/home/woojye2020/decs_jupyter_lab/MedCLIP-SAMv2/data/MAS3K_medclipsam/test_images_sd15_inpainting_v1/Dolphin_772.jpg,Dolphin_772.jpg,no camouflaged animal,33,There is no camouflaged animal hidden in the natural background.,sd15_inpainting_no_object,Dolphin,8,/home/woojye2020/decs_jupyter_lab/MedCLIP-SAMv2/data/MAS3K/extracted/MAS3K/img/Dolphin_772.jpg,/home/woojye2020/decs_jupyter_lab/MedCLIP-SAMv2/data/MAS3K_medclipsam/test_images_sd15_inpainting_v1/generation_metadata.jsonl
/home/woojye2020/decs_jupyter_lab/MedCLIP-SAMv2/data/MAS3K_medclipsam/test_images_sd15_inpainting_v1/Dolphin_773.jpg,Dolphin_773.jpg,no camouflaged animal,33,There is no camouflaged animal hidden in the natural background.,sd15_inpainting_no_object,Dolphin,8,/home/woojye2020/decs_jupyter_lab/MedCLIP-SAMv2/data/MAS3K/extracted/MAS3K/img/Dolphin_773.jpg,/home/woojye2020/decs_jupyter_lab/MedCLIP-SAMv2/data/MAS3K_medclipsam/test_images_sd15_inpainting_v1/generation_metadata.jsonl
/home/woojye2020/decs_jupyter_lab/MedCLIP-SAMv2/data/MAS3K_medclipsam/test_images_sd15_inpainting_v1/Dolphin_781.jpg,Dolphin_781.jpg,no camouflaged animal,33,There is no camouflaged animal hidden in the natural background.,sd15_inpainting_no_object,Dolphin,8,/home/woojye2020/decs_jupyter_lab/MedCLIP-SAMv2/data/MAS3K/extracted/MAS3K/img/Dolphin_781.jpg,/home/woojye2020/decs_jupyter_lab/MedCLIP-SAMv2/data/MAS3K_medclipsam/test_images_sd15_inpainting_v1/generation_metadata.jsonl
/home/woojye2020/decs_jupyter_lab/MedCLIP-SAMv2/data/MAS3K_medclipsam/test_images_sd15_inpainting_v1/Dolphin_782.jpg,Dolphin_782.jpg,no camouflaged animal,33,There is no camouflaged animal hidden in the natural background.,sd15_inpainting_no_object,Dolphin,8,/home/woojye2020/decs_jupyter_lab/MedCLIP-SAMv2/data/MAS3K/extracted/MAS3K/img/Dolphin_782.jpg,/home/woojye2020/decs_jupyter_lab/MedCLIP-SAMv2/data/MAS3K_medclipsam/test_images_sd15_inpainting_v1/generation_metadata.jsonl
/home/woojye2020/decs_jupyter_lab/MedCLIP-SAMv2/data/MAS3K_medclipsam/test_images_sd15_inpainting_v1/Dolphin_797.jpg,Dolphin_797.jpg,no camouflaged animal,33,There is no camouflaged animal hidden in the natural background.,sd15_inpainting_no_object,Dolphin,8,/home/woojye2020/decs_jupyter_lab/MedCLIP-SAMv2/data/MAS3K/extracted/MAS3K/img/Dolphin_797.jpg,/home/woojye2020/decs_jupyter_lab/MedCLIP-SAMv2/data/MAS3K_medclipsam/test_images_sd15_inpainting_v1/generation_metadata.jsonl
/home/woojye2020/decs_jupyter_lab/MedCLIP-SAMv2/data/MAS3K_medclipsam/test_images_sd15_inpainting_v1/Dolphin_802.jpg,Dolphin_802.jpg,no camouflaged animal,33,There is no camouflaged animal hidden in the natural background.,sd15_inpainting_no_object,Dolphin,8,/home/woojye2020/decs_jupyter_lab/MedCLIP-SAMv2/data/MAS3K/extracted/MAS3K/img/Dolphin_802.jpg,/home/woojye2020/decs_jupyter_lab/MedCLIP-SAMv2/data/MAS3K_medclipsam/test_images_sd15_inpainting_v1/generation_metadata.jsonl
/home/woojye2020/decs_jupyter_lab/MedCLIP-SAMv2/data/MAS3K_medclipsam/test_images_sd15_inpainting_v1/Dolphin_803.jpg,Dolphin_803.jpg,no camouflaged animal,33,There is no camouflaged animal hidden in the natural background.,sd15_inpainting_no_object,Dolphin,8,/home/woojye2020/decs_jupyter_lab/MedCLIP-SAMv2/data/MAS3K/extracted/MAS3K/img/Dolphin_803.jpg,/home/woojye2020/decs_jupyter_lab/MedCLIP-SAMv2/data/MAS3K_medclipsam/test_images_sd15_inpainting_v1/generation_metadata.jsonl
/home/woojye2020/decs_jupyter_lab/MedCLIP-SAMv2/data/MAS3K_medclipsam/test_images_sd15_inpainting_v1/Fish_1009.jpg,Fish_1009.jpg,no camouflaged animal,33,There is no camouflaged animal hidden in the natural background.,sd15_inpainting_no_object,Fish,10,/home/woojye2020/decs_jupyter_lab/MedCLIP-SAMv2/data/MAS3K/extracted/MAS3K/img/Fish_1009.jpg,/home/woojye2020/decs_jupyter_lab/MedCLIP-SAMv2/data/MAS3K_medclipsam/test_images_sd15_inpainting_v1/generation_metadata.jsonl
/home/woojye2020/decs_jupyter_lab/MedCLIP-SAMv2/data/MAS3K_medclipsam/test_images_sd15_inpainting_v1/Fish_1014.jpg,Fish_1014.jpg,no camouflaged animal,33,There is no camouflaged animal hidden in the natural background.,sd15_inpainting_no_object,Fish,10,/home/woojye2020/decs_jupyter_lab/MedCLIP-SAMv2/data/MAS3K/extracted/MAS3K/img/Fish_1014.jpg,/home/woojye2020/decs_jupyter_lab/MedCLIP-SAMv2/data/MAS3K_medclipsam/test_images_sd15_inpainting_v1/generation_metadata.jsonl
/home/woojye2020/decs_jupyter_lab/MedCLIP-SAMv2/data/MAS3K_medclipsam/test_images_sd15_inpainting_v1/Fish_1015.jpg,Fish_1015.jpg,no camouflaged animal,33,There is no camouflaged animal hidden in the natural background.,sd15_inpainting_no_object,Fish,10,/home/woojye2020/decs_jupyter_lab/MedCLIP-SAMv2/data/MAS3K/extracted/MAS3K/img/Fish_1015.jpg,/home/woojye2020/decs_jupyter_lab/MedCLIP-SAMv2/data/MAS3K_medclipsam/test_images_sd15_inpainting_v1/generation_metadata.jsonl
/home/woojye2020/decs_jupyter_lab/MedCLIP-SAMv2/data/MAS3K_medclipsam/test_images_sd15_inpainting_v1/Fish_1017.jpg,Fish_1017.jpg,no camouflaged animal,33,There is no camouflaged animal hidden in the natural background.,sd15_inpainting_no_object,Fish,10,/home/woojye2020/decs_jupyter_lab/MedCLIP-SAMv2/data/MAS3K/extracted/MAS3K/img/Fish_1017.jpg,/home/woojye2020/decs_jupyter_lab/MedCLIP-SAMv2/data/MAS3K_medclipsam/test_images_sd15_inpainting_v1/generation_metadata.jsonl
/home/woojye2020/decs_jupyter_lab/MedCLIP-SAMv2/data/MAS3K_medclipsam/test_images_sd15_inpainting_v1/Fish_1030.jpg,Fish_1030.jpg,no camouflaged animal,33,There is no camouflaged animal hidden in the natural background.,sd15_inpainting_no_object,Fish,10,/home/woojye2020/decs_jupyter_lab/MedCLIP-SAMv2/data/MAS3K/extracted/MAS3K/img/Fish_1030.jpg,/home/woojye2020/decs_jupyter_lab/MedCLIP-SAMv2/data/MAS3K_medclipsam/test_images_sd15_inpainting_v1/generation_metadata.jsonl
/home/woojye2020/decs_jupyter_lab/MedCLIP-SAMv2/data/MAS3K_medclipsam/test_images_sd15_inpainting_v1/Fish_1037.jpg,Fish_1037.jpg,no camouflaged animal,33,There is no camouflaged animal hidden in the natural background.,sd15_inpainting_no_object,Fish,10,/home/woojye2020/decs_jupyter_lab/MedCLIP-SAMv2/data/MAS3K/extracted/MAS3K/img/Fish_1037.jpg,/home/woojye2020/decs_jupyter_lab/MedCLIP-SAMv2/data/MAS3K_medclipsam/test_images_sd15_inpainting_v1/generation_metadata.jsonl
/home/woojye2020/decs_jupyter_lab/MedCLIP-SAMv2/data/MAS3K_medclipsam/test_images_sd15_inpainting_v1/Fish_1044.jpg,Fish_1044.jpg,no camouflaged animal,33,There is no camouflaged animal hidden in the natural background.,sd15_inpainting_no_object,Fish,10,/home/woojye2020/decs_jupyter_lab/MedCLIP-SAMv2/data/MAS3K/extracted/MAS3K/img/Fish_1044.jpg,/home/woojye2020/decs_jupyter_lab/MedCLIP-SAMv2/data/MAS3K_medclipsam/test_images_sd15_inpainting_v1/generation_metadata.jsonl
/home/woojye2020/decs_jupyter_lab/MedCLIP-SAMv2/data/MAS3K_medclipsam/test_images_sd15_inpainting_v1/Fish_1055.jpg,Fish_1055.jpg,no camouflaged animal,33,There is no camouflaged animal hidden in the natural background.,sd15_inpainting_no_object,Fish,10,/home/woojye2020/decs_jupyter_lab/MedCLIP-SAMv2/data/MAS3K/extracted/MAS3K/img/Fish_1055.jpg,/home/woojye2020/decs_jupyter_lab/MedCLIP-SAMv2/data/MAS3K_medclipsam/test_images_sd15_inpainting_v1/generation_metadata.jsonl
/home/woojye2020/decs_jupyter_lab/MedCLIP-SAMv2/data/MAS3K_medclipsam/test_images_sd15_inpainting_v1/Fish_1058.jpg,Fish_1058.jpg,no camouflaged animal,33,There is no camouflaged animal hidden in the natural background.,sd15_inpainting_no_object,Fish,10,/home/woojye2020/decs_jupyter_lab/MedCLIP-SAMv2/data/MAS3K/extracted/MAS3K/img/Fish_1058.jpg,/home/woojye2020/decs_jupyter_lab/MedCLIP-SAMv2/data/MAS3K_medclipsam/test_images_sd15_inpainting_v1/generation_metadata.jsonl
/home/woojye2020/decs_jupyter_lab/MedCLIP-SAMv2/data/MAS3K_medclipsam/test_images_sd15_inpainting_v1/Fish_1061.jpg,Fish_1061.jpg,no camouflaged animal,33,There is no camouflaged animal hidden in the natural background.,sd15_inpainting_no_object,Fish,10,/home/woojye2020/decs_jupyter_lab/MedCLIP-SAMv2/data/MAS3K/extracted/MAS3K/img/Fish_1061.jpg,/home/woojye2020/decs_jupyter_lab/MedCLIP-SAMv2/data/MAS3K_medclipsam/test_images_sd15_inpainting_v1/generation_metadata.jsonl
/home/woojye2020/decs_jupyter_lab/MedCLIP-SAMv2/data/MAS3K_medclipsam/test_images_sd15_inpainting_v1/Fish_1070.jpg,Fish_1070.jpg,no camouflaged animal,33,There is no camouflaged animal hidden in the natural background.,sd15_inpainting_no_object,Fish,10,/home/woojye2020/decs_jupyter_lab/MedCLIP-SAMv2/data/MAS3K/extracted/MAS3K/img/Fish_1070.jpg,/home/woojye2020/decs_jupyter_lab/MedCLIP-SAMv2/data/MAS3K_medclipsam/test_images_sd15_inpainting_v1/generation_metadata.jsonl
/home/woojye2020/decs_jupyter_lab/MedCLIP-SAMv2/data/MAS3K_medclipsam/test_images_sd15_inpainting_v1/Fish_1073.jpg,Fish_1073.jpg,no camouflaged animal,33,There is no camouflaged animal hidden in the natural background.,sd15_inpainting_no_object,Fish,10,/home/woojye2020/decs_jupyter_lab/MedCLIP-SAMv2/data/MAS3K/extracted/MAS3K/img/Fish_1073.jpg,/home/woojye2020/decs_jupyter_lab/MedCLIP-SAMv2/data/MAS3K_medclipsam/test_images_sd15_inpainting_v1/generation_metadata.jsonl
/home/woojye2020/decs_jupyter_lab/MedCLIP-SAMv2/data/MAS3K_medclipsam/test_images_sd15_inpainting_v1/Fish_1078.jpg,Fish_1078.jpg,no camouflaged animal,33,There is no camouflaged animal hidden in the natural background.,sd15_inpainting_no_object,Fish,10,/home/woojye2020/decs_jupyter_lab/MedCLIP-SAMv2/data/MAS3K/extracted/MAS3K/img/Fish_1078.jpg,/home/woojye2020/decs_jupyter_lab/MedCLIP-SAMv2/data/MAS3K_medclipsam/test_images_sd15_inpainting_v1/generation_metadata.jsonl
/home/woojye2020/decs_jupyter_lab/MedCLIP-SAMv2/data/MAS3K_medclipsam/test_images_sd15_inpainting_v1/Fish_1083.jpg,Fish_1083.jpg,no camouflaged animal,33,There is no camouflaged animal hidden in the natural background.,sd15_inpainting_no_object,Fish,10,/home/woojye2020/decs_jupyter_lab/MedCLIP-SAMv2/data/MAS3K/extracted/MAS3K/img/Fish_1083.jpg,/home/woojye2020/decs_jupyter_lab/MedCLIP-SAMv2/data/MAS3K_medclipsam/test_images_sd15_inpainting_v1/generation_metadata.jsonl
/home/woojye2020/decs_jupyter_lab/MedCLIP-SAMv2/data/MAS3K_medclipsam/test_images_sd15_inpainting_v1/Fish_1094.jpg,Fish_1094.jpg,no camouflaged animal,33,There is no camouflaged animal hidden in the natural background.,sd15_inpainting_no_object,Fish,10,/home/woojye2020/decs_jupyter_lab/MedCLIP-SAMv2/data/MAS3K/extracted/MAS3K/img/Fish_1094.jpg,/home/woojye2020/decs_jupyter_lab/MedCLIP-SAMv2/data/MAS3K_medclipsam/test_images_sd15_inpainting_v1/generation_metadata.jsonl
/home/woojye2020/decs_jupyter_lab/MedCLIP-SAMv2/data/MAS3K_medclipsam/test_images_sd15_inpainting_v1/Fish_1096.jpg,Fish_1096.jpg,no camouflaged animal,33,There is no camouflaged animal hidden in the natural background.,sd15_inpainting_no_object,Fish,10,/home/woojye2020/decs_jupyter_lab/MedCLIP-SAMv2/data/MAS3K/extracted/MAS3K/img/Fish_1096.jpg,/home/woojye2020/decs_jupyter_lab/MedCLIP-SAMv2/data/MAS3K_medclipsam/test_images_sd15_inpainting_v1/generation_metadata.jsonl
/home/woojye2020/decs_jupyter_lab/MedCLIP-SAMv2/data/MAS3K_medclipsam/test_images_sd15_inpainting_v1/Fish_1099.jpg,Fish_1099.jpg,no camouflaged animal,33,There is no camouflaged animal hidden in the natural background.,sd15_inpainting_no_object,Fish,10,/home/woojye2020/decs_jupyter_lab/MedCLIP-SAMv2/data/MAS3K/extracted/MAS3K/img/Fish_1099.jpg,/home/woojye2020/decs_jupyter_lab/MedCLIP-SAMv2/data/MAS3K_medclipsam/test_images_sd15_inpainting_v1/generation_metadata.jsonl
/home/woojye2020/decs_jupyter_lab/MedCLIP-SAMv2/data/MAS3K_medclipsam/test_images_sd15_inpainting_v1/Fish_1105.jpg,Fish_1105.jpg,no camouflaged animal,33,There is no camouflaged animal hidden in the natural background.,sd15_inpainting_no_object,Fish,10,/home/woojye2020/decs_jupyter_lab/MedCLIP-SAMv2/data/MAS3K/extracted/MAS3K/img/Fish_1105.jpg,/home/woojye2020/decs_jupyter_lab/MedCLIP-SAMv2/data/MAS3K_medclipsam/test_images_sd15_inpainting_v1/generation_metadata.jsonl
/home/woojye2020/decs_jupyter_lab/MedCLIP-SAMv2/data/MAS3K_medclipsam/test_images_sd15_inpainting_v1/Fish_1110.jpg,Fish_1110.jpg,no camouflaged animal,33,There is no camouflaged animal hidden in the natural background.,sd15_inpainting_no_object,Fish,10,/home/woojye2020/decs_jupyter_lab/MedCLIP-SAMv2/data/MAS3K/extracted/MAS3K/img/Fish_1110.jpg,/home/woojye2020/decs_jupyter_lab/MedCLIP-SAMv2/data/MAS3K_medclipsam/test_images_sd15_inpainting_v1/generation_metadata.jsonl
/home/woojye2020/decs_jupyter_lab/MedCLIP-SAMv2/data/MAS3K_medclipsam/test_images_sd15_inpainting_v1/Fish_1113.jpg,Fish_1113.jpg,no camouflaged animal,33,There is no camouflaged animal hidden in the natural background.,sd15_inpainting_no_object,Fish,10,/home/woojye2020/decs_jupyter_lab/MedCLIP-SAMv2/data/MAS3K/extracted/MAS3K/img/Fish_1113.jpg,/home/woojye2020/decs_jupyter_lab/MedCLIP-SAMv2/data/MAS3K_medclipsam/test_images_sd15_inpainting_v1/generation_metadata.jsonl
/home/woojye2020/decs_jupyter_lab/MedCLIP-SAMv2/data/MAS3K_medclipsam/test_images_sd15_inpainting_v1/Fish_1114.jpg,Fish_1114.jpg,no camouflaged animal,33,There is no camouflaged animal hidden in the natural background.,sd15_inpainting_no_object,Fish,10,/home/woojye2020/decs_jupyter_lab/MedCLIP-SAMv2/data/MAS3K/extracted/MAS3K/img/Fish_1114.jpg,/home/woojye2020/decs_jupyter_lab/MedCLIP-SAMv2/data/MAS3K_medclipsam/test_images_sd15_inpainting_v1/generation_metadata.jsonl
/home/woojye2020/decs_jupyter_lab/MedCLIP-SAMv2/data/MAS3K_medclipsam/test_images_sd15_inpainting_v1/Fish_1124.jpg,Fish_1124.jpg,no camouflaged animal,33,There is no camouflaged animal hidden in the natural background.,sd15_inpainting_no_object,Fish,10,/home/woojye2020/decs_jupyter_lab/MedCLIP-SAMv2/data/MAS3K/extracted/MAS3K/img/Fish_1124.jpg,/home/woojye2020/decs_jupyter_lab/MedCLIP-SAMv2/data/MAS3K_medclipsam/test_images_sd15_inpainting_v1/generation_metadata.jsonl
/home/woojye2020/decs_jupyter_lab/MedCLIP-SAMv2/data/MAS3K_medclipsam/test_images_sd15_inpainting_v1/Fish_1134.jpg,Fish_1134.jpg,no camouflaged animal,33,There is no camouflaged animal hidden in the natural background.,sd15_inpainting_no_object,Fish,10,/home/woojye2020/decs_jupyter_lab/MedCLIP-SAMv2/data/MAS3K/extracted/MAS3K/img/Fish_1134.jpg,/home/woojye2020/decs_jupyter_lab/MedCLIP-SAMv2/data/MAS3K_medclipsam/test_images_sd15_inpainting_v1/generation_metadata.jsonl
/home/woojye2020/decs_jupyter_lab/MedCLIP-SAMv2/data/MAS3K_medclipsam/test_images_sd15_inpainting_v1/Fish_1137.jpg,Fish_1137.jpg,no camouflaged animal,33,There is no camouflaged animal hidden in the natural background.,sd15_inpainting_no_object,Fish,10,/home/woojye2020/decs_jupyter_lab/MedCLIP-SAMv2/data/MAS3K/extracted/MAS3K/img/Fish_1137.jpg,/home/woojye2020/decs_jupyter_lab/MedCLIP-SAMv2/data/MAS3K_medclipsam/test_images_sd15_inpainting_v1/generation_metadata.jsonl
/home/woojye2020/decs_jupyter_lab/MedCLIP-SAMv2/data/MAS3K_medclipsam/test_images_sd15_inpainting_v1/Fish_1145.jpg,Fish_1145.jpg,no camouflaged animal,33,There is no camouflaged animal hidden in the natural background.,sd15_inpainting_no_object,Fish,10,/home/woojye2020/decs_jupyter_lab/MedCLIP-SAMv2/data/MAS3K/extracted/MAS3K/img/Fish_1145.jpg,/home/woojye2020/decs_jupyter_lab/MedCLIP-SAMv2/data/MAS3K_medclipsam/test_images_sd15_inpainting_v1/generation_metadata.jsonl
/home/woojye2020/decs_jupyter_lab/MedCLIP-SAMv2/data/MAS3K_medclipsam/test_images_sd15_inpainting_v1/Fish_1148.jpg,Fish_1148.jpg,no camouflaged animal,33,There is no camouflaged animal hidden in the natural background.,sd15_inpainting_no_object,Fish,10,/home/woojye2020/decs_jupyter_lab/MedCLIP-SAMv2/data/MAS3K/extracted/MAS3K/img/Fish_1148.jpg,/home/woojye2020/decs_jupyter_lab/MedCLIP-SAMv2/data/MAS3K_medclipsam/test_images_sd15_inpainting_v1/generation_metadata.jsonl
/home/woojye2020/decs_jupyter_lab/MedCLIP-SAMv2/data/MAS3K_medclipsam/test_images_sd15_inpainting_v1/Fish_1151.jpg,Fish_1151.jpg,no camouflaged animal,33,There is no camouflaged animal hidden in the natural background.,sd15_inpainting_no_object,Fish,10,/home/woojye2020/decs_jupyter_lab/MedCLIP-SAMv2/data/MAS3K/extracted/MAS3K/img/Fish_1151.jpg,/home/woojye2020/decs_jupyter_lab/MedCLIP-SAMv2/data/MAS3K_medclipsam/test_images_sd15_inpainting_v1/generation_metadata.jsonl
/home/woojye2020/decs_jupyter_lab/MedCLIP-SAMv2/data/MAS3K_medclipsam/test_images_sd15_inpainting_v1/Fish_1154.jpg,Fish_1154.jpg,no camouflaged animal,33,There is no camouflaged animal hidden in the natural background.,sd15_inpainting_no_object,Fish,10,/home/woojye2020/decs_jupyter_lab/MedCLIP-SAMv2/data/MAS3K/extracted/MAS3K/img/Fish_1154.jpg,/home/woojye2020/decs_jupyter_lab/MedCLIP-SAMv2/data/MAS3K_medclipsam/test_images_sd15_inpainting_v1/generation_metadata.jsonl
/home/woojye2020/decs_jupyter_lab/MedCLIP-SAMv2/data/MAS3K_medclipsam/test_images_sd15_inpainting_v1/Fish_1157.jpg,Fish_1157.jpg,no camouflaged animal,33,There is no camouflaged animal hidden in the natural background.,sd15_inpainting_no_object,Fish,10,/home/woojye2020/decs_jupyter_lab/MedCLIP-SAMv2/data/MAS3K/extracted/MAS3K/img/Fish_1157.jpg,/home/woojye2020/decs_jupyter_lab/MedCLIP-SAMv2/data/MAS3K_medclipsam/test_images_sd15_inpainting_v1/generation_metadata.jsonl
/home/woojye2020/decs_jupyter_lab/MedCLIP-SAMv2/data/MAS3K_medclipsam/test_images_sd15_inpainting_v1/Fish_1161.jpg,Fish_1161.jpg,no camouflaged animal,33,There is no camouflaged animal hidden in the natural background.,sd15_inpainting_no_object,Fish,10,/home/woojye2020/decs_jupyter_lab/MedCLIP-SAMv2/data/MAS3K/extracted/MAS3K/img/Fish_1161.jpg,/home/woojye2020/decs_jupyter_lab/MedCLIP-SAMv2/data/MAS3K_medclipsam/test_images_sd15_inpainting_v1/generation_metadata.jsonl
/home/woojye2020/decs_jupyter_lab/MedCLIP-SAMv2/data/MAS3K_medclipsam/test_images_sd15_inpainting_v1/Fish_1175.jpg,Fish_1175.jpg,no camouflaged animal,33,There is no camouflaged animal hidden in the natural background.,sd15_inpainting_no_object,Fish,10,/home/woojye2020/decs_jupyter_lab/MedCLIP-SAMv2/data/MAS3K/extracted/MAS3K/img/Fish_1175.jpg,/home/woojye2020/decs_jupyter_lab/MedCLIP-SAMv2/data/MAS3K_medclipsam/test_images_sd15_inpainting_v1/generation_metadata.jsonl
/home/woojye2020/decs_jupyter_lab/MedCLIP-SAMv2/data/MAS3K_medclipsam/test_images_sd15_inpainting_v1/Fish_1176.jpg,Fish_1176.jpg,no camouflaged animal,33,There is no camouflaged animal hidden in the natural background.,sd15_inpainting_no_object,Fish,10,/home/woojye2020/decs_jupyter_lab/MedCLIP-SAMv2/data/MAS3K/extracted/MAS3K/img/Fish_1176.jpg,/home/woojye2020/decs_jupyter_lab/MedCLIP-SAMv2/data/MAS3K_medclipsam/test_images_sd15_inpainting_v1/generation_metadata.jsonl
/home/woojye2020/decs_jupyter_lab/MedCLIP-SAMv2/data/MAS3K_medclipsam/test_images_sd15_inpainting_v1/Fish_1177.jpg,Fish_1177.jpg,no camouflaged animal,33,There is no camouflaged animal hidden in the natural background.,sd15_inpainting_no_object,Fish,10,/home/woojye2020/decs_jupyter_lab/MedCLIP-SAMv2/data/MAS3K/extracted/MAS3K/img/Fish_1177.jpg,/home/woojye2020/decs_jupyter_lab/MedCLIP-SAMv2/data/MAS3K_medclipsam/test_images_sd15_inpainting_v1/generation_metadata.jsonl
/home/woojye2020/decs_jupyter_lab/MedCLIP-SAMv2/data/MAS3K_medclipsam/test_images_sd15_inpainting_v1/Fish_1179.jpg,Fish_1179.jpg,no camouflaged animal,33,There is no camouflaged animal hidden in the natural background.,sd15_inpainting_no_object,Fish,10,/home/woojye2020/decs_jupyter_lab/MedCLIP-SAMv2/data/MAS3K/extracted/MAS3K/img/Fish_1179.jpg,/home/woojye2020/decs_jupyter_lab/MedCLIP-SAMv2/data/MAS3K_medclipsam/test_images_sd15_inpainting_v1/generation_metadata.jsonl
/home/woojye2020/decs_jupyter_lab/MedCLIP-SAMv2/data/MAS3K_medclipsam/test_images_sd15_inpainting_v1/Fish_1190.jpg,Fish_1190.jpg,no camouflaged animal,33,There is no camouflaged animal hidden in the natural background.,sd15_inpainting_no_object,Fish,10,/home/woojye2020/decs_jupyter_lab/MedCLIP-SAMv2/data/MAS3K/extracted/MAS3K/img/Fish_1190.jpg,/home/woojye2020/decs_jupyter_lab/MedCLIP-SAMv2/data/MAS3K_medclipsam/test_images_sd15_inpainting_v1/generation_metadata.jsonl
/home/woojye2020/decs_jupyter_lab/MedCLIP-SAMv2/data/MAS3K_medclipsam/test_images_sd15_inpainting_v1/Fish_1193.jpg,Fish_1193.jpg,no camouflaged animal,33,There is no camouflaged animal hidden in the natural background.,sd15_inpainting_no_object,Fish,10,/home/woojye2020/decs_jupyter_lab/MedCLIP-SAMv2/data/MAS3K/extracted/MAS3K/img/Fish_1193.jpg,/home/woojye2020/decs_jupyter_lab/MedCLIP-SAMv2/data/MAS3K_medclipsam/test_images_sd15_inpainting_v1/generation_metadata.jsonl
/home/woojye2020/decs_jupyter_lab/MedCLIP-SAMv2/data/MAS3K_medclipsam/test_images_sd15_inpainting_v1/Fish_1195.jpg,Fish_1195.jpg,no camouflaged animal,33,There is no camouflaged animal hidden in the natural background.,sd15_inpainting_no_object,Fish,10,/home/woojye2020/decs_jupyter_lab/MedCLIP-SAMv2/data/MAS3K/extracted/MAS3K/img/Fish_1195.jpg,/home/woojye2020/decs_jupyter_lab/MedCLIP-SAMv2/data/MAS3K_medclipsam/test_images_sd15_inpainting_v1/generation_metadata.jsonl
/home/woojye2020/decs_jupyter_lab/MedCLIP-SAMv2/data/MAS3K_medclipsam/test_images_sd15_inpainting_v1/Fish_1202.jpg,Fish_1202.jpg,no camouflaged animal,33,There is no camouflaged animal hidden in the natural background.,sd15_inpainting_no_object,Fish,10,/home/woojye2020/decs_jupyter_lab/MedCLIP-SAMv2/data/MAS3K/extracted/MAS3K/img/Fish_1202.jpg,/home/woojye2020/decs_jupyter_lab/MedCLIP-SAMv2/data/MAS3K_medclipsam/test_images_sd15_inpainting_v1/generation_metadata.jsonl
/home/woojye2020/decs_jupyter_lab/MedCLIP-SAMv2/data/MAS3K_medclipsam/test_images_sd15_inpainting_v1/Fish_1215.jpg,Fish_1215.jpg,no camouflaged animal,33,There is no camouflaged animal hidden in the natural background.,sd15_inpainting_no_object,Fish,10,/home/woojye2020/decs_jupyter_lab/MedCLIP-SAMv2/data/MAS3K/extracted/MAS3K/img/Fish_1215.jpg,/home/woojye2020/decs_jupyter_lab/MedCLIP-SAMv2/data/MAS3K_medclipsam/test_images_sd15_inpainting_v1/generation_metadata.jsonl
/home/woojye2020/decs_jupyter_lab/MedCLIP-SAMv2/data/MAS3K_medclipsam/test_images_sd15_inpainting_v1/Fish_1229.jpg,Fish_1229.jpg,no camouflaged animal,33,There is no camouflaged animal hidden in the natural background.,sd15_inpainting_no_object,Fish,10,/home/woojye2020/decs_jupyter_lab/MedCLIP-SAMv2/data/MAS3K/extracted/MAS3K/img/Fish_1229.jpg,/home/woojye2020/decs_jupyter_lab/MedCLIP-SAMv2/data/MAS3K_medclipsam/test_images_sd15_inpainting_v1/generation_metadata.jsonl
/home/woojye2020/decs_jupyter_lab/MedCLIP-SAMv2/data/MAS3K_medclipsam/test_images_sd15_inpainting_v1/Fish_1230.jpg,Fish_1230.jpg,no camouflaged animal,33,There is no camouflaged animal hidden in the natural background.,sd15_inpainting_no_object,Fish,10,/home/woojye2020/decs_jupyter_lab/MedCLIP-SAMv2/data/MAS3K/extracted/MAS3K/img/Fish_1230.jpg,/home/woojye2020/decs_jupyter_lab/MedCLIP-SAMv2/data/MAS3K_medclipsam/test_images_sd15_inpainting_v1/generation_metadata.jsonl
/home/woojye2020/decs_jupyter_lab/MedCLIP-SAMv2/data/MAS3K_medclipsam/test_images_sd15_inpainting_v1/Fish_1231.jpg,Fish_1231.jpg,no camouflaged animal,33,There is no camouflaged animal hidden in the natural background.,sd15_inpainting_no_object,Fish,10,/home/woojye2020/decs_jupyter_lab/MedCLIP-SAMv2/data/MAS3K/extracted/MAS3K/img/Fish_1231.jpg,/home/woojye2020/decs_jupyter_lab/MedCLIP-SAMv2/data/MAS3K_medclipsam/test_images_sd15_inpainting_v1/generation_metadata.jsonl
/home/woojye2020/decs_jupyter_lab/MedCLIP-SAMv2/data/MAS3K_medclipsam/test_images_sd15_inpainting_v1/Fish_1234.jpg,Fish_1234.jpg,no camouflaged animal,33,There is no camouflaged animal hidden in the natural background.,sd15_inpainting_no_object,Fish,10,/home/woojye2020/decs_jupyter_lab/MedCLIP-SAMv2/data/MAS3K/extracted/MAS3K/img/Fish_1234.jpg,/home/woojye2020/decs_jupyter_lab/MedCLIP-SAMv2/data/MAS3K_medclipsam/test_images_sd15_inpainting_v1/generation_metadata.jsonl
/home/woojye2020/decs_jupyter_lab/MedCLIP-SAMv2/data/MAS3K_medclipsam/test_images_sd15_inpainting_v1/Fish_1244.jpg,Fish_1244.jpg,no camouflaged animal,33,There is no camouflaged animal hidden in the natural background.,sd15_inpainting_no_object,Fish,10,/home/woojye2020/decs_jupyter_lab/MedCLIP-SAMv2/data/MAS3K/extracted/MAS3K/img/Fish_1244.jpg,/home/woojye2020/decs_jupyter_lab/MedCLIP-SAMv2/data/MAS3K_medclipsam/test_images_sd15_inpainting_v1/generation_metadata.jsonl
/home/woojye2020/decs_jupyter_lab/MedCLIP-SAMv2/data/MAS3K_medclipsam/test_images_sd15_inpainting_v1/Fish_1254.jpg,Fish_1254.jpg,no camouflaged animal,33,There is no camouflaged animal hidden in the natural background.,sd15_inpainting_no_object,Fish,10,/home/woojye2020/decs_jupyter_lab/MedCLIP-SAMv2/data/MAS3K/extracted/MAS3K/img/Fish_1254.jpg,/home/woojye2020/decs_jupyter_lab/MedCLIP-SAMv2/data/MAS3K_medclipsam/test_images_sd15_inpainting_v1/generation_metadata.jsonl
/home/woojye2020/decs_jupyter_lab/MedCLIP-SAMv2/data/MAS3K_medclipsam/test_images_sd15_inpainting_v1/Fish_1259.jpg,Fish_1259.jpg,no camouflaged animal,33,There is no camouflaged animal hidden in the natural background.,sd15_inpainting_no_object,Fish,10,/home/woojye2020/decs_jupyter_lab/MedCLIP-SAMv2/data/MAS3K/extracted/MAS3K/img/Fish_1259.jpg,/home/woojye2020/decs_jupyter_lab/MedCLIP-SAMv2/data/MAS3K_medclipsam/test_images_sd15_inpainting_v1/generation_metadata.jsonl
/home/woojye2020/decs_jupyter_lab/MedCLIP-SAMv2/data/MAS3K_medclipsam/test_images_sd15_inpainting_v1/Fish_1263.jpg,Fish_1263.jpg,no camouflaged animal,33,There is no camouflaged animal hidden in the natural background.,sd15_inpainting_no_object,Fish,10,/home/woojye2020/decs_jupyter_lab/MedCLIP-SAMv2/data/MAS3K/extracted/MAS3K/img/Fish_1263.jpg,/home/woojye2020/decs_jupyter_lab/MedCLIP-SAMv2/data/MAS3K_medclipsam/test_images_sd15_inpainting_v1/generation_metadata.jsonl
/home/woojye2020/decs_jupyter_lab/MedCLIP-SAMv2/data/MAS3K_medclipsam/test_images_sd15_inpainting_v1/Fish_1264.jpg,Fish_1264.jpg,no camouflaged animal,33,There is no camouflaged animal hidden in the natural background.,sd15_inpainting_no_object,Fish,10,/home/woojye2020/decs_jupyter_lab/MedCLIP-SAMv2/data/MAS3K/extracted/MAS3K/img/Fish_1264.jpg,/home/woojye2020/decs_jupyter_lab/MedCLIP-SAMv2/data/MAS3K_medclipsam/test_images_sd15_inpainting_v1/generation_metadata.jsonl
/home/woojye2020/decs_jupyter_lab/MedCLIP-SAMv2/data/MAS3K_medclipsam/test_images_sd15_inpainting_v1/Fish_1265.jpg,Fish_1265.jpg,no camouflaged animal,33,There is no camouflaged animal hidden in the natural background.,sd15_inpainting_no_object,Fish,10,/home/woojye2020/decs_jupyter_lab/MedCLIP-SAMv2/data/MAS3K/extracted/MAS3K/img/Fish_1265.jpg,/home/woojye2020/decs_jupyter_lab/MedCLIP-SAMv2/data/MAS3K_medclipsam/test_images_sd15_inpainting_v1/generation_metadata.jsonl
/home/woojye2020/decs_jupyter_lab/MedCLIP-SAMv2/data/MAS3K_medclipsam/test_images_sd15_inpainting_v1/Fish_1281.jpg,Fish_1281.jpg,no camouflaged animal,33,There is no camouflaged animal hidden in the natural background.,sd15_inpainting_no_object,Fish,10,/home/woojye2020/decs_jupyter_lab/MedCLIP-SAMv2/data/MAS3K/extracted/MAS3K/img/Fish_1281.jpg,/home/woojye2020/decs_jupyter_lab/MedCLIP-SAMv2/data/MAS3K_medclipsam/test_images_sd15_inpainting_v1/generation_metadata.jsonl
/home/woojye2020/decs_jupyter_lab/MedCLIP-SAMv2/data/MAS3K_medclipsam/test_images_sd15_inpainting_v1/Fish_1290.jpg,Fish_1290.jpg,no camouflaged animal,33,There is no camouflaged animal hidden in the natural background.,sd15_inpainting_no_object,Fish,10,/home/woojye2020/decs_jupyter_lab/MedCLIP-SAMv2/data/MAS3K/extracted/MAS3K/img/Fish_1290.jpg,/home/woojye2020/decs_jupyter_lab/MedCLIP-SAMv2/data/MAS3K_medclipsam/test_images_sd15_inpainting_v1/generation_metadata.jsonl
/home/woojye2020/decs_jupyter_lab/MedCLIP-SAMv2/data/MAS3K_medclipsam/test_images_sd15_inpainting_v1/Fish_1292.jpg,Fish_1292.jpg,no camouflaged animal,33,There is no camouflaged animal hidden in the natural background.,sd15_inpainting_no_object,Fish,10,/home/woojye2020/decs_jupyter_lab/MedCLIP-SAMv2/data/MAS3K/extracted/MAS3K/img/Fish_1292.jpg,/home/woojye2020/decs_jupyter_lab/MedCLIP-SAMv2/data/MAS3K_medclipsam/test_images_sd15_inpainting_v1/generation_metadata.jsonl
/home/woojye2020/decs_jupyter_lab/MedCLIP-SAMv2/data/MAS3K_medclipsam/test_images_sd15_inpainting_v1/Fish_1295.jpg,Fish_1295.jpg,no camouflaged animal,33,There is no camouflaged animal hidden in the natural background.,sd15_inpainting_no_object,Fish,10,/home/woojye2020/decs_jupyter_lab/MedCLIP-SAMv2/data/MAS3K/extracted/MAS3K/img/Fish_1295.jpg,/home/woojye2020/decs_jupyter_lab/MedCLIP-SAMv2/data/MAS3K_medclipsam/test_images_sd15_inpainting_v1/generation_metadata.jsonl
/home/woojye2020/decs_jupyter_lab/MedCLIP-SAMv2/data/MAS3K_medclipsam/test_images_sd15_inpainting_v1/Fish_1296.jpg,Fish_1296.jpg,no camouflaged animal,33,There is no camouflaged animal hidden in the natural background.,sd15_inpainting_no_object,Fish,10,/home/woojye2020/decs_jupyter_lab/MedCLIP-SAMv2/data/MAS3K/extracted/MAS3K/img/Fish_1296.jpg,/home/woojye2020/decs_jupyter_lab/MedCLIP-SAMv2/data/MAS3K_medclipsam/test_images_sd15_inpainting_v1/generation_metadata.jsonl
/home/woojye2020/decs_jupyter_lab/MedCLIP-SAMv2/data/MAS3K_medclipsam/test_images_sd15_inpainting_v1/Fish_1297.jpg,Fish_1297.jpg,no camouflaged animal,33,There is no camouflaged animal hidden in the natural background.,sd15_inpainting_no_object,Fish,10,/home/woojye2020/decs_jupyter_lab/MedCLIP-SAMv2/data/MAS3K/extracted/MAS3K/img/Fish_1297.jpg,/home/woojye2020/decs_jupyter_lab/MedCLIP-SAMv2/data/MAS3K_medclipsam/test_images_sd15_inpainting_v1/generation_metadata.jsonl
/home/woojye2020/decs_jupyter_lab/MedCLIP-SAMv2/data/MAS3K_medclipsam/test_images_sd15_inpainting_v1/Fish_1302.jpg,Fish_1302.jpg,no camouflaged animal,33,There is no camouflaged animal hidden in the natural background.,sd15_inpainting_no_object,Fish,10,/home/woojye2020/decs_jupyter_lab/MedCLIP-SAMv2/data/MAS3K/extracted/MAS3K/img/Fish_1302.jpg,/home/woojye2020/decs_jupyter_lab/MedCLIP-SAMv2/data/MAS3K_medclipsam/test_images_sd15_inpainting_v1/generation_metadata.jsonl
/home/woojye2020/decs_jupyter_lab/MedCLIP-SAMv2/data/MAS3K_medclipsam/test_images_sd15_inpainting_v1/Fish_1303.jpg,Fish_1303.jpg,no camouflaged animal,33,There is no camouflaged animal hidden in the natural background.,sd15_inpainting_no_object,Fish,10,/home/woojye2020/decs_jupyter_lab/MedCLIP-SAMv2/data/MAS3K/extracted/MAS3K/img/Fish_1303.jpg,/home/woojye2020/decs_jupyter_lab/MedCLIP-SAMv2/data/MAS3K_medclipsam/test_images_sd15_inpainting_v1/generation_metadata.jsonl
/home/woojye2020/decs_jupyter_lab/MedCLIP-SAMv2/data/MAS3K_medclipsam/test_images_sd15_inpainting_v1/Fish_1315.jpg,Fish_1315.jpg,no camouflaged animal,33,There is no camouflaged animal hidden in the natural background.,sd15_inpainting_no_object,Fish,10,/home/woojye2020/decs_jupyter_lab/MedCLIP-SAMv2/data/MAS3K/extracted/MAS3K/img/Fish_1315.jpg,/home/woojye2020/decs_jupyter_lab/MedCLIP-SAMv2/data/MAS3K_medclipsam/test_images_sd15_inpainting_v1/generation_metadata.jsonl
/home/woojye2020/decs_jupyter_lab/MedCLIP-SAMv2/data/MAS3K_medclipsam/test_images_sd15_inpainting_v1/Fish_1324.jpg,Fish_1324.jpg,no camouflaged animal,33,There is no camouflaged animal hidden in the natural background.,sd15_inpainting_no_object,Fish,10,/home/woojye2020/decs_jupyter_lab/MedCLIP-SAMv2/data/MAS3K/extracted/MAS3K/img/Fish_1324.jpg,/home/woojye2020/decs_jupyter_lab/MedCLIP-SAMv2/data/MAS3K_medclipsam/test_images_sd15_inpainting_v1/generation_metadata.jsonl
/home/woojye2020/decs_jupyter_lab/MedCLIP-SAMv2/data/MAS3K_medclipsam/test_images_sd15_inpainting_v1/Fish_1329.jpg,Fish_1329.jpg,no camouflaged animal,33,There is no camouflaged animal hidden in the natural background.,sd15_inpainting_no_object,Fish,10,/home/woojye2020/decs_jupyter_lab/MedCLIP-SAMv2/data/MAS3K/extracted/MAS3K/img/Fish_1329.jpg,/home/woojye2020/decs_jupyter_lab/MedCLIP-SAMv2/data/MAS3K_medclipsam/test_images_sd15_inpainting_v1/generation_metadata.jsonl
/home/woojye2020/decs_jupyter_lab/MedCLIP-SAMv2/data/MAS3K_medclipsam/test_images_sd15_inpainting_v1/Fish_1330.jpg,Fish_1330.jpg,no camouflaged animal,33,There is no camouflaged animal hidden in the natural background.,sd15_inpainting_no_object,Fish,10,/home/woojye2020/decs_jupyter_lab/MedCLIP-SAMv2/data/MAS3K/extracted/MAS3K/img/Fish_1330.jpg,/home/woojye2020/decs_jupyter_lab/MedCLIP-SAMv2/data/MAS3K_medclipsam/test_images_sd15_inpainting_v1/generation_metadata.jsonl
/home/woojye2020/decs_jupyter_lab/MedCLIP-SAMv2/data/MAS3K_medclipsam/test_images_sd15_inpainting_v1/Fish_1331.jpg,Fish_1331.jpg,no camouflaged animal,33,There is no camouflaged animal hidden in the natural background.,sd15_inpainting_no_object,Fish,10,/home/woojye2020/decs_jupyter_lab/MedCLIP-SAMv2/data/MAS3K/extracted/MAS3K/img/Fish_1331.jpg,/home/woojye2020/decs_jupyter_lab/MedCLIP-SAMv2/data/MAS3K_medclipsam/test_images_sd15_inpainting_v1/generation_metadata.jsonl
/home/woojye2020/decs_jupyter_lab/MedCLIP-SAMv2/data/MAS3K_medclipsam/test_images_sd15_inpainting_v1/Fish_1340.jpg,Fish_1340.jpg,no camouflaged animal,33,There is no camouflaged animal hidden in the natural background.,sd15_inpainting_no_object,Fish,10,/home/woojye2020/decs_jupyter_lab/MedCLIP-SAMv2/data/MAS3K/extracted/MAS3K/img/Fish_1340.jpg,/home/woojye2020/decs_jupyter_lab/MedCLIP-SAMv2/data/MAS3K_medclipsam/test_images_sd15_inpainting_v1/generation_metadata.jsonl
/home/woojye2020/decs_jupyter_lab/MedCLIP-SAMv2/data/MAS3K_medclipsam/test_images_sd15_inpainting_v1/Fish_1343.jpg,Fish_1343.jpg,no camouflaged animal,33,There is no camouflaged animal hidden in the natural background.,sd15_inpainting_no_object,Fish,10,/home/woojye2020/decs_jupyter_lab/MedCLIP-SAMv2/data/MAS3K/extracted/MAS3K/img/Fish_1343.jpg,/home/woojye2020/decs_jupyter_lab/MedCLIP-SAMv2/data/MAS3K_medclipsam/test_images_sd15_inpainting_v1/generation_metadata.jsonl
/home/woojye2020/decs_jupyter_lab/MedCLIP-SAMv2/data/MAS3K_medclipsam/test_images_sd15_inpainting_v1/Fish_1344.jpg,Fish_1344.jpg,no camouflaged animal,33,There is no camouflaged animal hidden in the natural background.,sd15_inpainting_no_object,Fish,10,/home/woojye2020/decs_jupyter_lab/MedCLIP-SAMv2/data/MAS3K/extracted/MAS3K/img/Fish_1344.jpg,/home/woojye2020/decs_jupyter_lab/MedCLIP-SAMv2/data/MAS3K_medclipsam/test_images_sd15_inpainting_v1/generation_metadata.jsonl
/home/woojye2020/decs_jupyter_lab/MedCLIP-SAMv2/data/MAS3K_medclipsam/test_images_sd15_inpainting_v1/Fish_1348.jpg,Fish_1348.jpg,no camouflaged animal,33,There is no camouflaged animal hidden in the natural background.,sd15_inpainting_no_object,Fish,10,/home/woojye2020/decs_jupyter_lab/MedCLIP-SAMv2/data/MAS3K/extracted/MAS3K/img/Fish_1348.jpg,/home/woojye2020/decs_jupyter_lab/MedCLIP-SAMv2/data/MAS3K_medclipsam/test_images_sd15_inpainting_v1/generation_metadata.jsonl
/home/woojye2020/decs_jupyter_lab/MedCLIP-SAMv2/data/MAS3K_medclipsam/test_images_sd15_inpainting_v1/Fish_1363.jpg,Fish_1363.jpg,no camouflaged animal,33,There is no camouflaged animal hidden in the natural background.,sd15_inpainting_no_object,Fish,10,/home/woojye2020/decs_jupyter_lab/MedCLIP-SAMv2/data/MAS3K/extracted/MAS3K/img/Fish_1363.jpg,/home/woojye2020/decs_jupyter_lab/MedCLIP-SAMv2/data/MAS3K_medclipsam/test_images_sd15_inpainting_v1/generation_metadata.jsonl
/home/woojye2020/decs_jupyter_lab/MedCLIP-SAMv2/data/MAS3K_medclipsam/test_images_sd15_inpainting_v1/Fish_1368.jpg,Fish_1368.jpg,no camouflaged animal,33,There is no camouflaged animal hidden in the natural background.,sd15_inpainting_no_object,Fish,10,/home/woojye2020/decs_jupyter_lab/MedCLIP-SAMv2/data/MAS3K/extracted/MAS3K/img/Fish_1368.jpg,/home/woojye2020/decs_jupyter_lab/MedCLIP-SAMv2/data/MAS3K_medclipsam/test_images_sd15_inpainting_v1/generation_metadata.jsonl
/home/woojye2020/decs_jupyter_lab/MedCLIP-SAMv2/data/MAS3K_medclipsam/test_images_sd15_inpainting_v1/Fish_1370.jpg,Fish_1370.jpg,no camouflaged animal,33,There is no camouflaged animal hidden in the natural background.,sd15_inpainting_no_object,Fish,10,/home/woojye2020/decs_jupyter_lab/MedCLIP-SAMv2/data/MAS3K/extracted/MAS3K/img/Fish_1370.jpg,/home/woojye2020/decs_jupyter_lab/MedCLIP-SAMv2/data/MAS3K_medclipsam/test_images_sd15_inpainting_v1/generation_metadata.jsonl
/home/woojye2020/decs_jupyter_lab/MedCLIP-SAMv2/data/MAS3K_medclipsam/test_images_sd15_inpainting_v1/Fish_1373.jpg,Fish_1373.jpg,no camouflaged animal,33,There is no camouflaged animal hidden in the natural background.,sd15_inpainting_no_object,Fish,10,/home/woojye2020/decs_jupyter_lab/MedCLIP-SAMv2/data/MAS3K/extracted/MAS3K/img/Fish_1373.jpg,/home/woojye2020/decs_jupyter_lab/MedCLIP-SAMv2/data/MAS3K_medclipsam/test_images_sd15_inpainting_v1/generation_metadata.jsonl
/home/woojye2020/decs_jupyter_lab/MedCLIP-SAMv2/data/MAS3K_medclipsam/test_images_sd15_inpainting_v1/Fish_1380.jpg,Fish_1380.jpg,no camouflaged animal,33,There is no camouflaged animal hidden in the natural background.,sd15_inpainting_no_object,Fish,10,/home/woojye2020/decs_jupyter_lab/MedCLIP-SAMv2/data/MAS3K/extracted/MAS3K/img/Fish_1380.jpg,/home/woojye2020/decs_jupyter_lab/MedCLIP-SAMv2/data/MAS3K_medclipsam/test_images_sd15_inpainting_v1/generation_metadata.jsonl
/home/woojye2020/decs_jupyter_lab/MedCLIP-SAMv2/data/MAS3K_medclipsam/test_images_sd15_inpainting_v1/Fish_1383.jpg,Fish_1383.jpg,no camouflaged animal,33,There is no camouflaged animal hidden in the natural background.,sd15_inpainting_no_object,Fish,10,/home/woojye2020/decs_jupyter_lab/MedCLIP-SAMv2/data/MAS3K/extracted/MAS3K/img/Fish_1383.jpg,/home/woojye2020/decs_jupyter_lab/MedCLIP-SAMv2/data/MAS3K_medclipsam/test_images_sd15_inpainting_v1/generation_metadata.jsonl
/home/woojye2020/decs_jupyter_lab/MedCLIP-SAMv2/data/MAS3K_medclipsam/test_images_sd15_inpainting_v1/Fish_1392.jpg,Fish_1392.jpg,no camouflaged animal,33,There is no camouflaged animal hidden in the natural background.,sd15_inpainting_no_object,Fish,10,/home/woojye2020/decs_jupyter_lab/MedCLIP-SAMv2/data/MAS3K/extracted/MAS3K/img/Fish_1392.jpg,/home/woojye2020/decs_jupyter_lab/MedCLIP-SAMv2/data/MAS3K_medclipsam/test_images_sd15_inpainting_v1/generation_metadata.jsonl
/home/woojye2020/decs_jupyter_lab/MedCLIP-SAMv2/data/MAS3K_medclipsam/test_images_sd15_inpainting_v1/Fish_1395.jpg,Fish_1395.jpg,no camouflaged animal,33,There is no camouflaged animal hidden in the natural background.,sd15_inpainting_no_object,Fish,10,/home/woojye2020/decs_jupyter_lab/MedCLIP-SAMv2/data/MAS3K/extracted/MAS3K/img/Fish_1395.jpg,/home/woojye2020/decs_jupyter_lab/MedCLIP-SAMv2/data/MAS3K_medclipsam/test_images_sd15_inpainting_v1/generation_metadata.jsonl
/home/woojye2020/decs_jupyter_lab/MedCLIP-SAMv2/data/MAS3K_medclipsam/test_images_sd15_inpainting_v1/Fish_1398.jpg,Fish_1398.jpg,no camouflaged animal,33,There is no camouflaged animal hidden in the natural background.,sd15_inpainting_no_object,Fish,10,/home/woojye2020/decs_jupyter_lab/MedCLIP-SAMv2/data/MAS3K/extracted/MAS3K/img/Fish_1398.jpg,/home/woojye2020/decs_jupyter_lab/MedCLIP-SAMv2/data/MAS3K_medclipsam/test_images_sd15_inpainting_v1/generation_metadata.jsonl
/home/woojye2020/decs_jupyter_lab/MedCLIP-SAMv2/data/MAS3K_medclipsam/test_images_sd15_inpainting_v1/Fish_1399.jpg,Fish_1399.jpg,no camouflaged animal,33,There is no camouflaged animal hidden in the natural background.,sd15_inpainting_no_object,Fish,10,/home/woojye2020/decs_jupyter_lab/MedCLIP-SAMv2/data/MAS3K/extracted/MAS3K/img/Fish_1399.jpg,/home/woojye2020/decs_jupyter_lab/MedCLIP-SAMv2/data/MAS3K_medclipsam/test_images_sd15_inpainting_v1/generation_metadata.jsonl
/home/woojye2020/decs_jupyter_lab/MedCLIP-SAMv2/data/MAS3K_medclipsam/test_images_sd15_inpainting_v1/Fish_1401.jpg,Fish_1401.jpg,no camouflaged animal,33,There is no camouflaged animal hidden in the natural background.,sd15_inpainting_no_object,Fish,10,/home/woojye2020/decs_jupyter_lab/MedCLIP-SAMv2/data/MAS3K/extracted/MAS3K/img/Fish_1401.jpg,/home/woojye2020/decs_jupyter_lab/MedCLIP-SAMv2/data/MAS3K_medclipsam/test_images_sd15_inpainting_v1/generation_metadata.jsonl
/home/woojye2020/decs_jupyter_lab/MedCLIP-SAMv2/data/MAS3K_medclipsam/test_images_sd15_inpainting_v1/Fish_1403.jpg,Fish_1403.jpg,no camouflaged animal,33,There is no camouflaged animal hidden in the natural background.,sd15_inpainting_no_object,Fish,10,/home/woojye2020/decs_jupyter_lab/MedCLIP-SAMv2/data/MAS3K/extracted/MAS3K/img/Fish_1403.jpg,/home/woojye2020/decs_jupyter_lab/MedCLIP-SAMv2/data/MAS3K_medclipsam/test_images_sd15_inpainting_v1/generation_metadata.jsonl
/home/woojye2020/decs_jupyter_lab/MedCLIP-SAMv2/data/MAS3K_medclipsam/test_images_sd15_inpainting_v1/Fish_1410.jpg,Fish_1410.jpg,no camouflaged animal,33,There is no camouflaged animal hidden in the natural background.,sd15_inpainting_no_object,Fish,10,/home/woojye2020/decs_jupyter_lab/MedCLIP-SAMv2/data/MAS3K/extracted/MAS3K/img/Fish_1410.jpg,/home/woojye2020/decs_jupyter_lab/MedCLIP-SAMv2/data/MAS3K_medclipsam/test_images_sd15_inpainting_v1/generation_metadata.jsonl
/home/woojye2020/decs_jupyter_lab/MedCLIP-SAMv2/data/MAS3K_medclipsam/test_images_sd15_inpainting_v1/Fish_1412.jpg,Fish_1412.jpg,no camouflaged animal,33,There is no camouflaged animal hidden in the natural background.,sd15_inpainting_no_object,Fish,10,/home/woojye2020/decs_jupyter_lab/MedCLIP-SAMv2/data/MAS3K/extracted/MAS3K/img/Fish_1412.jpg,/home/woojye2020/decs_jupyter_lab/MedCLIP-SAMv2/data/MAS3K_medclipsam/test_images_sd15_inpainting_v1/generation_metadata.jsonl
/home/woojye2020/decs_jupyter_lab/MedCLIP-SAMv2/data/MAS3K_medclipsam/test_images_sd15_inpainting_v1/Fish_1414.jpg,Fish_1414.jpg,no camouflaged animal,33,There is no camouflaged animal hidden in the natural background.,sd15_inpainting_no_object,Fish,10,/home/woojye2020/decs_jupyter_lab/MedCLIP-SAMv2/data/MAS3K/extracted/MAS3K/img/Fish_1414.jpg,/home/woojye2020/decs_jupyter_lab/MedCLIP-SAMv2/data/MAS3K_medclipsam/test_images_sd15_inpainting_v1/generation_metadata.jsonl
/home/woojye2020/decs_jupyter_lab/MedCLIP-SAMv2/data/MAS3K_medclipsam/test_images_sd15_inpainting_v1/Fish_1415.jpg,Fish_1415.jpg,no camouflaged animal,33,There is no camouflaged animal hidden in the natural background.,sd15_inpainting_no_object,Fish,10,/home/woojye2020/decs_jupyter_lab/MedCLIP-SAMv2/data/MAS3K/extracted/MAS3K/img/Fish_1415.jpg,/home/woojye2020/decs_jupyter_lab/MedCLIP-SAMv2/data/MAS3K_medclipsam/test_images_sd15_inpainting_v1/generation_metadata.jsonl
/home/woojye2020/decs_jupyter_lab/MedCLIP-SAMv2/data/MAS3K_medclipsam/test_images_sd15_inpainting_v1/Fish_1419.jpg,Fish_1419.jpg,no camouflaged animal,33,There is no camouflaged animal hidden in the natural background.,sd15_inpainting_no_object,Fish,10,/home/woojye2020/decs_jupyter_lab/MedCLIP-SAMv2/data/MAS3K/extracted/MAS3K/img/Fish_1419.jpg,/home/woojye2020/decs_jupyter_lab/MedCLIP-SAMv2/data/MAS3K_medclipsam/test_images_sd15_inpainting_v1/generation_metadata.jsonl
/home/woojye2020/decs_jupyter_lab/MedCLIP-SAMv2/data/MAS3K_medclipsam/test_images_sd15_inpainting_v1/Fish_1432.jpg,Fish_1432.jpg,no camouflaged animal,33,There is no camouflaged animal hidden in the natural background.,sd15_inpainting_no_object,Fish,10,/home/woojye2020/decs_jupyter_lab/MedCLIP-SAMv2/data/MAS3K/extracted/MAS3K/img/Fish_1432.jpg,/home/woojye2020/decs_jupyter_lab/MedCLIP-SAMv2/data/MAS3K_medclipsam/test_images_sd15_inpainting_v1/generation_metadata.jsonl
/home/woojye2020/decs_jupyter_lab/MedCLIP-SAMv2/data/MAS3K_medclipsam/test_images_sd15_inpainting_v1/Fish_1434.jpg,Fish_1434.jpg,no camouflaged animal,33,There is no camouflaged animal hidden in the natural background.,sd15_inpainting_no_object,Fish,10,/home/woojye2020/decs_jupyter_lab/MedCLIP-SAMv2/data/MAS3K/extracted/MAS3K/img/Fish_1434.jpg,/home/woojye2020/decs_jupyter_lab/MedCLIP-SAMv2/data/MAS3K_medclipsam/test_images_sd15_inpainting_v1/generation_metadata.jsonl
/home/woojye2020/decs_jupyter_lab/MedCLIP-SAMv2/data/MAS3K_medclipsam/test_images_sd15_inpainting_v1/Fish_1435.jpg,Fish_1435.jpg,no camouflaged animal,33,There is no camouflaged animal hidden in the natural background.,sd15_inpainting_no_object,Fish,10,/home/woojye2020/decs_jupyter_lab/MedCLIP-SAMv2/data/MAS3K/extracted/MAS3K/img/Fish_1435.jpg,/home/woojye2020/decs_jupyter_lab/MedCLIP-SAMv2/data/MAS3K_medclipsam/test_images_sd15_inpainting_v1/generation_metadata.jsonl
/home/woojye2020/decs_jupyter_lab/MedCLIP-SAMv2/data/MAS3K_medclipsam/test_images_sd15_inpainting_v1/Flounder_1441.jpg,Flounder_1441.jpg,no camouflaged animal,33,There is no camouflaged animal hidden in the natural background.,sd15_inpainting_no_object,Flounder,11,/home/woojye2020/decs_jupyter_lab/MedCLIP-SAMv2/data/MAS3K/extracted/MAS3K/img/Flounder_1441.jpg,/home/woojye2020/decs_jupyter_lab/MedCLIP-SAMv2/data/MAS3K_medclipsam/test_images_sd15_inpainting_v1/generation_metadata.jsonl
/home/woojye2020/decs_jupyter_lab/MedCLIP-SAMv2/data/MAS3K_medclipsam/test_images_sd15_inpainting_v1/Flounder_1450.jpg,Flounder_1450.jpg,no camouflaged animal,33,There is no camouflaged animal hidden in the natural background.,sd15_inpainting_no_object,Flounder,11,/home/woojye2020/decs_jupyter_lab/MedCLIP-SAMv2/data/MAS3K/extracted/MAS3K/img/Flounder_1450.jpg,/home/woojye2020/decs_jupyter_lab/MedCLIP-SAMv2/data/MAS3K_medclipsam/test_images_sd15_inpainting_v1/generation_metadata.jsonl
/home/woojye2020/decs_jupyter_lab/MedCLIP-SAMv2/data/MAS3K_medclipsam/test_images_sd15_inpainting_v1/Flounder_1451.jpg,Flounder_1451.jpg,no camouflaged animal,33,There is no camouflaged animal hidden in the natural background.,sd15_inpainting_no_object,Flounder,11,/home/woojye2020/decs_jupyter_lab/MedCLIP-SAMv2/data/MAS3K/extracted/MAS3K/img/Flounder_1451.jpg,/home/woojye2020/decs_jupyter_lab/MedCLIP-SAMv2/data/MAS3K_medclipsam/test_images_sd15_inpainting_v1/generation_metadata.jsonl
/home/woojye2020/decs_jupyter_lab/MedCLIP-SAMv2/data/MAS3K_medclipsam/test_images_sd15_inpainting_v1/Flounder_1456.jpg,Flounder_1456.jpg,no camouflaged animal,33,There is no camouflaged animal hidden in the natural background.,sd15_inpainting_no_object,Flounder,11,/home/woojye2020/decs_jupyter_lab/MedCLIP-SAMv2/data/MAS3K/extracted/MAS3K/img/Flounder_1456.jpg,/home/woojye2020/decs_jupyter_lab/MedCLIP-SAMv2/data/MAS3K_medclipsam/test_images_sd15_inpainting_v1/generation_metadata.jsonl
/home/woojye2020/decs_jupyter_lab/MedCLIP-SAMv2/data/MAS3K_medclipsam/test_images_sd15_inpainting_v1/Flounder_1458.jpg,Flounder_1458.jpg,no camouflaged animal,33,There is no camouflaged animal hidden in the natural background.,sd15_inpainting_no_object,Flounder,11,/home/woojye2020/decs_jupyter_lab/MedCLIP-SAMv2/data/MAS3K/extracted/MAS3K/img/Flounder_1458.jpg,/home/woojye2020/decs_jupyter_lab/MedCLIP-SAMv2/data/MAS3K_medclipsam/test_images_sd15_inpainting_v1/generation_metadata.jsonl
/home/woojye2020/decs_jupyter_lab/MedCLIP-SAMv2/data/MAS3K_medclipsam/test_images_sd15_inpainting_v1/Flounder_1460.jpg,Flounder_1460.jpg,no camouflaged animal,33,There is no camouflaged animal hidden in the natural background.,sd15_inpainting_no_object,Flounder,11,/home/woojye2020/decs_jupyter_lab/MedCLIP-SAMv2/data/MAS3K/extracted/MAS3K/img/Flounder_1460.jpg,/home/woojye2020/decs_jupyter_lab/MedCLIP-SAMv2/data/MAS3K_medclipsam/test_images_sd15_inpainting_v1/generation_metadata.jsonl
/home/woojye2020/decs_jupyter_lab/MedCLIP-SAMv2/data/MAS3K_medclipsam/test_images_sd15_inpainting_v1/Flounder_1463.jpg,Flounder_1463.jpg,no camouflaged animal,33,There is no camouflaged animal hidden in the natural background.,sd15_inpainting_no_object,Flounder,11,/home/woojye2020/decs_jupyter_lab/MedCLIP-SAMv2/data/MAS3K/extracted/MAS3K/img/Flounder_1463.jpg,/home/woojye2020/decs_jupyter_lab/MedCLIP-SAMv2/data/MAS3K_medclipsam/test_images_sd15_inpainting_v1/generation_metadata.jsonl
/home/woojye2020/decs_jupyter_lab/MedCLIP-SAMv2/data/MAS3K_medclipsam/test_images_sd15_inpainting_v1/Flounder_1471.jpg,Flounder_1471.jpg,no camouflaged animal,33,There is no camouflaged animal hidden in the natural background.,sd15_inpainting_no_object,Flounder,11,/home/woojye2020/decs_jupyter_lab/MedCLIP-SAMv2/data/MAS3K/extracted/MAS3K/img/Flounder_1471.jpg,/home/woojye2020/decs_jupyter_lab/MedCLIP-SAMv2/data/MAS3K_medclipsam/test_images_sd15_inpainting_v1/generation_metadata.jsonl
/home/woojye2020/decs_jupyter_lab/MedCLIP-SAMv2/data/MAS3K_medclipsam/test_images_sd15_inpainting_v1/Flounder_1495.jpg,Flounder_1495.jpg,no camouflaged animal,33,There is no camouflaged animal hidden in the natural background.,sd15_inpainting_no_object,Flounder,11,/home/woojye2020/decs_jupyter_lab/MedCLIP-SAMv2/data/MAS3K/extracted/MAS3K/img/Flounder_1495.jpg,/home/woojye2020/decs_jupyter_lab/MedCLIP-SAMv2/data/MAS3K_medclipsam/test_images_sd15_inpainting_v1/generation_metadata.jsonl
/home/woojye2020/decs_jupyter_lab/MedCLIP-SAMv2/data/MAS3K_medclipsam/test_images_sd15_inpainting_v1/Flounder_1497.jpg,Flounder_1497.jpg,no camouflaged animal,33,There is no camouflaged animal hidden in the natural background.,sd15_inpainting_no_object,Flounder,11,/home/woojye2020/decs_jupyter_lab/MedCLIP-SAMv2/data/MAS3K/extracted/MAS3K/img/Flounder_1497.jpg,/home/woojye2020/decs_jupyter_lab/MedCLIP-SAMv2/data/MAS3K_medclipsam/test_images_sd15_inpainting_v1/generation_metadata.jsonl
/home/woojye2020/decs_jupyter_lab/MedCLIP-SAMv2/data/MAS3K_medclipsam/test_images_sd15_inpainting_v1/Flounder_1498.jpg,Flounder_1498.jpg,no camouflaged animal,33,There is no camouflaged animal hidden in the natural background.,sd15_inpainting_no_object,Flounder,11,/home/woojye2020/decs_jupyter_lab/MedCLIP-SAMv2/data/MAS3K/extracted/MAS3K/img/Flounder_1498.jpg,/home/woojye2020/decs_jupyter_lab/MedCLIP-SAMv2/data/MAS3K_medclipsam/test_images_sd15_inpainting_v1/generation_metadata.jsonl
/home/woojye2020/decs_jupyter_lab/MedCLIP-SAMv2/data/MAS3K_medclipsam/test_images_sd15_inpainting_v1/FrogFish_1988.jpg,FrogFish_1988.jpg,no camouflaged animal,33,There is no camouflaged animal hidden in the natural background.,sd15_inpainting_no_object,FrogFish,12,/home/woojye2020/decs_jupyter_lab/MedCLIP-SAMv2/data/MAS3K/extracted/MAS3K/img/FrogFish_1988.jpg,/home/woojye2020/decs_jupyter_lab/MedCLIP-SAMv2/data/MAS3K_medclipsam/test_images_sd15_inpainting_v1/generation_metadata.jsonl
/home/woojye2020/decs_jupyter_lab/MedCLIP-SAMv2/data/MAS3K_medclipsam/test_images_sd15_inpainting_v1/FrogFish_1993.jpg,FrogFish_1993.jpg,no camouflaged animal,33,There is no camouflaged animal hidden in the natural background.,sd15_inpainting_no_object,FrogFish,12,/home/woojye2020/decs_jupyter_lab/MedCLIP-SAMv2/data/MAS3K/extracted/MAS3K/img/FrogFish_1993.jpg,/home/woojye2020/decs_jupyter_lab/MedCLIP-SAMv2/data/MAS3K_medclipsam/test_images_sd15_inpainting_v1/generation_metadata.jsonl
/home/woojye2020/decs_jupyter_lab/MedCLIP-SAMv2/data/MAS3K_medclipsam/test_images_sd15_inpainting_v1/FrogFish_1997.jpg,FrogFish_1997.jpg,no camouflaged animal,33,There is no camouflaged animal hidden in the natural background.,sd15_inpainting_no_object,FrogFish,12,/home/woojye2020/decs_jupyter_lab/MedCLIP-SAMv2/data/MAS3K/extracted/MAS3K/img/FrogFish_1997.jpg,/home/woojye2020/decs_jupyter_lab/MedCLIP-SAMv2/data/MAS3K_medclipsam/test_images_sd15_inpainting_v1/generation_metadata.jsonl
/home/woojye2020/decs_jupyter_lab/MedCLIP-SAMv2/data/MAS3K_medclipsam/test_images_sd15_inpainting_v1/GhostPipeFish_2003.jpg,GhostPipeFish_2003.jpg,no camouflaged animal,33,There is no camouflaged animal hidden in the natural background.,sd15_inpainting_no_object,GhostPipeFish,13,/home/woojye2020/decs_jupyter_lab/MedCLIP-SAMv2/data/MAS3K/extracted/MAS3K/img/GhostPipeFish_2003.jpg,/home/woojye2020/decs_jupyter_lab/MedCLIP-SAMv2/data/MAS3K_medclipsam/test_images_sd15_inpainting_v1/generation_metadata.jsonl
/home/woojye2020/decs_jupyter_lab/MedCLIP-SAMv2/data/MAS3K_medclipsam/test_images_sd15_inpainting_v1/GhostPipeFish_2010.jpg,GhostPipeFish_2010.jpg,no camouflaged animal,33,There is no camouflaged animal hidden in the natural background.,sd15_inpainting_no_object,GhostPipeFish,13,/home/woojye2020/decs_jupyter_lab/MedCLIP-SAMv2/data/MAS3K/extracted/MAS3K/img/GhostPipeFish_2010.jpg,/home/woojye2020/decs_jupyter_lab/MedCLIP-SAMv2/data/MAS3K_medclipsam/test_images_sd15_inpainting_v1/generation_metadata.jsonl
/home/woojye2020/decs_jupyter_lab/MedCLIP-SAMv2/data/MAS3K_medclipsam/test_images_sd15_inpainting_v1/GhostPipeFish_2011.jpg,GhostPipeFish_2011.jpg,no camouflaged animal,33,There is no camouflaged animal hidden in the natural background.,sd15_inpainting_no_object,GhostPipeFish,13,/home/woojye2020/decs_jupyter_lab/MedCLIP-SAMv2/data/MAS3K/extracted/MAS3K/img/GhostPipeFish_2011.jpg,/home/woojye2020/decs_jupyter_lab/MedCLIP-SAMv2/data/MAS3K_medclipsam/test_images_sd15_inpainting_v1/generation_metadata.jsonl
/home/woojye2020/decs_jupyter_lab/MedCLIP-SAMv2/data/MAS3K_medclipsam/test_images_sd15_inpainting_v1/GhostPipeFish_2012.jpg,GhostPipeFish_2012.jpg,no camouflaged animal,33,There is no camouflaged animal hidden in the natural background.,sd15_inpainting_no_object,GhostPipeFish,13,/home/woojye2020/decs_jupyter_lab/MedCLIP-SAMv2/data/MAS3K/extracted/MAS3K/img/GhostPipeFish_2012.jpg,/home/woojye2020/decs_jupyter_lab/MedCLIP-SAMv2/data/MAS3K_medclipsam/test_images_sd15_inpainting_v1/generation_metadata.jsonl
/home/woojye2020/decs_jupyter_lab/MedCLIP-SAMv2/data/MAS3K_medclipsam/test_images_sd15_inpainting_v1/GhostPipeFish_2013.jpg,GhostPipeFish_2013.jpg,no camouflaged animal,33,There is no camouflaged animal hidden in the natural background.,sd15_inpainting_no_object,GhostPipeFish,13,/home/woojye2020/decs_jupyter_lab/MedCLIP-SAMv2/data/MAS3K/extracted/MAS3K/img/GhostPipeFish_2013.jpg,/home/woojye2020/decs_jupyter_lab/MedCLIP-SAMv2/data/MAS3K_medclipsam/test_images_sd15_inpainting_v1/generation_metadata.jsonl
/home/woojye2020/decs_jupyter_lab/MedCLIP-SAMv2/data/MAS3K_medclipsam/test_images_sd15_inpainting_v1/GhostPipeFish_2015.jpg,GhostPipeFish_2015.jpg,no camouflaged animal,33,There is no camouflaged animal hidden in the natural background.,sd15_inpainting_no_object,GhostPipeFish,13,/home/woojye2020/decs_jupyter_lab/MedCLIP-SAMv2/data/MAS3K/extracted/MAS3K/img/GhostPipeFish_2015.jpg,/home/woojye2020/decs_jupyter_lab/MedCLIP-SAMv2/data/MAS3K_medclipsam/test_images_sd15_inpainting_v1/generation_metadata.jsonl
/home/woojye2020/decs_jupyter_lab/MedCLIP-SAMv2/data/MAS3K_medclipsam/test_images_sd15_inpainting_v1/GhostPipeFish_2019.jpg,GhostPipeFish_2019.jpg,no camouflaged animal,33,There is no camouflaged animal hidden in the natural background.,sd15_inpainting_no_object,GhostPipeFish,13,/home/woojye2020/decs_jupyter_lab/MedCLIP-SAMv2/data/MAS3K/extracted/MAS3K/img/GhostPipeFish_2019.jpg,/home/woojye2020/decs_jupyter_lab/MedCLIP-SAMv2/data/MAS3K_medclipsam/test_images_sd15_inpainting_v1/generation_metadata.jsonl
/home/woojye2020/decs_jupyter_lab/MedCLIP-SAMv2/data/MAS3K_medclipsam/test_images_sd15_inpainting_v1/GhostPipeFish_2023.jpg,GhostPipeFish_2023.jpg,no camouflaged animal,33,There is no camouflaged animal hidden in the natural background.,sd15_inpainting_no_object,GhostPipeFish,13,/home/woojye2020/decs_jupyter_lab/MedCLIP-SAMv2/data/MAS3K/extracted/MAS3K/img/GhostPipeFish_2023.jpg,/home/woojye2020/decs_jupyter_lab/MedCLIP-SAMv2/data/MAS3K_medclipsam/test_images_sd15_inpainting_v1/generation_metadata.jsonl
/home/woojye2020/decs_jupyter_lab/MedCLIP-SAMv2/data/MAS3K_medclipsam/test_images_sd15_inpainting_v1/GhostPipeFish_2028.jpg,GhostPipeFish_2028.jpg,no camouflaged animal,33,There is no camouflaged animal hidden in the natural background.,sd15_inpainting_no_object,GhostPipeFish,13,/home/woojye2020/decs_jupyter_lab/MedCLIP-SAMv2/data/MAS3K/extracted/MAS3K/img/GhostPipeFish_2028.jpg,/home/woojye2020/decs_jupyter_lab/MedCLIP-SAMv2/data/MAS3K_medclipsam/test_images_sd15_inpainting_v1/generation_metadata.jsonl
/home/woojye2020/decs_jupyter_lab/MedCLIP-SAMv2/data/MAS3K_medclipsam/test_images_sd15_inpainting_v1/GhostPipeFish_2034.jpg,GhostPipeFish_2034.jpg,no camouflaged animal,33,There is no camouflaged animal hidden in the natural background.,sd15_inpainting_no_object,GhostPipeFish,13,/home/woojye2020/decs_jupyter_lab/MedCLIP-SAMv2/data/MAS3K/extracted/MAS3K/img/GhostPipeFish_2034.jpg,/home/woojye2020/decs_jupyter_lab/MedCLIP-SAMv2/data/MAS3K_medclipsam/test_images_sd15_inpainting_v1/generation_metadata.jsonl
/home/woojye2020/decs_jupyter_lab/MedCLIP-SAMv2/data/MAS3K_medclipsam/test_images_sd15_inpainting_v1/GhostPipeFish_2041.jpg,GhostPipeFish_2041.jpg,no camouflaged animal,33,There is no camouflaged animal hidden in the natural background.,sd15_inpainting_no_object,GhostPipeFish,13,/home/woojye2020/decs_jupyter_lab/MedCLIP-SAMv2/data/MAS3K/extracted/MAS3K/img/GhostPipeFish_2041.jpg,/home/woojye2020/decs_jupyter_lab/MedCLIP-SAMv2/data/MAS3K_medclipsam/test_images_sd15_inpainting_v1/generation_metadata.jsonl
/home/woojye2020/decs_jupyter_lab/MedCLIP-SAMv2/data/MAS3K_medclipsam/test_images_sd15_inpainting_v1/GhostPipeFish_2055.jpg,GhostPipeFish_2055.jpg,no camouflaged animal,33,There is no camouflaged animal hidden in the natural background.,sd15_inpainting_no_object,GhostPipeFish,13,/home/woojye2020/decs_jupyter_lab/MedCLIP-SAMv2/data/MAS3K/extracted/MAS3K/img/GhostPipeFish_2055.jpg,/home/woojye2020/decs_jupyter_lab/MedCLIP-SAMv2/data/MAS3K_medclipsam/test_images_sd15_inpainting_v1/generation_metadata.jsonl
/home/woojye2020/decs_jupyter_lab/MedCLIP-SAMv2/data/MAS3K_medclipsam/test_images_sd15_inpainting_v1/GhostPipeFish_2058.jpg,GhostPipeFish_2058.jpg,no camouflaged animal,33,There is no camouflaged animal hidden in the natural background.,sd15_inpainting_no_object,GhostPipeFish,13,/home/woojye2020/decs_jupyter_lab/MedCLIP-SAMv2/data/MAS3K/extracted/MAS3K/img/GhostPipeFish_2058.jpg,/home/woojye2020/decs_jupyter_lab/MedCLIP-SAMv2/data/MAS3K_medclipsam/test_images_sd15_inpainting_v1/generation_metadata.jsonl
/home/woojye2020/decs_jupyter_lab/MedCLIP-SAMv2/data/MAS3K_medclipsam/test_images_sd15_inpainting_v1/GhostPipeFish_2061.jpg,GhostPipeFish_2061.jpg,no camouflaged animal,33,There is no camouflaged animal hidden in the natural background.,sd15_inpainting_no_object,GhostPipeFish,13,/home/woojye2020/decs_jupyter_lab/MedCLIP-SAMv2/data/MAS3K/extracted/MAS3K/img/GhostPipeFish_2061.jpg,/home/woojye2020/decs_jupyter_lab/MedCLIP-SAMv2/data/MAS3K_medclipsam/test_images_sd15_inpainting_v1/generation_metadata.jsonl
/home/woojye2020/decs_jupyter_lab/MedCLIP-SAMv2/data/MAS3K_medclipsam/test_images_sd15_inpainting_v1/GhostPipeFish_2067.jpg,GhostPipeFish_2067.jpg,no camouflaged animal,33,There is no camouflaged animal hidden in the natural background.,sd15_inpainting_no_object,GhostPipeFish,13,/home/woojye2020/decs_jupyter_lab/MedCLIP-SAMv2/data/MAS3K/extracted/MAS3K/img/GhostPipeFish_2067.jpg,/home/woojye2020/decs_jupyter_lab/MedCLIP-SAMv2/data/MAS3K_medclipsam/test_images_sd15_inpainting_v1/generation_metadata.jsonl
/home/woojye2020/decs_jupyter_lab/MedCLIP-SAMv2/data/MAS3K_medclipsam/test_images_sd15_inpainting_v1/GhostPipeFish_2068.jpg,GhostPipeFish_2068.jpg,no camouflaged animal,33,There is no camouflaged animal hidden in the natural background.,sd15_inpainting_no_object,GhostPipeFish,13,/home/woojye2020/decs_jupyter_lab/MedCLIP-SAMv2/data/MAS3K/extracted/MAS3K/img/GhostPipeFish_2068.jpg,/home/woojye2020/decs_jupyter_lab/MedCLIP-SAMv2/data/MAS3K_medclipsam/test_images_sd15_inpainting_v1/generation_metadata.jsonl
/home/woojye2020/decs_jupyter_lab/MedCLIP-SAMv2/data/MAS3K_medclipsam/test_images_sd15_inpainting_v1/GhostPipeFish_2069.jpg,GhostPipeFish_2069.jpg,no camouflaged animal,33,There is no camouflaged animal hidden in the natural background.,sd15_inpainting_no_object,GhostPipeFish,13,/home/woojye2020/decs_jupyter_lab/MedCLIP-SAMv2/data/MAS3K/extracted/MAS3K/img/GhostPipeFish_2069.jpg,/home/woojye2020/decs_jupyter_lab/MedCLIP-SAMv2/data/MAS3K_medclipsam/test_images_sd15_inpainting_v1/generation_metadata.jsonl
/home/woojye2020/decs_jupyter_lab/MedCLIP-SAMv2/data/MAS3K_medclipsam/test_images_sd15_inpainting_v1/GhostPipeFish_2085.jpg,GhostPipeFish_2085.jpg,no camouflaged animal,33,There is no camouflaged animal hidden in the natural background.,sd15_inpainting_no_object,GhostPipeFish,13,/home/woojye2020/decs_jupyter_lab/MedCLIP-SAMv2/data/MAS3K/extracted/MAS3K/img/GhostPipeFish_2085.jpg,/home/woojye2020/decs_jupyter_lab/MedCLIP-SAMv2/data/MAS3K_medclipsam/test_images_sd15_inpainting_v1/generation_metadata.jsonl
/home/woojye2020/decs_jupyter_lab/MedCLIP-SAMv2/data/MAS3K_medclipsam/test_images_sd15_inpainting_v1/GhostPipeFish_2092.jpg,GhostPipeFish_2092.jpg,no camouflaged animal,33,There is no camouflaged animal hidden in the natural background.,sd15_inpainting_no_object,GhostPipeFish,13,/home/woojye2020/decs_jupyter_lab/MedCLIP-SAMv2/data/MAS3K/extracted/MAS3K/img/GhostPipeFish_2092.jpg,/home/woojye2020/decs_jupyter_lab/MedCLIP-SAMv2/data/MAS3K_medclipsam/test_images_sd15_inpainting_v1/generation_metadata.jsonl
/home/woojye2020/decs_jupyter_lab/MedCLIP-SAMv2/data/MAS3K_medclipsam/test_images_sd15_inpainting_v1/GhostPipeFish_2101.jpg,GhostPipeFish_2101.jpg,no camouflaged animal,33,There is no camouflaged animal hidden in the natural background.,sd15_inpainting_no_object,GhostPipeFish,13,/home/woojye2020/decs_jupyter_lab/MedCLIP-SAMv2/data/MAS3K/extracted/MAS3K/img/GhostPipeFish_2101.jpg,/home/woojye2020/decs_jupyter_lab/MedCLIP-SAMv2/data/MAS3K_medclipsam/test_images_sd15_inpainting_v1/generation_metadata.jsonl
/home/woojye2020/decs_jupyter_lab/MedCLIP-SAMv2/data/MAS3K_medclipsam/test_images_sd15_inpainting_v1/GhostPipeFish_2102.jpg,GhostPipeFish_2102.jpg,no camouflaged animal,33,There is no camouflaged animal hidden in the natural background.,sd15_inpainting_no_object,GhostPipeFish,13,/home/woojye2020/decs_jupyter_lab/MedCLIP-SAMv2/data/MAS3K/extracted/MAS3K/img/GhostPipeFish_2102.jpg,/home/woojye2020/decs_jupyter_lab/MedCLIP-SAMv2/data/MAS3K_medclipsam/test_images_sd15_inpainting_v1/generation_metadata.jsonl
/home/woojye2020/decs_jupyter_lab/MedCLIP-SAMv2/data/MAS3K_medclipsam/test_images_sd15_inpainting_v1/GhostPipeFish_2103.jpg,GhostPipeFish_2103.jpg,no camouflaged animal,33,There is no camouflaged animal hidden in the natural background.,sd15_inpainting_no_object,GhostPipeFish,13,/home/woojye2020/decs_jupyter_lab/MedCLIP-SAMv2/data/MAS3K/extracted/MAS3K/img/GhostPipeFish_2103.jpg,/home/woojye2020/decs_jupyter_lab/MedCLIP-SAMv2/data/MAS3K_medclipsam/test_images_sd15_inpainting_v1/generation_metadata.jsonl
/home/woojye2020/decs_jupyter_lab/MedCLIP-SAMv2/data/MAS3K_medclipsam/test_images_sd15_inpainting_v1/GhostPipeFish_2110.jpg,GhostPipeFish_2110.jpg,no camouflaged animal,33,There is no camouflaged animal hidden in the natural background.,sd15_inpainting_no_object,GhostPipeFish,13,/home/woojye2020/decs_jupyter_lab/MedCLIP-SAMv2/data/MAS3K/extracted/MAS3K/img/GhostPipeFish_2110.jpg,/home/woojye2020/decs_jupyter_lab/MedCLIP-SAMv2/data/MAS3K_medclipsam/test_images_sd15_inpainting_v1/generation_metadata.jsonl
/home/woojye2020/decs_jupyter_lab/MedCLIP-SAMv2/data/MAS3K_medclipsam/test_images_sd15_inpainting_v1/Grouper_1502.jpg,Grouper_1502.jpg,no camouflaged animal,33,There is no camouflaged animal hidden in the natural background.,sd15_inpainting_no_object,Grouper,14,/home/woojye2020/decs_jupyter_lab/MedCLIP-SAMv2/data/MAS3K/extracted/MAS3K/img/Grouper_1502.jpg,/home/woojye2020/decs_jupyter_lab/MedCLIP-SAMv2/data/MAS3K_medclipsam/test_images_sd15_inpainting_v1/generation_metadata.jsonl
/home/woojye2020/decs_jupyter_lab/MedCLIP-SAMv2/data/MAS3K_medclipsam/test_images_sd15_inpainting_v1/Grouper_1503.jpg,Grouper_1503.jpg,no camouflaged animal,33,There is no camouflaged animal hidden in the natural background.,sd15_inpainting_no_object,Grouper,14,/home/woojye2020/decs_jupyter_lab/MedCLIP-SAMv2/data/MAS3K/extracted/MAS3K/img/Grouper_1503.jpg,/home/woojye2020/decs_jupyter_lab/MedCLIP-SAMv2/data/MAS3K_medclipsam/test_images_sd15_inpainting_v1/generation_metadata.jsonl
/home/woojye2020/decs_jupyter_lab/MedCLIP-SAMv2/data/MAS3K_medclipsam/test_images_sd15_inpainting_v1/Grouper_1513.jpg,Grouper_1513.jpg,no camouflaged animal,33,There is no camouflaged animal hidden in the natural background.,sd15_inpainting_no_object,Grouper,14,/home/woojye2020/decs_jupyter_lab/MedCLIP-SAMv2/data/MAS3K/extracted/MAS3K/img/Grouper_1513.jpg,/home/woojye2020/decs_jupyter_lab/MedCLIP-SAMv2/data/MAS3K_medclipsam/test_images_sd15_inpainting_v1/generation_metadata.jsonl
/home/woojye2020/decs_jupyter_lab/MedCLIP-SAMv2/data/MAS3K_medclipsam/test_images_sd15_inpainting_v1/Grouper_1514.jpg,Grouper_1514.jpg,no camouflaged animal,33,There is no camouflaged animal hidden in the natural background.,sd15_inpainting_no_object,Grouper,14,/home/woojye2020/decs_jupyter_lab/MedCLIP-SAMv2/data/MAS3K/extracted/MAS3K/img/Grouper_1514.jpg,/home/woojye2020/decs_jupyter_lab/MedCLIP-SAMv2/data/MAS3K_medclipsam/test_images_sd15_inpainting_v1/generation_metadata.jsonl
/home/woojye2020/decs_jupyter_lab/MedCLIP-SAMv2/data/MAS3K_medclipsam/test_images_sd15_inpainting_v1/Grouper_1526.jpg,Grouper_1526.jpg,no camouflaged animal,33,There is no camouflaged animal hidden in the natural background.,sd15_inpainting_no_object,Grouper,14,/home/woojye2020/decs_jupyter_lab/MedCLIP-SAMv2/data/MAS3K/extracted/MAS3K/img/Grouper_1526.jpg,/home/woojye2020/decs_jupyter_lab/MedCLIP-SAMv2/data/MAS3K_medclipsam/test_images_sd15_inpainting_v1/generation_metadata.jsonl
/home/woojye2020/decs_jupyter_lab/MedCLIP-SAMv2/data/MAS3K_medclipsam/test_images_sd15_inpainting_v1/Grouper_1531.jpg,Grouper_1531.jpg,no camouflaged animal,33,There is no camouflaged animal hidden in the natural background.,sd15_inpainting_no_object,Grouper,14,/home/woojye2020/decs_jupyter_lab/MedCLIP-SAMv2/data/MAS3K/extracted/MAS3K/img/Grouper_1531.jpg,/home/woojye2020/decs_jupyter_lab/MedCLIP-SAMv2/data/MAS3K_medclipsam/test_images_sd15_inpainting_v1/generation_metadata.jsonl
/home/woojye2020/decs_jupyter_lab/MedCLIP-SAMv2/data/MAS3K_medclipsam/test_images_sd15_inpainting_v1/Grouper_1532.jpg,Grouper_1532.jpg,no camouflaged animal,33,There is no camouflaged animal hidden in the natural background.,sd15_inpainting_no_object,Grouper,14,/home/woojye2020/decs_jupyter_lab/MedCLIP-SAMv2/data/MAS3K/extracted/MAS3K/img/Grouper_1532.jpg,/home/woojye2020/decs_jupyter_lab/MedCLIP-SAMv2/data/MAS3K_medclipsam/test_images_sd15_inpainting_v1/generation_metadata.jsonl
/home/woojye2020/decs_jupyter_lab/MedCLIP-SAMv2/data/MAS3K_medclipsam/test_images_sd15_inpainting_v1/Grouper_1541.jpg,Grouper_1541.jpg,no camouflaged animal,33,There is no camouflaged animal hidden in the natural background.,sd15_inpainting_no_object,Grouper,14,/home/woojye2020/decs_jupyter_lab/MedCLIP-SAMv2/data/MAS3K/extracted/MAS3K/img/Grouper_1541.jpg,/home/woojye2020/decs_jupyter_lab/MedCLIP-SAMv2/data/MAS3K_medclipsam/test_images_sd15_inpainting_v1/generation_metadata.jsonl
/home/woojye2020/decs_jupyter_lab/MedCLIP-SAMv2/data/MAS3K_medclipsam/test_images_sd15_inpainting_v1/Grouper_1545.jpg,Grouper_1545.jpg,no camouflaged animal,33,There is no camouflaged animal hidden in the natural background.,sd15_inpainting_no_object,Grouper,14,/home/woojye2020/decs_jupyter_lab/MedCLIP-SAMv2/data/MAS3K/extracted/MAS3K/img/Grouper_1545.jpg,/home/woojye2020/decs_jupyter_lab/MedCLIP-SAMv2/data/MAS3K_medclipsam/test_images_sd15_inpainting_v1/generation_metadata.jsonl
/home/woojye2020/decs_jupyter_lab/MedCLIP-SAMv2/data/MAS3K_medclipsam/test_images_sd15_inpainting_v1/Grouper_1548.jpg,Grouper_1548.jpg,no camouflaged animal,33,There is no camouflaged animal hidden in the natural background.,sd15_inpainting_no_object,Grouper,14,/home/woojye2020/decs_jupyter_lab/MedCLIP-SAMv2/data/MAS3K/extracted/MAS3K/img/Grouper_1548.jpg,/home/woojye2020/decs_jupyter_lab/MedCLIP-SAMv2/data/MAS3K_medclipsam/test_images_sd15_inpainting_v1/generation_metadata.jsonl
/home/woojye2020/decs_jupyter_lab/MedCLIP-SAMv2/data/MAS3K_medclipsam/test_images_sd15_inpainting_v1/Grouper_1558.jpg,Grouper_1558.jpg,no camouflaged animal,33,There is no camouflaged animal hidden in the natural background.,sd15_inpainting_no_object,Grouper,14,/home/woojye2020/decs_jupyter_lab/MedCLIP-SAMv2/data/MAS3K/extracted/MAS3K/img/Grouper_1558.jpg,/home/woojye2020/decs_jupyter_lab/MedCLIP-SAMv2/data/MAS3K_medclipsam/test_images_sd15_inpainting_v1/generation_metadata.jsonl
/home/woojye2020/decs_jupyter_lab/MedCLIP-SAMv2/data/MAS3K_medclipsam/test_images_sd15_inpainting_v1/Grouper_1561.jpg,Grouper_1561.jpg,no camouflaged animal,33,There is no camouflaged animal hidden in the natural background.,sd15_inpainting_no_object,Grouper,14,/home/woojye2020/decs_jupyter_lab/MedCLIP-SAMv2/data/MAS3K/extracted/MAS3K/img/Grouper_1561.jpg,/home/woojye2020/decs_jupyter_lab/MedCLIP-SAMv2/data/MAS3K_medclipsam/test_images_sd15_inpainting_v1/generation_metadata.jsonl
/home/woojye2020/decs_jupyter_lab/MedCLIP-SAMv2/data/MAS3K_medclipsam/test_images_sd15_inpainting_v1/Grouper_1567.jpg,Grouper_1567.jpg,no camouflaged animal,33,There is no camouflaged animal hidden in the natural background.,sd15_inpainting_no_object,Grouper,14,/home/woojye2020/decs_jupyter_lab/MedCLIP-SAMv2/data/MAS3K/extracted/MAS3K/img/Grouper_1567.jpg,/home/woojye2020/decs_jupyter_lab/MedCLIP-SAMv2/data/MAS3K_medclipsam/test_images_sd15_inpainting_v1/generation_metadata.jsonl
/home/woojye2020/decs_jupyter_lab/MedCLIP-SAMv2/data/MAS3K_medclipsam/test_images_sd15_inpainting_v1/Grouper_1568.jpg,Grouper_1568.jpg,no camouflaged animal,33,There is no camouflaged animal hidden in the natural background.,sd15_inpainting_no_object,Grouper,14,/home/woojye2020/decs_jupyter_lab/MedCLIP-SAMv2/data/MAS3K/extracted/MAS3K/img/Grouper_1568.jpg,/home/woojye2020/decs_jupyter_lab/MedCLIP-SAMv2/data/MAS3K_medclipsam/test_images_sd15_inpainting_v1/generation_metadata.jsonl
/home/woojye2020/decs_jupyter_lab/MedCLIP-SAMv2/data/MAS3K_medclipsam/test_images_sd15_inpainting_v1/Grouper_1571.jpg,Grouper_1571.jpg,no camouflaged animal,33,There is no camouflaged animal hidden in the natural background.,sd15_inpainting_no_object,Grouper,14,/home/woojye2020/decs_jupyter_lab/MedCLIP-SAMv2/data/MAS3K/extracted/MAS3K/img/Grouper_1571.jpg,/home/woojye2020/decs_jupyter_lab/MedCLIP-SAMv2/data/MAS3K_medclipsam/test_images_sd15_inpainting_v1/generation_metadata.jsonl
/home/woojye2020/decs_jupyter_lab/MedCLIP-SAMv2/data/MAS3K_medclipsam/test_images_sd15_inpainting_v1/Grouper_1578.jpg,Grouper_1578.jpg,no camouflaged animal,33,There is no camouflaged animal hidden in the natural background.,sd15_inpainting_no_object,Grouper,14,/home/woojye2020/decs_jupyter_lab/MedCLIP-SAMv2/data/MAS3K/extracted/MAS3K/img/Grouper_1578.jpg,/home/woojye2020/decs_jupyter_lab/MedCLIP-SAMv2/data/MAS3K_medclipsam/test_images_sd15_inpainting_v1/generation_metadata.jsonl
/home/woojye2020/decs_jupyter_lab/MedCLIP-SAMv2/data/MAS3K_medclipsam/test_images_sd15_inpainting_v1/Grouper_1588.jpg,Grouper_1588.jpg,no camouflaged animal,33,There is no camouflaged animal hidden in the natural background.,sd15_inpainting_no_object,Grouper,14,/home/woojye2020/decs_jupyter_lab/MedCLIP-SAMv2/data/MAS3K/extracted/MAS3K/img/Grouper_1588.jpg,/home/woojye2020/decs_jupyter_lab/MedCLIP-SAMv2/data/MAS3K_medclipsam/test_images_sd15_inpainting_v1/generation_metadata.jsonl
/home/woojye2020/decs_jupyter_lab/MedCLIP-SAMv2/data/MAS3K_medclipsam/test_images_sd15_inpainting_v1/Grouper_1591.jpg,Grouper_1591.jpg,no camouflaged animal,33,There is no camouflaged animal hidden in the natural background.,sd15_inpainting_no_object,Grouper,14,/home/woojye2020/decs_jupyter_lab/MedCLIP-SAMv2/data/MAS3K/extracted/MAS3K/img/Grouper_1591.jpg,/home/woojye2020/decs_jupyter_lab/MedCLIP-SAMv2/data/MAS3K_medclipsam/test_images_sd15_inpainting_v1/generation_metadata.jsonl
/home/woojye2020/decs_jupyter_lab/MedCLIP-SAMv2/data/MAS3K_medclipsam/test_images_sd15_inpainting_v1/Grouper_1592.jpg,Grouper_1592.jpg,no camouflaged animal,33,There is no camouflaged animal hidden in the natural background.,sd15_inpainting_no_object,Grouper,14,/home/woojye2020/decs_jupyter_lab/MedCLIP-SAMv2/data/MAS3K/extracted/MAS3K/img/Grouper_1592.jpg,/home/woojye2020/decs_jupyter_lab/MedCLIP-SAMv2/data/MAS3K_medclipsam/test_images_sd15_inpainting_v1/generation_metadata.jsonl
/home/woojye2020/decs_jupyter_lab/MedCLIP-SAMv2/data/MAS3K_medclipsam/test_images_sd15_inpainting_v1/Grouper_1601.jpg,Grouper_1601.jpg,no camouflaged animal,33,There is no camouflaged animal hidden in the natural background.,sd15_inpainting_no_object,Grouper,14,/home/woojye2020/decs_jupyter_lab/MedCLIP-SAMv2/data/MAS3K/extracted/MAS3K/img/Grouper_1601.jpg,/home/woojye2020/decs_jupyter_lab/MedCLIP-SAMv2/data/MAS3K_medclipsam/test_images_sd15_inpainting_v1/generation_metadata.jsonl
/home/woojye2020/decs_jupyter_lab/MedCLIP-SAMv2/data/MAS3K_medclipsam/test_images_sd15_inpainting_v1/Grouper_1602.jpg,Grouper_1602.jpg,no camouflaged animal,33,There is no camouflaged animal hidden in the natural background.,sd15_inpainting_no_object,Grouper,14,/home/woojye2020/decs_jupyter_lab/MedCLIP-SAMv2/data/MAS3K/extracted/MAS3K/img/Grouper_1602.jpg,/home/woojye2020/decs_jupyter_lab/MedCLIP-SAMv2/data/MAS3K_medclipsam/test_images_sd15_inpainting_v1/generation_metadata.jsonl
/home/woojye2020/decs_jupyter_lab/MedCLIP-SAMv2/data/MAS3K_medclipsam/test_images_sd15_inpainting_v1/Grouper_1607.jpg,Grouper_1607.jpg,no camouflaged animal,33,There is no camouflaged animal hidden in the natural background.,sd15_inpainting_no_object,Grouper,14,/home/woojye2020/decs_jupyter_lab/MedCLIP-SAMv2/data/MAS3K/extracted/MAS3K/img/Grouper_1607.jpg,/home/woojye2020/decs_jupyter_lab/MedCLIP-SAMv2/data/MAS3K_medclipsam/test_images_sd15_inpainting_v1/generation_metadata.jsonl
/home/woojye2020/decs_jupyter_lab/MedCLIP-SAMv2/data/MAS3K_medclipsam/test_images_sd15_inpainting_v1/Grouper_1609.jpg,Grouper_1609.jpg,no camouflaged animal,33,There is no camouflaged animal hidden in the natural background.,sd15_inpainting_no_object,Grouper,14,/home/woojye2020/decs_jupyter_lab/MedCLIP-SAMv2/data/MAS3K/extracted/MAS3K/img/Grouper_1609.jpg,/home/woojye2020/decs_jupyter_lab/MedCLIP-SAMv2/data/MAS3K_medclipsam/test_images_sd15_inpainting_v1/generation_metadata.jsonl
/home/woojye2020/decs_jupyter_lab/MedCLIP-SAMv2/data/MAS3K_medclipsam/test_images_sd15_inpainting_v1/Grouper_1610.jpg,Grouper_1610.jpg,no camouflaged animal,33,There is no camouflaged animal hidden in the natural background.,sd15_inpainting_no_object,Grouper,14,/home/woojye2020/decs_jupyter_lab/MedCLIP-SAMv2/data/MAS3K/extracted/MAS3K/img/Grouper_1610.jpg,/home/woojye2020/decs_jupyter_lab/MedCLIP-SAMv2/data/MAS3K_medclipsam/test_images_sd15_inpainting_v1/generation_metadata.jsonl
/home/woojye2020/decs_jupyter_lab/MedCLIP-SAMv2/data/MAS3K_medclipsam/test_images_sd15_inpainting_v1/Grouper_1612.jpg,Grouper_1612.jpg,no camouflaged animal,33,There is no camouflaged animal hidden in the natural background.,sd15_inpainting_no_object,Grouper,14,/home/woojye2020/decs_jupyter_lab/MedCLIP-SAMv2/data/MAS3K/extracted/MAS3K/img/Grouper_1612.jpg,/home/woojye2020/decs_jupyter_lab/MedCLIP-SAMv2/data/MAS3K_medclipsam/test_images_sd15_inpainting_v1/generation_metadata.jsonl
/home/woojye2020/decs_jupyter_lab/MedCLIP-SAMv2/data/MAS3K_medclipsam/test_images_sd15_inpainting_v1/Grouper_1614.jpg,Grouper_1614.jpg,no camouflaged animal,33,There is no camouflaged animal hidden in the natural background.,sd15_inpainting_no_object,Grouper,14,/home/woojye2020/decs_jupyter_lab/MedCLIP-SAMv2/data/MAS3K/extracted/MAS3K/img/Grouper_1614.jpg,/home/woojye2020/decs_jupyter_lab/MedCLIP-SAMv2/data/MAS3K_medclipsam/test_images_sd15_inpainting_v1/generation_metadata.jsonl
/home/woojye2020/decs_jupyter_lab/MedCLIP-SAMv2/data/MAS3K_medclipsam/test_images_sd15_inpainting_v1/Grouper_1615.jpg,Grouper_1615.jpg,no camouflaged animal,33,There is no camouflaged animal hidden in the natural background.,sd15_inpainting_no_object,Grouper,14,/home/woojye2020/decs_jupyter_lab/MedCLIP-SAMv2/data/MAS3K/extracted/MAS3K/img/Grouper_1615.jpg,/home/woojye2020/decs_jupyter_lab/MedCLIP-SAMv2/data/MAS3K_medclipsam/test_images_sd15_inpainting_v1/generation_metadata.jsonl
/home/woojye2020/decs_jupyter_lab/MedCLIP-SAMv2/data/MAS3K_medclipsam/test_images_sd15_inpainting_v1/Grouper_1624.jpg,Grouper_1624.jpg,no camouflaged animal,33,There is no camouflaged animal hidden in the natural background.,sd15_inpainting_no_object,Grouper,14,/home/woojye2020/decs_jupyter_lab/MedCLIP-SAMv2/data/MAS3K/extracted/MAS3K/img/Grouper_1624.jpg,/home/woojye2020/decs_jupyter_lab/MedCLIP-SAMv2/data/MAS3K_medclipsam/test_images_sd15_inpainting_v1/generation_metadata.jsonl
/home/woojye2020/decs_jupyter_lab/MedCLIP-SAMv2/data/MAS3K_medclipsam/test_images_sd15_inpainting_v1/Grouper_1627.jpg,Grouper_1627.jpg,no camouflaged animal,33,There is no camouflaged animal hidden in the natural background.,sd15_inpainting_no_object,Grouper,14,/home/woojye2020/decs_jupyter_lab/MedCLIP-SAMv2/data/MAS3K/extracted/MAS3K/img/Grouper_1627.jpg,/home/woojye2020/decs_jupyter_lab/MedCLIP-SAMv2/data/MAS3K_medclipsam/test_images_sd15_inpainting_v1/generation_metadata.jsonl
/home/woojye2020/decs_jupyter_lab/MedCLIP-SAMv2/data/MAS3K_medclipsam/test_images_sd15_inpainting_v1/Grouper_1628.jpg,Grouper_1628.jpg,no camouflaged animal,33,There is no camouflaged animal hidden in the natural background.,sd15_inpainting_no_object,Grouper,14,/home/woojye2020/decs_jupyter_lab/MedCLIP-SAMv2/data/MAS3K/extracted/MAS3K/img/Grouper_1628.jpg,/home/woojye2020/decs_jupyter_lab/MedCLIP-SAMv2/data/MAS3K_medclipsam/test_images_sd15_inpainting_v1/generation_metadata.jsonl
/home/woojye2020/decs_jupyter_lab/MedCLIP-SAMv2/data/MAS3K_medclipsam/test_images_sd15_inpainting_v1/Grouper_1637.jpg,Grouper_1637.jpg,no camouflaged animal,33,There is no camouflaged animal hidden in the natural background.,sd15_inpainting_no_object,Grouper,14,/home/woojye2020/decs_jupyter_lab/MedCLIP-SAMv2/data/MAS3K/extracted/MAS3K/img/Grouper_1637.jpg,/home/woojye2020/decs_jupyter_lab/MedCLIP-SAMv2/data/MAS3K_medclipsam/test_images_sd15_inpainting_v1/generation_metadata.jsonl
/home/woojye2020/decs_jupyter_lab/MedCLIP-SAMv2/data/MAS3K_medclipsam/test_images_sd15_inpainting_v1/Grouper_1639.jpg,Grouper_1639.jpg,no camouflaged animal,33,There is no camouflaged animal hidden in the natural background.,sd15_inpainting_no_object,Grouper,14,/home/woojye2020/decs_jupyter_lab/MedCLIP-SAMv2/data/MAS3K/extracted/MAS3K/img/Grouper_1639.jpg,/home/woojye2020/decs_jupyter_lab/MedCLIP-SAMv2/data/MAS3K_medclipsam/test_images_sd15_inpainting_v1/generation_metadata.jsonl
/home/woojye2020/decs_jupyter_lab/MedCLIP-SAMv2/data/MAS3K_medclipsam/test_images_sd15_inpainting_v1/Grouper_1657.jpg,Grouper_1657.jpg,no camouflaged animal,33,There is no camouflaged animal hidden in the natural background.,sd15_inpainting_no_object,Grouper,14,/home/woojye2020/decs_jupyter_lab/MedCLIP-SAMv2/data/MAS3K/extracted/MAS3K/img/Grouper_1657.jpg,/home/woojye2020/decs_jupyter_lab/MedCLIP-SAMv2/data/MAS3K_medclipsam/test_images_sd15_inpainting_v1/generation_metadata.jsonl
/home/woojye2020/decs_jupyter_lab/MedCLIP-SAMv2/data/MAS3K_medclipsam/test_images_sd15_inpainting_v1/Grouper_1663.jpg,Grouper_1663.jpg,no camouflaged animal,33,There is no camouflaged animal hidden in the natural background.,sd15_inpainting_no_object,Grouper,14,/home/woojye2020/decs_jupyter_lab/MedCLIP-SAMv2/data/MAS3K/extracted/MAS3K/img/Grouper_1663.jpg,/home/woojye2020/decs_jupyter_lab/MedCLIP-SAMv2/data/MAS3K_medclipsam/test_images_sd15_inpainting_v1/generation_metadata.jsonl
/home/woojye2020/decs_jupyter_lab/MedCLIP-SAMv2/data/MAS3K_medclipsam/test_images_sd15_inpainting_v1/Grouper_1666.jpg,Grouper_1666.jpg,no camouflaged animal,33,There is no camouflaged animal hidden in the natural background.,sd15_inpainting_no_object,Grouper,14,/home/woojye2020/decs_jupyter_lab/MedCLIP-SAMv2/data/MAS3K/extracted/MAS3K/img/Grouper_1666.jpg,/home/woojye2020/decs_jupyter_lab/MedCLIP-SAMv2/data/MAS3K_medclipsam/test_images_sd15_inpainting_v1/generation_metadata.jsonl
/home/woojye2020/decs_jupyter_lab/MedCLIP-SAMv2/data/MAS3K_medclipsam/test_images_sd15_inpainting_v1/Grouper_1671.jpg,Grouper_1671.jpg,no camouflaged animal,33,There is no camouflaged animal hidden in the natural background.,sd15_inpainting_no_object,Grouper,14,/home/woojye2020/decs_jupyter_lab/MedCLIP-SAMv2/data/MAS3K/extracted/MAS3K/img/Grouper_1671.jpg,/home/woojye2020/decs_jupyter_lab/MedCLIP-SAMv2/data/MAS3K_medclipsam/test_images_sd15_inpainting_v1/generation_metadata.jsonl
/home/woojye2020/decs_jupyter_lab/MedCLIP-SAMv2/data/MAS3K_medclipsam/test_images_sd15_inpainting_v1/Grouper_1682.jpg,Grouper_1682.jpg,no camouflaged animal,33,There is no camouflaged animal hidden in the natural background.,sd15_inpainting_no_object,Grouper,14,/home/woojye2020/decs_jupyter_lab/MedCLIP-SAMv2/data/MAS3K/extracted/MAS3K/img/Grouper_1682.jpg,/home/woojye2020/decs_jupyter_lab/MedCLIP-SAMv2/data/MAS3K_medclipsam/test_images_sd15_inpainting_v1/generation_metadata.jsonl
/home/woojye2020/decs_jupyter_lab/MedCLIP-SAMv2/data/MAS3K_medclipsam/test_images_sd15_inpainting_v1/Grouper_1684.jpg,Grouper_1684.jpg,no camouflaged animal,33,There is no camouflaged animal hidden in the natural background.,sd15_inpainting_no_object,Grouper,14,/home/woojye2020/decs_jupyter_lab/MedCLIP-SAMv2/data/MAS3K/extracted/MAS3K/img/Grouper_1684.jpg,/home/woojye2020/decs_jupyter_lab/MedCLIP-SAMv2/data/MAS3K_medclipsam/test_images_sd15_inpainting_v1/generation_metadata.jsonl
/home/woojye2020/decs_jupyter_lab/MedCLIP-SAMv2/data/MAS3K_medclipsam/test_images_sd15_inpainting_v1/Grouper_1685.jpg,Grouper_1685.jpg,no camouflaged animal,33,There is no camouflaged animal hidden in the natural background.,sd15_inpainting_no_object,Grouper,14,/home/woojye2020/decs_jupyter_lab/MedCLIP-SAMv2/data/MAS3K/extracted/MAS3K/img/Grouper_1685.jpg,/home/woojye2020/decs_jupyter_lab/MedCLIP-SAMv2/data/MAS3K_medclipsam/test_images_sd15_inpainting_v1/generation_metadata.jsonl
/home/woojye2020/decs_jupyter_lab/MedCLIP-SAMv2/data/MAS3K_medclipsam/test_images_sd15_inpainting_v1/Grouper_1691.jpg,Grouper_1691.jpg,no camouflaged animal,33,There is no camouflaged animal hidden in the natural background.,sd15_inpainting_no_object,Grouper,14,/home/woojye2020/decs_jupyter_lab/MedCLIP-SAMv2/data/MAS3K/extracted/MAS3K/img/Grouper_1691.jpg,/home/woojye2020/decs_jupyter_lab/MedCLIP-SAMv2/data/MAS3K_medclipsam/test_images_sd15_inpainting_v1/generation_metadata.jsonl
/home/woojye2020/decs_jupyter_lab/MedCLIP-SAMv2/data/MAS3K_medclipsam/test_images_sd15_inpainting_v1/Grouper_1721.jpg,Grouper_1721.jpg,no camouflaged animal,33,There is no camouflaged animal hidden in the natural background.,sd15_inpainting_no_object,Grouper,14,/home/woojye2020/decs_jupyter_lab/MedCLIP-SAMv2/data/MAS3K/extracted/MAS3K/img/Grouper_1721.jpg,/home/woojye2020/decs_jupyter_lab/MedCLIP-SAMv2/data/MAS3K_medclipsam/test_images_sd15_inpainting_v1/generation_metadata.jsonl
/home/woojye2020/decs_jupyter_lab/MedCLIP-SAMv2/data/MAS3K_medclipsam/test_images_sd15_inpainting_v1/Grouper_1725.jpg,Grouper_1725.jpg,no camouflaged animal,33,There is no camouflaged animal hidden in the natural background.,sd15_inpainting_no_object,Grouper,14,/home/woojye2020/decs_jupyter_lab/MedCLIP-SAMv2/data/MAS3K/extracted/MAS3K/img/Grouper_1725.jpg,/home/woojye2020/decs_jupyter_lab/MedCLIP-SAMv2/data/MAS3K_medclipsam/test_images_sd15_inpainting_v1/generation_metadata.jsonl
/home/woojye2020/decs_jupyter_lab/MedCLIP-SAMv2/data/MAS3K_medclipsam/test_images_sd15_inpainting_v1/Grouper_1728.jpg,Grouper_1728.jpg,no camouflaged animal,33,There is no camouflaged animal hidden in the natural background.,sd15_inpainting_no_object,Grouper,14,/home/woojye2020/decs_jupyter_lab/MedCLIP-SAMv2/data/MAS3K/extracted/MAS3K/img/Grouper_1728.jpg,/home/woojye2020/decs_jupyter_lab/MedCLIP-SAMv2/data/MAS3K_medclipsam/test_images_sd15_inpainting_v1/generation_metadata.jsonl
/home/woojye2020/decs_jupyter_lab/MedCLIP-SAMv2/data/MAS3K_medclipsam/test_images_sd15_inpainting_v1/Grouper_1729.jpg,Grouper_1729.jpg,no camouflaged animal,33,There is no camouflaged animal hidden in the natural background.,sd15_inpainting_no_object,Grouper,14,/home/woojye2020/decs_jupyter_lab/MedCLIP-SAMv2/data/MAS3K/extracted/MAS3K/img/Grouper_1729.jpg,/home/woojye2020/decs_jupyter_lab/MedCLIP-SAMv2/data/MAS3K_medclipsam/test_images_sd15_inpainting_v1/generation_metadata.jsonl
/home/woojye2020/decs_jupyter_lab/MedCLIP-SAMv2/data/MAS3K_medclipsam/test_images_sd15_inpainting_v1/Grouper_1733.jpg,Grouper_1733.jpg,no camouflaged animal,33,There is no camouflaged animal hidden in the natural background.,sd15_inpainting_no_object,Grouper,14,/home/woojye2020/decs_jupyter_lab/MedCLIP-SAMv2/data/MAS3K/extracted/MAS3K/img/Grouper_1733.jpg,/home/woojye2020/decs_jupyter_lab/MedCLIP-SAMv2/data/MAS3K_medclipsam/test_images_sd15_inpainting_v1/generation_metadata.jsonl
/home/woojye2020/decs_jupyter_lab/MedCLIP-SAMv2/data/MAS3K_medclipsam/test_images_sd15_inpainting_v1/Grouper_1739.jpg,Grouper_1739.jpg,no camouflaged animal,33,There is no camouflaged animal hidden in the natural background.,sd15_inpainting_no_object,Grouper,14,/home/woojye2020/decs_jupyter_lab/MedCLIP-SAMv2/data/MAS3K/extracted/MAS3K/img/Grouper_1739.jpg,/home/woojye2020/decs_jupyter_lab/MedCLIP-SAMv2/data/MAS3K_medclipsam/test_images_sd15_inpainting_v1/generation_metadata.jsonl
/home/woojye2020/decs_jupyter_lab/MedCLIP-SAMv2/data/MAS3K_medclipsam/test_images_sd15_inpainting_v1/Grouper_1740.jpg,Grouper_1740.jpg,no camouflaged animal,33,There is no camouflaged animal hidden in the natural background.,sd15_inpainting_no_object,Grouper,14,/home/woojye2020/decs_jupyter_lab/MedCLIP-SAMv2/data/MAS3K/extracted/MAS3K/img/Grouper_1740.jpg,/home/woojye2020/decs_jupyter_lab/MedCLIP-SAMv2/data/MAS3K_medclipsam/test_images_sd15_inpainting_v1/generation_metadata.jsonl
/home/woojye2020/decs_jupyter_lab/MedCLIP-SAMv2/data/MAS3K_medclipsam/test_images_sd15_inpainting_v1/Grouper_1742.jpg,Grouper_1742.jpg,no camouflaged animal,33,There is no camouflaged animal hidden in the natural background.,sd15_inpainting_no_object,Grouper,14,/home/woojye2020/decs_jupyter_lab/MedCLIP-SAMv2/data/MAS3K/extracted/MAS3K/img/Grouper_1742.jpg,/home/woojye2020/decs_jupyter_lab/MedCLIP-SAMv2/data/MAS3K_medclipsam/test_images_sd15_inpainting_v1/generation_metadata.jsonl
/home/woojye2020/decs_jupyter_lab/MedCLIP-SAMv2/data/MAS3K_medclipsam/test_images_sd15_inpainting_v1/Grouper_1743.jpg,Grouper_1743.jpg,no camouflaged animal,33,There is no camouflaged animal hidden in the natural background.,sd15_inpainting_no_object,Grouper,14,/home/woojye2020/decs_jupyter_lab/MedCLIP-SAMv2/data/MAS3K/extracted/MAS3K/img/Grouper_1743.jpg,/home/woojye2020/decs_jupyter_lab/MedCLIP-SAMv2/data/MAS3K_medclipsam/test_images_sd15_inpainting_v1/generation_metadata.jsonl
/home/woojye2020/decs_jupyter_lab/MedCLIP-SAMv2/data/MAS3K_medclipsam/test_images_sd15_inpainting_v1/Grouper_1744.jpg,Grouper_1744.jpg,no camouflaged animal,33,There is no camouflaged animal hidden in the natural background.,sd15_inpainting_no_object,Grouper,14,/home/woojye2020/decs_jupyter_lab/MedCLIP-SAMv2/data/MAS3K/extracted/MAS3K/img/Grouper_1744.jpg,/home/woojye2020/decs_jupyter_lab/MedCLIP-SAMv2/data/MAS3K_medclipsam/test_images_sd15_inpainting_v1/generation_metadata.jsonl
/home/woojye2020/decs_jupyter_lab/MedCLIP-SAMv2/data/MAS3K_medclipsam/test_images_sd15_inpainting_v1/Grouper_1747.jpg,Grouper_1747.jpg,no camouflaged animal,33,There is no camouflaged animal hidden in the natural background.,sd15_inpainting_no_object,Grouper,14,/home/woojye2020/decs_jupyter_lab/MedCLIP-SAMv2/data/MAS3K/extracted/MAS3K/img/Grouper_1747.jpg,/home/woojye2020/decs_jupyter_lab/MedCLIP-SAMv2/data/MAS3K_medclipsam/test_images_sd15_inpainting_v1/generation_metadata.jsonl
/home/woojye2020/decs_jupyter_lab/MedCLIP-SAMv2/data/MAS3K_medclipsam/test_images_sd15_inpainting_v1/Grouper_1748.jpg,Grouper_1748.jpg,no camouflaged animal,33,There is no camouflaged animal hidden in the natural background.,sd15_inpainting_no_object,Grouper,14,/home/woojye2020/decs_jupyter_lab/MedCLIP-SAMv2/data/MAS3K/extracted/MAS3K/img/Grouper_1748.jpg,/home/woojye2020/decs_jupyter_lab/MedCLIP-SAMv2/data/MAS3K_medclipsam/test_images_sd15_inpainting_v1/generation_metadata.jsonl
/home/woojye2020/decs_jupyter_lab/MedCLIP-SAMv2/data/MAS3K_medclipsam/test_images_sd15_inpainting_v1/Grouper_1749.jpg,Grouper_1749.jpg,no camouflaged animal,33,There is no camouflaged animal hidden in the natural background.,sd15_inpainting_no_object,Grouper,14,/home/woojye2020/decs_jupyter_lab/MedCLIP-SAMv2/data/MAS3K/extracted/MAS3K/img/Grouper_1749.jpg,/home/woojye2020/decs_jupyter_lab/MedCLIP-SAMv2/data/MAS3K_medclipsam/test_images_sd15_inpainting_v1/generation_metadata.jsonl
/home/woojye2020/decs_jupyter_lab/MedCLIP-SAMv2/data/MAS3K_medclipsam/test_images_sd15_inpainting_v1/Grouper_1750.jpg,Grouper_1750.jpg,no camouflaged animal,33,There is no camouflaged animal hidden in the natural background.,sd15_inpainting_no_object,Grouper,14,/home/woojye2020/decs_jupyter_lab/MedCLIP-SAMv2/data/MAS3K/extracted/MAS3K/img/Grouper_1750.jpg,/home/woojye2020/decs_jupyter_lab/MedCLIP-SAMv2/data/MAS3K_medclipsam/test_images_sd15_inpainting_v1/generation_metadata.jsonl
/home/woojye2020/decs_jupyter_lab/MedCLIP-SAMv2/data/MAS3K_medclipsam/test_images_sd15_inpainting_v1/Grouper_1757.jpg,Grouper_1757.jpg,no camouflaged animal,33,There is no camouflaged animal hidden in the natural background.,sd15_inpainting_no_object,Grouper,14,/home/woojye2020/decs_jupyter_lab/MedCLIP-SAMv2/data/MAS3K/extracted/MAS3K/img/Grouper_1757.jpg,/home/woojye2020/decs_jupyter_lab/MedCLIP-SAMv2/data/MAS3K_medclipsam/test_images_sd15_inpainting_v1/generation_metadata.jsonl
/home/woojye2020/decs_jupyter_lab/MedCLIP-SAMv2/data/MAS3K_medclipsam/test_images_sd15_inpainting_v1/Grouper_1764.jpg,Grouper_1764.jpg,no camouflaged animal,33,There is no camouflaged animal hidden in the natural background.,sd15_inpainting_no_object,Grouper,14,/home/woojye2020/decs_jupyter_lab/MedCLIP-SAMv2/data/MAS3K/extracted/MAS3K/img/Grouper_1764.jpg,/home/woojye2020/decs_jupyter_lab/MedCLIP-SAMv2/data/MAS3K_medclipsam/test_images_sd15_inpainting_v1/generation_metadata.jsonl
/home/woojye2020/decs_jupyter_lab/MedCLIP-SAMv2/data/MAS3K_medclipsam/test_images_sd15_inpainting_v1/Grouper_1771.jpg,Grouper_1771.jpg,no camouflaged animal,33,There is no camouflaged animal hidden in the natural background.,sd15_inpainting_no_object,Grouper,14,/home/woojye2020/decs_jupyter_lab/MedCLIP-SAMv2/data/MAS3K/extracted/MAS3K/img/Grouper_1771.jpg,/home/woojye2020/decs_jupyter_lab/MedCLIP-SAMv2/data/MAS3K_medclipsam/test_images_sd15_inpainting_v1/generation_metadata.jsonl
/home/woojye2020/decs_jupyter_lab/MedCLIP-SAMv2/data/MAS3K_medclipsam/test_images_sd15_inpainting_v1/Grouper_1784.jpg,Grouper_1784.jpg,no camouflaged animal,33,There is no camouflaged animal hidden in the natural background.,sd15_inpainting_no_object,Grouper,14,/home/woojye2020/decs_jupyter_lab/MedCLIP-SAMv2/data/MAS3K/extracted/MAS3K/img/Grouper_1784.jpg,/home/woojye2020/decs_jupyter_lab/MedCLIP-SAMv2/data/MAS3K_medclipsam/test_images_sd15_inpainting_v1/generation_metadata.jsonl
/home/woojye2020/decs_jupyter_lab/MedCLIP-SAMv2/data/MAS3K_medclipsam/test_images_sd15_inpainting_v1/Grouper_1789.jpg,Grouper_1789.jpg,no camouflaged animal,33,There is no camouflaged animal hidden in the natural background.,sd15_inpainting_no_object,Grouper,14,/home/woojye2020/decs_jupyter_lab/MedCLIP-SAMv2/data/MAS3K/extracted/MAS3K/img/Grouper_1789.jpg,/home/woojye2020/decs_jupyter_lab/MedCLIP-SAMv2/data/MAS3K_medclipsam/test_images_sd15_inpainting_v1/generation_metadata.jsonl
/home/woojye2020/decs_jupyter_lab/MedCLIP-SAMv2/data/MAS3K_medclipsam/test_images_sd15_inpainting_v1/Grouper_1790.jpg,Grouper_1790.jpg,no camouflaged animal,33,There is no camouflaged animal hidden in the natural background.,sd15_inpainting_no_object,Grouper,14,/home/woojye2020/decs_jupyter_lab/MedCLIP-SAMv2/data/MAS3K/extracted/MAS3K/img/Grouper_1790.jpg,/home/woojye2020/decs_jupyter_lab/MedCLIP-SAMv2/data/MAS3K_medclipsam/test_images_sd15_inpainting_v1/generation_metadata.jsonl
/home/woojye2020/decs_jupyter_lab/MedCLIP-SAMv2/data/MAS3K_medclipsam/test_images_sd15_inpainting_v1/Grouper_1795.jpg,Grouper_1795.jpg,no camouflaged animal,33,There is no camouflaged animal hidden in the natural background.,sd15_inpainting_no_object,Grouper,14,/home/woojye2020/decs_jupyter_lab/MedCLIP-SAMv2/data/MAS3K/extracted/MAS3K/img/Grouper_1795.jpg,/home/woojye2020/decs_jupyter_lab/MedCLIP-SAMv2/data/MAS3K_medclipsam/test_images_sd15_inpainting_v1/generation_metadata.jsonl
/home/woojye2020/decs_jupyter_lab/MedCLIP-SAMv2/data/MAS3K_medclipsam/test_images_sd15_inpainting_v1/Grouper_1811.jpg,Grouper_1811.jpg,no camouflaged animal,33,There is no camouflaged animal hidden in the natural background.,sd15_inpainting_no_object,Grouper,14,/home/woojye2020/decs_jupyter_lab/MedCLIP-SAMv2/data/MAS3K/extracted/MAS3K/img/Grouper_1811.jpg,/home/woojye2020/decs_jupyter_lab/MedCLIP-SAMv2/data/MAS3K_medclipsam/test_images_sd15_inpainting_v1/generation_metadata.jsonl
/home/woojye2020/decs_jupyter_lab/MedCLIP-SAMv2/data/MAS3K_medclipsam/test_images_sd15_inpainting_v1/Grouper_1815.jpg,Grouper_1815.jpg,no camouflaged animal,33,There is no camouflaged animal hidden in the natural background.,sd15_inpainting_no_object,Grouper,14,/home/woojye2020/decs_jupyter_lab/MedCLIP-SAMv2/data/MAS3K/extracted/MAS3K/img/Grouper_1815.jpg,/home/woojye2020/decs_jupyter_lab/MedCLIP-SAMv2/data/MAS3K_medclipsam/test_images_sd15_inpainting_v1/generation_metadata.jsonl
/home/woojye2020/decs_jupyter_lab/MedCLIP-SAMv2/data/MAS3K_medclipsam/test_images_sd15_inpainting_v1/Grouper_1821.jpg,Grouper_1821.jpg,no camouflaged animal,33,There is no camouflaged animal hidden in the natural background.,sd15_inpainting_no_object,Grouper,14,/home/woojye2020/decs_jupyter_lab/MedCLIP-SAMv2/data/MAS3K/extracted/MAS3K/img/Grouper_1821.jpg,/home/woojye2020/decs_jupyter_lab/MedCLIP-SAMv2/data/MAS3K_medclipsam/test_images_sd15_inpainting_v1/generation_metadata.jsonl
/home/woojye2020/decs_jupyter_lab/MedCLIP-SAMv2/data/MAS3K_medclipsam/test_images_sd15_inpainting_v1/Grouper_1823.jpg,Grouper_1823.jpg,no camouflaged animal,33,There is no camouflaged animal hidden in the natural background.,sd15_inpainting_no_object,Grouper,14,/home/woojye2020/decs_jupyter_lab/MedCLIP-SAMv2/data/MAS3K/extracted/MAS3K/img/Grouper_1823.jpg,/home/woojye2020/decs_jupyter_lab/MedCLIP-SAMv2/data/MAS3K_medclipsam/test_images_sd15_inpainting_v1/generation_metadata.jsonl
/home/woojye2020/decs_jupyter_lab/MedCLIP-SAMv2/data/MAS3K_medclipsam/test_images_sd15_inpainting_v1/Grouper_1831.jpg,Grouper_1831.jpg,no camouflaged animal,33,There is no camouflaged animal hidden in the natural background.,sd15_inpainting_no_object,Grouper,14,/home/woojye2020/decs_jupyter_lab/MedCLIP-SAMv2/data/MAS3K/extracted/MAS3K/img/Grouper_1831.jpg,/home/woojye2020/decs_jupyter_lab/MedCLIP-SAMv2/data/MAS3K_medclipsam/test_images_sd15_inpainting_v1/generation_metadata.jsonl
/home/woojye2020/decs_jupyter_lab/MedCLIP-SAMv2/data/MAS3K_medclipsam/test_images_sd15_inpainting_v1/Grouper_1843.jpg,Grouper_1843.jpg,no camouflaged animal,33,There is no camouflaged animal hidden in the natural background.,sd15_inpainting_no_object,Grouper,14,/home/woojye2020/decs_jupyter_lab/MedCLIP-SAMv2/data/MAS3K/extracted/MAS3K/img/Grouper_1843.jpg,/home/woojye2020/decs_jupyter_lab/MedCLIP-SAMv2/data/MAS3K_medclipsam/test_images_sd15_inpainting_v1/generation_metadata.jsonl
/home/woojye2020/decs_jupyter_lab/MedCLIP-SAMv2/data/MAS3K_medclipsam/test_images_sd15_inpainting_v1/Grouper_1845.jpg,Grouper_1845.jpg,no camouflaged animal,33,There is no camouflaged animal hidden in the natural background.,sd15_inpainting_no_object,Grouper,14,/home/woojye2020/decs_jupyter_lab/MedCLIP-SAMv2/data/MAS3K/extracted/MAS3K/img/Grouper_1845.jpg,/home/woojye2020/decs_jupyter_lab/MedCLIP-SAMv2/data/MAS3K_medclipsam/test_images_sd15_inpainting_v1/generation_metadata.jsonl
/home/woojye2020/decs_jupyter_lab/MedCLIP-SAMv2/data/MAS3K_medclipsam/test_images_sd15_inpainting_v1/Grouper_1847.jpg,Grouper_1847.jpg,no camouflaged animal,33,There is no camouflaged animal hidden in the natural background.,sd15_inpainting_no_object,Grouper,14,/home/woojye2020/decs_jupyter_lab/MedCLIP-SAMv2/data/MAS3K/extracted/MAS3K/img/Grouper_1847.jpg,/home/woojye2020/decs_jupyter_lab/MedCLIP-SAMv2/data/MAS3K_medclipsam/test_images_sd15_inpainting_v1/generation_metadata.jsonl
/home/woojye2020/decs_jupyter_lab/MedCLIP-SAMv2/data/MAS3K_medclipsam/test_images_sd15_inpainting_v1/Grouper_1849.jpg,Grouper_1849.jpg,no camouflaged animal,33,There is no camouflaged animal hidden in the natural background.,sd15_inpainting_no_object,Grouper,14,/home/woojye2020/decs_jupyter_lab/MedCLIP-SAMv2/data/MAS3K/extracted/MAS3K/img/Grouper_1849.jpg,/home/woojye2020/decs_jupyter_lab/MedCLIP-SAMv2/data/MAS3K_medclipsam/test_images_sd15_inpainting_v1/generation_metadata.jsonl
/home/woojye2020/decs_jupyter_lab/MedCLIP-SAMv2/data/MAS3K_medclipsam/test_images_sd15_inpainting_v1/Grouper_1850.jpg,Grouper_1850.jpg,no camouflaged animal,33,There is no camouflaged animal hidden in the natural background.,sd15_inpainting_no_object,Grouper,14,/home/woojye2020/decs_jupyter_lab/MedCLIP-SAMv2/data/MAS3K/extracted/MAS3K/img/Grouper_1850.jpg,/home/woojye2020/decs_jupyter_lab/MedCLIP-SAMv2/data/MAS3K_medclipsam/test_images_sd15_inpainting_v1/generation_metadata.jsonl
/home/woojye2020/decs_jupyter_lab/MedCLIP-SAMv2/data/MAS3K_medclipsam/test_images_sd15_inpainting_v1/Grouper_1851.jpg,Grouper_1851.jpg,no camouflaged animal,33,There is no camouflaged animal hidden in the natural background.,sd15_inpainting_no_object,Grouper,14,/home/woojye2020/decs_jupyter_lab/MedCLIP-SAMv2/data/MAS3K/extracted/MAS3K/img/Grouper_1851.jpg,/home/woojye2020/decs_jupyter_lab/MedCLIP-SAMv2/data/MAS3K_medclipsam/test_images_sd15_inpainting_v1/generation_metadata.jsonl
/home/woojye2020/decs_jupyter_lab/MedCLIP-SAMv2/data/MAS3K_medclipsam/test_images_sd15_inpainting_v1/Grouper_1861.jpg,Grouper_1861.jpg,no camouflaged animal,33,There is no camouflaged animal hidden in the natural background.,sd15_inpainting_no_object,Grouper,14,/home/woojye2020/decs_jupyter_lab/MedCLIP-SAMv2/data/MAS3K/extracted/MAS3K/img/Grouper_1861.jpg,/home/woojye2020/decs_jupyter_lab/MedCLIP-SAMv2/data/MAS3K_medclipsam/test_images_sd15_inpainting_v1/generation_metadata.jsonl
/home/woojye2020/decs_jupyter_lab/MedCLIP-SAMv2/data/MAS3K_medclipsam/test_images_sd15_inpainting_v1/Grouper_1863.jpg,Grouper_1863.jpg,no camouflaged animal,33,There is no camouflaged animal hidden in the natural background.,sd15_inpainting_no_object,Grouper,14,/home/woojye2020/decs_jupyter_lab/MedCLIP-SAMv2/data/MAS3K/extracted/MAS3K/img/Grouper_1863.jpg,/home/woojye2020/decs_jupyter_lab/MedCLIP-SAMv2/data/MAS3K_medclipsam/test_images_sd15_inpainting_v1/generation_metadata.jsonl
/home/woojye2020/decs_jupyter_lab/MedCLIP-SAMv2/data/MAS3K_medclipsam/test_images_sd15_inpainting_v1/Grouper_1867.jpg,Grouper_1867.jpg,no camouflaged animal,33,There is no camouflaged animal hidden in the natural background.,sd15_inpainting_no_object,Grouper,14,/home/woojye2020/decs_jupyter_lab/MedCLIP-SAMv2/data/MAS3K/extracted/MAS3K/img/Grouper_1867.jpg,/home/woojye2020/decs_jupyter_lab/MedCLIP-SAMv2/data/MAS3K_medclipsam/test_images_sd15_inpainting_v1/generation_metadata.jsonl
/home/woojye2020/decs_jupyter_lab/MedCLIP-SAMv2/data/MAS3K_medclipsam/test_images_sd15_inpainting_v1/Grouper_1868.jpg,Grouper_1868.jpg,no camouflaged animal,33,There is no camouflaged animal hidden in the natural background.,sd15_inpainting_no_object,Grouper,14,/home/woojye2020/decs_jupyter_lab/MedCLIP-SAMv2/data/MAS3K/extracted/MAS3K/img/Grouper_1868.jpg,/home/woojye2020/decs_jupyter_lab/MedCLIP-SAMv2/data/MAS3K_medclipsam/test_images_sd15_inpainting_v1/generation_metadata.jsonl
/home/woojye2020/decs_jupyter_lab/MedCLIP-SAMv2/data/MAS3K_medclipsam/test_images_sd15_inpainting_v1/Grouper_1869.jpg,Grouper_1869.jpg,no camouflaged animal,33,There is no camouflaged animal hidden in the natural background.,sd15_inpainting_no_object,Grouper,14,/home/woojye2020/decs_jupyter_lab/MedCLIP-SAMv2/data/MAS3K/extracted/MAS3K/img/Grouper_1869.jpg,/home/woojye2020/decs_jupyter_lab/MedCLIP-SAMv2/data/MAS3K_medclipsam/test_images_sd15_inpainting_v1/generation_metadata.jsonl
/home/woojye2020/decs_jupyter_lab/MedCLIP-SAMv2/data/MAS3K_medclipsam/test_images_sd15_inpainting_v1/Grouper_1873.jpg,Grouper_1873.jpg,no camouflaged animal,33,There is no camouflaged animal hidden in the natural background.,sd15_inpainting_no_object,Grouper,14,/home/woojye2020/decs_jupyter_lab/MedCLIP-SAMv2/data/MAS3K/extracted/MAS3K/img/Grouper_1873.jpg,/home/woojye2020/decs_jupyter_lab/MedCLIP-SAMv2/data/MAS3K_medclipsam/test_images_sd15_inpainting_v1/generation_metadata.jsonl
/home/woojye2020/decs_jupyter_lab/MedCLIP-SAMv2/data/MAS3K_medclipsam/test_images_sd15_inpainting_v1/Grouper_1876.jpg,Grouper_1876.jpg,no camouflaged animal,33,There is no camouflaged animal hidden in the natural background.,sd15_inpainting_no_object,Grouper,14,/home/woojye2020/decs_jupyter_lab/MedCLIP-SAMv2/data/MAS3K/extracted/MAS3K/img/Grouper_1876.jpg,/home/woojye2020/decs_jupyter_lab/MedCLIP-SAMv2/data/MAS3K_medclipsam/test_images_sd15_inpainting_v1/generation_metadata.jsonl
/home/woojye2020/decs_jupyter_lab/MedCLIP-SAMv2/data/MAS3K_medclipsam/test_images_sd15_inpainting_v1/Grouper_1879.jpg,Grouper_1879.jpg,no camouflaged animal,33,There is no camouflaged animal hidden in the natural background.,sd15_inpainting_no_object,Grouper,14,/home/woojye2020/decs_jupyter_lab/MedCLIP-SAMv2/data/MAS3K/extracted/MAS3K/img/Grouper_1879.jpg,/home/woojye2020/decs_jupyter_lab/MedCLIP-SAMv2/data/MAS3K_medclipsam/test_images_sd15_inpainting_v1/generation_metadata.jsonl
/home/woojye2020/decs_jupyter_lab/MedCLIP-SAMv2/data/MAS3K_medclipsam/test_images_sd15_inpainting_v1/Grouper_1893.jpg,Grouper_1893.jpg,no camouflaged animal,33,There is no camouflaged animal hidden in the natural background.,sd15_inpainting_no_object,Grouper,14,/home/woojye2020/decs_jupyter_lab/MedCLIP-SAMv2/data/MAS3K/extracted/MAS3K/img/Grouper_1893.jpg,/home/woojye2020/decs_jupyter_lab/MedCLIP-SAMv2/data/MAS3K_medclipsam/test_images_sd15_inpainting_v1/generation_metadata.jsonl
/home/woojye2020/decs_jupyter_lab/MedCLIP-SAMv2/data/MAS3K_medclipsam/test_images_sd15_inpainting_v1/Grouper_1897.jpg,Grouper_1897.jpg,no camouflaged animal,33,There is no camouflaged animal hidden in the natural background.,sd15_inpainting_no_object,Grouper,14,/home/woojye2020/decs_jupyter_lab/MedCLIP-SAMv2/data/MAS3K/extracted/MAS3K/img/Grouper_1897.jpg,/home/woojye2020/decs_jupyter_lab/MedCLIP-SAMv2/data/MAS3K_medclipsam/test_images_sd15_inpainting_v1/generation_metadata.jsonl
/home/woojye2020/decs_jupyter_lab/MedCLIP-SAMv2/data/MAS3K_medclipsam/test_images_sd15_inpainting_v1/Grouper_1902.jpg,Grouper_1902.jpg,no camouflaged animal,33,There is no camouflaged animal hidden in the natural background.,sd15_inpainting_no_object,Grouper,14,/home/woojye2020/decs_jupyter_lab/MedCLIP-SAMv2/data/MAS3K/extracted/MAS3K/img/Grouper_1902.jpg,/home/woojye2020/decs_jupyter_lab/MedCLIP-SAMv2/data/MAS3K_medclipsam/test_images_sd15_inpainting_v1/generation_metadata.jsonl
/home/woojye2020/decs_jupyter_lab/MedCLIP-SAMv2/data/MAS3K_medclipsam/test_images_sd15_inpainting_v1/Grouper_1903.jpg,Grouper_1903.jpg,no camouflaged animal,33,There is no camouflaged animal hidden in the natural background.,sd15_inpainting_no_object,Grouper,14,/home/woojye2020/decs_jupyter_lab/MedCLIP-SAMv2/data/MAS3K/extracted/MAS3K/img/Grouper_1903.jpg,/home/woojye2020/decs_jupyter_lab/MedCLIP-SAMv2/data/MAS3K_medclipsam/test_images_sd15_inpainting_v1/generation_metadata.jsonl
/home/woojye2020/decs_jupyter_lab/MedCLIP-SAMv2/data/MAS3K_medclipsam/test_images_sd15_inpainting_v1/Grouper_1904.jpg,Grouper_1904.jpg,no camouflaged animal,33,There is no camouflaged animal hidden in the natural background.,sd15_inpainting_no_object,Grouper,14,/home/woojye2020/decs_jupyter_lab/MedCLIP-SAMv2/data/MAS3K/extracted/MAS3K/img/Grouper_1904.jpg,/home/woojye2020/decs_jupyter_lab/MedCLIP-SAMv2/data/MAS3K_medclipsam/test_images_sd15_inpainting_v1/generation_metadata.jsonl
/home/woojye2020/decs_jupyter_lab/MedCLIP-SAMv2/data/MAS3K_medclipsam/test_images_sd15_inpainting_v1/Grouper_1916.jpg,Grouper_1916.jpg,no camouflaged animal,33,There is no camouflaged animal hidden in the natural background.,sd15_inpainting_no_object,Grouper,14,/home/woojye2020/decs_jupyter_lab/MedCLIP-SAMv2/data/MAS3K/extracted/MAS3K/img/Grouper_1916.jpg,/home/woojye2020/decs_jupyter_lab/MedCLIP-SAMv2/data/MAS3K_medclipsam/test_images_sd15_inpainting_v1/generation_metadata.jsonl
/home/woojye2020/decs_jupyter_lab/MedCLIP-SAMv2/data/MAS3K_medclipsam/test_images_sd15_inpainting_v1/Grouper_1918.jpg,Grouper_1918.jpg,no camouflaged animal,33,There is no camouflaged animal hidden in the natural background.,sd15_inpainting_no_object,Grouper,14,/home/woojye2020/decs_jupyter_lab/MedCLIP-SAMv2/data/MAS3K/extracted/MAS3K/img/Grouper_1918.jpg,/home/woojye2020/decs_jupyter_lab/MedCLIP-SAMv2/data/MAS3K_medclipsam/test_images_sd15_inpainting_v1/generation_metadata.jsonl
/home/woojye2020/decs_jupyter_lab/MedCLIP-SAMv2/data/MAS3K_medclipsam/test_images_sd15_inpainting_v1/Grouper_1923.jpg,Grouper_1923.jpg,no camouflaged animal,33,There is no camouflaged animal hidden in the natural background.,sd15_inpainting_no_object,Grouper,14,/home/woojye2020/decs_jupyter_lab/MedCLIP-SAMv2/data/MAS3K/extracted/MAS3K/img/Grouper_1923.jpg,/home/woojye2020/decs_jupyter_lab/MedCLIP-SAMv2/data/MAS3K_medclipsam/test_images_sd15_inpainting_v1/generation_metadata.jsonl
/home/woojye2020/decs_jupyter_lab/MedCLIP-SAMv2/data/MAS3K_medclipsam/test_images_sd15_inpainting_v1/Grouper_1925.jpg,Grouper_1925.jpg,no camouflaged animal,33,There is no camouflaged animal hidden in the natural background.,sd15_inpainting_no_object,Grouper,14,/home/woojye2020/decs_jupyter_lab/MedCLIP-SAMv2/data/MAS3K/extracted/MAS3K/img/Grouper_1925.jpg,/home/woojye2020/decs_jupyter_lab/MedCLIP-SAMv2/data/MAS3K_medclipsam/test_images_sd15_inpainting_v1/generation_metadata.jsonl
/home/woojye2020/decs_jupyter_lab/MedCLIP-SAMv2/data/MAS3K_medclipsam/test_images_sd15_inpainting_v1/Grouper_1927.jpg,Grouper_1927.jpg,no camouflaged animal,33,There is no camouflaged animal hidden in the natural background.,sd15_inpainting_no_object,Grouper,14,/home/woojye2020/decs_jupyter_lab/MedCLIP-SAMv2/data/MAS3K/extracted/MAS3K/img/Grouper_1927.jpg,/home/woojye2020/decs_jupyter_lab/MedCLIP-SAMv2/data/MAS3K_medclipsam/test_images_sd15_inpainting_v1/generation_metadata.jsonl
/home/woojye2020/decs_jupyter_lab/MedCLIP-SAMv2/data/MAS3K_medclipsam/test_images_sd15_inpainting_v1/Grouper_1929.jpg,Grouper_1929.jpg,no camouflaged animal,33,There is no camouflaged animal hidden in the natural background.,sd15_inpainting_no_object,Grouper,14,/home/woojye2020/decs_jupyter_lab/MedCLIP-SAMv2/data/MAS3K/extracted/MAS3K/img/Grouper_1929.jpg,/home/woojye2020/decs_jupyter_lab/MedCLIP-SAMv2/data/MAS3K_medclipsam/test_images_sd15_inpainting_v1/generation_metadata.jsonl
/home/woojye2020/decs_jupyter_lab/MedCLIP-SAMv2/data/MAS3K_medclipsam/test_images_sd15_inpainting_v1/Grouper_1939.jpg,Grouper_1939.jpg,no camouflaged animal,33,There is no camouflaged animal hidden in the natural background.,sd15_inpainting_no_object,Grouper,14,/home/woojye2020/decs_jupyter_lab/MedCLIP-SAMv2/data/MAS3K/extracted/MAS3K/img/Grouper_1939.jpg,/home/woojye2020/decs_jupyter_lab/MedCLIP-SAMv2/data/MAS3K_medclipsam/test_images_sd15_inpainting_v1/generation_metadata.jsonl
/home/woojye2020/decs_jupyter_lab/MedCLIP-SAMv2/data/MAS3K_medclipsam/test_images_sd15_inpainting_v1/Grouper_1942.jpg,Grouper_1942.jpg,no camouflaged animal,33,There is no camouflaged animal hidden in the natural background.,sd15_inpainting_no_object,Grouper,14,/home/woojye2020/decs_jupyter_lab/MedCLIP-SAMv2/data/MAS3K/extracted/MAS3K/img/Grouper_1942.jpg,/home/woojye2020/decs_jupyter_lab/MedCLIP-SAMv2/data/MAS3K_medclipsam/test_images_sd15_inpainting_v1/generation_metadata.jsonl
/home/woojye2020/decs_jupyter_lab/MedCLIP-SAMv2/data/MAS3K_medclipsam/test_images_sd15_inpainting_v1/JellyFish_309.jpg,JellyFish_309.jpg,no camouflaged animal,33,There is no camouflaged animal hidden in the natural background.,sd15_inpainting_no_object,JellyFish,15,/home/woojye2020/decs_jupyter_lab/MedCLIP-SAMv2/data/MAS3K/extracted/MAS3K/img/JellyFish_309.jpg,/home/woojye2020/decs_jupyter_lab/MedCLIP-SAMv2/data/MAS3K_medclipsam/test_images_sd15_inpainting_v1/generation_metadata.jsonl
/home/woojye2020/decs_jupyter_lab/MedCLIP-SAMv2/data/MAS3K_medclipsam/test_images_sd15_inpainting_v1/JellyFish_312.jpg,JellyFish_312.jpg,no camouflaged animal,33,There is no camouflaged animal hidden in the natural background.,sd15_inpainting_no_object,JellyFish,15,/home/woojye2020/decs_jupyter_lab/MedCLIP-SAMv2/data/MAS3K/extracted/MAS3K/img/JellyFish_312.jpg,/home/woojye2020/decs_jupyter_lab/MedCLIP-SAMv2/data/MAS3K_medclipsam/test_images_sd15_inpainting_v1/generation_metadata.jsonl
/home/woojye2020/decs_jupyter_lab/MedCLIP-SAMv2/data/MAS3K_medclipsam/test_images_sd15_inpainting_v1/JellyFish_315.jpg,JellyFish_315.jpg,no camouflaged animal,33,There is no camouflaged animal hidden in the natural background.,sd15_inpainting_no_object,JellyFish,15,/home/woojye2020/decs_jupyter_lab/MedCLIP-SAMv2/data/MAS3K/extracted/MAS3K/img/JellyFish_315.jpg,/home/woojye2020/decs_jupyter_lab/MedCLIP-SAMv2/data/MAS3K_medclipsam/test_images_sd15_inpainting_v1/generation_metadata.jsonl
/home/woojye2020/decs_jupyter_lab/MedCLIP-SAMv2/data/MAS3K_medclipsam/test_images_sd15_inpainting_v1/JellyFish_317.jpg,JellyFish_317.jpg,no camouflaged animal,33,There is no camouflaged animal hidden in the natural background.,sd15_inpainting_no_object,JellyFish,15,/home/woojye2020/decs_jupyter_lab/MedCLIP-SAMv2/data/MAS3K/extracted/MAS3K/img/JellyFish_317.jpg,/home/woojye2020/decs_jupyter_lab/MedCLIP-SAMv2/data/MAS3K_medclipsam/test_images_sd15_inpainting_v1/generation_metadata.jsonl
/home/woojye2020/decs_jupyter_lab/MedCLIP-SAMv2/data/MAS3K_medclipsam/test_images_sd15_inpainting_v1/JellyFish_319.jpg,JellyFish_319.jpg,no camouflaged animal,33,There is no camouflaged animal hidden in the natural background.,sd15_inpainting_no_object,JellyFish,15,/home/woojye2020/decs_jupyter_lab/MedCLIP-SAMv2/data/MAS3K/extracted/MAS3K/img/JellyFish_319.jpg,/home/woojye2020/decs_jupyter_lab/MedCLIP-SAMv2/data/MAS3K_medclipsam/test_images_sd15_inpainting_v1/generation_metadata.jsonl
/home/woojye2020/decs_jupyter_lab/MedCLIP-SAMv2/data/MAS3K_medclipsam/test_images_sd15_inpainting_v1/JellyFish_321.jpg,JellyFish_321.jpg,no camouflaged animal,33,There is no camouflaged animal hidden in the natural background.,sd15_inpainting_no_object,JellyFish,15,/home/woojye2020/decs_jupyter_lab/MedCLIP-SAMv2/data/MAS3K/extracted/MAS3K/img/JellyFish_321.jpg,/home/woojye2020/decs_jupyter_lab/MedCLIP-SAMv2/data/MAS3K_medclipsam/test_images_sd15_inpainting_v1/generation_metadata.jsonl
/home/woojye2020/decs_jupyter_lab/MedCLIP-SAMv2/data/MAS3K_medclipsam/test_images_sd15_inpainting_v1/JellyFish_322.jpg,JellyFish_322.jpg,no camouflaged animal,33,There is no camouflaged animal hidden in the natural background.,sd15_inpainting_no_object,JellyFish,15,/home/woojye2020/decs_jupyter_lab/MedCLIP-SAMv2/data/MAS3K/extracted/MAS3K/img/JellyFish_322.jpg,/home/woojye2020/decs_jupyter_lab/MedCLIP-SAMv2/data/MAS3K_medclipsam/test_images_sd15_inpainting_v1/generation_metadata.jsonl
/home/woojye2020/decs_jupyter_lab/MedCLIP-SAMv2/data/MAS3K_medclipsam/test_images_sd15_inpainting_v1/JellyFish_325.jpg,JellyFish_325.jpg,no camouflaged animal,33,There is no camouflaged animal hidden in the natural background.,sd15_inpainting_no_object,JellyFish,15,/home/woojye2020/decs_jupyter_lab/MedCLIP-SAMv2/data/MAS3K/extracted/MAS3K/img/JellyFish_325.jpg,/home/woojye2020/decs_jupyter_lab/MedCLIP-SAMv2/data/MAS3K_medclipsam/test_images_sd15_inpainting_v1/generation_metadata.jsonl
/home/woojye2020/decs_jupyter_lab/MedCLIP-SAMv2/data/MAS3K_medclipsam/test_images_sd15_inpainting_v1/JellyFish_327.jpg,JellyFish_327.jpg,no camouflaged animal,33,There is no camouflaged animal hidden in the natural background.,sd15_inpainting_no_object,JellyFish,15,/home/woojye2020/decs_jupyter_lab/MedCLIP-SAMv2/data/MAS3K/extracted/MAS3K/img/JellyFish_327.jpg,/home/woojye2020/decs_jupyter_lab/MedCLIP-SAMv2/data/MAS3K_medclipsam/test_images_sd15_inpainting_v1/generation_metadata.jsonl
/home/woojye2020/decs_jupyter_lab/MedCLIP-SAMv2/data/MAS3K_medclipsam/test_images_sd15_inpainting_v1/JellyFish_328.jpg,JellyFish_328.jpg,no camouflaged animal,33,There is no camouflaged animal hidden in the natural background.,sd15_inpainting_no_object,JellyFish,15,/home/woojye2020/decs_jupyter_lab/MedCLIP-SAMv2/data/MAS3K/extracted/MAS3K/img/JellyFish_328.jpg,/home/woojye2020/decs_jupyter_lab/MedCLIP-SAMv2/data/MAS3K_medclipsam/test_images_sd15_inpainting_v1/generation_metadata.jsonl
/home/woojye2020/decs_jupyter_lab/MedCLIP-SAMv2/data/MAS3K_medclipsam/test_images_sd15_inpainting_v1/JellyFish_331.jpg,JellyFish_331.jpg,no camouflaged animal,33,There is no camouflaged animal hidden in the natural background.,sd15_inpainting_no_object,JellyFish,15,/home/woojye2020/decs_jupyter_lab/MedCLIP-SAMv2/data/MAS3K/extracted/MAS3K/img/JellyFish_331.jpg,/home/woojye2020/decs_jupyter_lab/MedCLIP-SAMv2/data/MAS3K_medclipsam/test_images_sd15_inpainting_v1/generation_metadata.jsonl
/home/woojye2020/decs_jupyter_lab/MedCLIP-SAMv2/data/MAS3K_medclipsam/test_images_sd15_inpainting_v1/JellyFish_334.jpg,JellyFish_334.jpg,no camouflaged animal,33,There is no camouflaged animal hidden in the natural background.,sd15_inpainting_no_object,JellyFish,15,/home/woojye2020/decs_jupyter_lab/MedCLIP-SAMv2/data/MAS3K/extracted/MAS3K/img/JellyFish_334.jpg,/home/woojye2020/decs_jupyter_lab/MedCLIP-SAMv2/data/MAS3K_medclipsam/test_images_sd15_inpainting_v1/generation_metadata.jsonl
/home/woojye2020/decs_jupyter_lab/MedCLIP-SAMv2/data/MAS3K_medclipsam/test_images_sd15_inpainting_v1/JellyFish_335.jpg,JellyFish_335.jpg,no camouflaged animal,33,There is no camouflaged animal hidden in the natural background.,sd15_inpainting_no_object,JellyFish,15,/home/woojye2020/decs_jupyter_lab/MedCLIP-SAMv2/data/MAS3K/extracted/MAS3K/img/JellyFish_335.jpg,/home/woojye2020/decs_jupyter_lab/MedCLIP-SAMv2/data/MAS3K_medclipsam/test_images_sd15_inpainting_v1/generation_metadata.jsonl
/home/woojye2020/decs_jupyter_lab/MedCLIP-SAMv2/data/MAS3K_medclipsam/test_images_sd15_inpainting_v1/JellyFish_337.jpg,JellyFish_337.jpg,no camouflaged animal,33,There is no camouflaged animal hidden in the natural background.,sd15_inpainting_no_object,JellyFish,15,/home/woojye2020/decs_jupyter_lab/MedCLIP-SAMv2/data/MAS3K/extracted/MAS3K/img/JellyFish_337.jpg,/home/woojye2020/decs_jupyter_lab/MedCLIP-SAMv2/data/MAS3K_medclipsam/test_images_sd15_inpainting_v1/generation_metadata.jsonl
/home/woojye2020/decs_jupyter_lab/MedCLIP-SAMv2/data/MAS3K_medclipsam/test_images_sd15_inpainting_v1/JellyFish_339.jpg,JellyFish_339.jpg,no camouflaged animal,33,There is no camouflaged animal hidden in the natural background.,sd15_inpainting_no_object,JellyFish,15,/home/woojye2020/decs_jupyter_lab/MedCLIP-SAMv2/data/MAS3K/extracted/MAS3K/img/JellyFish_339.jpg,/home/woojye2020/decs_jupyter_lab/MedCLIP-SAMv2/data/MAS3K_medclipsam/test_images_sd15_inpainting_v1/generation_metadata.jsonl
/home/woojye2020/decs_jupyter_lab/MedCLIP-SAMv2/data/MAS3K_medclipsam/test_images_sd15_inpainting_v1/JellyFish_342.jpg,JellyFish_342.jpg,no camouflaged animal,33,There is no camouflaged animal hidden in the natural background.,sd15_inpainting_no_object,JellyFish,15,/home/woojye2020/decs_jupyter_lab/MedCLIP-SAMv2/data/MAS3K/extracted/MAS3K/img/JellyFish_342.jpg,/home/woojye2020/decs_jupyter_lab/MedCLIP-SAMv2/data/MAS3K_medclipsam/test_images_sd15_inpainting_v1/generation_metadata.jsonl
/home/woojye2020/decs_jupyter_lab/MedCLIP-SAMv2/data/MAS3K_medclipsam/test_images_sd15_inpainting_v1/JellyFish_343.jpg,JellyFish_343.jpg,no camouflaged animal,33,There is no camouflaged animal hidden in the natural background.,sd15_inpainting_no_object,JellyFish,15,/home/woojye2020/decs_jupyter_lab/MedCLIP-SAMv2/data/MAS3K/extracted/MAS3K/img/JellyFish_343.jpg,/home/woojye2020/decs_jupyter_lab/MedCLIP-SAMv2/data/MAS3K_medclipsam/test_images_sd15_inpainting_v1/generation_metadata.jsonl
/home/woojye2020/decs_jupyter_lab/MedCLIP-SAMv2/data/MAS3K_medclipsam/test_images_sd15_inpainting_v1/JellyFish_354.jpg,JellyFish_354.jpg,no camouflaged animal,33,There is no camouflaged animal hidden in the natural background.,sd15_inpainting_no_object,JellyFish,15,/home/woojye2020/decs_jupyter_lab/MedCLIP-SAMv2/data/MAS3K/extracted/MAS3K/img/JellyFish_354.jpg,/home/woojye2020/decs_jupyter_lab/MedCLIP-SAMv2/data/MAS3K_medclipsam/test_images_sd15_inpainting_v1/generation_metadata.jsonl
/home/woojye2020/decs_jupyter_lab/MedCLIP-SAMv2/data/MAS3K_medclipsam/test_images_sd15_inpainting_v1/LeafySeaDragon_1976.jpg,LeafySeaDragon_1976.jpg,no camouflaged animal,33,There is no camouflaged animal hidden in the natural background.,sd15_inpainting_no_object,LeafySeaDragon,16,/home/woojye2020/decs_jupyter_lab/MedCLIP-SAMv2/data/MAS3K/extracted/MAS3K/img/LeafySeaDragon_1976.jpg,/home/woojye2020/decs_jupyter_lab/MedCLIP-SAMv2/data/MAS3K_medclipsam/test_images_sd15_inpainting_v1/generation_metadata.jsonl
/home/woojye2020/decs_jupyter_lab/MedCLIP-SAMv2/data/MAS3K_medclipsam/test_images_sd15_inpainting_v1/LeafySeaDragon_1977.jpg,LeafySeaDragon_1977.jpg,no camouflaged animal,33,There is no camouflaged animal hidden in the natural background.,sd15_inpainting_no_object,LeafySeaDragon,16,/home/woojye2020/decs_jupyter_lab/MedCLIP-SAMv2/data/MAS3K/extracted/MAS3K/img/LeafySeaDragon_1977.jpg,/home/woojye2020/decs_jupyter_lab/MedCLIP-SAMv2/data/MAS3K_medclipsam/test_images_sd15_inpainting_v1/generation_metadata.jsonl
/home/woojye2020/decs_jupyter_lab/MedCLIP-SAMv2/data/MAS3K_medclipsam/test_images_sd15_inpainting_v1/LeafySeaDragon_1978.jpg,LeafySeaDragon_1978.jpg,no camouflaged animal,33,There is no camouflaged animal hidden in the natural background.,sd15_inpainting_no_object,LeafySeaDragon,16,/home/woojye2020/decs_jupyter_lab/MedCLIP-SAMv2/data/MAS3K/extracted/MAS3K/img/LeafySeaDragon_1978.jpg,/home/woojye2020/decs_jupyter_lab/MedCLIP-SAMv2/data/MAS3K_medclipsam/test_images_sd15_inpainting_v1/generation_metadata.jsonl
/home/woojye2020/decs_jupyter_lab/MedCLIP-SAMv2/data/MAS3K_medclipsam/test_images_sd15_inpainting_v1/MantaRay_2798.jpg,MantaRay_2798.jpg,no camouflaged animal,33,There is no camouflaged animal hidden in the natural background.,sd15_inpainting_no_object,MantaRay,18,/home/woojye2020/decs_jupyter_lab/MedCLIP-SAMv2/data/MAS3K/extracted/MAS3K/img/MantaRay_2798.jpg,/home/woojye2020/decs_jupyter_lab/MedCLIP-SAMv2/data/MAS3K_medclipsam/test_images_sd15_inpainting_v1/generation_metadata.jsonl
/home/woojye2020/decs_jupyter_lab/MedCLIP-SAMv2/data/MAS3K_medclipsam/test_images_sd15_inpainting_v1/MantaRay_2799.jpg,MantaRay_2799.jpg,no camouflaged animal,33,There is no camouflaged animal hidden in the natural background.,sd15_inpainting_no_object,MantaRay,18,/home/woojye2020/decs_jupyter_lab/MedCLIP-SAMv2/data/MAS3K/extracted/MAS3K/img/MantaRay_2799.jpg,/home/woojye2020/decs_jupyter_lab/MedCLIP-SAMv2/data/MAS3K_medclipsam/test_images_sd15_inpainting_v1/generation_metadata.jsonl
/home/woojye2020/decs_jupyter_lab/MedCLIP-SAMv2/data/MAS3K_medclipsam/test_images_sd15_inpainting_v1/MantaRay_2803.jpg,MantaRay_2803.jpg,no camouflaged animal,33,There is no camouflaged animal hidden in the natural background.,sd15_inpainting_no_object,MantaRay,18,/home/woojye2020/decs_jupyter_lab/MedCLIP-SAMv2/data/MAS3K/extracted/MAS3K/img/MantaRay_2803.jpg,/home/woojye2020/decs_jupyter_lab/MedCLIP-SAMv2/data/MAS3K_medclipsam/test_images_sd15_inpainting_v1/generation_metadata.jsonl
/home/woojye2020/decs_jupyter_lab/MedCLIP-SAMv2/data/MAS3K_medclipsam/test_images_sd15_inpainting_v1/MantaRay_2804.jpg,MantaRay_2804.jpg,no camouflaged animal,33,There is no camouflaged animal hidden in the natural background.,sd15_inpainting_no_object,MantaRay,18,/home/woojye2020/decs_jupyter_lab/MedCLIP-SAMv2/data/MAS3K/extracted/MAS3K/img/MantaRay_2804.jpg,/home/woojye2020/decs_jupyter_lab/MedCLIP-SAMv2/data/MAS3K_medclipsam/test_images_sd15_inpainting_v1/generation_metadata.jsonl
/home/woojye2020/decs_jupyter_lab/MedCLIP-SAMv2/data/MAS3K_medclipsam/test_images_sd15_inpainting_v1/MantaRay_2805.jpg,MantaRay_2805.jpg,no camouflaged animal,33,There is no camouflaged animal hidden in the natural background.,sd15_inpainting_no_object,MantaRay,18,/home/woojye2020/decs_jupyter_lab/MedCLIP-SAMv2/data/MAS3K/extracted/MAS3K/img/MantaRay_2805.jpg,/home/woojye2020/decs_jupyter_lab/MedCLIP-SAMv2/data/MAS3K_medclipsam/test_images_sd15_inpainting_v1/generation_metadata.jsonl
/home/woojye2020/decs_jupyter_lab/MedCLIP-SAMv2/data/MAS3K_medclipsam/test_images_sd15_inpainting_v1/MantaRay_2809.jpg,MantaRay_2809.jpg,no camouflaged animal,33,There is no camouflaged animal hidden in the natural background.,sd15_inpainting_no_object,MantaRay,18,/home/woojye2020/decs_jupyter_lab/MedCLIP-SAMv2/data/MAS3K/extracted/MAS3K/img/MantaRay_2809.jpg,/home/woojye2020/decs_jupyter_lab/MedCLIP-SAMv2/data/MAS3K_medclipsam/test_images_sd15_inpainting_v1/generation_metadata.jsonl
/home/woojye2020/decs_jupyter_lab/MedCLIP-SAMv2/data/MAS3K_medclipsam/test_images_sd15_inpainting_v1/MantaRay_2812.jpg,MantaRay_2812.jpg,no camouflaged animal,33,There is no camouflaged animal hidden in the natural background.,sd15_inpainting_no_object,MantaRay,18,/home/woojye2020/decs_jupyter_lab/MedCLIP-SAMv2/data/MAS3K/extracted/MAS3K/img/MantaRay_2812.jpg,/home/woojye2020/decs_jupyter_lab/MedCLIP-SAMv2/data/MAS3K_medclipsam/test_images_sd15_inpainting_v1/generation_metadata.jsonl
/home/woojye2020/decs_jupyter_lab/MedCLIP-SAMv2/data/MAS3K_medclipsam/test_images_sd15_inpainting_v1/MorayEel_2843.jpg,MorayEel_2843.jpg,no camouflaged animal,33,There is no camouflaged animal hidden in the natural background.,sd15_inpainting_no_object,MorayEel,19,/home/woojye2020/decs_jupyter_lab/MedCLIP-SAMv2/data/MAS3K/extracted/MAS3K/img/MorayEel_2843.jpg,/home/woojye2020/decs_jupyter_lab/MedCLIP-SAMv2/data/MAS3K_medclipsam/test_images_sd15_inpainting_v1/generation_metadata.jsonl
/home/woojye2020/decs_jupyter_lab/MedCLIP-SAMv2/data/MAS3K_medclipsam/test_images_sd15_inpainting_v1/MorayEel_2845.jpg,MorayEel_2845.jpg,no camouflaged animal,33,There is no camouflaged animal hidden in the natural background.,sd15_inpainting_no_object,MorayEel,19,/home/woojye2020/decs_jupyter_lab/MedCLIP-SAMv2/data/MAS3K/extracted/MAS3K/img/MorayEel_2845.jpg,/home/woojye2020/decs_jupyter_lab/MedCLIP-SAMv2/data/MAS3K_medclipsam/test_images_sd15_inpainting_v1/generation_metadata.jsonl
/home/woojye2020/decs_jupyter_lab/MedCLIP-SAMv2/data/MAS3K_medclipsam/test_images_sd15_inpainting_v1/MorayEel_2846.jpg,MorayEel_2846.jpg,no camouflaged animal,33,There is no camouflaged animal hidden in the natural background.,sd15_inpainting_no_object,MorayEel,19,/home/woojye2020/decs_jupyter_lab/MedCLIP-SAMv2/data/MAS3K/extracted/MAS3K/img/MorayEel_2846.jpg,/home/woojye2020/decs_jupyter_lab/MedCLIP-SAMv2/data/MAS3K_medclipsam/test_images_sd15_inpainting_v1/generation_metadata.jsonl
/home/woojye2020/decs_jupyter_lab/MedCLIP-SAMv2/data/MAS3K_medclipsam/test_images_sd15_inpainting_v1/MorayEel_2847.jpg,MorayEel_2847.jpg,no camouflaged animal,33,There is no camouflaged animal hidden in the natural background.,sd15_inpainting_no_object,MorayEel,19,/home/woojye2020/decs_jupyter_lab/MedCLIP-SAMv2/data/MAS3K/extracted/MAS3K/img/MorayEel_2847.jpg,/home/woojye2020/decs_jupyter_lab/MedCLIP-SAMv2/data/MAS3K_medclipsam/test_images_sd15_inpainting_v1/generation_metadata.jsonl
/home/woojye2020/decs_jupyter_lab/MedCLIP-SAMv2/data/MAS3K_medclipsam/test_images_sd15_inpainting_v1/MorayEel_2858.jpg,MorayEel_2858.jpg,no camouflaged animal,33,There is no camouflaged animal hidden in the natural background.,sd15_inpainting_no_object,MorayEel,19,/home/woojye2020/decs_jupyter_lab/MedCLIP-SAMv2/data/MAS3K/extracted/MAS3K/img/MorayEel_2858.jpg,/home/woojye2020/decs_jupyter_lab/MedCLIP-SAMv2/data/MAS3K_medclipsam/test_images_sd15_inpainting_v1/generation_metadata.jsonl
/home/woojye2020/decs_jupyter_lab/MedCLIP-SAMv2/data/MAS3K_medclipsam/test_images_sd15_inpainting_v1/MorayEel_2859.jpg,MorayEel_2859.jpg,no camouflaged animal,33,There is no camouflaged animal hidden in the natural background.,sd15_inpainting_no_object,MorayEel,19,/home/woojye2020/decs_jupyter_lab/MedCLIP-SAMv2/data/MAS3K/extracted/MAS3K/img/MorayEel_2859.jpg,/home/woojye2020/decs_jupyter_lab/MedCLIP-SAMv2/data/MAS3K_medclipsam/test_images_sd15_inpainting_v1/generation_metadata.jsonl
/home/woojye2020/decs_jupyter_lab/MedCLIP-SAMv2/data/MAS3K_medclipsam/test_images_sd15_inpainting_v1/MorayEel_2860.jpg,MorayEel_2860.jpg,no camouflaged animal,33,There is no camouflaged animal hidden in the natural background.,sd15_inpainting_no_object,MorayEel,19,/home/woojye2020/decs_jupyter_lab/MedCLIP-SAMv2/data/MAS3K/extracted/MAS3K/img/MorayEel_2860.jpg,/home/woojye2020/decs_jupyter_lab/MedCLIP-SAMv2/data/MAS3K_medclipsam/test_images_sd15_inpainting_v1/generation_metadata.jsonl
/home/woojye2020/decs_jupyter_lab/MedCLIP-SAMv2/data/MAS3K_medclipsam/test_images_sd15_inpainting_v1/MorayEel_2861.jpg,MorayEel_2861.jpg,no camouflaged animal,33,There is no camouflaged animal hidden in the natural background.,sd15_inpainting_no_object,MorayEel,19,/home/woojye2020/decs_jupyter_lab/MedCLIP-SAMv2/data/MAS3K/extracted/MAS3K/img/MorayEel_2861.jpg,/home/woojye2020/decs_jupyter_lab/MedCLIP-SAMv2/data/MAS3K_medclipsam/test_images_sd15_inpainting_v1/generation_metadata.jsonl
/home/woojye2020/decs_jupyter_lab/MedCLIP-SAMv2/data/MAS3K_medclipsam/test_images_sd15_inpainting_v1/Octopus_107.jpg,Octopus_107.jpg,no camouflaged animal,33,There is no camouflaged animal hidden in the natural background.,sd15_inpainting_no_object,Octopus,20,/home/woojye2020/decs_jupyter_lab/MedCLIP-SAMv2/data/MAS3K/extracted/MAS3K/img/Octopus_107.jpg,/home/woojye2020/decs_jupyter_lab/MedCLIP-SAMv2/data/MAS3K_medclipsam/test_images_sd15_inpainting_v1/generation_metadata.jsonl
/home/woojye2020/decs_jupyter_lab/MedCLIP-SAMv2/data/MAS3K_medclipsam/test_images_sd15_inpainting_v1/Octopus_109.jpg,Octopus_109.jpg,no camouflaged animal,33,There is no camouflaged animal hidden in the natural background.,sd15_inpainting_no_object,Octopus,20,/home/woojye2020/decs_jupyter_lab/MedCLIP-SAMv2/data/MAS3K/extracted/MAS3K/img/Octopus_109.jpg,/home/woojye2020/decs_jupyter_lab/MedCLIP-SAMv2/data/MAS3K_medclipsam/test_images_sd15_inpainting_v1/generation_metadata.jsonl
/home/woojye2020/decs_jupyter_lab/MedCLIP-SAMv2/data/MAS3K_medclipsam/test_images_sd15_inpainting_v1/Octopus_113.jpg,Octopus_113.jpg,no camouflaged animal,33,There is no camouflaged animal hidden in the natural background.,sd15_inpainting_no_object,Octopus,20,/home/woojye2020/decs_jupyter_lab/MedCLIP-SAMv2/data/MAS3K/extracted/MAS3K/img/Octopus_113.jpg,/home/woojye2020/decs_jupyter_lab/MedCLIP-SAMv2/data/MAS3K_medclipsam/test_images_sd15_inpainting_v1/generation_metadata.jsonl
/home/woojye2020/decs_jupyter_lab/MedCLIP-SAMv2/data/MAS3K_medclipsam/test_images_sd15_inpainting_v1/Octopus_117.jpg,Octopus_117.jpg,no camouflaged animal,33,There is no camouflaged animal hidden in the natural background.,sd15_inpainting_no_object,Octopus,20,/home/woojye2020/decs_jupyter_lab/MedCLIP-SAMv2/data/MAS3K/extracted/MAS3K/img/Octopus_117.jpg,/home/woojye2020/decs_jupyter_lab/MedCLIP-SAMv2/data/MAS3K_medclipsam/test_images_sd15_inpainting_v1/generation_metadata.jsonl
/home/woojye2020/decs_jupyter_lab/MedCLIP-SAMv2/data/MAS3K_medclipsam/test_images_sd15_inpainting_v1/Octopus_123.jpg,Octopus_123.jpg,no camouflaged animal,33,There is no camouflaged animal hidden in the natural background.,sd15_inpainting_no_object,Octopus,20,/home/woojye2020/decs_jupyter_lab/MedCLIP-SAMv2/data/MAS3K/extracted/MAS3K/img/Octopus_123.jpg,/home/woojye2020/decs_jupyter_lab/MedCLIP-SAMv2/data/MAS3K_medclipsam/test_images_sd15_inpainting_v1/generation_metadata.jsonl
/home/woojye2020/decs_jupyter_lab/MedCLIP-SAMv2/data/MAS3K_medclipsam/test_images_sd15_inpainting_v1/Octopus_128.jpg,Octopus_128.jpg,no camouflaged animal,33,There is no camouflaged animal hidden in the natural background.,sd15_inpainting_no_object,Octopus,20,/home/woojye2020/decs_jupyter_lab/MedCLIP-SAMv2/data/MAS3K/extracted/MAS3K/img/Octopus_128.jpg,/home/woojye2020/decs_jupyter_lab/MedCLIP-SAMv2/data/MAS3K_medclipsam/test_images_sd15_inpainting_v1/generation_metadata.jsonl
/home/woojye2020/decs_jupyter_lab/MedCLIP-SAMv2/data/MAS3K_medclipsam/test_images_sd15_inpainting_v1/Octopus_136.jpg,Octopus_136.jpg,no camouflaged animal,33,There is no camouflaged animal hidden in the natural background.,sd15_inpainting_no_object,Octopus,20,/home/woojye2020/decs_jupyter_lab/MedCLIP-SAMv2/data/MAS3K/extracted/MAS3K/img/Octopus_136.jpg,/home/woojye2020/decs_jupyter_lab/MedCLIP-SAMv2/data/MAS3K_medclipsam/test_images_sd15_inpainting_v1/generation_metadata.jsonl
/home/woojye2020/decs_jupyter_lab/MedCLIP-SAMv2/data/MAS3K_medclipsam/test_images_sd15_inpainting_v1/Octopus_143.jpg,Octopus_143.jpg,no camouflaged animal,33,There is no camouflaged animal hidden in the natural background.,sd15_inpainting_no_object,Octopus,20,/home/woojye2020/decs_jupyter_lab/MedCLIP-SAMv2/data/MAS3K/extracted/MAS3K/img/Octopus_143.jpg,/home/woojye2020/decs_jupyter_lab/MedCLIP-SAMv2/data/MAS3K_medclipsam/test_images_sd15_inpainting_v1/generation_metadata.jsonl
/home/woojye2020/decs_jupyter_lab/MedCLIP-SAMv2/data/MAS3K_medclipsam/test_images_sd15_inpainting_v1/Octopus_145.jpg,Octopus_145.jpg,no camouflaged animal,33,There is no camouflaged animal hidden in the natural background.,sd15_inpainting_no_object,Octopus,20,/home/woojye2020/decs_jupyter_lab/MedCLIP-SAMv2/data/MAS3K/extracted/MAS3K/img/Octopus_145.jpg,/home/woojye2020/decs_jupyter_lab/MedCLIP-SAMv2/data/MAS3K_medclipsam/test_images_sd15_inpainting_v1/generation_metadata.jsonl
/home/woojye2020/decs_jupyter_lab/MedCLIP-SAMv2/data/MAS3K_medclipsam/test_images_sd15_inpainting_v1/Octopus_146.jpg,Octopus_146.jpg,no camouflaged animal,33,There is no camouflaged animal hidden in the natural background.,sd15_inpainting_no_object,Octopus,20,/home/woojye2020/decs_jupyter_lab/MedCLIP-SAMv2/data/MAS3K/extracted/MAS3K/img/Octopus_146.jpg,/home/woojye2020/decs_jupyter_lab/MedCLIP-SAMv2/data/MAS3K_medclipsam/test_images_sd15_inpainting_v1/generation_metadata.jsonl
/home/woojye2020/decs_jupyter_lab/MedCLIP-SAMv2/data/MAS3K_medclipsam/test_images_sd15_inpainting_v1/Octopus_149.jpg,Octopus_149.jpg,no camouflaged animal,33,There is no camouflaged animal hidden in the natural background.,sd15_inpainting_no_object,Octopus,20,/home/woojye2020/decs_jupyter_lab/MedCLIP-SAMv2/data/MAS3K/extracted/MAS3K/img/Octopus_149.jpg,/home/woojye2020/decs_jupyter_lab/MedCLIP-SAMv2/data/MAS3K_medclipsam/test_images_sd15_inpainting_v1/generation_metadata.jsonl
/home/woojye2020/decs_jupyter_lab/MedCLIP-SAMv2/data/MAS3K_medclipsam/test_images_sd15_inpainting_v1/Octopus_166.jpg,Octopus_166.jpg,no camouflaged animal,33,There is no camouflaged animal hidden in the natural background.,sd15_inpainting_no_object,Octopus,20,/home/woojye2020/decs_jupyter_lab/MedCLIP-SAMv2/data/MAS3K/extracted/MAS3K/img/Octopus_166.jpg,/home/woojye2020/decs_jupyter_lab/MedCLIP-SAMv2/data/MAS3K_medclipsam/test_images_sd15_inpainting_v1/generation_metadata.jsonl
/home/woojye2020/decs_jupyter_lab/MedCLIP-SAMv2/data/MAS3K_medclipsam/test_images_sd15_inpainting_v1/Octopus_169.jpg,Octopus_169.jpg,no camouflaged animal,33,There is no camouflaged animal hidden in the natural background.,sd15_inpainting_no_object,Octopus,20,/home/woojye2020/decs_jupyter_lab/MedCLIP-SAMv2/data/MAS3K/extracted/MAS3K/img/Octopus_169.jpg,/home/woojye2020/decs_jupyter_lab/MedCLIP-SAMv2/data/MAS3K_medclipsam/test_images_sd15_inpainting_v1/generation_metadata.jsonl
/home/woojye2020/decs_jupyter_lab/MedCLIP-SAMv2/data/MAS3K_medclipsam/test_images_sd15_inpainting_v1/Octopus_171.jpg,Octopus_171.jpg,no camouflaged animal,33,There is no camouflaged animal hidden in the natural background.,sd15_inpainting_no_object,Octopus,20,/home/woojye2020/decs_jupyter_lab/MedCLIP-SAMv2/data/MAS3K/extracted/MAS3K/img/Octopus_171.jpg,/home/woojye2020/decs_jupyter_lab/MedCLIP-SAMv2/data/MAS3K_medclipsam/test_images_sd15_inpainting_v1/generation_metadata.jsonl
/home/woojye2020/decs_jupyter_lab/MedCLIP-SAMv2/data/MAS3K_medclipsam/test_images_sd15_inpainting_v1/Octopus_175.jpg,Octopus_175.jpg,no camouflaged animal,33,There is no camouflaged animal hidden in the natural background.,sd15_inpainting_no_object,Octopus,20,/home/woojye2020/decs_jupyter_lab/MedCLIP-SAMv2/data/MAS3K/extracted/MAS3K/img/Octopus_175.jpg,/home/woojye2020/decs_jupyter_lab/MedCLIP-SAMv2/data/MAS3K_medclipsam/test_images_sd15_inpainting_v1/generation_metadata.jsonl
/home/woojye2020/decs_jupyter_lab/MedCLIP-SAMv2/data/MAS3K_medclipsam/test_images_sd15_inpainting_v1/Octopus_178.jpg,Octopus_178.jpg,no camouflaged animal,33,There is no camouflaged animal hidden in the natural background.,sd15_inpainting_no_object,Octopus,20,/home/woojye2020/decs_jupyter_lab/MedCLIP-SAMv2/data/MAS3K/extracted/MAS3K/img/Octopus_178.jpg,/home/woojye2020/decs_jupyter_lab/MedCLIP-SAMv2/data/MAS3K_medclipsam/test_images_sd15_inpainting_v1/generation_metadata.jsonl
/home/woojye2020/decs_jupyter_lab/MedCLIP-SAMv2/data/MAS3K_medclipsam/test_images_sd15_inpainting_v1/Octopus_182.jpg,Octopus_182.jpg,no camouflaged animal,33,There is no camouflaged animal hidden in the natural background.,sd15_inpainting_no_object,Octopus,20,/home/woojye2020/decs_jupyter_lab/MedCLIP-SAMv2/data/MAS3K/extracted/MAS3K/img/Octopus_182.jpg,/home/woojye2020/decs_jupyter_lab/MedCLIP-SAMv2/data/MAS3K_medclipsam/test_images_sd15_inpainting_v1/generation_metadata.jsonl
/home/woojye2020/decs_jupyter_lab/MedCLIP-SAMv2/data/MAS3K_medclipsam/test_images_sd15_inpainting_v1/Pagurian_489.jpg,Pagurian_489.jpg,no camouflaged animal,33,There is no camouflaged animal hidden in the natural background.,sd15_inpainting_no_object,Pagurian,21,/home/woojye2020/decs_jupyter_lab/MedCLIP-SAMv2/data/MAS3K/extracted/MAS3K/img/Pagurian_489.jpg,/home/woojye2020/decs_jupyter_lab/MedCLIP-SAMv2/data/MAS3K_medclipsam/test_images_sd15_inpainting_v1/generation_metadata.jsonl
/home/woojye2020/decs_jupyter_lab/MedCLIP-SAMv2/data/MAS3K_medclipsam/test_images_sd15_inpainting_v1/PipeFish_2111.jpg,PipeFish_2111.jpg,no camouflaged animal,33,There is no camouflaged animal hidden in the natural background.,sd15_inpainting_no_object,PipeFish,22,/home/woojye2020/decs_jupyter_lab/MedCLIP-SAMv2/data/MAS3K/extracted/MAS3K/img/PipeFish_2111.jpg,/home/woojye2020/decs_jupyter_lab/MedCLIP-SAMv2/data/MAS3K_medclipsam/test_images_sd15_inpainting_v1/generation_metadata.jsonl
/home/woojye2020/decs_jupyter_lab/MedCLIP-SAMv2/data/MAS3K_medclipsam/test_images_sd15_inpainting_v1/PipeFish_2116.jpg,PipeFish_2116.jpg,no camouflaged animal,33,There is no camouflaged animal hidden in the natural background.,sd15_inpainting_no_object,PipeFish,22,/home/woojye2020/decs_jupyter_lab/MedCLIP-SAMv2/data/MAS3K/extracted/MAS3K/img/PipeFish_2116.jpg,/home/woojye2020/decs_jupyter_lab/MedCLIP-SAMv2/data/MAS3K_medclipsam/test_images_sd15_inpainting_v1/generation_metadata.jsonl
/home/woojye2020/decs_jupyter_lab/MedCLIP-SAMv2/data/MAS3K_medclipsam/test_images_sd15_inpainting_v1/PipeFish_2118.jpg,PipeFish_2118.jpg,no camouflaged animal,33,There is no camouflaged animal hidden in the natural background.,sd15_inpainting_no_object,PipeFish,22,/home/woojye2020/decs_jupyter_lab/MedCLIP-SAMv2/data/MAS3K/extracted/MAS3K/img/PipeFish_2118.jpg,/home/woojye2020/decs_jupyter_lab/MedCLIP-SAMv2/data/MAS3K_medclipsam/test_images_sd15_inpainting_v1/generation_metadata.jsonl
/home/woojye2020/decs_jupyter_lab/MedCLIP-SAMv2/data/MAS3K_medclipsam/test_images_sd15_inpainting_v1/PipeFish_2127.jpg,PipeFish_2127.jpg,no camouflaged animal,33,There is no camouflaged animal hidden in the natural background.,sd15_inpainting_no_object,PipeFish,22,/home/woojye2020/decs_jupyter_lab/MedCLIP-SAMv2/data/MAS3K/extracted/MAS3K/img/PipeFish_2127.jpg,/home/woojye2020/decs_jupyter_lab/MedCLIP-SAMv2/data/MAS3K_medclipsam/test_images_sd15_inpainting_v1/generation_metadata.jsonl
/home/woojye2020/decs_jupyter_lab/MedCLIP-SAMv2/data/MAS3K_medclipsam/test_images_sd15_inpainting_v1/PipeFish_2131.jpg,PipeFish_2131.jpg,no camouflaged animal,33,There is no camouflaged animal hidden in the natural background.,sd15_inpainting_no_object,PipeFish,22,/home/woojye2020/decs_jupyter_lab/MedCLIP-SAMv2/data/MAS3K/extracted/MAS3K/img/PipeFish_2131.jpg,/home/woojye2020/decs_jupyter_lab/MedCLIP-SAMv2/data/MAS3K_medclipsam/test_images_sd15_inpainting_v1/generation_metadata.jsonl
/home/woojye2020/decs_jupyter_lab/MedCLIP-SAMv2/data/MAS3K_medclipsam/test_images_sd15_inpainting_v1/PipeFish_2132.jpg,PipeFish_2132.jpg,no camouflaged animal,33,There is no camouflaged animal hidden in the natural background.,sd15_inpainting_no_object,PipeFish,22,/home/woojye2020/decs_jupyter_lab/MedCLIP-SAMv2/data/MAS3K/extracted/MAS3K/img/PipeFish_2132.jpg,/home/woojye2020/decs_jupyter_lab/MedCLIP-SAMv2/data/MAS3K_medclipsam/test_images_sd15_inpainting_v1/generation_metadata.jsonl
/home/woojye2020/decs_jupyter_lab/MedCLIP-SAMv2/data/MAS3K_medclipsam/test_images_sd15_inpainting_v1/PipeFish_2138.jpg,PipeFish_2138.jpg,no camouflaged animal,33,There is no camouflaged animal hidden in the natural background.,sd15_inpainting_no_object,PipeFish,22,/home/woojye2020/decs_jupyter_lab/MedCLIP-SAMv2/data/MAS3K/extracted/MAS3K/img/PipeFish_2138.jpg,/home/woojye2020/decs_jupyter_lab/MedCLIP-SAMv2/data/MAS3K_medclipsam/test_images_sd15_inpainting_v1/generation_metadata.jsonl
/home/woojye2020/decs_jupyter_lab/MedCLIP-SAMv2/data/MAS3K_medclipsam/test_images_sd15_inpainting_v1/PipeFish_2140.jpg,PipeFish_2140.jpg,no camouflaged animal,33,There is no camouflaged animal hidden in the natural background.,sd15_inpainting_no_object,PipeFish,22,/home/woojye2020/decs_jupyter_lab/MedCLIP-SAMv2/data/MAS3K/extracted/MAS3K/img/PipeFish_2140.jpg,/home/woojye2020/decs_jupyter_lab/MedCLIP-SAMv2/data/MAS3K_medclipsam/test_images_sd15_inpainting_v1/generation_metadata.jsonl
/home/woojye2020/decs_jupyter_lab/MedCLIP-SAMv2/data/MAS3K_medclipsam/test_images_sd15_inpainting_v1/PipeFish_2148.jpg,PipeFish_2148.jpg,no camouflaged animal,33,There is no camouflaged animal hidden in the natural background.,sd15_inpainting_no_object,PipeFish,22,/home/woojye2020/decs_jupyter_lab/MedCLIP-SAMv2/data/MAS3K/extracted/MAS3K/img/PipeFish_2148.jpg,/home/woojye2020/decs_jupyter_lab/MedCLIP-SAMv2/data/MAS3K_medclipsam/test_images_sd15_inpainting_v1/generation_metadata.jsonl
/home/woojye2020/decs_jupyter_lab/MedCLIP-SAMv2/data/MAS3K_medclipsam/test_images_sd15_inpainting_v1/PipeFish_2149.jpg,PipeFish_2149.jpg,no camouflaged animal,33,There is no camouflaged animal hidden in the natural background.,sd15_inpainting_no_object,PipeFish,22,/home/woojye2020/decs_jupyter_lab/MedCLIP-SAMv2/data/MAS3K/extracted/MAS3K/img/PipeFish_2149.jpg,/home/woojye2020/decs_jupyter_lab/MedCLIP-SAMv2/data/MAS3K_medclipsam/test_images_sd15_inpainting_v1/generation_metadata.jsonl
/home/woojye2020/decs_jupyter_lab/MedCLIP-SAMv2/data/MAS3K_medclipsam/test_images_sd15_inpainting_v1/PipeFish_2150.jpg,PipeFish_2150.jpg,no camouflaged animal,33,There is no camouflaged animal hidden in the natural background.,sd15_inpainting_no_object,PipeFish,22,/home/woojye2020/decs_jupyter_lab/MedCLIP-SAMv2/data/MAS3K/extracted/MAS3K/img/PipeFish_2150.jpg,/home/woojye2020/decs_jupyter_lab/MedCLIP-SAMv2/data/MAS3K_medclipsam/test_images_sd15_inpainting_v1/generation_metadata.jsonl
/home/woojye2020/decs_jupyter_lab/MedCLIP-SAMv2/data/MAS3K_medclipsam/test_images_sd15_inpainting_v1/PipeFish_2151.jpg,PipeFish_2151.jpg,no camouflaged animal,33,There is no camouflaged animal hidden in the natural background.,sd15_inpainting_no_object,PipeFish,22,/home/woojye2020/decs_jupyter_lab/MedCLIP-SAMv2/data/MAS3K/extracted/MAS3K/img/PipeFish_2151.jpg,/home/woojye2020/decs_jupyter_lab/MedCLIP-SAMv2/data/MAS3K_medclipsam/test_images_sd15_inpainting_v1/generation_metadata.jsonl
/home/woojye2020/decs_jupyter_lab/MedCLIP-SAMv2/data/MAS3K_medclipsam/test_images_sd15_inpainting_v1/PipeFish_2152.jpg,PipeFish_2152.jpg,no camouflaged animal,33,There is no camouflaged animal hidden in the natural background.,sd15_inpainting_no_object,PipeFish,22,/home/woojye2020/decs_jupyter_lab/MedCLIP-SAMv2/data/MAS3K/extracted/MAS3K/img/PipeFish_2152.jpg,/home/woojye2020/decs_jupyter_lab/MedCLIP-SAMv2/data/MAS3K_medclipsam/test_images_sd15_inpainting_v1/generation_metadata.jsonl
/home/woojye2020/decs_jupyter_lab/MedCLIP-SAMv2/data/MAS3K_medclipsam/test_images_sd15_inpainting_v1/PipeFish_2153.jpg,PipeFish_2153.jpg,no camouflaged animal,33,There is no camouflaged animal hidden in the natural background.,sd15_inpainting_no_object,PipeFish,22,/home/woojye2020/decs_jupyter_lab/MedCLIP-SAMv2/data/MAS3K/extracted/MAS3K/img/PipeFish_2153.jpg,/home/woojye2020/decs_jupyter_lab/MedCLIP-SAMv2/data/MAS3K_medclipsam/test_images_sd15_inpainting_v1/generation_metadata.jsonl
/home/woojye2020/decs_jupyter_lab/MedCLIP-SAMv2/data/MAS3K_medclipsam/test_images_sd15_inpainting_v1/PipeFish_2165.jpg,PipeFish_2165.jpg,no camouflaged animal,33,There is no camouflaged animal hidden in the natural background.,sd15_inpainting_no_object,PipeFish,22,/home/woojye2020/decs_jupyter_lab/MedCLIP-SAMv2/data/MAS3K/extracted/MAS3K/img/PipeFish_2165.jpg,/home/woojye2020/decs_jupyter_lab/MedCLIP-SAMv2/data/MAS3K_medclipsam/test_images_sd15_inpainting_v1/generation_metadata.jsonl
/home/woojye2020/decs_jupyter_lab/MedCLIP-SAMv2/data/MAS3K_medclipsam/test_images_sd15_inpainting_v1/PipeFish_2166.jpg,PipeFish_2166.jpg,no camouflaged animal,33,There is no camouflaged animal hidden in the natural background.,sd15_inpainting_no_object,PipeFish,22,/home/woojye2020/decs_jupyter_lab/MedCLIP-SAMv2/data/MAS3K/extracted/MAS3K/img/PipeFish_2166.jpg,/home/woojye2020/decs_jupyter_lab/MedCLIP-SAMv2/data/MAS3K_medclipsam/test_images_sd15_inpainting_v1/generation_metadata.jsonl
/home/woojye2020/decs_jupyter_lab/MedCLIP-SAMv2/data/MAS3K_medclipsam/test_images_sd15_inpainting_v1/PipeFish_2174.jpg,PipeFish_2174.jpg,no camouflaged animal,33,There is no camouflaged animal hidden in the natural background.,sd15_inpainting_no_object,PipeFish,22,/home/woojye2020/decs_jupyter_lab/MedCLIP-SAMv2/data/MAS3K/extracted/MAS3K/img/PipeFish_2174.jpg,/home/woojye2020/decs_jupyter_lab/MedCLIP-SAMv2/data/MAS3K_medclipsam/test_images_sd15_inpainting_v1/generation_metadata.jsonl
/home/woojye2020/decs_jupyter_lab/MedCLIP-SAMv2/data/MAS3K_medclipsam/test_images_sd15_inpainting_v1/PipeFish_2178.jpg,PipeFish_2178.jpg,no camouflaged animal,33,There is no camouflaged animal hidden in the natural background.,sd15_inpainting_no_object,PipeFish,22,/home/woojye2020/decs_jupyter_lab/MedCLIP-SAMv2/data/MAS3K/extracted/MAS3K/img/PipeFish_2178.jpg,/home/woojye2020/decs_jupyter_lab/MedCLIP-SAMv2/data/MAS3K_medclipsam/test_images_sd15_inpainting_v1/generation_metadata.jsonl
/home/woojye2020/decs_jupyter_lab/MedCLIP-SAMv2/data/MAS3K_medclipsam/test_images_sd15_inpainting_v1/PipeFish_2183.jpg,PipeFish_2183.jpg,no camouflaged animal,33,There is no camouflaged animal hidden in the natural background.,sd15_inpainting_no_object,PipeFish,22,/home/woojye2020/decs_jupyter_lab/MedCLIP-SAMv2/data/MAS3K/extracted/MAS3K/img/PipeFish_2183.jpg,/home/woojye2020/decs_jupyter_lab/MedCLIP-SAMv2/data/MAS3K_medclipsam/test_images_sd15_inpainting_v1/generation_metadata.jsonl
/home/woojye2020/decs_jupyter_lab/MedCLIP-SAMv2/data/MAS3K_medclipsam/test_images_sd15_inpainting_v1/PipeFish_2188.jpg,PipeFish_2188.jpg,no camouflaged animal,33,There is no camouflaged animal hidden in the natural background.,sd15_inpainting_no_object,PipeFish,22,/home/woojye2020/decs_jupyter_lab/MedCLIP-SAMv2/data/MAS3K/extracted/MAS3K/img/PipeFish_2188.jpg,/home/woojye2020/decs_jupyter_lab/MedCLIP-SAMv2/data/MAS3K_medclipsam/test_images_sd15_inpainting_v1/generation_metadata.jsonl
/home/woojye2020/decs_jupyter_lab/MedCLIP-SAMv2/data/MAS3K_medclipsam/test_images_sd15_inpainting_v1/PipeFish_2192.jpg,PipeFish_2192.jpg,no camouflaged animal,33,There is no camouflaged animal hidden in the natural background.,sd15_inpainting_no_object,PipeFish,22,/home/woojye2020/decs_jupyter_lab/MedCLIP-SAMv2/data/MAS3K/extracted/MAS3K/img/PipeFish_2192.jpg,/home/woojye2020/decs_jupyter_lab/MedCLIP-SAMv2/data/MAS3K_medclipsam/test_images_sd15_inpainting_v1/generation_metadata.jsonl
/home/woojye2020/decs_jupyter_lab/MedCLIP-SAMv2/data/MAS3K_medclipsam/test_images_sd15_inpainting_v1/PipeFish_2199.jpg,PipeFish_2199.jpg,no camouflaged animal,33,There is no camouflaged animal hidden in the natural background.,sd15_inpainting_no_object,PipeFish,22,/home/woojye2020/decs_jupyter_lab/MedCLIP-SAMv2/data/MAS3K/extracted/MAS3K/img/PipeFish_2199.jpg,/home/woojye2020/decs_jupyter_lab/MedCLIP-SAMv2/data/MAS3K_medclipsam/test_images_sd15_inpainting_v1/generation_metadata.jsonl
/home/woojye2020/decs_jupyter_lab/MedCLIP-SAMv2/data/MAS3K_medclipsam/test_images_sd15_inpainting_v1/PipeFish_2202.jpg,PipeFish_2202.jpg,no camouflaged animal,33,There is no camouflaged animal hidden in the natural background.,sd15_inpainting_no_object,PipeFish,22,/home/woojye2020/decs_jupyter_lab/MedCLIP-SAMv2/data/MAS3K/extracted/MAS3K/img/PipeFish_2202.jpg,/home/woojye2020/decs_jupyter_lab/MedCLIP-SAMv2/data/MAS3K_medclipsam/test_images_sd15_inpainting_v1/generation_metadata.jsonl
/home/woojye2020/decs_jupyter_lab/MedCLIP-SAMv2/data/MAS3K_medclipsam/test_images_sd15_inpainting_v1/PipeFish_2212.jpg,PipeFish_2212.jpg,no camouflaged animal,33,There is no camouflaged animal hidden in the natural background.,sd15_inpainting_no_object,PipeFish,22,/home/woojye2020/decs_jupyter_lab/MedCLIP-SAMv2/data/MAS3K/extracted/MAS3K/img/PipeFish_2212.jpg,/home/woojye2020/decs_jupyter_lab/MedCLIP-SAMv2/data/MAS3K_medclipsam/test_images_sd15_inpainting_v1/generation_metadata.jsonl
/home/woojye2020/decs_jupyter_lab/MedCLIP-SAMv2/data/MAS3K_medclipsam/test_images_sd15_inpainting_v1/PipeFish_2218.jpg,PipeFish_2218.jpg,no camouflaged animal,33,There is no camouflaged animal hidden in the natural background.,sd15_inpainting_no_object,PipeFish,22,/home/woojye2020/decs_jupyter_lab/MedCLIP-SAMv2/data/MAS3K/extracted/MAS3K/img/PipeFish_2218.jpg,/home/woojye2020/decs_jupyter_lab/MedCLIP-SAMv2/data/MAS3K_medclipsam/test_images_sd15_inpainting_v1/generation_metadata.jsonl
/home/woojye2020/decs_jupyter_lab/MedCLIP-SAMv2/data/MAS3K_medclipsam/test_images_sd15_inpainting_v1/PipeFish_2219.jpg,PipeFish_2219.jpg,no camouflaged animal,33,There is no camouflaged animal hidden in the natural background.,sd15_inpainting_no_object,PipeFish,22,/home/woojye2020/decs_jupyter_lab/MedCLIP-SAMv2/data/MAS3K/extracted/MAS3K/img/PipeFish_2219.jpg,/home/woojye2020/decs_jupyter_lab/MedCLIP-SAMv2/data/MAS3K_medclipsam/test_images_sd15_inpainting_v1/generation_metadata.jsonl
/home/woojye2020/decs_jupyter_lab/MedCLIP-SAMv2/data/MAS3K_medclipsam/test_images_sd15_inpainting_v1/PipeFish_2220.jpg,PipeFish_2220.jpg,no camouflaged animal,33,There is no camouflaged animal hidden in the natural background.,sd15_inpainting_no_object,PipeFish,22,/home/woojye2020/decs_jupyter_lab/MedCLIP-SAMv2/data/MAS3K/extracted/MAS3K/img/PipeFish_2220.jpg,/home/woojye2020/decs_jupyter_lab/MedCLIP-SAMv2/data/MAS3K_medclipsam/test_images_sd15_inpainting_v1/generation_metadata.jsonl
/home/woojye2020/decs_jupyter_lab/MedCLIP-SAMv2/data/MAS3K_medclipsam/test_images_sd15_inpainting_v1/PipeFish_2224.jpg,PipeFish_2224.jpg,no camouflaged animal,33,There is no camouflaged animal hidden in the natural background.,sd15_inpainting_no_object,PipeFish,22,/home/woojye2020/decs_jupyter_lab/MedCLIP-SAMv2/data/MAS3K/extracted/MAS3K/img/PipeFish_2224.jpg,/home/woojye2020/decs_jupyter_lab/MedCLIP-SAMv2/data/MAS3K_medclipsam/test_images_sd15_inpainting_v1/generation_metadata.jsonl
/home/woojye2020/decs_jupyter_lab/MedCLIP-SAMv2/data/MAS3K_medclipsam/test_images_sd15_inpainting_v1/PipeFish_2234.jpg,PipeFish_2234.jpg,no camouflaged animal,33,There is no camouflaged animal hidden in the natural background.,sd15_inpainting_no_object,PipeFish,22,/home/woojye2020/decs_jupyter_lab/MedCLIP-SAMv2/data/MAS3K/extracted/MAS3K/img/PipeFish_2234.jpg,/home/woojye2020/decs_jupyter_lab/MedCLIP-SAMv2/data/MAS3K_medclipsam/test_images_sd15_inpainting_v1/generation_metadata.jsonl
/home/woojye2020/decs_jupyter_lab/MedCLIP-SAMv2/data/MAS3K_medclipsam/test_images_sd15_inpainting_v1/PipeFish_2239.jpg,PipeFish_2239.jpg,no camouflaged animal,33,There is no camouflaged animal hidden in the natural background.,sd15_inpainting_no_object,PipeFish,22,/home/woojye2020/decs_jupyter_lab/MedCLIP-SAMv2/data/MAS3K/extracted/MAS3K/img/PipeFish_2239.jpg,/home/woojye2020/decs_jupyter_lab/MedCLIP-SAMv2/data/MAS3K_medclipsam/test_images_sd15_inpainting_v1/generation_metadata.jsonl
/home/woojye2020/decs_jupyter_lab/MedCLIP-SAMv2/data/MAS3K_medclipsam/test_images_sd15_inpainting_v1/PipeFish_2240.jpg,PipeFish_2240.jpg,no camouflaged animal,33,There is no camouflaged animal hidden in the natural background.,sd15_inpainting_no_object,PipeFish,22,/home/woojye2020/decs_jupyter_lab/MedCLIP-SAMv2/data/MAS3K/extracted/MAS3K/img/PipeFish_2240.jpg,/home/woojye2020/decs_jupyter_lab/MedCLIP-SAMv2/data/MAS3K_medclipsam/test_images_sd15_inpainting_v1/generation_metadata.jsonl
/home/woojye2020/decs_jupyter_lab/MedCLIP-SAMv2/data/MAS3K_medclipsam/test_images_sd15_inpainting_v1/PipeFish_2253.jpg,PipeFish_2253.jpg,no camouflaged animal,33,There is no camouflaged animal hidden in the natural background.,sd15_inpainting_no_object,PipeFish,22,/home/woojye2020/decs_jupyter_lab/MedCLIP-SAMv2/data/MAS3K/extracted/MAS3K/img/PipeFish_2253.jpg,/home/woojye2020/decs_jupyter_lab/MedCLIP-SAMv2/data/MAS3K_medclipsam/test_images_sd15_inpainting_v1/generation_metadata.jsonl
/home/woojye2020/decs_jupyter_lab/MedCLIP-SAMv2/data/MAS3K_medclipsam/test_images_sd15_inpainting_v1/PipeFish_2255.jpg,PipeFish_2255.jpg,no camouflaged animal,33,There is no camouflaged animal hidden in the natural background.,sd15_inpainting_no_object,PipeFish,22,/home/woojye2020/decs_jupyter_lab/MedCLIP-SAMv2/data/MAS3K/extracted/MAS3K/img/PipeFish_2255.jpg,/home/woojye2020/decs_jupyter_lab/MedCLIP-SAMv2/data/MAS3K_medclipsam/test_images_sd15_inpainting_v1/generation_metadata.jsonl
/home/woojye2020/decs_jupyter_lab/MedCLIP-SAMv2/data/MAS3K_medclipsam/test_images_sd15_inpainting_v1/PipeFish_2272.jpg,PipeFish_2272.jpg,no camouflaged animal,33,There is no camouflaged animal hidden in the natural background.,sd15_inpainting_no_object,PipeFish,22,/home/woojye2020/decs_jupyter_lab/MedCLIP-SAMv2/data/MAS3K/extracted/MAS3K/img/PipeFish_2272.jpg,/home/woojye2020/decs_jupyter_lab/MedCLIP-SAMv2/data/MAS3K_medclipsam/test_images_sd15_inpainting_v1/generation_metadata.jsonl
/home/woojye2020/decs_jupyter_lab/MedCLIP-SAMv2/data/MAS3K_medclipsam/test_images_sd15_inpainting_v1/PipeFish_2283.jpg,PipeFish_2283.jpg,no camouflaged animal,33,There is no camouflaged animal hidden in the natural background.,sd15_inpainting_no_object,PipeFish,22,/home/woojye2020/decs_jupyter_lab/MedCLIP-SAMv2/data/MAS3K/extracted/MAS3K/img/PipeFish_2283.jpg,/home/woojye2020/decs_jupyter_lab/MedCLIP-SAMv2/data/MAS3K_medclipsam/test_images_sd15_inpainting_v1/generation_metadata.jsonl
/home/woojye2020/decs_jupyter_lab/MedCLIP-SAMv2/data/MAS3K_medclipsam/test_images_sd15_inpainting_v1/PipeFish_2288.jpg,PipeFish_2288.jpg,no camouflaged animal,33,There is no camouflaged animal hidden in the natural background.,sd15_inpainting_no_object,PipeFish,22,/home/woojye2020/decs_jupyter_lab/MedCLIP-SAMv2/data/MAS3K/extracted/MAS3K/img/PipeFish_2288.jpg,/home/woojye2020/decs_jupyter_lab/MedCLIP-SAMv2/data/MAS3K_medclipsam/test_images_sd15_inpainting_v1/generation_metadata.jsonl
/home/woojye2020/decs_jupyter_lab/MedCLIP-SAMv2/data/MAS3K_medclipsam/test_images_sd15_inpainting_v1/PipeFish_2294.jpg,PipeFish_2294.jpg,no camouflaged animal,33,There is no camouflaged animal hidden in the natural background.,sd15_inpainting_no_object,PipeFish,22,/home/woojye2020/decs_jupyter_lab/MedCLIP-SAMv2/data/MAS3K/extracted/MAS3K/img/PipeFish_2294.jpg,/home/woojye2020/decs_jupyter_lab/MedCLIP-SAMv2/data/MAS3K_medclipsam/test_images_sd15_inpainting_v1/generation_metadata.jsonl
/home/woojye2020/decs_jupyter_lab/MedCLIP-SAMv2/data/MAS3K_medclipsam/test_images_sd15_inpainting_v1/PipeFish_2298.jpg,PipeFish_2298.jpg,no camouflaged animal,33,There is no camouflaged animal hidden in the natural background.,sd15_inpainting_no_object,PipeFish,22,/home/woojye2020/decs_jupyter_lab/MedCLIP-SAMv2/data/MAS3K/extracted/MAS3K/img/PipeFish_2298.jpg,/home/woojye2020/decs_jupyter_lab/MedCLIP-SAMv2/data/MAS3K_medclipsam/test_images_sd15_inpainting_v1/generation_metadata.jsonl
/home/woojye2020/decs_jupyter_lab/MedCLIP-SAMv2/data/MAS3K_medclipsam/test_images_sd15_inpainting_v1/PipeFish_2299.jpg,PipeFish_2299.jpg,no camouflaged animal,33,There is no camouflaged animal hidden in the natural background.,sd15_inpainting_no_object,PipeFish,22,/home/woojye2020/decs_jupyter_lab/MedCLIP-SAMv2/data/MAS3K/extracted/MAS3K/img/PipeFish_2299.jpg,/home/woojye2020/decs_jupyter_lab/MedCLIP-SAMv2/data/MAS3K_medclipsam/test_images_sd15_inpainting_v1/generation_metadata.jsonl
/home/woojye2020/decs_jupyter_lab/MedCLIP-SAMv2/data/MAS3K_medclipsam/test_images_sd15_inpainting_v1/PipeFish_2300.jpg,PipeFish_2300.jpg,no camouflaged animal,33,There is no camouflaged animal hidden in the natural background.,sd15_inpainting_no_object,PipeFish,22,/home/woojye2020/decs_jupyter_lab/MedCLIP-SAMv2/data/MAS3K/extracted/MAS3K/img/PipeFish_2300.jpg,/home/woojye2020/decs_jupyter_lab/MedCLIP-SAMv2/data/MAS3K_medclipsam/test_images_sd15_inpainting_v1/generation_metadata.jsonl
/home/woojye2020/decs_jupyter_lab/MedCLIP-SAMv2/data/MAS3K_medclipsam/test_images_sd15_inpainting_v1/PipeFish_2301.jpg,PipeFish_2301.jpg,no camouflaged animal,33,There is no camouflaged animal hidden in the natural background.,sd15_inpainting_no_object,PipeFish,22,/home/woojye2020/decs_jupyter_lab/MedCLIP-SAMv2/data/MAS3K/extracted/MAS3K/img/PipeFish_2301.jpg,/home/woojye2020/decs_jupyter_lab/MedCLIP-SAMv2/data/MAS3K_medclipsam/test_images_sd15_inpainting_v1/generation_metadata.jsonl
/home/woojye2020/decs_jupyter_lab/MedCLIP-SAMv2/data/MAS3K_medclipsam/test_images_sd15_inpainting_v1/PipeFish_2302.jpg,PipeFish_2302.jpg,no camouflaged animal,33,There is no camouflaged animal hidden in the natural background.,sd15_inpainting_no_object,PipeFish,22,/home/woojye2020/decs_jupyter_lab/MedCLIP-SAMv2/data/MAS3K/extracted/MAS3K/img/PipeFish_2302.jpg,/home/woojye2020/decs_jupyter_lab/MedCLIP-SAMv2/data/MAS3K_medclipsam/test_images_sd15_inpainting_v1/generation_metadata.jsonl
/home/woojye2020/decs_jupyter_lab/MedCLIP-SAMv2/data/MAS3K_medclipsam/test_images_sd15_inpainting_v1/PipeFish_2304.jpg,PipeFish_2304.jpg,no camouflaged animal,33,There is no camouflaged animal hidden in the natural background.,sd15_inpainting_no_object,PipeFish,22,/home/woojye2020/decs_jupyter_lab/MedCLIP-SAMv2/data/MAS3K/extracted/MAS3K/img/PipeFish_2304.jpg,/home/woojye2020/decs_jupyter_lab/MedCLIP-SAMv2/data/MAS3K_medclipsam/test_images_sd15_inpainting_v1/generation_metadata.jsonl
/home/woojye2020/decs_jupyter_lab/MedCLIP-SAMv2/data/MAS3K_medclipsam/test_images_sd15_inpainting_v1/PipeFish_2320.jpg,PipeFish_2320.jpg,no camouflaged animal,33,There is no camouflaged animal hidden in the natural background.,sd15_inpainting_no_object,PipeFish,22,/home/woojye2020/decs_jupyter_lab/MedCLIP-SAMv2/data/MAS3K/extracted/MAS3K/img/PipeFish_2320.jpg,/home/woojye2020/decs_jupyter_lab/MedCLIP-SAMv2/data/MAS3K_medclipsam/test_images_sd15_inpainting_v1/generation_metadata.jsonl
/home/woojye2020/decs_jupyter_lab/MedCLIP-SAMv2/data/MAS3K_medclipsam/test_images_sd15_inpainting_v1/PipeFish_2323.jpg,PipeFish_2323.jpg,no camouflaged animal,33,There is no camouflaged animal hidden in the natural background.,sd15_inpainting_no_object,PipeFish,22,/home/woojye2020/decs_jupyter_lab/MedCLIP-SAMv2/data/MAS3K/extracted/MAS3K/img/PipeFish_2323.jpg,/home/woojye2020/decs_jupyter_lab/MedCLIP-SAMv2/data/MAS3K_medclipsam/test_images_sd15_inpainting_v1/generation_metadata.jsonl
/home/woojye2020/decs_jupyter_lab/MedCLIP-SAMv2/data/MAS3K_medclipsam/test_images_sd15_inpainting_v1/PipeFish_2331.jpg,PipeFish_2331.jpg,no camouflaged animal,33,There is no camouflaged animal hidden in the natural background.,sd15_inpainting_no_object,PipeFish,22,/home/woojye2020/decs_jupyter_lab/MedCLIP-SAMv2/data/MAS3K/extracted/MAS3K/img/PipeFish_2331.jpg,/home/woojye2020/decs_jupyter_lab/MedCLIP-SAMv2/data/MAS3K_medclipsam/test_images_sd15_inpainting_v1/generation_metadata.jsonl
/home/woojye2020/decs_jupyter_lab/MedCLIP-SAMv2/data/MAS3K_medclipsam/test_images_sd15_inpainting_v1/PipeFish_2340.jpg,PipeFish_2340.jpg,no camouflaged animal,33,There is no camouflaged animal hidden in the natural background.,sd15_inpainting_no_object,PipeFish,22,/home/woojye2020/decs_jupyter_lab/MedCLIP-SAMv2/data/MAS3K/extracted/MAS3K/img/PipeFish_2340.jpg,/home/woojye2020/decs_jupyter_lab/MedCLIP-SAMv2/data/MAS3K_medclipsam/test_images_sd15_inpainting_v1/generation_metadata.jsonl
/home/woojye2020/decs_jupyter_lab/MedCLIP-SAMv2/data/MAS3K_medclipsam/test_images_sd15_inpainting_v1/PipeFish_2349.jpg,PipeFish_2349.jpg,no camouflaged animal,33,There is no camouflaged animal hidden in the natural background.,sd15_inpainting_no_object,PipeFish,22,/home/woojye2020/decs_jupyter_lab/MedCLIP-SAMv2/data/MAS3K/extracted/MAS3K/img/PipeFish_2349.jpg,/home/woojye2020/decs_jupyter_lab/MedCLIP-SAMv2/data/MAS3K_medclipsam/test_images_sd15_inpainting_v1/generation_metadata.jsonl
/home/woojye2020/decs_jupyter_lab/MedCLIP-SAMv2/data/MAS3K_medclipsam/test_images_sd15_inpainting_v1/PipeFish_2360.jpg,PipeFish_2360.jpg,no camouflaged animal,33,There is no camouflaged animal hidden in the natural background.,sd15_inpainting_no_object,PipeFish,22,/home/woojye2020/decs_jupyter_lab/MedCLIP-SAMv2/data/MAS3K/extracted/MAS3K/img/PipeFish_2360.jpg,/home/woojye2020/decs_jupyter_lab/MedCLIP-SAMv2/data/MAS3K_medclipsam/test_images_sd15_inpainting_v1/generation_metadata.jsonl
/home/woojye2020/decs_jupyter_lab/MedCLIP-SAMv2/data/MAS3K_medclipsam/test_images_sd15_inpainting_v1/PipeFish_2364.jpg,PipeFish_2364.jpg,no camouflaged animal,33,There is no camouflaged animal hidden in the natural background.,sd15_inpainting_no_object,PipeFish,22,/home/woojye2020/decs_jupyter_lab/MedCLIP-SAMv2/data/MAS3K/extracted/MAS3K/img/PipeFish_2364.jpg,/home/woojye2020/decs_jupyter_lab/MedCLIP-SAMv2/data/MAS3K_medclipsam/test_images_sd15_inpainting_v1/generation_metadata.jsonl
/home/woojye2020/decs_jupyter_lab/MedCLIP-SAMv2/data/MAS3K_medclipsam/test_images_sd15_inpainting_v1/PipeFish_2367.jpg,PipeFish_2367.jpg,no camouflaged animal,33,There is no camouflaged animal hidden in the natural background.,sd15_inpainting_no_object,PipeFish,22,/home/woojye2020/decs_jupyter_lab/MedCLIP-SAMv2/data/MAS3K/extracted/MAS3K/img/PipeFish_2367.jpg,/home/woojye2020/decs_jupyter_lab/MedCLIP-SAMv2/data/MAS3K_medclipsam/test_images_sd15_inpainting_v1/generation_metadata.jsonl
/home/woojye2020/decs_jupyter_lab/MedCLIP-SAMv2/data/MAS3K_medclipsam/test_images_sd15_inpainting_v1/PipeFish_2369.jpg,PipeFish_2369.jpg,no camouflaged animal,33,There is no camouflaged animal hidden in the natural background.,sd15_inpainting_no_object,PipeFish,22,/home/woojye2020/decs_jupyter_lab/MedCLIP-SAMv2/data/MAS3K/extracted/MAS3K/img/PipeFish_2369.jpg,/home/woojye2020/decs_jupyter_lab/MedCLIP-SAMv2/data/MAS3K_medclipsam/test_images_sd15_inpainting_v1/generation_metadata.jsonl
/home/woojye2020/decs_jupyter_lab/MedCLIP-SAMv2/data/MAS3K_medclipsam/test_images_sd15_inpainting_v1/PipeFish_2371.jpg,PipeFish_2371.jpg,no camouflaged animal,33,There is no camouflaged animal hidden in the natural background.,sd15_inpainting_no_object,PipeFish,22,/home/woojye2020/decs_jupyter_lab/MedCLIP-SAMv2/data/MAS3K/extracted/MAS3K/img/PipeFish_2371.jpg,/home/woojye2020/decs_jupyter_lab/MedCLIP-SAMv2/data/MAS3K_medclipsam/test_images_sd15_inpainting_v1/generation_metadata.jsonl
/home/woojye2020/decs_jupyter_lab/MedCLIP-SAMv2/data/MAS3K_medclipsam/test_images_sd15_inpainting_v1/PipeFish_2372.jpg,PipeFish_2372.jpg,no camouflaged animal,33,There is no camouflaged animal hidden in the natural background.,sd15_inpainting_no_object,PipeFish,22,/home/woojye2020/decs_jupyter_lab/MedCLIP-SAMv2/data/MAS3K/extracted/MAS3K/img/PipeFish_2372.jpg,/home/woojye2020/decs_jupyter_lab/MedCLIP-SAMv2/data/MAS3K_medclipsam/test_images_sd15_inpainting_v1/generation_metadata.jsonl
/home/woojye2020/decs_jupyter_lab/MedCLIP-SAMv2/data/MAS3K_medclipsam/test_images_sd15_inpainting_v1/PipeFish_2378.jpg,PipeFish_2378.jpg,no camouflaged animal,33,There is no camouflaged animal hidden in the natural background.,sd15_inpainting_no_object,PipeFish,22,/home/woojye2020/decs_jupyter_lab/MedCLIP-SAMv2/data/MAS3K/extracted/MAS3K/img/PipeFish_2378.jpg,/home/woojye2020/decs_jupyter_lab/MedCLIP-SAMv2/data/MAS3K_medclipsam/test_images_sd15_inpainting_v1/generation_metadata.jsonl
/home/woojye2020/decs_jupyter_lab/MedCLIP-SAMv2/data/MAS3K_medclipsam/test_images_sd15_inpainting_v1/PipeFish_2386.jpg,PipeFish_2386.jpg,no camouflaged animal,33,There is no camouflaged animal hidden in the natural background.,sd15_inpainting_no_object,PipeFish,22,/home/woojye2020/decs_jupyter_lab/MedCLIP-SAMv2/data/MAS3K/extracted/MAS3K/img/PipeFish_2386.jpg,/home/woojye2020/decs_jupyter_lab/MedCLIP-SAMv2/data/MAS3K_medclipsam/test_images_sd15_inpainting_v1/generation_metadata.jsonl
/home/woojye2020/decs_jupyter_lab/MedCLIP-SAMv2/data/MAS3K_medclipsam/test_images_sd15_inpainting_v1/PipeFish_2387.jpg,PipeFish_2387.jpg,no camouflaged animal,33,There is no camouflaged animal hidden in the natural background.,sd15_inpainting_no_object,PipeFish,22,/home/woojye2020/decs_jupyter_lab/MedCLIP-SAMv2/data/MAS3K/extracted/MAS3K/img/PipeFish_2387.jpg,/home/woojye2020/decs_jupyter_lab/MedCLIP-SAMv2/data/MAS3K_medclipsam/test_images_sd15_inpainting_v1/generation_metadata.jsonl
/home/woojye2020/decs_jupyter_lab/MedCLIP-SAMv2/data/MAS3K_medclipsam/test_images_sd15_inpainting_v1/PipeFish_2393.jpg,PipeFish_2393.jpg,no camouflaged animal,33,There is no camouflaged animal hidden in the natural background.,sd15_inpainting_no_object,PipeFish,22,/home/woojye2020/decs_jupyter_lab/MedCLIP-SAMv2/data/MAS3K/extracted/MAS3K/img/PipeFish_2393.jpg,/home/woojye2020/decs_jupyter_lab/MedCLIP-SAMv2/data/MAS3K_medclipsam/test_images_sd15_inpainting_v1/generation_metadata.jsonl
/home/woojye2020/decs_jupyter_lab/MedCLIP-SAMv2/data/MAS3K_medclipsam/test_images_sd15_inpainting_v1/PipeFish_2397.jpg,PipeFish_2397.jpg,no camouflaged animal,33,There is no camouflaged animal hidden in the natural background.,sd15_inpainting_no_object,PipeFish,22,/home/woojye2020/decs_jupyter_lab/MedCLIP-SAMv2/data/MAS3K/extracted/MAS3K/img/PipeFish_2397.jpg,/home/woojye2020/decs_jupyter_lab/MedCLIP-SAMv2/data/MAS3K_medclipsam/test_images_sd15_inpainting_v1/generation_metadata.jsonl
/home/woojye2020/decs_jupyter_lab/MedCLIP-SAMv2/data/MAS3K_medclipsam/test_images_sd15_inpainting_v1/PipeFish_2403.jpg,PipeFish_2403.jpg,no camouflaged animal,33,There is no camouflaged animal hidden in the natural background.,sd15_inpainting_no_object,PipeFish,22,/home/woojye2020/decs_jupyter_lab/MedCLIP-SAMv2/data/MAS3K/extracted/MAS3K/img/PipeFish_2403.jpg,/home/woojye2020/decs_jupyter_lab/MedCLIP-SAMv2/data/MAS3K_medclipsam/test_images_sd15_inpainting_v1/generation_metadata.jsonl
/home/woojye2020/decs_jupyter_lab/MedCLIP-SAMv2/data/MAS3K_medclipsam/test_images_sd15_inpainting_v1/PipeFish_2405.jpg,PipeFish_2405.jpg,no camouflaged animal,33,There is no camouflaged animal hidden in the natural background.,sd15_inpainting_no_object,PipeFish,22,/home/woojye2020/decs_jupyter_lab/MedCLIP-SAMv2/data/MAS3K/extracted/MAS3K/img/PipeFish_2405.jpg,/home/woojye2020/decs_jupyter_lab/MedCLIP-SAMv2/data/MAS3K_medclipsam/test_images_sd15_inpainting_v1/generation_metadata.jsonl
/home/woojye2020/decs_jupyter_lab/MedCLIP-SAMv2/data/MAS3K_medclipsam/test_images_sd15_inpainting_v1/PipeFish_2409.jpg,PipeFish_2409.jpg,no camouflaged animal,33,There is no camouflaged animal hidden in the natural background.,sd15_inpainting_no_object,PipeFish,22,/home/woojye2020/decs_jupyter_lab/MedCLIP-SAMv2/data/MAS3K/extracted/MAS3K/img/PipeFish_2409.jpg,/home/woojye2020/decs_jupyter_lab/MedCLIP-SAMv2/data/MAS3K_medclipsam/test_images_sd15_inpainting_v1/generation_metadata.jsonl
/home/woojye2020/decs_jupyter_lab/MedCLIP-SAMv2/data/MAS3K_medclipsam/test_images_sd15_inpainting_v1/PipeFish_2415.jpg,PipeFish_2415.jpg,no camouflaged animal,33,There is no camouflaged animal hidden in the natural background.,sd15_inpainting_no_object,PipeFish,22,/home/woojye2020/decs_jupyter_lab/MedCLIP-SAMv2/data/MAS3K/extracted/MAS3K/img/PipeFish_2415.jpg,/home/woojye2020/decs_jupyter_lab/MedCLIP-SAMv2/data/MAS3K_medclipsam/test_images_sd15_inpainting_v1/generation_metadata.jsonl
/home/woojye2020/decs_jupyter_lab/MedCLIP-SAMv2/data/MAS3K_medclipsam/test_images_sd15_inpainting_v1/PipeFish_2423.jpg,PipeFish_2423.jpg,no camouflaged animal,33,There is no camouflaged animal hidden in the natural background.,sd15_inpainting_no_object,PipeFish,22,/home/woojye2020/decs_jupyter_lab/MedCLIP-SAMv2/data/MAS3K/extracted/MAS3K/img/PipeFish_2423.jpg,/home/woojye2020/decs_jupyter_lab/MedCLIP-SAMv2/data/MAS3K_medclipsam/test_images_sd15_inpainting_v1/generation_metadata.jsonl
/home/woojye2020/decs_jupyter_lab/MedCLIP-SAMv2/data/MAS3K_medclipsam/test_images_sd15_inpainting_v1/PipeFish_2425.jpg,PipeFish_2425.jpg,no camouflaged animal,33,There is no camouflaged animal hidden in the natural background.,sd15_inpainting_no_object,PipeFish,22,/home/woojye2020/decs_jupyter_lab/MedCLIP-SAMv2/data/MAS3K/extracted/MAS3K/img/PipeFish_2425.jpg,/home/woojye2020/decs_jupyter_lab/MedCLIP-SAMv2/data/MAS3K_medclipsam/test_images_sd15_inpainting_v1/generation_metadata.jsonl
/home/woojye2020/decs_jupyter_lab/MedCLIP-SAMv2/data/MAS3K_medclipsam/test_images_sd15_inpainting_v1/PipeFish_2430.jpg,PipeFish_2430.jpg,no camouflaged animal,33,There is no camouflaged animal hidden in the natural background.,sd15_inpainting_no_object,PipeFish,22,/home/woojye2020/decs_jupyter_lab/MedCLIP-SAMv2/data/MAS3K/extracted/MAS3K/img/PipeFish_2430.jpg,/home/woojye2020/decs_jupyter_lab/MedCLIP-SAMv2/data/MAS3K_medclipsam/test_images_sd15_inpainting_v1/generation_metadata.jsonl
/home/woojye2020/decs_jupyter_lab/MedCLIP-SAMv2/data/MAS3K_medclipsam/test_images_sd15_inpainting_v1/PipeFish_2431.jpg,PipeFish_2431.jpg,no camouflaged animal,33,There is no camouflaged animal hidden in the natural background.,sd15_inpainting_no_object,PipeFish,22,/home/woojye2020/decs_jupyter_lab/MedCLIP-SAMv2/data/MAS3K/extracted/MAS3K/img/PipeFish_2431.jpg,/home/woojye2020/decs_jupyter_lab/MedCLIP-SAMv2/data/MAS3K_medclipsam/test_images_sd15_inpainting_v1/generation_metadata.jsonl
/home/woojye2020/decs_jupyter_lab/MedCLIP-SAMv2/data/MAS3K_medclipsam/test_images_sd15_inpainting_v1/PipeFish_2434.jpg,PipeFish_2434.jpg,no camouflaged animal,33,There is no camouflaged animal hidden in the natural background.,sd15_inpainting_no_object,PipeFish,22,/home/woojye2020/decs_jupyter_lab/MedCLIP-SAMv2/data/MAS3K/extracted/MAS3K/img/PipeFish_2434.jpg,/home/woojye2020/decs_jupyter_lab/MedCLIP-SAMv2/data/MAS3K_medclipsam/test_images_sd15_inpainting_v1/generation_metadata.jsonl
/home/woojye2020/decs_jupyter_lab/MedCLIP-SAMv2/data/MAS3K_medclipsam/test_images_sd15_inpainting_v1/PipeFish_2442.jpg,PipeFish_2442.jpg,no camouflaged animal,33,There is no camouflaged animal hidden in the natural background.,sd15_inpainting_no_object,PipeFish,22,/home/woojye2020/decs_jupyter_lab/MedCLIP-SAMv2/data/MAS3K/extracted/MAS3K/img/PipeFish_2442.jpg,/home/woojye2020/decs_jupyter_lab/MedCLIP-SAMv2/data/MAS3K_medclipsam/test_images_sd15_inpainting_v1/generation_metadata.jsonl
/home/woojye2020/decs_jupyter_lab/MedCLIP-SAMv2/data/MAS3K_medclipsam/test_images_sd15_inpainting_v1/PipeFish_2457.jpg,PipeFish_2457.jpg,no camouflaged animal,33,There is no camouflaged animal hidden in the natural background.,sd15_inpainting_no_object,PipeFish,22,/home/woojye2020/decs_jupyter_lab/MedCLIP-SAMv2/data/MAS3K/extracted/MAS3K/img/PipeFish_2457.jpg,/home/woojye2020/decs_jupyter_lab/MedCLIP-SAMv2/data/MAS3K_medclipsam/test_images_sd15_inpainting_v1/generation_metadata.jsonl
/home/woojye2020/decs_jupyter_lab/MedCLIP-SAMv2/data/MAS3K_medclipsam/test_images_sd15_inpainting_v1/PipeFish_2458.jpg,PipeFish_2458.jpg,no camouflaged animal,33,There is no camouflaged animal hidden in the natural background.,sd15_inpainting_no_object,PipeFish,22,/home/woojye2020/decs_jupyter_lab/MedCLIP-SAMv2/data/MAS3K/extracted/MAS3K/img/PipeFish_2458.jpg,/home/woojye2020/decs_jupyter_lab/MedCLIP-SAMv2/data/MAS3K_medclipsam/test_images_sd15_inpainting_v1/generation_metadata.jsonl
/home/woojye2020/decs_jupyter_lab/MedCLIP-SAMv2/data/MAS3K_medclipsam/test_images_sd15_inpainting_v1/PipeFish_2464.jpg,PipeFish_2464.jpg,no camouflaged animal,33,There is no camouflaged animal hidden in the natural background.,sd15_inpainting_no_object,PipeFish,22,/home/woojye2020/decs_jupyter_lab/MedCLIP-SAMv2/data/MAS3K/extracted/MAS3K/img/PipeFish_2464.jpg,/home/woojye2020/decs_jupyter_lab/MedCLIP-SAMv2/data/MAS3K_medclipsam/test_images_sd15_inpainting_v1/generation_metadata.jsonl
/home/woojye2020/decs_jupyter_lab/MedCLIP-SAMv2/data/MAS3K_medclipsam/test_images_sd15_inpainting_v1/PipeFish_2465.jpg,PipeFish_2465.jpg,no camouflaged animal,33,There is no camouflaged animal hidden in the natural background.,sd15_inpainting_no_object,PipeFish,22,/home/woojye2020/decs_jupyter_lab/MedCLIP-SAMv2/data/MAS3K/extracted/MAS3K/img/PipeFish_2465.jpg,/home/woojye2020/decs_jupyter_lab/MedCLIP-SAMv2/data/MAS3K_medclipsam/test_images_sd15_inpainting_v1/generation_metadata.jsonl
/home/woojye2020/decs_jupyter_lab/MedCLIP-SAMv2/data/MAS3K_medclipsam/test_images_sd15_inpainting_v1/PipeFish_2467.jpg,PipeFish_2467.jpg,no camouflaged animal,33,There is no camouflaged animal hidden in the natural background.,sd15_inpainting_no_object,PipeFish,22,/home/woojye2020/decs_jupyter_lab/MedCLIP-SAMv2/data/MAS3K/extracted/MAS3K/img/PipeFish_2467.jpg,/home/woojye2020/decs_jupyter_lab/MedCLIP-SAMv2/data/MAS3K_medclipsam/test_images_sd15_inpainting_v1/generation_metadata.jsonl
/home/woojye2020/decs_jupyter_lab/MedCLIP-SAMv2/data/MAS3K_medclipsam/test_images_sd15_inpainting_v1/PipeFish_2468.jpg,PipeFish_2468.jpg,no camouflaged animal,33,There is no camouflaged animal hidden in the natural background.,sd15_inpainting_no_object,PipeFish,22,/home/woojye2020/decs_jupyter_lab/MedCLIP-SAMv2/data/MAS3K/extracted/MAS3K/img/PipeFish_2468.jpg,/home/woojye2020/decs_jupyter_lab/MedCLIP-SAMv2/data/MAS3K_medclipsam/test_images_sd15_inpainting_v1/generation_metadata.jsonl
/home/woojye2020/decs_jupyter_lab/MedCLIP-SAMv2/data/MAS3K_medclipsam/test_images_sd15_inpainting_v1/PipeFish_2469.jpg,PipeFish_2469.jpg,no camouflaged animal,33,There is no camouflaged animal hidden in the natural background.,sd15_inpainting_no_object,PipeFish,22,/home/woojye2020/decs_jupyter_lab/MedCLIP-SAMv2/data/MAS3K/extracted/MAS3K/img/PipeFish_2469.jpg,/home/woojye2020/decs_jupyter_lab/MedCLIP-SAMv2/data/MAS3K_medclipsam/test_images_sd15_inpainting_v1/generation_metadata.jsonl
/home/woojye2020/decs_jupyter_lab/MedCLIP-SAMv2/data/MAS3K_medclipsam/test_images_sd15_inpainting_v1/PipeFish_2470.jpg,PipeFish_2470.jpg,no camouflaged animal,33,There is no camouflaged animal hidden in the natural background.,sd15_inpainting_no_object,PipeFish,22,/home/woojye2020/decs_jupyter_lab/MedCLIP-SAMv2/data/MAS3K/extracted/MAS3K/img/PipeFish_2470.jpg,/home/woojye2020/decs_jupyter_lab/MedCLIP-SAMv2/data/MAS3K_medclipsam/test_images_sd15_inpainting_v1/generation_metadata.jsonl
/home/woojye2020/decs_jupyter_lab/MedCLIP-SAMv2/data/MAS3K_medclipsam/test_images_sd15_inpainting_v1/PipeFish_2471.jpg,PipeFish_2471.jpg,no camouflaged animal,33,There is no camouflaged animal hidden in the natural background.,sd15_inpainting_no_object,PipeFish,22,/home/woojye2020/decs_jupyter_lab/MedCLIP-SAMv2/data/MAS3K/extracted/MAS3K/img/PipeFish_2471.jpg,/home/woojye2020/decs_jupyter_lab/MedCLIP-SAMv2/data/MAS3K_medclipsam/test_images_sd15_inpainting_v1/generation_metadata.jsonl
/home/woojye2020/decs_jupyter_lab/MedCLIP-SAMv2/data/MAS3K_medclipsam/test_images_sd15_inpainting_v1/Piranha_2909.jpg,Piranha_2909.jpg,no camouflaged animal,33,There is no camouflaged animal hidden in the natural background.,sd15_inpainting_no_object,Piranha,23,/home/woojye2020/decs_jupyter_lab/MedCLIP-SAMv2/data/MAS3K/extracted/MAS3K/img/Piranha_2909.jpg,/home/woojye2020/decs_jupyter_lab/MedCLIP-SAMv2/data/MAS3K_medclipsam/test_images_sd15_inpainting_v1/generation_metadata.jsonl
/home/woojye2020/decs_jupyter_lab/MedCLIP-SAMv2/data/MAS3K_medclipsam/test_images_sd15_inpainting_v1/Piranha_2910.jpg,Piranha_2910.jpg,no camouflaged animal,33,There is no camouflaged animal hidden in the natural background.,sd15_inpainting_no_object,Piranha,23,/home/woojye2020/decs_jupyter_lab/MedCLIP-SAMv2/data/MAS3K/extracted/MAS3K/img/Piranha_2910.jpg,/home/woojye2020/decs_jupyter_lab/MedCLIP-SAMv2/data/MAS3K_medclipsam/test_images_sd15_inpainting_v1/generation_metadata.jsonl
/home/woojye2020/decs_jupyter_lab/MedCLIP-SAMv2/data/MAS3K_medclipsam/test_images_sd15_inpainting_v1/RatFish_2900.jpg,RatFish_2900.jpg,no camouflaged animal,33,There is no camouflaged animal hidden in the natural background.,sd15_inpainting_no_object,RatFish,24,/home/woojye2020/decs_jupyter_lab/MedCLIP-SAMv2/data/MAS3K/extracted/MAS3K/img/RatFish_2900.jpg,/home/woojye2020/decs_jupyter_lab/MedCLIP-SAMv2/data/MAS3K_medclipsam/test_images_sd15_inpainting_v1/generation_metadata.jsonl
/home/woojye2020/decs_jupyter_lab/MedCLIP-SAMv2/data/MAS3K_medclipsam/test_images_sd15_inpainting_v1/ScorpionFish_2479.jpg,ScorpionFish_2479.jpg,no camouflaged animal,33,There is no camouflaged animal hidden in the natural background.,sd15_inpainting_no_object,ScorpionFish,25,/home/woojye2020/decs_jupyter_lab/MedCLIP-SAMv2/data/MAS3K/extracted/MAS3K/img/ScorpionFish_2479.jpg,/home/woojye2020/decs_jupyter_lab/MedCLIP-SAMv2/data/MAS3K_medclipsam/test_images_sd15_inpainting_v1/generation_metadata.jsonl
/home/woojye2020/decs_jupyter_lab/MedCLIP-SAMv2/data/MAS3K_medclipsam/test_images_sd15_inpainting_v1/ScorpionFish_2487.jpg,ScorpionFish_2487.jpg,no camouflaged animal,33,There is no camouflaged animal hidden in the natural background.,sd15_inpainting_no_object,ScorpionFish,25,/home/woojye2020/decs_jupyter_lab/MedCLIP-SAMv2/data/MAS3K/extracted/MAS3K/img/ScorpionFish_2487.jpg,/home/woojye2020/decs_jupyter_lab/MedCLIP-SAMv2/data/MAS3K_medclipsam/test_images_sd15_inpainting_v1/generation_metadata.jsonl
/home/woojye2020/decs_jupyter_lab/MedCLIP-SAMv2/data/MAS3K_medclipsam/test_images_sd15_inpainting_v1/ScorpionFish_2494.jpg,ScorpionFish_2494.jpg,no camouflaged animal,33,There is no camouflaged animal hidden in the natural background.,sd15_inpainting_no_object,ScorpionFish,25,/home/woojye2020/decs_jupyter_lab/MedCLIP-SAMv2/data/MAS3K/extracted/MAS3K/img/ScorpionFish_2494.jpg,/home/woojye2020/decs_jupyter_lab/MedCLIP-SAMv2/data/MAS3K_medclipsam/test_images_sd15_inpainting_v1/generation_metadata.jsonl
/home/woojye2020/decs_jupyter_lab/MedCLIP-SAMv2/data/MAS3K_medclipsam/test_images_sd15_inpainting_v1/ScorpionFish_2504.jpg,ScorpionFish_2504.jpg,no camouflaged animal,33,There is no camouflaged animal hidden in the natural background.,sd15_inpainting_no_object,ScorpionFish,25,/home/woojye2020/decs_jupyter_lab/MedCLIP-SAMv2/data/MAS3K/extracted/MAS3K/img/ScorpionFish_2504.jpg,/home/woojye2020/decs_jupyter_lab/MedCLIP-SAMv2/data/MAS3K_medclipsam/test_images_sd15_inpainting_v1/generation_metadata.jsonl
/home/woojye2020/decs_jupyter_lab/MedCLIP-SAMv2/data/MAS3K_medclipsam/test_images_sd15_inpainting_v1/ScorpionFish_2507.jpg,ScorpionFish_2507.jpg,no camouflaged animal,33,There is no camouflaged animal hidden in the natural background.,sd15_inpainting_no_object,ScorpionFish,25,/home/woojye2020/decs_jupyter_lab/MedCLIP-SAMv2/data/MAS3K/extracted/MAS3K/img/ScorpionFish_2507.jpg,/home/woojye2020/decs_jupyter_lab/MedCLIP-SAMv2/data/MAS3K_medclipsam/test_images_sd15_inpainting_v1/generation_metadata.jsonl
/home/woojye2020/decs_jupyter_lab/MedCLIP-SAMv2/data/MAS3K_medclipsam/test_images_sd15_inpainting_v1/ScorpionFish_2513.jpg,ScorpionFish_2513.jpg,no camouflaged animal,33,There is no camouflaged animal hidden in the natural background.,sd15_inpainting_no_object,ScorpionFish,25,/home/woojye2020/decs_jupyter_lab/MedCLIP-SAMv2/data/MAS3K/extracted/MAS3K/img/ScorpionFish_2513.jpg,/home/woojye2020/decs_jupyter_lab/MedCLIP-SAMv2/data/MAS3K_medclipsam/test_images_sd15_inpainting_v1/generation_metadata.jsonl
/home/woojye2020/decs_jupyter_lab/MedCLIP-SAMv2/data/MAS3K_medclipsam/test_images_sd15_inpainting_v1/ScorpionFish_2515.jpg,ScorpionFish_2515.jpg,no camouflaged animal,33,There is no camouflaged animal hidden in the natural background.,sd15_inpainting_no_object,ScorpionFish,25,/home/woojye2020/decs_jupyter_lab/MedCLIP-SAMv2/data/MAS3K/extracted/MAS3K/img/ScorpionFish_2515.jpg,/home/woojye2020/decs_jupyter_lab/MedCLIP-SAMv2/data/MAS3K_medclipsam/test_images_sd15_inpainting_v1/generation_metadata.jsonl
/home/woojye2020/decs_jupyter_lab/MedCLIP-SAMv2/data/MAS3K_medclipsam/test_images_sd15_inpainting_v1/ScorpionFish_2520.jpg,ScorpionFish_2520.jpg,no camouflaged animal,33,There is no camouflaged animal hidden in the natural background.,sd15_inpainting_no_object,ScorpionFish,25,/home/woojye2020/decs_jupyter_lab/MedCLIP-SAMv2/data/MAS3K/extracted/MAS3K/img/ScorpionFish_2520.jpg,/home/woojye2020/decs_jupyter_lab/MedCLIP-SAMv2/data/MAS3K_medclipsam/test_images_sd15_inpainting_v1/generation_metadata.jsonl
/home/woojye2020/decs_jupyter_lab/MedCLIP-SAMv2/data/MAS3K_medclipsam/test_images_sd15_inpainting_v1/ScorpionFish_2522.jpg,ScorpionFish_2522.jpg,no camouflaged animal,33,There is no camouflaged animal hidden in the natural background.,sd15_inpainting_no_object,ScorpionFish,25,/home/woojye2020/decs_jupyter_lab/MedCLIP-SAMv2/data/MAS3K/extracted/MAS3K/img/ScorpionFish_2522.jpg,/home/woojye2020/decs_jupyter_lab/MedCLIP-SAMv2/data/MAS3K_medclipsam/test_images_sd15_inpainting_v1/generation_metadata.jsonl
/home/woojye2020/decs_jupyter_lab/MedCLIP-SAMv2/data/MAS3K_medclipsam/test_images_sd15_inpainting_v1/ScorpionFish_2525.jpg,ScorpionFish_2525.jpg,no camouflaged animal,33,There is no camouflaged animal hidden in the natural background.,sd15_inpainting_no_object,ScorpionFish,25,/home/woojye2020/decs_jupyter_lab/MedCLIP-SAMv2/data/MAS3K/extracted/MAS3K/img/ScorpionFish_2525.jpg,/home/woojye2020/decs_jupyter_lab/MedCLIP-SAMv2/data/MAS3K_medclipsam/test_images_sd15_inpainting_v1/generation_metadata.jsonl
/home/woojye2020/decs_jupyter_lab/MedCLIP-SAMv2/data/MAS3K_medclipsam/test_images_sd15_inpainting_v1/ScorpionFish_2526.jpg,ScorpionFish_2526.jpg,no camouflaged animal,33,There is no camouflaged animal hidden in the natural background.,sd15_inpainting_no_object,ScorpionFish,25,/home/woojye2020/decs_jupyter_lab/MedCLIP-SAMv2/data/MAS3K/extracted/MAS3K/img/ScorpionFish_2526.jpg,/home/woojye2020/decs_jupyter_lab/MedCLIP-SAMv2/data/MAS3K_medclipsam/test_images_sd15_inpainting_v1/generation_metadata.jsonl
/home/woojye2020/decs_jupyter_lab/MedCLIP-SAMv2/data/MAS3K_medclipsam/test_images_sd15_inpainting_v1/ScorpionFish_2535.jpg,ScorpionFish_2535.jpg,no camouflaged animal,33,There is no camouflaged animal hidden in the natural background.,sd15_inpainting_no_object,ScorpionFish,25,/home/woojye2020/decs_jupyter_lab/MedCLIP-SAMv2/data/MAS3K/extracted/MAS3K/img/ScorpionFish_2535.jpg,/home/woojye2020/decs_jupyter_lab/MedCLIP-SAMv2/data/MAS3K_medclipsam/test_images_sd15_inpainting_v1/generation_metadata.jsonl
/home/woojye2020/decs_jupyter_lab/MedCLIP-SAMv2/data/MAS3K_medclipsam/test_images_sd15_inpainting_v1/ScorpionFish_2541.jpg,ScorpionFish_2541.jpg,no camouflaged animal,33,There is no camouflaged animal hidden in the natural background.,sd15_inpainting_no_object,ScorpionFish,25,/home/woojye2020/decs_jupyter_lab/MedCLIP-SAMv2/data/MAS3K/extracted/MAS3K/img/ScorpionFish_2541.jpg,/home/woojye2020/decs_jupyter_lab/MedCLIP-SAMv2/data/MAS3K_medclipsam/test_images_sd15_inpainting_v1/generation_metadata.jsonl
/home/woojye2020/decs_jupyter_lab/MedCLIP-SAMv2/data/MAS3K_medclipsam/test_images_sd15_inpainting_v1/ScorpionFish_2543.jpg,ScorpionFish_2543.jpg,no camouflaged animal,33,There is no camouflaged animal hidden in the natural background.,sd15_inpainting_no_object,ScorpionFish,25,/home/woojye2020/decs_jupyter_lab/MedCLIP-SAMv2/data/MAS3K/extracted/MAS3K/img/ScorpionFish_2543.jpg,/home/woojye2020/decs_jupyter_lab/MedCLIP-SAMv2/data/MAS3K_medclipsam/test_images_sd15_inpainting_v1/generation_metadata.jsonl
/home/woojye2020/decs_jupyter_lab/MedCLIP-SAMv2/data/MAS3K_medclipsam/test_images_sd15_inpainting_v1/ScorpionFish_2545.jpg,ScorpionFish_2545.jpg,no camouflaged animal,33,There is no camouflaged animal hidden in the natural background.,sd15_inpainting_no_object,ScorpionFish,25,/home/woojye2020/decs_jupyter_lab/MedCLIP-SAMv2/data/MAS3K/extracted/MAS3K/img/ScorpionFish_2545.jpg,/home/woojye2020/decs_jupyter_lab/MedCLIP-SAMv2/data/MAS3K_medclipsam/test_images_sd15_inpainting_v1/generation_metadata.jsonl
/home/woojye2020/decs_jupyter_lab/MedCLIP-SAMv2/data/MAS3K_medclipsam/test_images_sd15_inpainting_v1/ScorpionFish_2551.jpg,ScorpionFish_2551.jpg,no camouflaged animal,33,There is no camouflaged animal hidden in the natural background.,sd15_inpainting_no_object,ScorpionFish,25,/home/woojye2020/decs_jupyter_lab/MedCLIP-SAMv2/data/MAS3K/extracted/MAS3K/img/ScorpionFish_2551.jpg,/home/woojye2020/decs_jupyter_lab/MedCLIP-SAMv2/data/MAS3K_medclipsam/test_images_sd15_inpainting_v1/generation_metadata.jsonl
/home/woojye2020/decs_jupyter_lab/MedCLIP-SAMv2/data/MAS3K_medclipsam/test_images_sd15_inpainting_v1/ScorpionFish_2562.jpg,ScorpionFish_2562.jpg,no camouflaged animal,33,There is no camouflaged animal hidden in the natural background.,sd15_inpainting_no_object,ScorpionFish,25,/home/woojye2020/decs_jupyter_lab/MedCLIP-SAMv2/data/MAS3K/extracted/MAS3K/img/ScorpionFish_2562.jpg,/home/woojye2020/decs_jupyter_lab/MedCLIP-SAMv2/data/MAS3K_medclipsam/test_images_sd15_inpainting_v1/generation_metadata.jsonl
/home/woojye2020/decs_jupyter_lab/MedCLIP-SAMv2/data/MAS3K_medclipsam/test_images_sd15_inpainting_v1/ScorpionFish_2564.jpg,ScorpionFish_2564.jpg,no camouflaged animal,33,There is no camouflaged animal hidden in the natural background.,sd15_inpainting_no_object,ScorpionFish,25,/home/woojye2020/decs_jupyter_lab/MedCLIP-SAMv2/data/MAS3K/extracted/MAS3K/img/ScorpionFish_2564.jpg,/home/woojye2020/decs_jupyter_lab/MedCLIP-SAMv2/data/MAS3K_medclipsam/test_images_sd15_inpainting_v1/generation_metadata.jsonl
/home/woojye2020/decs_jupyter_lab/MedCLIP-SAMv2/data/MAS3K_medclipsam/test_images_sd15_inpainting_v1/ScorpionFish_2569.jpg,ScorpionFish_2569.jpg,no camouflaged animal,33,There is no camouflaged animal hidden in the natural background.,sd15_inpainting_no_object,ScorpionFish,25,/home/woojye2020/decs_jupyter_lab/MedCLIP-SAMv2/data/MAS3K/extracted/MAS3K/img/ScorpionFish_2569.jpg,/home/woojye2020/decs_jupyter_lab/MedCLIP-SAMv2/data/MAS3K_medclipsam/test_images_sd15_inpainting_v1/generation_metadata.jsonl
/home/woojye2020/decs_jupyter_lab/MedCLIP-SAMv2/data/MAS3K_medclipsam/test_images_sd15_inpainting_v1/ScorpionFish_2570.jpg,ScorpionFish_2570.jpg,no camouflaged animal,33,There is no camouflaged animal hidden in the natural background.,sd15_inpainting_no_object,ScorpionFish,25,/home/woojye2020/decs_jupyter_lab/MedCLIP-SAMv2/data/MAS3K/extracted/MAS3K/img/ScorpionFish_2570.jpg,/home/woojye2020/decs_jupyter_lab/MedCLIP-SAMv2/data/MAS3K_medclipsam/test_images_sd15_inpainting_v1/generation_metadata.jsonl
/home/woojye2020/decs_jupyter_lab/MedCLIP-SAMv2/data/MAS3K_medclipsam/test_images_sd15_inpainting_v1/ScorpionFish_2575.jpg,ScorpionFish_2575.jpg,no camouflaged animal,33,There is no camouflaged animal hidden in the natural background.,sd15_inpainting_no_object,ScorpionFish,25,/home/woojye2020/decs_jupyter_lab/MedCLIP-SAMv2/data/MAS3K/extracted/MAS3K/img/ScorpionFish_2575.jpg,/home/woojye2020/decs_jupyter_lab/MedCLIP-SAMv2/data/MAS3K_medclipsam/test_images_sd15_inpainting_v1/generation_metadata.jsonl
/home/woojye2020/decs_jupyter_lab/MedCLIP-SAMv2/data/MAS3K_medclipsam/test_images_sd15_inpainting_v1/ScorpionFish_2577.jpg,ScorpionFish_2577.jpg,no camouflaged animal,33,There is no camouflaged animal hidden in the natural background.,sd15_inpainting_no_object,ScorpionFish,25,/home/woojye2020/decs_jupyter_lab/MedCLIP-SAMv2/data/MAS3K/extracted/MAS3K/img/ScorpionFish_2577.jpg,/home/woojye2020/decs_jupyter_lab/MedCLIP-SAMv2/data/MAS3K_medclipsam/test_images_sd15_inpainting_v1/generation_metadata.jsonl
/home/woojye2020/decs_jupyter_lab/MedCLIP-SAMv2/data/MAS3K_medclipsam/test_images_sd15_inpainting_v1/ScorpionFish_2585.jpg,ScorpionFish_2585.jpg,no camouflaged animal,33,There is no camouflaged animal hidden in the natural background.,sd15_inpainting_no_object,ScorpionFish,25,/home/woojye2020/decs_jupyter_lab/MedCLIP-SAMv2/data/MAS3K/extracted/MAS3K/img/ScorpionFish_2585.jpg,/home/woojye2020/decs_jupyter_lab/MedCLIP-SAMv2/data/MAS3K_medclipsam/test_images_sd15_inpainting_v1/generation_metadata.jsonl
/home/woojye2020/decs_jupyter_lab/MedCLIP-SAMv2/data/MAS3K_medclipsam/test_images_sd15_inpainting_v1/SeaHorse_2596.jpg,SeaHorse_2596.jpg,no camouflaged animal,33,There is no camouflaged animal hidden in the natural background.,sd15_inpainting_no_object,SeaHorse,27,/home/woojye2020/decs_jupyter_lab/MedCLIP-SAMv2/data/MAS3K/extracted/MAS3K/img/SeaHorse_2596.jpg,/home/woojye2020/decs_jupyter_lab/MedCLIP-SAMv2/data/MAS3K_medclipsam/test_images_sd15_inpainting_v1/generation_metadata.jsonl
/home/woojye2020/decs_jupyter_lab/MedCLIP-SAMv2/data/MAS3K_medclipsam/test_images_sd15_inpainting_v1/SeaHorse_2599.jpg,SeaHorse_2599.jpg,no camouflaged animal,33,There is no camouflaged animal hidden in the natural background.,sd15_inpainting_no_object,SeaHorse,27,/home/woojye2020/decs_jupyter_lab/MedCLIP-SAMv2/data/MAS3K/extracted/MAS3K/img/SeaHorse_2599.jpg,/home/woojye2020/decs_jupyter_lab/MedCLIP-SAMv2/data/MAS3K_medclipsam/test_images_sd15_inpainting_v1/generation_metadata.jsonl
/home/woojye2020/decs_jupyter_lab/MedCLIP-SAMv2/data/MAS3K_medclipsam/test_images_sd15_inpainting_v1/SeaHorse_2603.jpg,SeaHorse_2603.jpg,no camouflaged animal,33,There is no camouflaged animal hidden in the natural background.,sd15_inpainting_no_object,SeaHorse,27,/home/woojye2020/decs_jupyter_lab/MedCLIP-SAMv2/data/MAS3K/extracted/MAS3K/img/SeaHorse_2603.jpg,/home/woojye2020/decs_jupyter_lab/MedCLIP-SAMv2/data/MAS3K_medclipsam/test_images_sd15_inpainting_v1/generation_metadata.jsonl
/home/woojye2020/decs_jupyter_lab/MedCLIP-SAMv2/data/MAS3K_medclipsam/test_images_sd15_inpainting_v1/SeaHorse_2604.jpg,SeaHorse_2604.jpg,no camouflaged animal,33,There is no camouflaged animal hidden in the natural background.,sd15_inpainting_no_object,SeaHorse,27,/home/woojye2020/decs_jupyter_lab/MedCLIP-SAMv2/data/MAS3K/extracted/MAS3K/img/SeaHorse_2604.jpg,/home/woojye2020/decs_jupyter_lab/MedCLIP-SAMv2/data/MAS3K_medclipsam/test_images_sd15_inpainting_v1/generation_metadata.jsonl
/home/woojye2020/decs_jupyter_lab/MedCLIP-SAMv2/data/MAS3K_medclipsam/test_images_sd15_inpainting_v1/SeaHorse_2609.jpg,SeaHorse_2609.jpg,no camouflaged animal,33,There is no camouflaged animal hidden in the natural background.,sd15_inpainting_no_object,SeaHorse,27,/home/woojye2020/decs_jupyter_lab/MedCLIP-SAMv2/data/MAS3K/extracted/MAS3K/img/SeaHorse_2609.jpg,/home/woojye2020/decs_jupyter_lab/MedCLIP-SAMv2/data/MAS3K_medclipsam/test_images_sd15_inpainting_v1/generation_metadata.jsonl
/home/woojye2020/decs_jupyter_lab/MedCLIP-SAMv2/data/MAS3K_medclipsam/test_images_sd15_inpainting_v1/SeaHorse_2611.jpg,SeaHorse_2611.jpg,no camouflaged animal,33,There is no camouflaged animal hidden in the natural background.,sd15_inpainting_no_object,SeaHorse,27,/home/woojye2020/decs_jupyter_lab/MedCLIP-SAMv2/data/MAS3K/extracted/MAS3K/img/SeaHorse_2611.jpg,/home/woojye2020/decs_jupyter_lab/MedCLIP-SAMv2/data/MAS3K_medclipsam/test_images_sd15_inpainting_v1/generation_metadata.jsonl
/home/woojye2020/decs_jupyter_lab/MedCLIP-SAMv2/data/MAS3K_medclipsam/test_images_sd15_inpainting_v1/SeaHorse_2617.jpg,SeaHorse_2617.jpg,no camouflaged animal,33,There is no camouflaged animal hidden in the natural background.,sd15_inpainting_no_object,SeaHorse,27,/home/woojye2020/decs_jupyter_lab/MedCLIP-SAMv2/data/MAS3K/extracted/MAS3K/img/SeaHorse_2617.jpg,/home/woojye2020/decs_jupyter_lab/MedCLIP-SAMv2/data/MAS3K_medclipsam/test_images_sd15_inpainting_v1/generation_metadata.jsonl
/home/woojye2020/decs_jupyter_lab/MedCLIP-SAMv2/data/MAS3K_medclipsam/test_images_sd15_inpainting_v1/SeaHorse_2623.jpg,SeaHorse_2623.jpg,no camouflaged animal,33,There is no camouflaged animal hidden in the natural background.,sd15_inpainting_no_object,SeaHorse,27,/home/woojye2020/decs_jupyter_lab/MedCLIP-SAMv2/data/MAS3K/extracted/MAS3K/img/SeaHorse_2623.jpg,/home/woojye2020/decs_jupyter_lab/MedCLIP-SAMv2/data/MAS3K_medclipsam/test_images_sd15_inpainting_v1/generation_metadata.jsonl
/home/woojye2020/decs_jupyter_lab/MedCLIP-SAMv2/data/MAS3K_medclipsam/test_images_sd15_inpainting_v1/SeaHorse_2624.jpg,SeaHorse_2624.jpg,no camouflaged animal,33,There is no camouflaged animal hidden in the natural background.,sd15_inpainting_no_object,SeaHorse,27,/home/woojye2020/decs_jupyter_lab/MedCLIP-SAMv2/data/MAS3K/extracted/MAS3K/img/SeaHorse_2624.jpg,/home/woojye2020/decs_jupyter_lab/MedCLIP-SAMv2/data/MAS3K_medclipsam/test_images_sd15_inpainting_v1/generation_metadata.jsonl
/home/woojye2020/decs_jupyter_lab/MedCLIP-SAMv2/data/MAS3K_medclipsam/test_images_sd15_inpainting_v1/SeaHorse_2626.jpg,SeaHorse_2626.jpg,no camouflaged animal,33,There is no camouflaged animal hidden in the natural background.,sd15_inpainting_no_object,SeaHorse,27,/home/woojye2020/decs_jupyter_lab/MedCLIP-SAMv2/data/MAS3K/extracted/MAS3K/img/SeaHorse_2626.jpg,/home/woojye2020/decs_jupyter_lab/MedCLIP-SAMv2/data/MAS3K_medclipsam/test_images_sd15_inpainting_v1/generation_metadata.jsonl
/home/woojye2020/decs_jupyter_lab/MedCLIP-SAMv2/data/MAS3K_medclipsam/test_images_sd15_inpainting_v1/SeaHorse_2632.jpg,SeaHorse_2632.jpg,no camouflaged animal,33,There is no camouflaged animal hidden in the natural background.,sd15_inpainting_no_object,SeaHorse,27,/home/woojye2020/decs_jupyter_lab/MedCLIP-SAMv2/data/MAS3K/extracted/MAS3K/img/SeaHorse_2632.jpg,/home/woojye2020/decs_jupyter_lab/MedCLIP-SAMv2/data/MAS3K_medclipsam/test_images_sd15_inpainting_v1/generation_metadata.jsonl
/home/woojye2020/decs_jupyter_lab/MedCLIP-SAMv2/data/MAS3K_medclipsam/test_images_sd15_inpainting_v1/SeaHorse_2637.jpg,SeaHorse_2637.jpg,no camouflaged animal,33,There is no camouflaged animal hidden in the natural background.,sd15_inpainting_no_object,SeaHorse,27,/home/woojye2020/decs_jupyter_lab/MedCLIP-SAMv2/data/MAS3K/extracted/MAS3K/img/SeaHorse_2637.jpg,/home/woojye2020/decs_jupyter_lab/MedCLIP-SAMv2/data/MAS3K_medclipsam/test_images_sd15_inpainting_v1/generation_metadata.jsonl
/home/woojye2020/decs_jupyter_lab/MedCLIP-SAMv2/data/MAS3K_medclipsam/test_images_sd15_inpainting_v1/SeaHorse_2645.jpg,SeaHorse_2645.jpg,no camouflaged animal,33,There is no camouflaged animal hidden in the natural background.,sd15_inpainting_no_object,SeaHorse,27,/home/woojye2020/decs_jupyter_lab/MedCLIP-SAMv2/data/MAS3K/extracted/MAS3K/img/SeaHorse_2645.jpg,/home/woojye2020/decs_jupyter_lab/MedCLIP-SAMv2/data/MAS3K_medclipsam/test_images_sd15_inpainting_v1/generation_metadata.jsonl
/home/woojye2020/decs_jupyter_lab/MedCLIP-SAMv2/data/MAS3K_medclipsam/test_images_sd15_inpainting_v1/SeaHorse_2646.jpg,SeaHorse_2646.jpg,no camouflaged animal,33,There is no camouflaged animal hidden in the natural background.,sd15_inpainting_no_object,SeaHorse,27,/home/woojye2020/decs_jupyter_lab/MedCLIP-SAMv2/data/MAS3K/extracted/MAS3K/img/SeaHorse_2646.jpg,/home/woojye2020/decs_jupyter_lab/MedCLIP-SAMv2/data/MAS3K_medclipsam/test_images_sd15_inpainting_v1/generation_metadata.jsonl
/home/woojye2020/decs_jupyter_lab/MedCLIP-SAMv2/data/MAS3K_medclipsam/test_images_sd15_inpainting_v1/SeaHorse_2652.jpg,SeaHorse_2652.jpg,no camouflaged animal,33,There is no camouflaged animal hidden in the natural background.,sd15_inpainting_no_object,SeaHorse,27,/home/woojye2020/decs_jupyter_lab/MedCLIP-SAMv2/data/MAS3K/extracted/MAS3K/img/SeaHorse_2652.jpg,/home/woojye2020/decs_jupyter_lab/MedCLIP-SAMv2/data/MAS3K_medclipsam/test_images_sd15_inpainting_v1/generation_metadata.jsonl
/home/woojye2020/decs_jupyter_lab/MedCLIP-SAMv2/data/MAS3K_medclipsam/test_images_sd15_inpainting_v1/SeaHorse_2655.jpg,SeaHorse_2655.jpg,no camouflaged animal,33,There is no camouflaged animal hidden in the natural background.,sd15_inpainting_no_object,SeaHorse,27,/home/woojye2020/decs_jupyter_lab/MedCLIP-SAMv2/data/MAS3K/extracted/MAS3K/img/SeaHorse_2655.jpg,/home/woojye2020/decs_jupyter_lab/MedCLIP-SAMv2/data/MAS3K_medclipsam/test_images_sd15_inpainting_v1/generation_metadata.jsonl
/home/woojye2020/decs_jupyter_lab/MedCLIP-SAMv2/data/MAS3K_medclipsam/test_images_sd15_inpainting_v1/SeaHorse_2656.jpg,SeaHorse_2656.jpg,no camouflaged animal,33,There is no camouflaged animal hidden in the natural background.,sd15_inpainting_no_object,SeaHorse,27,/home/woojye2020/decs_jupyter_lab/MedCLIP-SAMv2/data/MAS3K/extracted/MAS3K/img/SeaHorse_2656.jpg,/home/woojye2020/decs_jupyter_lab/MedCLIP-SAMv2/data/MAS3K_medclipsam/test_images_sd15_inpainting_v1/generation_metadata.jsonl
/home/woojye2020/decs_jupyter_lab/MedCLIP-SAMv2/data/MAS3K_medclipsam/test_images_sd15_inpainting_v1/SeaHorse_2660.jpg,SeaHorse_2660.jpg,no camouflaged animal,33,There is no camouflaged animal hidden in the natural background.,sd15_inpainting_no_object,SeaHorse,27,/home/woojye2020/decs_jupyter_lab/MedCLIP-SAMv2/data/MAS3K/extracted/MAS3K/img/SeaHorse_2660.jpg,/home/woojye2020/decs_jupyter_lab/MedCLIP-SAMv2/data/MAS3K_medclipsam/test_images_sd15_inpainting_v1/generation_metadata.jsonl
/home/woojye2020/decs_jupyter_lab/MedCLIP-SAMv2/data/MAS3K_medclipsam/test_images_sd15_inpainting_v1/SeaHorse_2667.jpg,SeaHorse_2667.jpg,no camouflaged animal,33,There is no camouflaged animal hidden in the natural background.,sd15_inpainting_no_object,SeaHorse,27,/home/woojye2020/decs_jupyter_lab/MedCLIP-SAMv2/data/MAS3K/extracted/MAS3K/img/SeaHorse_2667.jpg,/home/woojye2020/decs_jupyter_lab/MedCLIP-SAMv2/data/MAS3K_medclipsam/test_images_sd15_inpainting_v1/generation_metadata.jsonl
/home/woojye2020/decs_jupyter_lab/MedCLIP-SAMv2/data/MAS3K_medclipsam/test_images_sd15_inpainting_v1/SeaHorse_2676.jpg,SeaHorse_2676.jpg,no camouflaged animal,33,There is no camouflaged animal hidden in the natural background.,sd15_inpainting_no_object,SeaHorse,27,/home/woojye2020/decs_jupyter_lab/MedCLIP-SAMv2/data/MAS3K/extracted/MAS3K/img/SeaHorse_2676.jpg,/home/woojye2020/decs_jupyter_lab/MedCLIP-SAMv2/data/MAS3K_medclipsam/test_images_sd15_inpainting_v1/generation_metadata.jsonl
/home/woojye2020/decs_jupyter_lab/MedCLIP-SAMv2/data/MAS3K_medclipsam/test_images_sd15_inpainting_v1/SeaHorse_2681.jpg,SeaHorse_2681.jpg,no camouflaged animal,33,There is no camouflaged animal hidden in the natural background.,sd15_inpainting_no_object,SeaHorse,27,/home/woojye2020/decs_jupyter_lab/MedCLIP-SAMv2/data/MAS3K/extracted/MAS3K/img/SeaHorse_2681.jpg,/home/woojye2020/decs_jupyter_lab/MedCLIP-SAMv2/data/MAS3K_medclipsam/test_images_sd15_inpainting_v1/generation_metadata.jsonl
/home/woojye2020/decs_jupyter_lab/MedCLIP-SAMv2/data/MAS3K_medclipsam/test_images_sd15_inpainting_v1/SeaHorse_2683.jpg,SeaHorse_2683.jpg,no camouflaged animal,33,There is no camouflaged animal hidden in the natural background.,sd15_inpainting_no_object,SeaHorse,27,/home/woojye2020/decs_jupyter_lab/MedCLIP-SAMv2/data/MAS3K/extracted/MAS3K/img/SeaHorse_2683.jpg,/home/woojye2020/decs_jupyter_lab/MedCLIP-SAMv2/data/MAS3K_medclipsam/test_images_sd15_inpainting_v1/generation_metadata.jsonl
/home/woojye2020/decs_jupyter_lab/MedCLIP-SAMv2/data/MAS3K_medclipsam/test_images_sd15_inpainting_v1/SeaHorse_2689.jpg,SeaHorse_2689.jpg,no camouflaged animal,33,There is no camouflaged animal hidden in the natural background.,sd15_inpainting_no_object,SeaHorse,27,/home/woojye2020/decs_jupyter_lab/MedCLIP-SAMv2/data/MAS3K/extracted/MAS3K/img/SeaHorse_2689.jpg,/home/woojye2020/decs_jupyter_lab/MedCLIP-SAMv2/data/MAS3K_medclipsam/test_images_sd15_inpainting_v1/generation_metadata.jsonl
/home/woojye2020/decs_jupyter_lab/MedCLIP-SAMv2/data/MAS3K_medclipsam/test_images_sd15_inpainting_v1/SeaHorse_2693.jpg,SeaHorse_2693.jpg,no camouflaged animal,33,There is no camouflaged animal hidden in the natural background.,sd15_inpainting_no_object,SeaHorse,27,/home/woojye2020/decs_jupyter_lab/MedCLIP-SAMv2/data/MAS3K/extracted/MAS3K/img/SeaHorse_2693.jpg,/home/woojye2020/decs_jupyter_lab/MedCLIP-SAMv2/data/MAS3K_medclipsam/test_images_sd15_inpainting_v1/generation_metadata.jsonl
/home/woojye2020/decs_jupyter_lab/MedCLIP-SAMv2/data/MAS3K_medclipsam/test_images_sd15_inpainting_v1/SeaHorse_2694.jpg,SeaHorse_2694.jpg,no camouflaged animal,33,There is no camouflaged animal hidden in the natural background.,sd15_inpainting_no_object,SeaHorse,27,/home/woojye2020/decs_jupyter_lab/MedCLIP-SAMv2/data/MAS3K/extracted/MAS3K/img/SeaHorse_2694.jpg,/home/woojye2020/decs_jupyter_lab/MedCLIP-SAMv2/data/MAS3K_medclipsam/test_images_sd15_inpainting_v1/generation_metadata.jsonl
/home/woojye2020/decs_jupyter_lab/MedCLIP-SAMv2/data/MAS3K_medclipsam/test_images_sd15_inpainting_v1/SeaHorse_2701.jpg,SeaHorse_2701.jpg,no camouflaged animal,33,There is no camouflaged animal hidden in the natural background.,sd15_inpainting_no_object,SeaHorse,27,/home/woojye2020/decs_jupyter_lab/MedCLIP-SAMv2/data/MAS3K/extracted/MAS3K/img/SeaHorse_2701.jpg,/home/woojye2020/decs_jupyter_lab/MedCLIP-SAMv2/data/MAS3K_medclipsam/test_images_sd15_inpainting_v1/generation_metadata.jsonl
/home/woojye2020/decs_jupyter_lab/MedCLIP-SAMv2/data/MAS3K_medclipsam/test_images_sd15_inpainting_v1/SeaHorse_2715.jpg,SeaHorse_2715.jpg,no camouflaged animal,33,There is no camouflaged animal hidden in the natural background.,sd15_inpainting_no_object,SeaHorse,27,/home/woojye2020/decs_jupyter_lab/MedCLIP-SAMv2/data/MAS3K/extracted/MAS3K/img/SeaHorse_2715.jpg,/home/woojye2020/decs_jupyter_lab/MedCLIP-SAMv2/data/MAS3K_medclipsam/test_images_sd15_inpainting_v1/generation_metadata.jsonl
/home/woojye2020/decs_jupyter_lab/MedCLIP-SAMv2/data/MAS3K_medclipsam/test_images_sd15_inpainting_v1/SeaHorse_2719.jpg,SeaHorse_2719.jpg,no camouflaged animal,33,There is no camouflaged animal hidden in the natural background.,sd15_inpainting_no_object,SeaHorse,27,/home/woojye2020/decs_jupyter_lab/MedCLIP-SAMv2/data/MAS3K/extracted/MAS3K/img/SeaHorse_2719.jpg,/home/woojye2020/decs_jupyter_lab/MedCLIP-SAMv2/data/MAS3K_medclipsam/test_images_sd15_inpainting_v1/generation_metadata.jsonl
/home/woojye2020/decs_jupyter_lab/MedCLIP-SAMv2/data/MAS3K_medclipsam/test_images_sd15_inpainting_v1/SeaHorse_2721.jpg,SeaHorse_2721.jpg,no camouflaged animal,33,There is no camouflaged animal hidden in the natural background.,sd15_inpainting_no_object,SeaHorse,27,/home/woojye2020/decs_jupyter_lab/MedCLIP-SAMv2/data/MAS3K/extracted/MAS3K/img/SeaHorse_2721.jpg,/home/woojye2020/decs_jupyter_lab/MedCLIP-SAMv2/data/MAS3K_medclipsam/test_images_sd15_inpainting_v1/generation_metadata.jsonl
/home/woojye2020/decs_jupyter_lab/MedCLIP-SAMv2/data/MAS3K_medclipsam/test_images_sd15_inpainting_v1/SeaHorse_2743.jpg,SeaHorse_2743.jpg,no camouflaged animal,33,There is no camouflaged animal hidden in the natural background.,sd15_inpainting_no_object,SeaHorse,27,/home/woojye2020/decs_jupyter_lab/MedCLIP-SAMv2/data/MAS3K/extracted/MAS3K/img/SeaHorse_2743.jpg,/home/woojye2020/decs_jupyter_lab/MedCLIP-SAMv2/data/MAS3K_medclipsam/test_images_sd15_inpainting_v1/generation_metadata.jsonl
/home/woojye2020/decs_jupyter_lab/MedCLIP-SAMv2/data/MAS3K_medclipsam/test_images_sd15_inpainting_v1/Seal_805.jpg,Seal_805.jpg,no camouflaged animal,33,There is no camouflaged animal hidden in the natural background.,sd15_inpainting_no_object,Seal,28,/home/woojye2020/decs_jupyter_lab/MedCLIP-SAMv2/data/MAS3K/extracted/MAS3K/img/Seal_805.jpg,/home/woojye2020/decs_jupyter_lab/MedCLIP-SAMv2/data/MAS3K_medclipsam/test_images_sd15_inpainting_v1/generation_metadata.jsonl
/home/woojye2020/decs_jupyter_lab/MedCLIP-SAMv2/data/MAS3K_medclipsam/test_images_sd15_inpainting_v1/Seal_816.jpg,Seal_816.jpg,no camouflaged animal,33,There is no camouflaged animal hidden in the natural background.,sd15_inpainting_no_object,Seal,28,/home/woojye2020/decs_jupyter_lab/MedCLIP-SAMv2/data/MAS3K/extracted/MAS3K/img/Seal_816.jpg,/home/woojye2020/decs_jupyter_lab/MedCLIP-SAMv2/data/MAS3K_medclipsam/test_images_sd15_inpainting_v1/generation_metadata.jsonl
/home/woojye2020/decs_jupyter_lab/MedCLIP-SAMv2/data/MAS3K_medclipsam/test_images_sd15_inpainting_v1/Seal_829.jpg,Seal_829.jpg,no camouflaged animal,33,There is no camouflaged animal hidden in the natural background.,sd15_inpainting_no_object,Seal,28,/home/woojye2020/decs_jupyter_lab/MedCLIP-SAMv2/data/MAS3K/extracted/MAS3K/img/Seal_829.jpg,/home/woojye2020/decs_jupyter_lab/MedCLIP-SAMv2/data/MAS3K_medclipsam/test_images_sd15_inpainting_v1/generation_metadata.jsonl
/home/woojye2020/decs_jupyter_lab/MedCLIP-SAMv2/data/MAS3K_medclipsam/test_images_sd15_inpainting_v1/Seal_833.jpg,Seal_833.jpg,no camouflaged animal,33,There is no camouflaged animal hidden in the natural background.,sd15_inpainting_no_object,Seal,28,/home/woojye2020/decs_jupyter_lab/MedCLIP-SAMv2/data/MAS3K/extracted/MAS3K/img/Seal_833.jpg,/home/woojye2020/decs_jupyter_lab/MedCLIP-SAMv2/data/MAS3K_medclipsam/test_images_sd15_inpainting_v1/generation_metadata.jsonl
/home/woojye2020/decs_jupyter_lab/MedCLIP-SAMv2/data/MAS3K_medclipsam/test_images_sd15_inpainting_v1/Seal_845.jpg,Seal_845.jpg,no camouflaged animal,33,There is no camouflaged animal hidden in the natural background.,sd15_inpainting_no_object,Seal,28,/home/woojye2020/decs_jupyter_lab/MedCLIP-SAMv2/data/MAS3K/extracted/MAS3K/img/Seal_845.jpg,/home/woojye2020/decs_jupyter_lab/MedCLIP-SAMv2/data/MAS3K_medclipsam/test_images_sd15_inpainting_v1/generation_metadata.jsonl
/home/woojye2020/decs_jupyter_lab/MedCLIP-SAMv2/data/MAS3K_medclipsam/test_images_sd15_inpainting_v1/Seal_847.jpg,Seal_847.jpg,no camouflaged animal,33,There is no camouflaged animal hidden in the natural background.,sd15_inpainting_no_object,Seal,28,/home/woojye2020/decs_jupyter_lab/MedCLIP-SAMv2/data/MAS3K/extracted/MAS3K/img/Seal_847.jpg,/home/woojye2020/decs_jupyter_lab/MedCLIP-SAMv2/data/MAS3K_medclipsam/test_images_sd15_inpainting_v1/generation_metadata.jsonl
/home/woojye2020/decs_jupyter_lab/MedCLIP-SAMv2/data/MAS3K_medclipsam/test_images_sd15_inpainting_v1/Seal_856.jpg,Seal_856.jpg,no camouflaged animal,33,There is no camouflaged animal hidden in the natural background.,sd15_inpainting_no_object,Seal,28,/home/woojye2020/decs_jupyter_lab/MedCLIP-SAMv2/data/MAS3K/extracted/MAS3K/img/Seal_856.jpg,/home/woojye2020/decs_jupyter_lab/MedCLIP-SAMv2/data/MAS3K_medclipsam/test_images_sd15_inpainting_v1/generation_metadata.jsonl
/home/woojye2020/decs_jupyter_lab/MedCLIP-SAMv2/data/MAS3K_medclipsam/test_images_sd15_inpainting_v1/Shark_872.jpg,Shark_872.jpg,no camouflaged animal,33,There is no camouflaged animal hidden in the natural background.,sd15_inpainting_no_object,Shark,29,/home/woojye2020/decs_jupyter_lab/MedCLIP-SAMv2/data/MAS3K/extracted/MAS3K/img/Shark_872.jpg,/home/woojye2020/decs_jupyter_lab/MedCLIP-SAMv2/data/MAS3K_medclipsam/test_images_sd15_inpainting_v1/generation_metadata.jsonl
/home/woojye2020/decs_jupyter_lab/MedCLIP-SAMv2/data/MAS3K_medclipsam/test_images_sd15_inpainting_v1/Shark_873.jpg,Shark_873.jpg,no camouflaged animal,33,There is no camouflaged animal hidden in the natural background.,sd15_inpainting_no_object,Shark,29,/home/woojye2020/decs_jupyter_lab/MedCLIP-SAMv2/data/MAS3K/extracted/MAS3K/img/Shark_873.jpg,/home/woojye2020/decs_jupyter_lab/MedCLIP-SAMv2/data/MAS3K_medclipsam/test_images_sd15_inpainting_v1/generation_metadata.jsonl
/home/woojye2020/decs_jupyter_lab/MedCLIP-SAMv2/data/MAS3K_medclipsam/test_images_sd15_inpainting_v1/Shark_879.jpg,Shark_879.jpg,no camouflaged animal,33,There is no camouflaged animal hidden in the natural background.,sd15_inpainting_no_object,Shark,29,/home/woojye2020/decs_jupyter_lab/MedCLIP-SAMv2/data/MAS3K/extracted/MAS3K/img/Shark_879.jpg,/home/woojye2020/decs_jupyter_lab/MedCLIP-SAMv2/data/MAS3K_medclipsam/test_images_sd15_inpainting_v1/generation_metadata.jsonl
/home/woojye2020/decs_jupyter_lab/MedCLIP-SAMv2/data/MAS3K_medclipsam/test_images_sd15_inpainting_v1/Shark_898.jpg,Shark_898.jpg,no camouflaged animal,33,There is no camouflaged animal hidden in the natural background.,sd15_inpainting_no_object,Shark,29,/home/woojye2020/decs_jupyter_lab/MedCLIP-SAMv2/data/MAS3K/extracted/MAS3K/img/Shark_898.jpg,/home/woojye2020/decs_jupyter_lab/MedCLIP-SAMv2/data/MAS3K_medclipsam/test_images_sd15_inpainting_v1/generation_metadata.jsonl
/home/woojye2020/decs_jupyter_lab/MedCLIP-SAMv2/data/MAS3K_medclipsam/test_images_sd15_inpainting_v1/Shark_902.jpg,Shark_902.jpg,no camouflaged animal,33,There is no camouflaged animal hidden in the natural background.,sd15_inpainting_no_object,Shark,29,/home/woojye2020/decs_jupyter_lab/MedCLIP-SAMv2/data/MAS3K/extracted/MAS3K/img/Shark_902.jpg,/home/woojye2020/decs_jupyter_lab/MedCLIP-SAMv2/data/MAS3K_medclipsam/test_images_sd15_inpainting_v1/generation_metadata.jsonl
/home/woojye2020/decs_jupyter_lab/MedCLIP-SAMv2/data/MAS3K_medclipsam/test_images_sd15_inpainting_v1/Shark_910.jpg,Shark_910.jpg,no camouflaged animal,33,There is no camouflaged animal hidden in the natural background.,sd15_inpainting_no_object,Shark,29,/home/woojye2020/decs_jupyter_lab/MedCLIP-SAMv2/data/MAS3K/extracted/MAS3K/img/Shark_910.jpg,/home/woojye2020/decs_jupyter_lab/MedCLIP-SAMv2/data/MAS3K_medclipsam/test_images_sd15_inpainting_v1/generation_metadata.jsonl
/home/woojye2020/decs_jupyter_lab/MedCLIP-SAMv2/data/MAS3K_medclipsam/test_images_sd15_inpainting_v1/Shrimp_496.jpg,Shrimp_496.jpg,no camouflaged animal,33,There is no camouflaged animal hidden in the natural background.,sd15_inpainting_no_object,Shrimp,30,/home/woojye2020/decs_jupyter_lab/MedCLIP-SAMv2/data/MAS3K/extracted/MAS3K/img/Shrimp_496.jpg,/home/woojye2020/decs_jupyter_lab/MedCLIP-SAMv2/data/MAS3K_medclipsam/test_images_sd15_inpainting_v1/generation_metadata.jsonl
/home/woojye2020/decs_jupyter_lab/MedCLIP-SAMv2/data/MAS3K_medclipsam/test_images_sd15_inpainting_v1/Shrimp_497.jpg,Shrimp_497.jpg,no camouflaged animal,33,There is no camouflaged animal hidden in the natural background.,sd15_inpainting_no_object,Shrimp,30,/home/woojye2020/decs_jupyter_lab/MedCLIP-SAMv2/data/MAS3K/extracted/MAS3K/img/Shrimp_497.jpg,/home/woojye2020/decs_jupyter_lab/MedCLIP-SAMv2/data/MAS3K_medclipsam/test_images_sd15_inpainting_v1/generation_metadata.jsonl
/home/woojye2020/decs_jupyter_lab/MedCLIP-SAMv2/data/MAS3K_medclipsam/test_images_sd15_inpainting_v1/Shrimp_500.jpg,Shrimp_500.jpg,no camouflaged animal,33,There is no camouflaged animal hidden in the natural background.,sd15_inpainting_no_object,Shrimp,30,/home/woojye2020/decs_jupyter_lab/MedCLIP-SAMv2/data/MAS3K/extracted/MAS3K/img/Shrimp_500.jpg,/home/woojye2020/decs_jupyter_lab/MedCLIP-SAMv2/data/MAS3K_medclipsam/test_images_sd15_inpainting_v1/generation_metadata.jsonl
/home/woojye2020/decs_jupyter_lab/MedCLIP-SAMv2/data/MAS3K_medclipsam/test_images_sd15_inpainting_v1/Shrimp_502.jpg,Shrimp_502.jpg,no camouflaged animal,33,There is no camouflaged animal hidden in the natural background.,sd15_inpainting_no_object,Shrimp,30,/home/woojye2020/decs_jupyter_lab/MedCLIP-SAMv2/data/MAS3K/extracted/MAS3K/img/Shrimp_502.jpg,/home/woojye2020/decs_jupyter_lab/MedCLIP-SAMv2/data/MAS3K_medclipsam/test_images_sd15_inpainting_v1/generation_metadata.jsonl
/home/woojye2020/decs_jupyter_lab/MedCLIP-SAMv2/data/MAS3K_medclipsam/test_images_sd15_inpainting_v1/Shrimp_503.jpg,Shrimp_503.jpg,no camouflaged animal,33,There is no camouflaged animal hidden in the natural background.,sd15_inpainting_no_object,Shrimp,30,/home/woojye2020/decs_jupyter_lab/MedCLIP-SAMv2/data/MAS3K/extracted/MAS3K/img/Shrimp_503.jpg,/home/woojye2020/decs_jupyter_lab/MedCLIP-SAMv2/data/MAS3K_medclipsam/test_images_sd15_inpainting_v1/generation_metadata.jsonl
/home/woojye2020/decs_jupyter_lab/MedCLIP-SAMv2/data/MAS3K_medclipsam/test_images_sd15_inpainting_v1/Shrimp_507.jpg,Shrimp_507.jpg,no camouflaged animal,33,There is no camouflaged animal hidden in the natural background.,sd15_inpainting_no_object,Shrimp,30,/home/woojye2020/decs_jupyter_lab/MedCLIP-SAMv2/data/MAS3K/extracted/MAS3K/img/Shrimp_507.jpg,/home/woojye2020/decs_jupyter_lab/MedCLIP-SAMv2/data/MAS3K_medclipsam/test_images_sd15_inpainting_v1/generation_metadata.jsonl
/home/woojye2020/decs_jupyter_lab/MedCLIP-SAMv2/data/MAS3K_medclipsam/test_images_sd15_inpainting_v1/Shrimp_510.jpg,Shrimp_510.jpg,no camouflaged animal,33,There is no camouflaged animal hidden in the natural background.,sd15_inpainting_no_object,Shrimp,30,/home/woojye2020/decs_jupyter_lab/MedCLIP-SAMv2/data/MAS3K/extracted/MAS3K/img/Shrimp_510.jpg,/home/woojye2020/decs_jupyter_lab/MedCLIP-SAMv2/data/MAS3K_medclipsam/test_images_sd15_inpainting_v1/generation_metadata.jsonl
/home/woojye2020/decs_jupyter_lab/MedCLIP-SAMv2/data/MAS3K_medclipsam/test_images_sd15_inpainting_v1/Shrimp_514.jpg,Shrimp_514.jpg,no camouflaged animal,33,There is no camouflaged animal hidden in the natural background.,sd15_inpainting_no_object,Shrimp,30,/home/woojye2020/decs_jupyter_lab/MedCLIP-SAMv2/data/MAS3K/extracted/MAS3K/img/Shrimp_514.jpg,/home/woojye2020/decs_jupyter_lab/MedCLIP-SAMv2/data/MAS3K_medclipsam/test_images_sd15_inpainting_v1/generation_metadata.jsonl
/home/woojye2020/decs_jupyter_lab/MedCLIP-SAMv2/data/MAS3K_medclipsam/test_images_sd15_inpainting_v1/Shrimp_516.jpg,Shrimp_516.jpg,no camouflaged animal,33,There is no camouflaged animal hidden in the natural background.,sd15_inpainting_no_object,Shrimp,30,/home/woojye2020/decs_jupyter_lab/MedCLIP-SAMv2/data/MAS3K/extracted/MAS3K/img/Shrimp_516.jpg,/home/woojye2020/decs_jupyter_lab/MedCLIP-SAMv2/data/MAS3K_medclipsam/test_images_sd15_inpainting_v1/generation_metadata.jsonl
/home/woojye2020/decs_jupyter_lab/MedCLIP-SAMv2/data/MAS3K_medclipsam/test_images_sd15_inpainting_v1/Shrimp_519.jpg,Shrimp_519.jpg,no camouflaged animal,33,There is no camouflaged animal hidden in the natural background.,sd15_inpainting_no_object,Shrimp,30,/home/woojye2020/decs_jupyter_lab/MedCLIP-SAMv2/data/MAS3K/extracted/MAS3K/img/Shrimp_519.jpg,/home/woojye2020/decs_jupyter_lab/MedCLIP-SAMv2/data/MAS3K_medclipsam/test_images_sd15_inpainting_v1/generation_metadata.jsonl
/home/woojye2020/decs_jupyter_lab/MedCLIP-SAMv2/data/MAS3K_medclipsam/test_images_sd15_inpainting_v1/Shrimp_528.jpg,Shrimp_528.jpg,no camouflaged animal,33,There is no camouflaged animal hidden in the natural background.,sd15_inpainting_no_object,Shrimp,30,/home/woojye2020/decs_jupyter_lab/MedCLIP-SAMv2/data/MAS3K/extracted/MAS3K/img/Shrimp_528.jpg,/home/woojye2020/decs_jupyter_lab/MedCLIP-SAMv2/data/MAS3K_medclipsam/test_images_sd15_inpainting_v1/generation_metadata.jsonl
/home/woojye2020/decs_jupyter_lab/MedCLIP-SAMv2/data/MAS3K_medclipsam/test_images_sd15_inpainting_v1/Shrimp_529.jpg,Shrimp_529.jpg,no camouflaged animal,33,There is no camouflaged animal hidden in the natural background.,sd15_inpainting_no_object,Shrimp,30,/home/woojye2020/decs_jupyter_lab/MedCLIP-SAMv2/data/MAS3K/extracted/MAS3K/img/Shrimp_529.jpg,/home/woojye2020/decs_jupyter_lab/MedCLIP-SAMv2/data/MAS3K_medclipsam/test_images_sd15_inpainting_v1/generation_metadata.jsonl
/home/woojye2020/decs_jupyter_lab/MedCLIP-SAMv2/data/MAS3K_medclipsam/test_images_sd15_inpainting_v1/Shrimp_531.jpg,Shrimp_531.jpg,no camouflaged animal,33,There is no camouflaged animal hidden in the natural background.,sd15_inpainting_no_object,Shrimp,30,/home/woojye2020/decs_jupyter_lab/MedCLIP-SAMv2/data/MAS3K/extracted/MAS3K/img/Shrimp_531.jpg,/home/woojye2020/decs_jupyter_lab/MedCLIP-SAMv2/data/MAS3K_medclipsam/test_images_sd15_inpainting_v1/generation_metadata.jsonl
/home/woojye2020/decs_jupyter_lab/MedCLIP-SAMv2/data/MAS3K_medclipsam/test_images_sd15_inpainting_v1/Shrimp_532.jpg,Shrimp_532.jpg,no camouflaged animal,33,There is no camouflaged animal hidden in the natural background.,sd15_inpainting_no_object,Shrimp,30,/home/woojye2020/decs_jupyter_lab/MedCLIP-SAMv2/data/MAS3K/extracted/MAS3K/img/Shrimp_532.jpg,/home/woojye2020/decs_jupyter_lab/MedCLIP-SAMv2/data/MAS3K_medclipsam/test_images_sd15_inpainting_v1/generation_metadata.jsonl
/home/woojye2020/decs_jupyter_lab/MedCLIP-SAMv2/data/MAS3K_medclipsam/test_images_sd15_inpainting_v1/Shrimp_533.jpg,Shrimp_533.jpg,no camouflaged animal,33,There is no camouflaged animal hidden in the natural background.,sd15_inpainting_no_object,Shrimp,30,/home/woojye2020/decs_jupyter_lab/MedCLIP-SAMv2/data/MAS3K/extracted/MAS3K/img/Shrimp_533.jpg,/home/woojye2020/decs_jupyter_lab/MedCLIP-SAMv2/data/MAS3K_medclipsam/test_images_sd15_inpainting_v1/generation_metadata.jsonl
/home/woojye2020/decs_jupyter_lab/MedCLIP-SAMv2/data/MAS3K_medclipsam/test_images_sd15_inpainting_v1/Shrimp_536.jpg,Shrimp_536.jpg,no camouflaged animal,33,There is no camouflaged animal hidden in the natural background.,sd15_inpainting_no_object,Shrimp,30,/home/woojye2020/decs_jupyter_lab/MedCLIP-SAMv2/data/MAS3K/extracted/MAS3K/img/Shrimp_536.jpg,/home/woojye2020/decs_jupyter_lab/MedCLIP-SAMv2/data/MAS3K_medclipsam/test_images_sd15_inpainting_v1/generation_metadata.jsonl
/home/woojye2020/decs_jupyter_lab/MedCLIP-SAMv2/data/MAS3K_medclipsam/test_images_sd15_inpainting_v1/Slug_187.jpg,Slug_187.jpg,no camouflaged animal,33,There is no camouflaged animal hidden in the natural background.,sd15_inpainting_no_object,Slug,31,/home/woojye2020/decs_jupyter_lab/MedCLIP-SAMv2/data/MAS3K/extracted/MAS3K/img/Slug_187.jpg,/home/woojye2020/decs_jupyter_lab/MedCLIP-SAMv2/data/MAS3K_medclipsam/test_images_sd15_inpainting_v1/generation_metadata.jsonl
/home/woojye2020/decs_jupyter_lab/MedCLIP-SAMv2/data/MAS3K_medclipsam/test_images_sd15_inpainting_v1/Slug_195.jpg,Slug_195.jpg,no camouflaged animal,33,There is no camouflaged animal hidden in the natural background.,sd15_inpainting_no_object,Slug,31,/home/woojye2020/decs_jupyter_lab/MedCLIP-SAMv2/data/MAS3K/extracted/MAS3K/img/Slug_195.jpg,/home/woojye2020/decs_jupyter_lab/MedCLIP-SAMv2/data/MAS3K_medclipsam/test_images_sd15_inpainting_v1/generation_metadata.jsonl
/home/woojye2020/decs_jupyter_lab/MedCLIP-SAMv2/data/MAS3K_medclipsam/test_images_sd15_inpainting_v1/StarFish_218.jpg,StarFish_218.jpg,no camouflaged animal,33,There is no camouflaged animal hidden in the natural background.,sd15_inpainting_no_object,StarFish,32,/home/woojye2020/decs_jupyter_lab/MedCLIP-SAMv2/data/MAS3K/extracted/MAS3K/img/StarFish_218.jpg,/home/woojye2020/decs_jupyter_lab/MedCLIP-SAMv2/data/MAS3K_medclipsam/test_images_sd15_inpainting_v1/generation_metadata.jsonl
/home/woojye2020/decs_jupyter_lab/MedCLIP-SAMv2/data/MAS3K_medclipsam/test_images_sd15_inpainting_v1/StarFish_222.jpg,StarFish_222.jpg,no camouflaged animal,33,There is no camouflaged animal hidden in the natural background.,sd15_inpainting_no_object,StarFish,32,/home/woojye2020/decs_jupyter_lab/MedCLIP-SAMv2/data/MAS3K/extracted/MAS3K/img/StarFish_222.jpg,/home/woojye2020/decs_jupyter_lab/MedCLIP-SAMv2/data/MAS3K_medclipsam/test_images_sd15_inpainting_v1/generation_metadata.jsonl
/home/woojye2020/decs_jupyter_lab/MedCLIP-SAMv2/data/MAS3K_medclipsam/test_images_sd15_inpainting_v1/StarFish_227.jpg,StarFish_227.jpg,no camouflaged animal,33,There is no camouflaged animal hidden in the natural background.,sd15_inpainting_no_object,StarFish,32,/home/woojye2020/decs_jupyter_lab/MedCLIP-SAMv2/data/MAS3K/extracted/MAS3K/img/StarFish_227.jpg,/home/woojye2020/decs_jupyter_lab/MedCLIP-SAMv2/data/MAS3K_medclipsam/test_images_sd15_inpainting_v1/generation_metadata.jsonl
/home/woojye2020/decs_jupyter_lab/MedCLIP-SAMv2/data/MAS3K_medclipsam/test_images_sd15_inpainting_v1/StarFish_229.jpg,StarFish_229.jpg,no camouflaged animal,33,There is no camouflaged animal hidden in the natural background.,sd15_inpainting_no_object,StarFish,32,/home/woojye2020/decs_jupyter_lab/MedCLIP-SAMv2/data/MAS3K/extracted/MAS3K/img/StarFish_229.jpg,/home/woojye2020/decs_jupyter_lab/MedCLIP-SAMv2/data/MAS3K_medclipsam/test_images_sd15_inpainting_v1/generation_metadata.jsonl
/home/woojye2020/decs_jupyter_lab/MedCLIP-SAMv2/data/MAS3K_medclipsam/test_images_sd15_inpainting_v1/StarFish_237.jpg,StarFish_237.jpg,no camouflaged animal,33,There is no camouflaged animal hidden in the natural background.,sd15_inpainting_no_object,StarFish,32,/home/woojye2020/decs_jupyter_lab/MedCLIP-SAMv2/data/MAS3K/extracted/MAS3K/img/StarFish_237.jpg,/home/woojye2020/decs_jupyter_lab/MedCLIP-SAMv2/data/MAS3K_medclipsam/test_images_sd15_inpainting_v1/generation_metadata.jsonl
/home/woojye2020/decs_jupyter_lab/MedCLIP-SAMv2/data/MAS3K_medclipsam/test_images_sd15_inpainting_v1/StarFish_240.jpg,StarFish_240.jpg,no camouflaged animal,33,There is no camouflaged animal hidden in the natural background.,sd15_inpainting_no_object,StarFish,32,/home/woojye2020/decs_jupyter_lab/MedCLIP-SAMv2/data/MAS3K/extracted/MAS3K/img/StarFish_240.jpg,/home/woojye2020/decs_jupyter_lab/MedCLIP-SAMv2/data/MAS3K_medclipsam/test_images_sd15_inpainting_v1/generation_metadata.jsonl
/home/woojye2020/decs_jupyter_lab/MedCLIP-SAMv2/data/MAS3K_medclipsam/test_images_sd15_inpainting_v1/StarFish_243.jpg,StarFish_243.jpg,no camouflaged animal,33,There is no camouflaged animal hidden in the natural background.,sd15_inpainting_no_object,StarFish,32,/home/woojye2020/decs_jupyter_lab/MedCLIP-SAMv2/data/MAS3K/extracted/MAS3K/img/StarFish_243.jpg,/home/woojye2020/decs_jupyter_lab/MedCLIP-SAMv2/data/MAS3K_medclipsam/test_images_sd15_inpainting_v1/generation_metadata.jsonl
/home/woojye2020/decs_jupyter_lab/MedCLIP-SAMv2/data/MAS3K_medclipsam/test_images_sd15_inpainting_v1/StarFish_245.jpg,StarFish_245.jpg,no camouflaged animal,33,There is no camouflaged animal hidden in the natural background.,sd15_inpainting_no_object,StarFish,32,/home/woojye2020/decs_jupyter_lab/MedCLIP-SAMv2/data/MAS3K/extracted/MAS3K/img/StarFish_245.jpg,/home/woojye2020/decs_jupyter_lab/MedCLIP-SAMv2/data/MAS3K_medclipsam/test_images_sd15_inpainting_v1/generation_metadata.jsonl
/home/woojye2020/decs_jupyter_lab/MedCLIP-SAMv2/data/MAS3K_medclipsam/test_images_sd15_inpainting_v1/StarFish_248.jpg,StarFish_248.jpg,no camouflaged animal,33,There is no camouflaged animal hidden in the natural background.,sd15_inpainting_no_object,StarFish,32,/home/woojye2020/decs_jupyter_lab/MedCLIP-SAMv2/data/MAS3K/extracted/MAS3K/img/StarFish_248.jpg,/home/woojye2020/decs_jupyter_lab/MedCLIP-SAMv2/data/MAS3K_medclipsam/test_images_sd15_inpainting_v1/generation_metadata.jsonl
/home/woojye2020/decs_jupyter_lab/MedCLIP-SAMv2/data/MAS3K_medclipsam/test_images_sd15_inpainting_v1/StarFish_250.jpg,StarFish_250.jpg,no camouflaged animal,33,There is no camouflaged animal hidden in the natural background.,sd15_inpainting_no_object,StarFish,32,/home/woojye2020/decs_jupyter_lab/MedCLIP-SAMv2/data/MAS3K/extracted/MAS3K/img/StarFish_250.jpg,/home/woojye2020/decs_jupyter_lab/MedCLIP-SAMv2/data/MAS3K_medclipsam/test_images_sd15_inpainting_v1/generation_metadata.jsonl
/home/woojye2020/decs_jupyter_lab/MedCLIP-SAMv2/data/MAS3K_medclipsam/test_images_sd15_inpainting_v1/StarFish_260.jpg,StarFish_260.jpg,no camouflaged animal,33,There is no camouflaged animal hidden in the natural background.,sd15_inpainting_no_object,StarFish,32,/home/woojye2020/decs_jupyter_lab/MedCLIP-SAMv2/data/MAS3K/extracted/MAS3K/img/StarFish_260.jpg,/home/woojye2020/decs_jupyter_lab/MedCLIP-SAMv2/data/MAS3K_medclipsam/test_images_sd15_inpainting_v1/generation_metadata.jsonl
/home/woojye2020/decs_jupyter_lab/MedCLIP-SAMv2/data/MAS3K_medclipsam/test_images_sd15_inpainting_v1/StarFish_261.jpg,StarFish_261.jpg,no camouflaged animal,33,There is no camouflaged animal hidden in the natural background.,sd15_inpainting_no_object,StarFish,32,/home/woojye2020/decs_jupyter_lab/MedCLIP-SAMv2/data/MAS3K/extracted/MAS3K/img/StarFish_261.jpg,/home/woojye2020/decs_jupyter_lab/MedCLIP-SAMv2/data/MAS3K_medclipsam/test_images_sd15_inpainting_v1/generation_metadata.jsonl
/home/woojye2020/decs_jupyter_lab/MedCLIP-SAMv2/data/MAS3K_medclipsam/test_images_sd15_inpainting_v1/StarFish_262.jpg,StarFish_262.jpg,no camouflaged animal,33,There is no camouflaged animal hidden in the natural background.,sd15_inpainting_no_object,StarFish,32,/home/woojye2020/decs_jupyter_lab/MedCLIP-SAMv2/data/MAS3K/extracted/MAS3K/img/StarFish_262.jpg,/home/woojye2020/decs_jupyter_lab/MedCLIP-SAMv2/data/MAS3K_medclipsam/test_images_sd15_inpainting_v1/generation_metadata.jsonl
/home/woojye2020/decs_jupyter_lab/MedCLIP-SAMv2/data/MAS3K_medclipsam/test_images_sd15_inpainting_v1/StarFish_264.jpg,StarFish_264.jpg,no camouflaged animal,33,There is no camouflaged animal hidden in the natural background.,sd15_inpainting_no_object,StarFish,32,/home/woojye2020/decs_jupyter_lab/MedCLIP-SAMv2/data/MAS3K/extracted/MAS3K/img/StarFish_264.jpg,/home/woojye2020/decs_jupyter_lab/MedCLIP-SAMv2/data/MAS3K_medclipsam/test_images_sd15_inpainting_v1/generation_metadata.jsonl
/home/woojye2020/decs_jupyter_lab/MedCLIP-SAMv2/data/MAS3K_medclipsam/test_images_sd15_inpainting_v1/StarFish_280.jpg,StarFish_280.jpg,no camouflaged animal,33,There is no camouflaged animal hidden in the natural background.,sd15_inpainting_no_object,StarFish,32,/home/woojye2020/decs_jupyter_lab/MedCLIP-SAMv2/data/MAS3K/extracted/MAS3K/img/StarFish_280.jpg,/home/woojye2020/decs_jupyter_lab/MedCLIP-SAMv2/data/MAS3K_medclipsam/test_images_sd15_inpainting_v1/generation_metadata.jsonl
/home/woojye2020/decs_jupyter_lab/MedCLIP-SAMv2/data/MAS3K_medclipsam/test_images_sd15_inpainting_v1/StarFish_282.jpg,StarFish_282.jpg,no camouflaged animal,33,There is no camouflaged animal hidden in the natural background.,sd15_inpainting_no_object,StarFish,32,/home/woojye2020/decs_jupyter_lab/MedCLIP-SAMv2/data/MAS3K/extracted/MAS3K/img/StarFish_282.jpg,/home/woojye2020/decs_jupyter_lab/MedCLIP-SAMv2/data/MAS3K_medclipsam/test_images_sd15_inpainting_v1/generation_metadata.jsonl
/home/woojye2020/decs_jupyter_lab/MedCLIP-SAMv2/data/MAS3K_medclipsam/test_images_sd15_inpainting_v1/StarFish_294.jpg,StarFish_294.jpg,no camouflaged animal,33,There is no camouflaged animal hidden in the natural background.,sd15_inpainting_no_object,StarFish,32,/home/woojye2020/decs_jupyter_lab/MedCLIP-SAMv2/data/MAS3K/extracted/MAS3K/img/StarFish_294.jpg,/home/woojye2020/decs_jupyter_lab/MedCLIP-SAMv2/data/MAS3K_medclipsam/test_images_sd15_inpainting_v1/generation_metadata.jsonl
/home/woojye2020/decs_jupyter_lab/MedCLIP-SAMv2/data/MAS3K_medclipsam/test_images_sd15_inpainting_v1/StarFish_300.jpg,StarFish_300.jpg,no camouflaged animal,33,There is no camouflaged animal hidden in the natural background.,sd15_inpainting_no_object,StarFish,32,/home/woojye2020/decs_jupyter_lab/MedCLIP-SAMv2/data/MAS3K/extracted/MAS3K/img/StarFish_300.jpg,/home/woojye2020/decs_jupyter_lab/MedCLIP-SAMv2/data/MAS3K_medclipsam/test_images_sd15_inpainting_v1/generation_metadata.jsonl
/home/woojye2020/decs_jupyter_lab/MedCLIP-SAMv2/data/MAS3K_medclipsam/test_images_sd15_inpainting_v1/StarFish_301.jpg,StarFish_301.jpg,no camouflaged animal,33,There is no camouflaged animal hidden in the natural background.,sd15_inpainting_no_object,StarFish,32,/home/woojye2020/decs_jupyter_lab/MedCLIP-SAMv2/data/MAS3K/extracted/MAS3K/img/StarFish_301.jpg,/home/woojye2020/decs_jupyter_lab/MedCLIP-SAMv2/data/MAS3K_medclipsam/test_images_sd15_inpainting_v1/generation_metadata.jsonl
/home/woojye2020/decs_jupyter_lab/MedCLIP-SAMv2/data/MAS3K_medclipsam/test_images_sd15_inpainting_v1/StarFish_305.jpg,StarFish_305.jpg,no camouflaged animal,33,There is no camouflaged animal hidden in the natural background.,sd15_inpainting_no_object,StarFish,32,/home/woojye2020/decs_jupyter_lab/MedCLIP-SAMv2/data/MAS3K/extracted/MAS3K/img/StarFish_305.jpg,/home/woojye2020/decs_jupyter_lab/MedCLIP-SAMv2/data/MAS3K_medclipsam/test_images_sd15_inpainting_v1/generation_metadata.jsonl
/home/woojye2020/decs_jupyter_lab/MedCLIP-SAMv2/data/MAS3K_medclipsam/test_images_sd15_inpainting_v1/Stingaree_2748.jpg,Stingaree_2748.jpg,no camouflaged animal,33,There is no camouflaged animal hidden in the natural background.,sd15_inpainting_no_object,Stingaree,33,/home/woojye2020/decs_jupyter_lab/MedCLIP-SAMv2/data/MAS3K/extracted/MAS3K/img/Stingaree_2748.jpg,/home/woojye2020/decs_jupyter_lab/MedCLIP-SAMv2/data/MAS3K_medclipsam/test_images_sd15_inpainting_v1/generation_metadata.jsonl
/home/woojye2020/decs_jupyter_lab/MedCLIP-SAMv2/data/MAS3K_medclipsam/test_images_sd15_inpainting_v1/Stingaree_2751.jpg,Stingaree_2751.jpg,no camouflaged animal,33,There is no camouflaged animal hidden in the natural background.,sd15_inpainting_no_object,Stingaree,33,/home/woojye2020/decs_jupyter_lab/MedCLIP-SAMv2/data/MAS3K/extracted/MAS3K/img/Stingaree_2751.jpg,/home/woojye2020/decs_jupyter_lab/MedCLIP-SAMv2/data/MAS3K_medclipsam/test_images_sd15_inpainting_v1/generation_metadata.jsonl
/home/woojye2020/decs_jupyter_lab/MedCLIP-SAMv2/data/MAS3K_medclipsam/test_images_sd15_inpainting_v1/Stingaree_2753.jpg,Stingaree_2753.jpg,no camouflaged animal,33,There is no camouflaged animal hidden in the natural background.,sd15_inpainting_no_object,Stingaree,33,/home/woojye2020/decs_jupyter_lab/MedCLIP-SAMv2/data/MAS3K/extracted/MAS3K/img/Stingaree_2753.jpg,/home/woojye2020/decs_jupyter_lab/MedCLIP-SAMv2/data/MAS3K_medclipsam/test_images_sd15_inpainting_v1/generation_metadata.jsonl
/home/woojye2020/decs_jupyter_lab/MedCLIP-SAMv2/data/MAS3K_medclipsam/test_images_sd15_inpainting_v1/Stingaree_2755.jpg,Stingaree_2755.jpg,no camouflaged animal,33,There is no camouflaged animal hidden in the natural background.,sd15_inpainting_no_object,Stingaree,33,/home/woojye2020/decs_jupyter_lab/MedCLIP-SAMv2/data/MAS3K/extracted/MAS3K/img/Stingaree_2755.jpg,/home/woojye2020/decs_jupyter_lab/MedCLIP-SAMv2/data/MAS3K_medclipsam/test_images_sd15_inpainting_v1/generation_metadata.jsonl
/home/woojye2020/decs_jupyter_lab/MedCLIP-SAMv2/data/MAS3K_medclipsam/test_images_sd15_inpainting_v1/Stingaree_2759.jpg,Stingaree_2759.jpg,no camouflaged animal,33,There is no camouflaged animal hidden in the natural background.,sd15_inpainting_no_object,Stingaree,33,/home/woojye2020/decs_jupyter_lab/MedCLIP-SAMv2/data/MAS3K/extracted/MAS3K/img/Stingaree_2759.jpg,/home/woojye2020/decs_jupyter_lab/MedCLIP-SAMv2/data/MAS3K_medclipsam/test_images_sd15_inpainting_v1/generation_metadata.jsonl
/home/woojye2020/decs_jupyter_lab/MedCLIP-SAMv2/data/MAS3K_medclipsam/test_images_sd15_inpainting_v1/Stingaree_2764.jpg,Stingaree_2764.jpg,no camouflaged animal,33,There is no camouflaged animal hidden in the natural background.,sd15_inpainting_no_object,Stingaree,33,/home/woojye2020/decs_jupyter_lab/MedCLIP-SAMv2/data/MAS3K/extracted/MAS3K/img/Stingaree_2764.jpg,/home/woojye2020/decs_jupyter_lab/MedCLIP-SAMv2/data/MAS3K_medclipsam/test_images_sd15_inpainting_v1/generation_metadata.jsonl
/home/woojye2020/decs_jupyter_lab/MedCLIP-SAMv2/data/MAS3K_medclipsam/test_images_sd15_inpainting_v1/Stingaree_2777.jpg,Stingaree_2777.jpg,no camouflaged animal,33,There is no camouflaged animal hidden in the natural background.,sd15_inpainting_no_object,Stingaree,33,/home/woojye2020/decs_jupyter_lab/MedCLIP-SAMv2/data/MAS3K/extracted/MAS3K/img/Stingaree_2777.jpg,/home/woojye2020/decs_jupyter_lab/MedCLIP-SAMv2/data/MAS3K_medclipsam/test_images_sd15_inpainting_v1/generation_metadata.jsonl
/home/woojye2020/decs_jupyter_lab/MedCLIP-SAMv2/data/MAS3K_medclipsam/test_images_sd15_inpainting_v1/Stingaree_2779.jpg,Stingaree_2779.jpg,no camouflaged animal,33,There is no camouflaged animal hidden in the natural background.,sd15_inpainting_no_object,Stingaree,33,/home/woojye2020/decs_jupyter_lab/MedCLIP-SAMv2/data/MAS3K/extracted/MAS3K/img/Stingaree_2779.jpg,/home/woojye2020/decs_jupyter_lab/MedCLIP-SAMv2/data/MAS3K_medclipsam/test_images_sd15_inpainting_v1/generation_metadata.jsonl
/home/woojye2020/decs_jupyter_lab/MedCLIP-SAMv2/data/MAS3K_medclipsam/test_images_sd15_inpainting_v1/Stingaree_2780.jpg,Stingaree_2780.jpg,no camouflaged animal,33,There is no camouflaged animal hidden in the natural background.,sd15_inpainting_no_object,Stingaree,33,/home/woojye2020/decs_jupyter_lab/MedCLIP-SAMv2/data/MAS3K/extracted/MAS3K/img/Stingaree_2780.jpg,/home/woojye2020/decs_jupyter_lab/MedCLIP-SAMv2/data/MAS3K_medclipsam/test_images_sd15_inpainting_v1/generation_metadata.jsonl
/home/woojye2020/decs_jupyter_lab/MedCLIP-SAMv2/data/MAS3K_medclipsam/test_images_sd15_inpainting_v1/Stingaree_2788.jpg,Stingaree_2788.jpg,no camouflaged animal,33,There is no camouflaged animal hidden in the natural background.,sd15_inpainting_no_object,Stingaree,33,/home/woojye2020/decs_jupyter_lab/MedCLIP-SAMv2/data/MAS3K/extracted/MAS3K/img/Stingaree_2788.jpg,/home/woojye2020/decs_jupyter_lab/MedCLIP-SAMv2/data/MAS3K_medclipsam/test_images_sd15_inpainting_v1/generation_metadata.jsonl
/home/woojye2020/decs_jupyter_lab/MedCLIP-SAMv2/data/MAS3K_medclipsam/test_images_sd15_inpainting_v1/Stingaree_2795.jpg,Stingaree_2795.jpg,no camouflaged animal,33,There is no camouflaged animal hidden in the natural background.,sd15_inpainting_no_object,Stingaree,33,/home/woojye2020/decs_jupyter_lab/MedCLIP-SAMv2/data/MAS3K/extracted/MAS3K/img/Stingaree_2795.jpg,/home/woojye2020/decs_jupyter_lab/MedCLIP-SAMv2/data/MAS3K_medclipsam/test_images_sd15_inpainting_v1/generation_metadata.jsonl
/home/woojye2020/decs_jupyter_lab/MedCLIP-SAMv2/data/MAS3K_medclipsam/test_images_sd15_inpainting_v1/SurgeonFish_1945.jpg,SurgeonFish_1945.jpg,no camouflaged animal,33,There is no camouflaged animal hidden in the natural background.,sd15_inpainting_no_object,SurgeonFish,34,/home/woojye2020/decs_jupyter_lab/MedCLIP-SAMv2/data/MAS3K/extracted/MAS3K/img/SurgeonFish_1945.jpg,/home/woojye2020/decs_jupyter_lab/MedCLIP-SAMv2/data/MAS3K_medclipsam/test_images_sd15_inpainting_v1/generation_metadata.jsonl
/home/woojye2020/decs_jupyter_lab/MedCLIP-SAMv2/data/MAS3K_medclipsam/test_images_sd15_inpainting_v1/SurgeonFish_1946.jpg,SurgeonFish_1946.jpg,no camouflaged animal,33,There is no camouflaged animal hidden in the natural background.,sd15_inpainting_no_object,SurgeonFish,34,/home/woojye2020/decs_jupyter_lab/MedCLIP-SAMv2/data/MAS3K/extracted/MAS3K/img/SurgeonFish_1946.jpg,/home/woojye2020/decs_jupyter_lab/MedCLIP-SAMv2/data/MAS3K_medclipsam/test_images_sd15_inpainting_v1/generation_metadata.jsonl
/home/woojye2020/decs_jupyter_lab/MedCLIP-SAMv2/data/MAS3K_medclipsam/test_images_sd15_inpainting_v1/SurgeonFish_1948.jpg,SurgeonFish_1948.jpg,no camouflaged animal,33,There is no camouflaged animal hidden in the natural background.,sd15_inpainting_no_object,SurgeonFish,34,/home/woojye2020/decs_jupyter_lab/MedCLIP-SAMv2/data/MAS3K/extracted/MAS3K/img/SurgeonFish_1948.jpg,/home/woojye2020/decs_jupyter_lab/MedCLIP-SAMv2/data/MAS3K_medclipsam/test_images_sd15_inpainting_v1/generation_metadata.jsonl
/home/woojye2020/decs_jupyter_lab/MedCLIP-SAMv2/data/MAS3K_medclipsam/test_images_sd15_inpainting_v1/SurgeonFish_1953.jpg,SurgeonFish_1953.jpg,no camouflaged animal,33,There is no camouflaged animal hidden in the natural background.,sd15_inpainting_no_object,SurgeonFish,34,/home/woojye2020/decs_jupyter_lab/MedCLIP-SAMv2/data/MAS3K/extracted/MAS3K/img/SurgeonFish_1953.jpg,/home/woojye2020/decs_jupyter_lab/MedCLIP-SAMv2/data/MAS3K_medclipsam/test_images_sd15_inpainting_v1/generation_metadata.jsonl
/home/woojye2020/decs_jupyter_lab/MedCLIP-SAMv2/data/MAS3K_medclipsam/test_images_sd15_inpainting_v1/SurgeonFish_1960.jpg,SurgeonFish_1960.jpg,no camouflaged animal,33,There is no camouflaged animal hidden in the natural background.,sd15_inpainting_no_object,SurgeonFish,34,/home/woojye2020/decs_jupyter_lab/MedCLIP-SAMv2/data/MAS3K/extracted/MAS3K/img/SurgeonFish_1960.jpg,/home/woojye2020/decs_jupyter_lab/MedCLIP-SAMv2/data/MAS3K_medclipsam/test_images_sd15_inpainting_v1/generation_metadata.jsonl
/home/woojye2020/decs_jupyter_lab/MedCLIP-SAMv2/data/MAS3K_medclipsam/test_images_sd15_inpainting_v1/SurgeonFish_1969.jpg,SurgeonFish_1969.jpg,no camouflaged animal,33,There is no camouflaged animal hidden in the natural background.,sd15_inpainting_no_object,SurgeonFish,34,/home/woojye2020/decs_jupyter_lab/MedCLIP-SAMv2/data/MAS3K/extracted/MAS3K/img/SurgeonFish_1969.jpg,/home/woojye2020/decs_jupyter_lab/MedCLIP-SAMv2/data/MAS3K_medclipsam/test_images_sd15_inpainting_v1/generation_metadata.jsonl
/home/woojye2020/decs_jupyter_lab/MedCLIP-SAMv2/data/MAS3K_medclipsam/test_images_sd15_inpainting_v1/SurgeonFish_1970.jpg,SurgeonFish_1970.jpg,no camouflaged animal,33,There is no camouflaged animal hidden in the natural background.,sd15_inpainting_no_object,SurgeonFish,34,/home/woojye2020/decs_jupyter_lab/MedCLIP-SAMv2/data/MAS3K/extracted/MAS3K/img/SurgeonFish_1970.jpg,/home/woojye2020/decs_jupyter_lab/MedCLIP-SAMv2/data/MAS3K_medclipsam/test_images_sd15_inpainting_v1/generation_metadata.jsonl
/home/woojye2020/decs_jupyter_lab/MedCLIP-SAMv2/data/MAS3K_medclipsam/test_images_sd15_inpainting_v1/Turtle_547.jpg,Turtle_547.jpg,no camouflaged animal,33,There is no camouflaged animal hidden in the natural background.,sd15_inpainting_no_object,Turtle,36,/home/woojye2020/decs_jupyter_lab/MedCLIP-SAMv2/data/MAS3K/extracted/MAS3K/img/Turtle_547.jpg,/home/woojye2020/decs_jupyter_lab/MedCLIP-SAMv2/data/MAS3K_medclipsam/test_images_sd15_inpainting_v1/generation_metadata.jsonl
/home/woojye2020/decs_jupyter_lab/MedCLIP-SAMv2/data/MAS3K_medclipsam/test_images_sd15_inpainting_v1/Turtle_549.jpg,Turtle_549.jpg,no camouflaged animal,33,There is no camouflaged animal hidden in the natural background.,sd15_inpainting_no_object,Turtle,36,/home/woojye2020/decs_jupyter_lab/MedCLIP-SAMv2/data/MAS3K/extracted/MAS3K/img/Turtle_549.jpg,/home/woojye2020/decs_jupyter_lab/MedCLIP-SAMv2/data/MAS3K_medclipsam/test_images_sd15_inpainting_v1/generation_metadata.jsonl
/home/woojye2020/decs_jupyter_lab/MedCLIP-SAMv2/data/MAS3K_medclipsam/test_images_sd15_inpainting_v1/Turtle_552.jpg,Turtle_552.jpg,no camouflaged animal,33,There is no camouflaged animal hidden in the natural background.,sd15_inpainting_no_object,Turtle,36,/home/woojye2020/decs_jupyter_lab/MedCLIP-SAMv2/data/MAS3K/extracted/MAS3K/img/Turtle_552.jpg,/home/woojye2020/decs_jupyter_lab/MedCLIP-SAMv2/data/MAS3K_medclipsam/test_images_sd15_inpainting_v1/generation_metadata.jsonl
/home/woojye2020/decs_jupyter_lab/MedCLIP-SAMv2/data/MAS3K_medclipsam/test_images_sd15_inpainting_v1/Turtle_557.jpg,Turtle_557.jpg,no camouflaged animal,33,There is no camouflaged animal hidden in the natural background.,sd15_inpainting_no_object,Turtle,36,/home/woojye2020/decs_jupyter_lab/MedCLIP-SAMv2/data/MAS3K/extracted/MAS3K/img/Turtle_557.jpg,/home/woojye2020/decs_jupyter_lab/MedCLIP-SAMv2/data/MAS3K_medclipsam/test_images_sd15_inpainting_v1/generation_metadata.jsonl
/home/woojye2020/decs_jupyter_lab/MedCLIP-SAMv2/data/MAS3K_medclipsam/test_images_sd15_inpainting_v1/Turtle_559.jpg,Turtle_559.jpg,no camouflaged animal,33,There is no camouflaged animal hidden in the natural background.,sd15_inpainting_no_object,Turtle,36,/home/woojye2020/decs_jupyter_lab/MedCLIP-SAMv2/data/MAS3K/extracted/MAS3K/img/Turtle_559.jpg,/home/woojye2020/decs_jupyter_lab/MedCLIP-SAMv2/data/MAS3K_medclipsam/test_images_sd15_inpainting_v1/generation_metadata.jsonl
/home/woojye2020/decs_jupyter_lab/MedCLIP-SAMv2/data/MAS3K_medclipsam/test_images_sd15_inpainting_v1/Turtle_560.jpg,Turtle_560.jpg,no camouflaged animal,33,There is no camouflaged animal hidden in the natural background.,sd15_inpainting_no_object,Turtle,36,/home/woojye2020/decs_jupyter_lab/MedCLIP-SAMv2/data/MAS3K/extracted/MAS3K/img/Turtle_560.jpg,/home/woojye2020/decs_jupyter_lab/MedCLIP-SAMv2/data/MAS3K_medclipsam/test_images_sd15_inpainting_v1/generation_metadata.jsonl
/home/woojye2020/decs_jupyter_lab/MedCLIP-SAMv2/data/MAS3K_medclipsam/test_images_sd15_inpainting_v1/Turtle_570.jpg,Turtle_570.jpg,no camouflaged animal,33,There is no camouflaged animal hidden in the natural background.,sd15_inpainting_no_object,Turtle,36,/home/woojye2020/decs_jupyter_lab/MedCLIP-SAMv2/data/MAS3K/extracted/MAS3K/img/Turtle_570.jpg,/home/woojye2020/decs_jupyter_lab/MedCLIP-SAMv2/data/MAS3K_medclipsam/test_images_sd15_inpainting_v1/generation_metadata.jsonl
/home/woojye2020/decs_jupyter_lab/MedCLIP-SAMv2/data/MAS3K_medclipsam/test_images_sd15_inpainting_v1/Turtle_577.jpg,Turtle_577.jpg,no camouflaged animal,33,There is no camouflaged animal hidden in the natural background.,sd15_inpainting_no_object,Turtle,36,/home/woojye2020/decs_jupyter_lab/MedCLIP-SAMv2/data/MAS3K/extracted/MAS3K/img/Turtle_577.jpg,/home/woojye2020/decs_jupyter_lab/MedCLIP-SAMv2/data/MAS3K_medclipsam/test_images_sd15_inpainting_v1/generation_metadata.jsonl
/home/woojye2020/decs_jupyter_lab/MedCLIP-SAMv2/data/MAS3K_medclipsam/test_images_sd15_inpainting_v1/Turtle_579.jpg,Turtle_579.jpg,no camouflaged animal,33,There is no camouflaged animal hidden in the natural background.,sd15_inpainting_no_object,Turtle,36,/home/woojye2020/decs_jupyter_lab/MedCLIP-SAMv2/data/MAS3K/extracted/MAS3K/img/Turtle_579.jpg,/home/woojye2020/decs_jupyter_lab/MedCLIP-SAMv2/data/MAS3K_medclipsam/test_images_sd15_inpainting_v1/generation_metadata.jsonl
/home/woojye2020/decs_jupyter_lab/MedCLIP-SAMv2/data/MAS3K_medclipsam/test_images_sd15_inpainting_v1/Turtle_583.jpg,Turtle_583.jpg,no camouflaged animal,33,There is no camouflaged animal hidden in the natural background.,sd15_inpainting_no_object,Turtle,36,/home/woojye2020/decs_jupyter_lab/MedCLIP-SAMv2/data/MAS3K/extracted/MAS3K/img/Turtle_583.jpg,/home/woojye2020/decs_jupyter_lab/MedCLIP-SAMv2/data/MAS3K_medclipsam/test_images_sd15_inpainting_v1/generation_metadata.jsonl
/home/woojye2020/decs_jupyter_lab/MedCLIP-SAMv2/data/MAS3K_medclipsam/test_images_sd15_inpainting_v1/Turtle_596.jpg,Turtle_596.jpg,no camouflaged animal,33,There is no camouflaged animal hidden in the natural background.,sd15_inpainting_no_object,Turtle,36,/home/woojye2020/decs_jupyter_lab/MedCLIP-SAMv2/data/MAS3K/extracted/MAS3K/img/Turtle_596.jpg,/home/woojye2020/decs_jupyter_lab/MedCLIP-SAMv2/data/MAS3K_medclipsam/test_images_sd15_inpainting_v1/generation_metadata.jsonl
/home/woojye2020/decs_jupyter_lab/MedCLIP-SAMv2/data/MAS3K_medclipsam/test_images_sd15_inpainting_v1/Turtle_597.jpg,Turtle_597.jpg,no camouflaged animal,33,There is no camouflaged animal hidden in the natural background.,sd15_inpainting_no_object,Turtle,36,/home/woojye2020/decs_jupyter_lab/MedCLIP-SAMv2/data/MAS3K/extracted/MAS3K/img/Turtle_597.jpg,/home/woojye2020/decs_jupyter_lab/MedCLIP-SAMv2/data/MAS3K_medclipsam/test_images_sd15_inpainting_v1/generation_metadata.jsonl
/home/woojye2020/decs_jupyter_lab/MedCLIP-SAMv2/data/MAS3K_medclipsam/test_images_sd15_inpainting_v1/Turtle_600.jpg,Turtle_600.jpg,no camouflaged animal,33,There is no camouflaged animal hidden in the natural background.,sd15_inpainting_no_object,Turtle,36,/home/woojye2020/decs_jupyter_lab/MedCLIP-SAMv2/data/MAS3K/extracted/MAS3K/img/Turtle_600.jpg,/home/woojye2020/decs_jupyter_lab/MedCLIP-SAMv2/data/MAS3K_medclipsam/test_images_sd15_inpainting_v1/generation_metadata.jsonl
/home/woojye2020/decs_jupyter_lab/MedCLIP-SAMv2/data/MAS3K_medclipsam/test_images_sd15_inpainting_v1/Turtle_602.jpg,Turtle_602.jpg,no camouflaged animal,33,There is no camouflaged animal hidden in the natural background.,sd15_inpainting_no_object,Turtle,36,/home/woojye2020/decs_jupyter_lab/MedCLIP-SAMv2/data/MAS3K/extracted/MAS3K/img/Turtle_602.jpg,/home/woojye2020/decs_jupyter_lab/MedCLIP-SAMv2/data/MAS3K_medclipsam/test_images_sd15_inpainting_v1/generation_metadata.jsonl
/home/woojye2020/decs_jupyter_lab/MedCLIP-SAMv2/data/MAS3K_medclipsam/test_images_sd15_inpainting_v1/Turtle_608.jpg,Turtle_608.jpg,no camouflaged animal,33,There is no camouflaged animal hidden in the natural background.,sd15_inpainting_no_object,Turtle,36,/home/woojye2020/decs_jupyter_lab/MedCLIP-SAMv2/data/MAS3K/extracted/MAS3K/img/Turtle_608.jpg,/home/woojye2020/decs_jupyter_lab/MedCLIP-SAMv2/data/MAS3K_medclipsam/test_images_sd15_inpainting_v1/generation_metadata.jsonl
/home/woojye2020/decs_jupyter_lab/MedCLIP-SAMv2/data/MAS3K_medclipsam/test_images_sd15_inpainting_v1/Turtle_614.jpg,Turtle_614.jpg,no camouflaged animal,33,There is no camouflaged animal hidden in the natural background.,sd15_inpainting_no_object,Turtle,36,/home/woojye2020/decs_jupyter_lab/MedCLIP-SAMv2/data/MAS3K/extracted/MAS3K/img/Turtle_614.jpg,/home/woojye2020/decs_jupyter_lab/MedCLIP-SAMv2/data/MAS3K_medclipsam/test_images_sd15_inpainting_v1/generation_metadata.jsonl
/home/woojye2020/decs_jupyter_lab/MedCLIP-SAMv2/data/MAS3K_medclipsam/test_images_sd15_inpainting_v1/Turtle_620.jpg,Turtle_620.jpg,no camouflaged animal,33,There is no camouflaged animal hidden in the natural background.,sd15_inpainting_no_object,Turtle,36,/home/woojye2020/decs_jupyter_lab/MedCLIP-SAMv2/data/MAS3K/extracted/MAS3K/img/Turtle_620.jpg,/home/woojye2020/decs_jupyter_lab/MedCLIP-SAMv2/data/MAS3K_medclipsam/test_images_sd15_inpainting_v1/generation_metadata.jsonl
/home/woojye2020/decs_jupyter_lab/MedCLIP-SAMv2/data/MAS3K_medclipsam/test_images_sd15_inpainting_v1/Turtle_627.jpg,Turtle_627.jpg,no camouflaged animal,33,There is no camouflaged animal hidden in the natural background.,sd15_inpainting_no_object,Turtle,36,/home/woojye2020/decs_jupyter_lab/MedCLIP-SAMv2/data/MAS3K/extracted/MAS3K/img/Turtle_627.jpg,/home/woojye2020/decs_jupyter_lab/MedCLIP-SAMv2/data/MAS3K_medclipsam/test_images_sd15_inpainting_v1/generation_metadata.jsonl
/home/woojye2020/decs_jupyter_lab/MedCLIP-SAMv2/data/MAS3K_medclipsam/test_images_sd15_inpainting_v1/Turtle_632.jpg,Turtle_632.jpg,no camouflaged animal,33,There is no camouflaged animal hidden in the natural background.,sd15_inpainting_no_object,Turtle,36,/home/woojye2020/decs_jupyter_lab/MedCLIP-SAMv2/data/MAS3K/extracted/MAS3K/img/Turtle_632.jpg,/home/woojye2020/decs_jupyter_lab/MedCLIP-SAMv2/data/MAS3K_medclipsam/test_images_sd15_inpainting_v1/generation_metadata.jsonl
/home/woojye2020/decs_jupyter_lab/MedCLIP-SAMv2/data/MAS3K_medclipsam/test_images_sd15_inpainting_v1/Turtle_634.jpg,Turtle_634.jpg,no camouflaged animal,33,There is no camouflaged animal hidden in the natural background.,sd15_inpainting_no_object,Turtle,36,/home/woojye2020/decs_jupyter_lab/MedCLIP-SAMv2/data/MAS3K/extracted/MAS3K/img/Turtle_634.jpg,/home/woojye2020/decs_jupyter_lab/MedCLIP-SAMv2/data/MAS3K_medclipsam/test_images_sd15_inpainting_v1/generation_metadata.jsonl
/home/woojye2020/decs_jupyter_lab/MedCLIP-SAMv2/data/MAS3K_medclipsam/test_images_sd15_inpainting_v1/Turtle_646.jpg,Turtle_646.jpg,no camouflaged animal,33,There is no camouflaged animal hidden in the natural background.,sd15_inpainting_no_object,Turtle,36,/home/woojye2020/decs_jupyter_lab/MedCLIP-SAMv2/data/MAS3K/extracted/MAS3K/img/Turtle_646.jpg,/home/woojye2020/decs_jupyter_lab/MedCLIP-SAMv2/data/MAS3K_medclipsam/test_images_sd15_inpainting_v1/generation_metadata.jsonl
/home/woojye2020/decs_jupyter_lab/MedCLIP-SAMv2/data/MAS3K_medclipsam/test_images_sd15_inpainting_v1/Turtle_654.jpg,Turtle_654.jpg,no camouflaged animal,33,There is no camouflaged animal hidden in the natural background.,sd15_inpainting_no_object,Turtle,36,/home/woojye2020/decs_jupyter_lab/MedCLIP-SAMv2/data/MAS3K/extracted/MAS3K/img/Turtle_654.jpg,/home/woojye2020/decs_jupyter_lab/MedCLIP-SAMv2/data/MAS3K_medclipsam/test_images_sd15_inpainting_v1/generation_metadata.jsonl
/home/woojye2020/decs_jupyter_lab/MedCLIP-SAMv2/data/MAS3K_medclipsam/test_images_sd15_inpainting_v1/Turtle_655.jpg,Turtle_655.jpg,no camouflaged animal,33,There is no camouflaged animal hidden in the natural background.,sd15_inpainting_no_object,Turtle,36,/home/woojye2020/decs_jupyter_lab/MedCLIP-SAMv2/data/MAS3K/extracted/MAS3K/img/Turtle_655.jpg,/home/woojye2020/decs_jupyter_lab/MedCLIP-SAMv2/data/MAS3K_medclipsam/test_images_sd15_inpainting_v1/generation_metadata.jsonl
/home/woojye2020/decs_jupyter_lab/MedCLIP-SAMv2/data/MAS3K_medclipsam/test_images_sd15_inpainting_v1/Turtle_658.jpg,Turtle_658.jpg,no camouflaged animal,33,There is no camouflaged animal hidden in the natural background.,sd15_inpainting_no_object,Turtle,36,/home/woojye2020/decs_jupyter_lab/MedCLIP-SAMv2/data/MAS3K/extracted/MAS3K/img/Turtle_658.jpg,/home/woojye2020/decs_jupyter_lab/MedCLIP-SAMv2/data/MAS3K_medclipsam/test_images_sd15_inpainting_v1/generation_metadata.jsonl
/home/woojye2020/decs_jupyter_lab/MedCLIP-SAMv2/data/MAS3K_medclipsam/test_images_sd15_inpainting_v1/Turtle_659.jpg,Turtle_659.jpg,no camouflaged animal,33,There is no camouflaged animal hidden in the natural background.,sd15_inpainting_no_object,Turtle,36,/home/woojye2020/decs_jupyter_lab/MedCLIP-SAMv2/data/MAS3K/extracted/MAS3K/img/Turtle_659.jpg,/home/woojye2020/decs_jupyter_lab/MedCLIP-SAMv2/data/MAS3K_medclipsam/test_images_sd15_inpainting_v1/generation_metadata.jsonl
/home/woojye2020/decs_jupyter_lab/MedCLIP-SAMv2/data/MAS3K_medclipsam/test_images_sd15_inpainting_v1/Turtle_667.jpg,Turtle_667.jpg,no camouflaged animal,33,There is no camouflaged animal hidden in the natural background.,sd15_inpainting_no_object,Turtle,36,/home/woojye2020/decs_jupyter_lab/MedCLIP-SAMv2/data/MAS3K/extracted/MAS3K/img/Turtle_667.jpg,/home/woojye2020/decs_jupyter_lab/MedCLIP-SAMv2/data/MAS3K_medclipsam/test_images_sd15_inpainting_v1/generation_metadata.jsonl
/home/woojye2020/decs_jupyter_lab/MedCLIP-SAMv2/data/MAS3K_medclipsam/test_images_sd15_inpainting_v1/Turtle_669.jpg,Turtle_669.jpg,no camouflaged animal,33,There is no camouflaged animal hidden in the natural background.,sd15_inpainting_no_object,Turtle,36,/home/woojye2020/decs_jupyter_lab/MedCLIP-SAMv2/data/MAS3K/extracted/MAS3K/img/Turtle_669.jpg,/home/woojye2020/decs_jupyter_lab/MedCLIP-SAMv2/data/MAS3K_medclipsam/test_images_sd15_inpainting_v1/generation_metadata.jsonl
/home/woojye2020/decs_jupyter_lab/MedCLIP-SAMv2/data/MAS3K_medclipsam/test_images_sd15_inpainting_v1/Turtle_682.jpg,Turtle_682.jpg,no camouflaged animal,33,There is no camouflaged animal hidden in the natural background.,sd15_inpainting_no_object,Turtle,36,/home/woojye2020/decs_jupyter_lab/MedCLIP-SAMv2/data/MAS3K/extracted/MAS3K/img/Turtle_682.jpg,/home/woojye2020/decs_jupyter_lab/MedCLIP-SAMv2/data/MAS3K_medclipsam/test_images_sd15_inpainting_v1/generation_metadata.jsonl
/home/woojye2020/decs_jupyter_lab/MedCLIP-SAMv2/data/MAS3K_medclipsam/test_images_sd15_inpainting_v1/Turtle_695.jpg,Turtle_695.jpg,no camouflaged animal,33,There is no camouflaged animal hidden in the natural background.,sd15_inpainting_no_object,Turtle,36,/home/woojye2020/decs_jupyter_lab/MedCLIP-SAMv2/data/MAS3K/extracted/MAS3K/img/Turtle_695.jpg,/home/woojye2020/decs_jupyter_lab/MedCLIP-SAMv2/data/MAS3K_medclipsam/test_images_sd15_inpainting_v1/generation_metadata.jsonl
/home/woojye2020/decs_jupyter_lab/MedCLIP-SAMv2/data/MAS3K_medclipsam/test_images_sd15_inpainting_v1/Turtle_706.jpg,Turtle_706.jpg,no camouflaged animal,33,There is no camouflaged animal hidden in the natural background.,sd15_inpainting_no_object,Turtle,36,/home/woojye2020/decs_jupyter_lab/MedCLIP-SAMv2/data/MAS3K/extracted/MAS3K/img/Turtle_706.jpg,/home/woojye2020/decs_jupyter_lab/MedCLIP-SAMv2/data/MAS3K_medclipsam/test_images_sd15_inpainting_v1/generation_metadata.jsonl
/home/woojye2020/decs_jupyter_lab/MedCLIP-SAMv2/data/MAS3K_medclipsam/test_images_sd15_inpainting_v1/Turtle_714.jpg,Turtle_714.jpg,no camouflaged animal,33,There is no camouflaged animal hidden in the natural background.,sd15_inpainting_no_object,Turtle,36,/home/woojye2020/decs_jupyter_lab/MedCLIP-SAMv2/data/MAS3K/extracted/MAS3K/img/Turtle_714.jpg,/home/woojye2020/decs_jupyter_lab/MedCLIP-SAMv2/data/MAS3K_medclipsam/test_images_sd15_inpainting_v1/generation_metadata.jsonl
/home/woojye2020/decs_jupyter_lab/MedCLIP-SAMv2/data/MAS3K_medclipsam/test_images_sd15_inpainting_v1/Turtle_715.jpg,Turtle_715.jpg,no camouflaged animal,33,There is no camouflaged animal hidden in the natural background.,sd15_inpainting_no_object,Turtle,36,/home/woojye2020/decs_jupyter_lab/MedCLIP-SAMv2/data/MAS3K/extracted/MAS3K/img/Turtle_715.jpg,/home/woojye2020/decs_jupyter_lab/MedCLIP-SAMv2/data/MAS3K_medclipsam/test_images_sd15_inpainting_v1/generation_metadata.jsonl
/home/woojye2020/decs_jupyter_lab/MedCLIP-SAMv2/data/MAS3K_medclipsam/test_images_sd15_inpainting_v1/Turtle_723.jpg,Turtle_723.jpg,no camouflaged animal,33,There is no camouflaged animal hidden in the natural background.,sd15_inpainting_no_object,Turtle,36,/home/woojye2020/decs_jupyter_lab/MedCLIP-SAMv2/data/MAS3K/extracted/MAS3K/img/Turtle_723.jpg,/home/woojye2020/decs_jupyter_lab/MedCLIP-SAMv2/data/MAS3K_medclipsam/test_images_sd15_inpainting_v1/generation_metadata.jsonl
/home/woojye2020/decs_jupyter_lab/MedCLIP-SAMv2/data/MAS3K_medclipsam/test_images_sd15_inpainting_v1/Turtle_725.jpg,Turtle_725.jpg,no camouflaged animal,33,There is no camouflaged animal hidden in the natural background.,sd15_inpainting_no_object,Turtle,36,/home/woojye2020/decs_jupyter_lab/MedCLIP-SAMv2/data/MAS3K/extracted/MAS3K/img/Turtle_725.jpg,/home/woojye2020/decs_jupyter_lab/MedCLIP-SAMv2/data/MAS3K_medclipsam/test_images_sd15_inpainting_v1/generation_metadata.jsonl
/home/woojye2020/decs_jupyter_lab/MedCLIP-SAMv2/data/MAS3K_medclipsam/test_images_sd15_inpainting_v1/Turtle_726.jpg,Turtle_726.jpg,no camouflaged animal,33,There is no camouflaged animal hidden in the natural background.,sd15_inpainting_no_object,Turtle,36,/home/woojye2020/decs_jupyter_lab/MedCLIP-SAMv2/data/MAS3K/extracted/MAS3K/img/Turtle_726.jpg,/home/woojye2020/decs_jupyter_lab/MedCLIP-SAMv2/data/MAS3K_medclipsam/test_images_sd15_inpainting_v1/generation_metadata.jsonl
/home/woojye2020/decs_jupyter_lab/MedCLIP-SAMv2/data/MAS3K_medclipsam/test_images_sd15_inpainting_v1/Turtle_733.jpg,Turtle_733.jpg,no camouflaged animal,33,There is no camouflaged animal hidden in the natural background.,sd15_inpainting_no_object,Turtle,36,/home/woojye2020/decs_jupyter_lab/MedCLIP-SAMv2/data/MAS3K/extracted/MAS3K/img/Turtle_733.jpg,/home/woojye2020/decs_jupyter_lab/MedCLIP-SAMv2/data/MAS3K_medclipsam/test_images_sd15_inpainting_v1/generation_metadata.jsonl
/home/woojye2020/decs_jupyter_lab/MedCLIP-SAMv2/data/MAS3K_medclipsam/test_images_sd15_inpainting_v1/Turtle_736.jpg,Turtle_736.jpg,no camouflaged animal,33,There is no camouflaged animal hidden in the natural background.,sd15_inpainting_no_object,Turtle,36,/home/woojye2020/decs_jupyter_lab/MedCLIP-SAMv2/data/MAS3K/extracted/MAS3K/img/Turtle_736.jpg,/home/woojye2020/decs_jupyter_lab/MedCLIP-SAMv2/data/MAS3K_medclipsam/test_images_sd15_inpainting_v1/generation_metadata.jsonl
/home/woojye2020/decs_jupyter_lab/MedCLIP-SAMv2/data/MAS3K_medclipsam/test_images_sd15_inpainting_v1/Turtle_739.jpg,Turtle_739.jpg,no camouflaged animal,33,There is no camouflaged animal hidden in the natural background.,sd15_inpainting_no_object,Turtle,36,/home/woojye2020/decs_jupyter_lab/MedCLIP-SAMv2/data/MAS3K/extracted/MAS3K/img/Turtle_739.jpg,/home/woojye2020/decs_jupyter_lab/MedCLIP-SAMv2/data/MAS3K_medclipsam/test_images_sd15_inpainting_v1/generation_metadata.jsonl
/home/woojye2020/decs_jupyter_lab/MedCLIP-SAMv2/data/MAS3K_medclipsam/test_images_sd15_inpainting_v1/Turtle_740.jpg,Turtle_740.jpg,no camouflaged animal,33,There is no camouflaged animal hidden in the natural background.,sd15_inpainting_no_object,Turtle,36,/home/woojye2020/decs_jupyter_lab/MedCLIP-SAMv2/data/MAS3K/extracted/MAS3K/img/Turtle_740.jpg,/home/woojye2020/decs_jupyter_lab/MedCLIP-SAMv2/data/MAS3K_medclipsam/test_images_sd15_inpainting_v1/generation_metadata.jsonl
/home/woojye2020/decs_jupyter_lab/MedCLIP-SAMv2/data/MAS3K_medclipsam/test_images_sd15_inpainting_v1/Turtle_743.jpg,Turtle_743.jpg,no camouflaged animal,33,There is no camouflaged animal hidden in the natural background.,sd15_inpainting_no_object,Turtle,36,/home/woojye2020/decs_jupyter_lab/MedCLIP-SAMv2/data/MAS3K/extracted/MAS3K/img/Turtle_743.jpg,/home/woojye2020/decs_jupyter_lab/MedCLIP-SAMv2/data/MAS3K_medclipsam/test_images_sd15_inpainting_v1/generation_metadata.jsonl
