image_path,file_name,label_name,label,caption,sample_type,source_class_name,original_class_index,source_image_path,generation_metadata_path
/home/woojye2020/decs_jupyter_lab/MedCLIP-SAMv2/data/MAS3K/positive_images/AngelFish_2824.jpg,AngelFish_2824.jpg,AngelFish,0,There is an angelfish present in the scene.,original,AngelFish,0,/home/woojye2020/decs_jupyter_lab/MedCLIP-SAMv2/data/MAS3K/extracted/MAS3K/img/AngelFish_2824.jpg,
/home/woojye2020/decs_jupyter_lab/MedCLIP-SAMv2/data/MAS3K/positive_images/AngelFish_2833.jpg,AngelFish_2833.jpg,AngelFish,0,There is an angelfish present in the scene.,original,AngelFish,0,/home/woojye2020/decs_jupyter_lab/MedCLIP-SAMv2/data/MAS3K/extracted/MAS3K/img/AngelFish_2833.jpg,
/home/woojye2020/decs_jupyter_lab/MedCLIP-SAMv2/data/MAS3K/positive_images/BatFish_2886.jpg,BatFish_2886.jpg,BatFish,1,There is an batfish present in the scene.,original,BatFish,1,/home/woojye2020/decs_jupyter_lab/MedCLIP-SAMv2/data/MAS3K/extracted/MAS3K/img/BatFish_2886.jpg,
/home/woojye2020/decs_jupyter_lab/MedCLIP-SAMv2/data/MAS3K/positive_images/BatFish_2888.jpg,BatFish_2888.jpg,BatFish,1,There is an batfish present in the scene.,original,BatFish,1,/home/woojye2020/decs_jupyter_lab/MedCLIP-SAMv2/data/MAS3K/extracted/MAS3K/img/BatFish_2888.jpg,
/home/woojye2020/decs_jupyter_lab/MedCLIP-SAMv2/data/MAS3K/positive_images/Butterflyfish_1003.jpg,Butterflyfish_1003.jpg,Butterflyfish,2,There is an butterflyfish present in the scene.,original,Butterflyfish,2,/home/woojye2020/decs_jupyter_lab/MedCLIP-SAMv2/data/MAS3K/extracted/MAS3K/img/Butterflyfish_1003.jpg,
/home/woojye2020/decs_jupyter_lab/MedCLIP-SAMv2/data/MAS3K/positive_images/Butterflyfish_1006.jpg,Butterflyfish_1006.jpg,Butterflyfish,2,There is an butterflyfish present in the scene.,original,Butterflyfish,2,/home/woojye2020/decs_jupyter_lab/MedCLIP-SAMv2/data/MAS3K/extracted/MAS3K/img/Butterflyfish_1006.jpg,
/home/woojye2020/decs_jupyter_lab/MedCLIP-SAMv2/data/MAS3K/positive_images/Butterflyfish_1007.jpg,Butterflyfish_1007.jpg,Butterflyfish,2,There is an butterflyfish present in the scene.,original,Butterflyfish,2,/home/woojye2020/decs_jupyter_lab/MedCLIP-SAMv2/data/MAS3K/extracted/MAS3K/img/Butterflyfish_1007.jpg,
/home/woojye2020/decs_jupyter_lab/MedCLIP-SAMv2/data/MAS3K/positive_images/Butterflyfish_984.jpg,Butterflyfish_984.jpg,Butterflyfish,2,There is an butterflyfish present in the scene.,original,Butterflyfish,2,/home/woojye2020/decs_jupyter_lab/MedCLIP-SAMv2/data/MAS3K/extracted/MAS3K/img/Butterflyfish_984.jpg,
/home/woojye2020/decs_jupyter_lab/MedCLIP-SAMv2/data/MAS3K/positive_images/Butterflyfish_991.jpg,Butterflyfish_991.jpg,Butterflyfish,2,There is an butterflyfish present in the scene.,original,Butterflyfish,2,/home/woojye2020/decs_jupyter_lab/MedCLIP-SAMv2/data/MAS3K/extracted/MAS3K/img/Butterflyfish_991.jpg,
/home/woojye2020/decs_jupyter_lab/MedCLIP-SAMv2/data/MAS3K/positive_images/Butterflyfish_993.jpg,Butterflyfish_993.jpg,Butterflyfish,2,There is an butterflyfish present in the scene.,original,Butterflyfish,2,/home/woojye2020/decs_jupyter_lab/MedCLIP-SAMv2/data/MAS3K/extracted/MAS3K/img/Butterflyfish_993.jpg,
/home/woojye2020/decs_jupyter_lab/MedCLIP-SAMv2/data/MAS3K/positive_images/ClownFish_928.jpg,ClownFish_928.jpg,ClownFish,3,There is an clownfish present in the scene.,original,ClownFish,3,/home/woojye2020/decs_jupyter_lab/MedCLIP-SAMv2/data/MAS3K/extracted/MAS3K/img/ClownFish_928.jpg,
/home/woojye2020/decs_jupyter_lab/MedCLIP-SAMv2/data/MAS3K/positive_images/ClownFish_929.jpg,ClownFish_929.jpg,ClownFish,3,There is an clownfish present in the scene.,original,ClownFish,3,/home/woojye2020/decs_jupyter_lab/MedCLIP-SAMv2/data/MAS3K/extracted/MAS3K/img/ClownFish_929.jpg,
/home/woojye2020/decs_jupyter_lab/MedCLIP-SAMv2/data/MAS3K/positive_images/ClownFish_935.jpg,ClownFish_935.jpg,ClownFish,3,There is an clownfish present in the scene.,original,ClownFish,3,/home/woojye2020/decs_jupyter_lab/MedCLIP-SAMv2/data/MAS3K/extracted/MAS3K/img/ClownFish_935.jpg,
/home/woojye2020/decs_jupyter_lab/MedCLIP-SAMv2/data/MAS3K/positive_images/ClownFish_943.jpg,ClownFish_943.jpg,ClownFish,3,There is an clownfish present in the scene.,original,ClownFish,3,/home/woojye2020/decs_jupyter_lab/MedCLIP-SAMv2/data/MAS3K/extracted/MAS3K/img/ClownFish_943.jpg,
/home/woojye2020/decs_jupyter_lab/MedCLIP-SAMv2/data/MAS3K/positive_images/ClownFish_947.jpg,ClownFish_947.jpg,ClownFish,3,There is an clownfish present in the scene.,original,ClownFish,3,/home/woojye2020/decs_jupyter_lab/MedCLIP-SAMv2/data/MAS3K/extracted/MAS3K/img/ClownFish_947.jpg,
/home/woojye2020/decs_jupyter_lab/MedCLIP-SAMv2/data/MAS3K/positive_images/ClownFish_956.jpg,ClownFish_956.jpg,ClownFish,3,There is an clownfish present in the scene.,original,ClownFish,3,/home/woojye2020/decs_jupyter_lab/MedCLIP-SAMv2/data/MAS3K/extracted/MAS3K/img/ClownFish_956.jpg,
/home/woojye2020/decs_jupyter_lab/MedCLIP-SAMv2/data/MAS3K/positive_images/ClownFish_959.jpg,ClownFish_959.jpg,ClownFish,3,There is an clownfish present in the scene.,original,ClownFish,3,/home/woojye2020/decs_jupyter_lab/MedCLIP-SAMv2/data/MAS3K/extracted/MAS3K/img/ClownFish_959.jpg,
/home/woojye2020/decs_jupyter_lab/MedCLIP-SAMv2/data/MAS3K/positive_images/ClownFish_964.jpg,ClownFish_964.jpg,ClownFish,3,There is an clownfish present in the scene.,original,ClownFish,3,/home/woojye2020/decs_jupyter_lab/MedCLIP-SAMv2/data/MAS3K/extracted/MAS3K/img/ClownFish_964.jpg,
/home/woojye2020/decs_jupyter_lab/MedCLIP-SAMv2/data/MAS3K/positive_images/ClownFish_970.jpg,ClownFish_970.jpg,ClownFish,3,There is an clownfish present in the scene.,original,ClownFish,3,/home/woojye2020/decs_jupyter_lab/MedCLIP-SAMv2/data/MAS3K/extracted/MAS3K/img/ClownFish_970.jpg,
/home/woojye2020/decs_jupyter_lab/MedCLIP-SAMv2/data/MAS3K/positive_images/ClownFish_973.jpg,ClownFish_973.jpg,ClownFish,3,There is an clownfish present in the scene.,original,ClownFish,3,/home/woojye2020/decs_jupyter_lab/MedCLIP-SAMv2/data/MAS3K/extracted/MAS3K/img/ClownFish_973.jpg,
/home/woojye2020/decs_jupyter_lab/MedCLIP-SAMv2/data/MAS3K/positive_images/ClownFish_974.jpg,ClownFish_974.jpg,ClownFish,3,There is an clownfish present in the scene.,original,ClownFish,3,/home/woojye2020/decs_jupyter_lab/MedCLIP-SAMv2/data/MAS3K/extracted/MAS3K/img/ClownFish_974.jpg,
/home/woojye2020/decs_jupyter_lab/MedCLIP-SAMv2/data/MAS3K/positive_images/ClownFish_975.jpg,ClownFish_975.jpg,ClownFish,3,There is an clownfish present in the scene.,original,ClownFish,3,/home/woojye2020/decs_jupyter_lab/MedCLIP-SAMv2/data/MAS3K/extracted/MAS3K/img/ClownFish_975.jpg,
/home/woojye2020/decs_jupyter_lab/MedCLIP-SAMv2/data/MAS3K/positive_images/Conch_101.jpg,Conch_101.jpg,Conch,4,There is an conch present in the scene.,original,Conch,4,/home/woojye2020/decs_jupyter_lab/MedCLIP-SAMv2/data/MAS3K/extracted/MAS3K/img/Conch_101.jpg,
/home/woojye2020/decs_jupyter_lab/MedCLIP-SAMv2/data/MAS3K/positive_images/Conch_12.jpg,Conch_12.jpg,Conch,4,There is an conch present in the scene.,original,Conch,4,/home/woojye2020/decs_jupyter_lab/MedCLIP-SAMv2/data/MAS3K/extracted/MAS3K/img/Conch_12.jpg,
/home/woojye2020/decs_jupyter_lab/MedCLIP-SAMv2/data/MAS3K/positive_images/Conch_14.jpg,Conch_14.jpg,Conch,4,There is an conch present in the scene.,original,Conch,4,/home/woojye2020/decs_jupyter_lab/MedCLIP-SAMv2/data/MAS3K/extracted/MAS3K/img/Conch_14.jpg,
/home/woojye2020/decs_jupyter_lab/MedCLIP-SAMv2/data/MAS3K/positive_images/Conch_20.jpg,Conch_20.jpg,Conch,4,There is an conch present in the scene.,original,Conch,4,/home/woojye2020/decs_jupyter_lab/MedCLIP-SAMv2/data/MAS3K/extracted/MAS3K/img/Conch_20.jpg,
/home/woojye2020/decs_jupyter_lab/MedCLIP-SAMv2/data/MAS3K/positive_images/Conch_36.jpg,Conch_36.jpg,Conch,4,There is an conch present in the scene.,original,Conch,4,/home/woojye2020/decs_jupyter_lab/MedCLIP-SAMv2/data/MAS3K/extracted/MAS3K/img/Conch_36.jpg,
/home/woojye2020/decs_jupyter_lab/MedCLIP-SAMv2/data/MAS3K/positive_images/Conch_40.jpg,Conch_40.jpg,Conch,4,There is an conch present in the scene.,original,Conch,4,/home/woojye2020/decs_jupyter_lab/MedCLIP-SAMv2/data/MAS3K/extracted/MAS3K/img/Conch_40.jpg,
/home/woojye2020/decs_jupyter_lab/MedCLIP-SAMv2/data/MAS3K/positive_images/Conch_45.jpg,Conch_45.jpg,Conch,4,There is an conch present in the scene.,original,Conch,4,/home/woojye2020/decs_jupyter_lab/MedCLIP-SAMv2/data/MAS3K/extracted/MAS3K/img/Conch_45.jpg,
/home/woojye2020/decs_jupyter_lab/MedCLIP-SAMv2/data/MAS3K/positive_images/Conch_48.jpg,Conch_48.jpg,Conch,4,There is an conch present in the scene.,original,Conch,4,/home/woojye2020/decs_jupyter_lab/MedCLIP-SAMv2/data/MAS3K/extracted/MAS3K/img/Conch_48.jpg,
/home/woojye2020/decs_jupyter_lab/MedCLIP-SAMv2/data/MAS3K/positive_images/Conch_58.jpg,Conch_58.jpg,Conch,4,There is an conch present in the scene.,original,Conch,4,/home/woojye2020/decs_jupyter_lab/MedCLIP-SAMv2/data/MAS3K/extracted/MAS3K/img/Conch_58.jpg,
/home/woojye2020/decs_jupyter_lab/MedCLIP-SAMv2/data/MAS3K/positive_images/Conch_59.jpg,Conch_59.jpg,Conch,4,There is an conch present in the scene.,original,Conch,4,/home/woojye2020/decs_jupyter_lab/MedCLIP-SAMv2/data/MAS3K/extracted/MAS3K/img/Conch_59.jpg,
/home/woojye2020/decs_jupyter_lab/MedCLIP-SAMv2/data/MAS3K/positive_images/Conch_61.jpg,Conch_61.jpg,Conch,4,There is an conch present in the scene.,original,Conch,4,/home/woojye2020/decs_jupyter_lab/MedCLIP-SAMv2/data/MAS3K/extracted/MAS3K/img/Conch_61.jpg,
/home/woojye2020/decs_jupyter_lab/MedCLIP-SAMv2/data/MAS3K/positive_images/Conch_70.jpg,Conch_70.jpg,Conch,4,There is an conch present in the scene.,original,Conch,4,/home/woojye2020/decs_jupyter_lab/MedCLIP-SAMv2/data/MAS3K/extracted/MAS3K/img/Conch_70.jpg,
/home/woojye2020/decs_jupyter_lab/MedCLIP-SAMv2/data/MAS3K/positive_images/Conch_82.jpg,Conch_82.jpg,Conch,4,There is an conch present in the scene.,original,Conch,4,/home/woojye2020/decs_jupyter_lab/MedCLIP-SAMv2/data/MAS3K/extracted/MAS3K/img/Conch_82.jpg,
/home/woojye2020/decs_jupyter_lab/MedCLIP-SAMv2/data/MAS3K/positive_images/Conch_87.jpg,Conch_87.jpg,Conch,4,There is an conch present in the scene.,original,Conch,4,/home/woojye2020/decs_jupyter_lab/MedCLIP-SAMv2/data/MAS3K/extracted/MAS3K/img/Conch_87.jpg,
/home/woojye2020/decs_jupyter_lab/MedCLIP-SAMv2/data/MAS3K/positive_images/Conch_90.jpg,Conch_90.jpg,Conch,4,There is an conch present in the scene.,original,Conch,4,/home/woojye2020/decs_jupyter_lab/MedCLIP-SAMv2/data/MAS3K/extracted/MAS3K/img/Conch_90.jpg,
/home/woojye2020/decs_jupyter_lab/MedCLIP-SAMv2/data/MAS3K/positive_images/Conch_92.jpg,Conch_92.jpg,Conch,4,There is an conch present in the scene.,original,Conch,4,/home/woojye2020/decs_jupyter_lab/MedCLIP-SAMv2/data/MAS3K/extracted/MAS3K/img/Conch_92.jpg,
/home/woojye2020/decs_jupyter_lab/MedCLIP-SAMv2/data/MAS3K/positive_images/Conch_93.jpg,Conch_93.jpg,Conch,4,There is an conch present in the scene.,original,Conch,4,/home/woojye2020/decs_jupyter_lab/MedCLIP-SAMv2/data/MAS3K/extracted/MAS3K/img/Conch_93.jpg,
/home/woojye2020/decs_jupyter_lab/MedCLIP-SAMv2/data/MAS3K/positive_images/Conch_94.jpg,Conch_94.jpg,Conch,4,There is an conch present in the scene.,original,Conch,4,/home/woojye2020/decs_jupyter_lab/MedCLIP-SAMv2/data/MAS3K/extracted/MAS3K/img/Conch_94.jpg,
/home/woojye2020/decs_jupyter_lab/MedCLIP-SAMv2/data/MAS3K/positive_images/Conch_96.jpg,Conch_96.jpg,Conch,4,There is an conch present in the scene.,original,Conch,4,/home/woojye2020/decs_jupyter_lab/MedCLIP-SAMv2/data/MAS3K/extracted/MAS3K/img/Conch_96.jpg,
/home/woojye2020/decs_jupyter_lab/MedCLIP-SAMv2/data/MAS3K/positive_images/Crab_373.jpg,Crab_373.jpg,Crab,5,There is an crab present in the scene.,original,Crab,5,/home/woojye2020/decs_jupyter_lab/MedCLIP-SAMv2/data/MAS3K/extracted/MAS3K/img/Crab_373.jpg,
/home/woojye2020/decs_jupyter_lab/MedCLIP-SAMv2/data/MAS3K/positive_images/Crab_374.jpg,Crab_374.jpg,Crab,5,There is an crab present in the scene.,original,Crab,5,/home/woojye2020/decs_jupyter_lab/MedCLIP-SAMv2/data/MAS3K/extracted/MAS3K/img/Crab_374.jpg,
/home/woojye2020/decs_jupyter_lab/MedCLIP-SAMv2/data/MAS3K/positive_images/Crab_382.jpg,Crab_382.jpg,Crab,5,There is an crab present in the scene.,original,Crab,5,/home/woojye2020/decs_jupyter_lab/MedCLIP-SAMv2/data/MAS3K/extracted/MAS3K/img/Crab_382.jpg,
/home/woojye2020/decs_jupyter_lab/MedCLIP-SAMv2/data/MAS3K/positive_images/Crab_390.jpg,Crab_390.jpg,Crab,5,There is an crab present in the scene.,original,Crab,5,/home/woojye2020/decs_jupyter_lab/MedCLIP-SAMv2/data/MAS3K/extracted/MAS3K/img/Crab_390.jpg,
/home/woojye2020/decs_jupyter_lab/MedCLIP-SAMv2/data/MAS3K/positive_images/Crab_397.jpg,Crab_397.jpg,Crab,5,There is an crab present in the scene.,original,Crab,5,/home/woojye2020/decs_jupyter_lab/MedCLIP-SAMv2/data/MAS3K/extracted/MAS3K/img/Crab_397.jpg,
/home/woojye2020/decs_jupyter_lab/MedCLIP-SAMv2/data/MAS3K/positive_images/Crab_405.jpg,Crab_405.jpg,Crab,5,There is an crab present in the scene.,original,Crab,5,/home/woojye2020/decs_jupyter_lab/MedCLIP-SAMv2/data/MAS3K/extracted/MAS3K/img/Crab_405.jpg,
/home/woojye2020/decs_jupyter_lab/MedCLIP-SAMv2/data/MAS3K/positive_images/Crab_417.jpg,Crab_417.jpg,Crab,5,There is an crab present in the scene.,original,Crab,5,/home/woojye2020/decs_jupyter_lab/MedCLIP-SAMv2/data/MAS3K/extracted/MAS3K/img/Crab_417.jpg,
/home/woojye2020/decs_jupyter_lab/MedCLIP-SAMv2/data/MAS3K/positive_images/Crab_433.jpg,Crab_433.jpg,Crab,5,There is an crab present in the scene.,original,Crab,5,/home/woojye2020/decs_jupyter_lab/MedCLIP-SAMv2/data/MAS3K/extracted/MAS3K/img/Crab_433.jpg,
/home/woojye2020/decs_jupyter_lab/MedCLIP-SAMv2/data/MAS3K/positive_images/Crab_435.jpg,Crab_435.jpg,Crab,5,There is an crab present in the scene.,original,Crab,5,/home/woojye2020/decs_jupyter_lab/MedCLIP-SAMv2/data/MAS3K/extracted/MAS3K/img/Crab_435.jpg,
/home/woojye2020/decs_jupyter_lab/MedCLIP-SAMv2/data/MAS3K/positive_images/Crab_436.jpg,Crab_436.jpg,Crab,5,There is an crab present in the scene.,original,Crab,5,/home/woojye2020/decs_jupyter_lab/MedCLIP-SAMv2/data/MAS3K/extracted/MAS3K/img/Crab_436.jpg,
/home/woojye2020/decs_jupyter_lab/MedCLIP-SAMv2/data/MAS3K/positive_images/Crab_440.jpg,Crab_440.jpg,Crab,5,There is an crab present in the scene.,original,Crab,5,/home/woojye2020/decs_jupyter_lab/MedCLIP-SAMv2/data/MAS3K/extracted/MAS3K/img/Crab_440.jpg,
/home/woojye2020/decs_jupyter_lab/MedCLIP-SAMv2/data/MAS3K/positive_images/Crab_443.jpg,Crab_443.jpg,Crab,5,There is an crab present in the scene.,original,Crab,5,/home/woojye2020/decs_jupyter_lab/MedCLIP-SAMv2/data/MAS3K/extracted/MAS3K/img/Crab_443.jpg,
/home/woojye2020/decs_jupyter_lab/MedCLIP-SAMv2/data/MAS3K/positive_images/Crab_446.jpg,Crab_446.jpg,Crab,5,There is an crab present in the scene.,original,Crab,5,/home/woojye2020/decs_jupyter_lab/MedCLIP-SAMv2/data/MAS3K/extracted/MAS3K/img/Crab_446.jpg,
/home/woojye2020/decs_jupyter_lab/MedCLIP-SAMv2/data/MAS3K/positive_images/Crab_447.jpg,Crab_447.jpg,Crab,5,There is an crab present in the scene.,original,Crab,5,/home/woojye2020/decs_jupyter_lab/MedCLIP-SAMv2/data/MAS3K/extracted/MAS3K/img/Crab_447.jpg,
/home/woojye2020/decs_jupyter_lab/MedCLIP-SAMv2/data/MAS3K/positive_images/Crab_461.jpg,Crab_461.jpg,Crab,5,There is an crab present in the scene.,original,Crab,5,/home/woojye2020/decs_jupyter_lab/MedCLIP-SAMv2/data/MAS3K/extracted/MAS3K/img/Crab_461.jpg,
/home/woojye2020/decs_jupyter_lab/MedCLIP-SAMv2/data/MAS3K/positive_images/CrocodileFish_2890.jpg,CrocodileFish_2890.jpg,CrocodileFish,6,There is an crocodilefish present in the scene.,original,CrocodileFish,6,/home/woojye2020/decs_jupyter_lab/MedCLIP-SAMv2/data/MAS3K/extracted/MAS3K/img/CrocodileFish_2890.jpg,
/home/woojye2020/decs_jupyter_lab/MedCLIP-SAMv2/data/MAS3K/positive_images/CrocodileFish_2891.jpg,CrocodileFish_2891.jpg,CrocodileFish,6,There is an crocodilefish present in the scene.,original,CrocodileFish,6,/home/woojye2020/decs_jupyter_lab/MedCLIP-SAMv2/data/MAS3K/extracted/MAS3K/img/CrocodileFish_2891.jpg,
/home/woojye2020/decs_jupyter_lab/MedCLIP-SAMv2/data/MAS3K/positive_images/CrocodileFish_2895.jpg,CrocodileFish_2895.jpg,CrocodileFish,6,There is an crocodilefish present in the scene.,original,CrocodileFish,6,/home/woojye2020/decs_jupyter_lab/MedCLIP-SAMv2/data/MAS3K/extracted/MAS3K/img/CrocodileFish_2895.jpg,
/home/woojye2020/decs_jupyter_lab/MedCLIP-SAMv2/data/MAS3K/positive_images/CuttleFish_2873.jpg,CuttleFish_2873.jpg,CuttleFish,7,There is an cuttlefish present in the scene.,original,CuttleFish,7,/home/woojye2020/decs_jupyter_lab/MedCLIP-SAMv2/data/MAS3K/extracted/MAS3K/img/CuttleFish_2873.jpg,
/home/woojye2020/decs_jupyter_lab/MedCLIP-SAMv2/data/MAS3K/positive_images/Dolphin_758.jpg,Dolphin_758.jpg,Dolphin,8,There is an dolphin present in the scene.,original,Dolphin,8,/home/woojye2020/decs_jupyter_lab/MedCLIP-SAMv2/data/MAS3K/extracted/MAS3K/img/Dolphin_758.jpg,
/home/woojye2020/decs_jupyter_lab/MedCLIP-SAMv2/data/MAS3K/positive_images/Dolphin_771.jpg,Dolphin_771.jpg,Dolphin,8,There is an dolphin present in the scene.,original,Dolphin,8,/home/woojye2020/decs_jupyter_lab/MedCLIP-SAMv2/data/MAS3K/extracted/MAS3K/img/Dolphin_771.jpg,
/home/woojye2020/decs_jupyter_lab/MedCLIP-SAMv2/data/MAS3K/positive_images/Dolphin_772.jpg,Dolphin_772.jpg,Dolphin,8,There is an dolphin present in the scene.,original,Dolphin,8,/home/woojye2020/decs_jupyter_lab/MedCLIP-SAMv2/data/MAS3K/extracted/MAS3K/img/Dolphin_772.jpg,
/home/woojye2020/decs_jupyter_lab/MedCLIP-SAMv2/data/MAS3K/positive_images/Dolphin_773.jpg,Dolphin_773.jpg,Dolphin,8,There is an dolphin present in the scene.,original,Dolphin,8,/home/woojye2020/decs_jupyter_lab/MedCLIP-SAMv2/data/MAS3K/extracted/MAS3K/img/Dolphin_773.jpg,
/home/woojye2020/decs_jupyter_lab/MedCLIP-SAMv2/data/MAS3K/positive_images/Dolphin_781.jpg,Dolphin_781.jpg,Dolphin,8,There is an dolphin present in the scene.,original,Dolphin,8,/home/woojye2020/decs_jupyter_lab/MedCLIP-SAMv2/data/MAS3K/extracted/MAS3K/img/Dolphin_781.jpg,
/home/woojye2020/decs_jupyter_lab/MedCLIP-SAMv2/data/MAS3K/positive_images/Dolphin_782.jpg,Dolphin_782.jpg,Dolphin,8,There is an dolphin present in the scene.,original,Dolphin,8,/home/woojye2020/decs_jupyter_lab/MedCLIP-SAMv2/data/MAS3K/extracted/MAS3K/img/Dolphin_782.jpg,
/home/woojye2020/decs_jupyter_lab/MedCLIP-SAMv2/data/MAS3K/positive_images/Dolphin_797.jpg,Dolphin_797.jpg,Dolphin,8,There is an dolphin present in the scene.,original,Dolphin,8,/home/woojye2020/decs_jupyter_lab/MedCLIP-SAMv2/data/MAS3K/extracted/MAS3K/img/Dolphin_797.jpg,
/home/woojye2020/decs_jupyter_lab/MedCLIP-SAMv2/data/MAS3K/positive_images/Dolphin_802.jpg,Dolphin_802.jpg,Dolphin,8,There is an dolphin present in the scene.,original,Dolphin,8,/home/woojye2020/decs_jupyter_lab/MedCLIP-SAMv2/data/MAS3K/extracted/MAS3K/img/Dolphin_802.jpg,
/home/woojye2020/decs_jupyter_lab/MedCLIP-SAMv2/data/MAS3K/positive_images/Dolphin_803.jpg,Dolphin_803.jpg,Dolphin,8,There is an dolphin present in the scene.,original,Dolphin,8,/home/woojye2020/decs_jupyter_lab/MedCLIP-SAMv2/data/MAS3K/extracted/MAS3K/img/Dolphin_803.jpg,
/home/woojye2020/decs_jupyter_lab/MedCLIP-SAMv2/data/MAS3K/positive_images/Fish_1009.jpg,Fish_1009.jpg,Fish,9,There is an fish present in the scene.,original,Fish,10,/home/woojye2020/decs_jupyter_lab/MedCLIP-SAMv2/data/MAS3K/extracted/MAS3K/img/Fish_1009.jpg,
/home/woojye2020/decs_jupyter_lab/MedCLIP-SAMv2/data/MAS3K/positive_images/Fish_1014.jpg,Fish_1014.jpg,Fish,9,There is an fish present in the scene.,original,Fish,10,/home/woojye2020/decs_jupyter_lab/MedCLIP-SAMv2/data/MAS3K/extracted/MAS3K/img/Fish_1014.jpg,
/home/woojye2020/decs_jupyter_lab/MedCLIP-SAMv2/data/MAS3K/positive_images/Fish_1015.jpg,Fish_1015.jpg,Fish,9,There is an fish present in the scene.,original,Fish,10,/home/woojye2020/decs_jupyter_lab/MedCLIP-SAMv2/data/MAS3K/extracted/MAS3K/img/Fish_1015.jpg,
/home/woojye2020/decs_jupyter_lab/MedCLIP-SAMv2/data/MAS3K/positive_images/Fish_1017.jpg,Fish_1017.jpg,Fish,9,There is an fish present in the scene.,original,Fish,10,/home/woojye2020/decs_jupyter_lab/MedCLIP-SAMv2/data/MAS3K/extracted/MAS3K/img/Fish_1017.jpg,
/home/woojye2020/decs_jupyter_lab/MedCLIP-SAMv2/data/MAS3K/positive_images/Fish_1030.jpg,Fish_1030.jpg,Fish,9,There is an fish present in the scene.,original,Fish,10,/home/woojye2020/decs_jupyter_lab/MedCLIP-SAMv2/data/MAS3K/extracted/MAS3K/img/Fish_1030.jpg,
/home/woojye2020/decs_jupyter_lab/MedCLIP-SAMv2/data/MAS3K/positive_images/Fish_1037.jpg,Fish_1037.jpg,Fish,9,There is an fish present in the scene.,original,Fish,10,/home/woojye2020/decs_jupyter_lab/MedCLIP-SAMv2/data/MAS3K/extracted/MAS3K/img/Fish_1037.jpg,
/home/woojye2020/decs_jupyter_lab/MedCLIP-SAMv2/data/MAS3K/positive_images/Fish_1044.jpg,Fish_1044.jpg,Fish,9,There is an fish present in the scene.,original,Fish,10,/home/woojye2020/decs_jupyter_lab/MedCLIP-SAMv2/data/MAS3K/extracted/MAS3K/img/Fish_1044.jpg,
/home/woojye2020/decs_jupyter_lab/MedCLIP-SAMv2/data/MAS3K/positive_images/Fish_1055.jpg,Fish_1055.jpg,Fish,9,There is an fish present in the scene.,original,Fish,10,/home/woojye2020/decs_jupyter_lab/MedCLIP-SAMv2/data/MAS3K/extracted/MAS3K/img/Fish_1055.jpg,
/home/woojye2020/decs_jupyter_lab/MedCLIP-SAMv2/data/MAS3K/positive_images/Fish_1058.jpg,Fish_1058.jpg,Fish,9,There is an fish present in the scene.,original,Fish,10,/home/woojye2020/decs_jupyter_lab/MedCLIP-SAMv2/data/MAS3K/extracted/MAS3K/img/Fish_1058.jpg,
/home/woojye2020/decs_jupyter_lab/MedCLIP-SAMv2/data/MAS3K/positive_images/Fish_1061.jpg,Fish_1061.jpg,Fish,9,There is an fish present in the scene.,original,Fish,10,/home/woojye2020/decs_jupyter_lab/MedCLIP-SAMv2/data/MAS3K/extracted/MAS3K/img/Fish_1061.jpg,
/home/woojye2020/decs_jupyter_lab/MedCLIP-SAMv2/data/MAS3K/positive_images/Fish_1070.jpg,Fish_1070.jpg,Fish,9,There is an fish present in the scene.,original,Fish,10,/home/woojye2020/decs_jupyter_lab/MedCLIP-SAMv2/data/MAS3K/extracted/MAS3K/img/Fish_1070.jpg,
/home/woojye2020/decs_jupyter_lab/MedCLIP-SAMv2/data/MAS3K/positive_images/Fish_1073.jpg,Fish_1073.jpg,Fish,9,There is an fish present in the scene.,original,Fish,10,/home/woojye2020/decs_jupyter_lab/MedCLIP-SAMv2/data/MAS3K/extracted/MAS3K/img/Fish_1073.jpg,
/home/woojye2020/decs_jupyter_lab/MedCLIP-SAMv2/data/MAS3K/positive_images/Fish_1078.jpg,Fish_1078.jpg,Fish,9,There is an fish present in the scene.,original,Fish,10,/home/woojye2020/decs_jupyter_lab/MedCLIP-SAMv2/data/MAS3K/extracted/MAS3K/img/Fish_1078.jpg,
/home/woojye2020/decs_jupyter_lab/MedCLIP-SAMv2/data/MAS3K/positive_images/Fish_1083.jpg,Fish_1083.jpg,Fish,9,There is an fish present in the scene.,original,Fish,10,/home/woojye2020/decs_jupyter_lab/MedCLIP-SAMv2/data/MAS3K/extracted/MAS3K/img/Fish_1083.jpg,
/home/woojye2020/decs_jupyter_lab/MedCLIP-SAMv2/data/MAS3K/positive_images/Fish_1094.jpg,Fish_1094.jpg,Fish,9,There is an fish present in the scene.,original,Fish,10,/home/woojye2020/decs_jupyter_lab/MedCLIP-SAMv2/data/MAS3K/extracted/MAS3K/img/Fish_1094.jpg,
/home/woojye2020/decs_jupyter_lab/MedCLIP-SAMv2/data/MAS3K/positive_images/Fish_1096.jpg,Fish_1096.jpg,Fish,9,There is an fish present in the scene.,original,Fish,10,/home/woojye2020/decs_jupyter_lab/MedCLIP-SAMv2/data/MAS3K/extracted/MAS3K/img/Fish_1096.jpg,
/home/woojye2020/decs_jupyter_lab/MedCLIP-SAMv2/data/MAS3K/positive_images/Fish_1099.jpg,Fish_1099.jpg,Fish,9,There is an fish present in the scene.,original,Fish,10,/home/woojye2020/decs_jupyter_lab/MedCLIP-SAMv2/data/MAS3K/extracted/MAS3K/img/Fish_1099.jpg,
/home/woojye2020/decs_jupyter_lab/MedCLIP-SAMv2/data/MAS3K/positive_images/Fish_1105.jpg,Fish_1105.jpg,Fish,9,There is an fish present in the scene.,original,Fish,10,/home/woojye2020/decs_jupyter_lab/MedCLIP-SAMv2/data/MAS3K/extracted/MAS3K/img/Fish_1105.jpg,
/home/woojye2020/decs_jupyter_lab/MedCLIP-SAMv2/data/MAS3K/positive_images/Fish_1110.jpg,Fish_1110.jpg,Fish,9,There is an fish present in the scene.,original,Fish,10,/home/woojye2020/decs_jupyter_lab/MedCLIP-SAMv2/data/MAS3K/extracted/MAS3K/img/Fish_1110.jpg,
/home/woojye2020/decs_jupyter_lab/MedCLIP-SAMv2/data/MAS3K/positive_images/Fish_1113.jpg,Fish_1113.jpg,Fish,9,There is an fish present in the scene.,original,Fish,10,/home/woojye2020/decs_jupyter_lab/MedCLIP-SAMv2/data/MAS3K/extracted/MAS3K/img/Fish_1113.jpg,
/home/woojye2020/decs_jupyter_lab/MedCLIP-SAMv2/data/MAS3K/positive_images/Fish_1114.jpg,Fish_1114.jpg,Fish,9,There is an fish present in the scene.,original,Fish,10,/home/woojye2020/decs_jupyter_lab/MedCLIP-SAMv2/data/MAS3K/extracted/MAS3K/img/Fish_1114.jpg,
/home/woojye2020/decs_jupyter_lab/MedCLIP-SAMv2/data/MAS3K/positive_images/Fish_1124.jpg,Fish_1124.jpg,Fish,9,There is an fish present in the scene.,original,Fish,10,/home/woojye2020/decs_jupyter_lab/MedCLIP-SAMv2/data/MAS3K/extracted/MAS3K/img/Fish_1124.jpg,
/home/woojye2020/decs_jupyter_lab/MedCLIP-SAMv2/data/MAS3K/positive_images/Fish_1134.jpg,Fish_1134.jpg,Fish,9,There is an fish present in the scene.,original,Fish,10,/home/woojye2020/decs_jupyter_lab/MedCLIP-SAMv2/data/MAS3K/extracted/MAS3K/img/Fish_1134.jpg,
/home/woojye2020/decs_jupyter_lab/MedCLIP-SAMv2/data/MAS3K/positive_images/Fish_1137.jpg,Fish_1137.jpg,Fish,9,There is an fish present in the scene.,original,Fish,10,/home/woojye2020/decs_jupyter_lab/MedCLIP-SAMv2/data/MAS3K/extracted/MAS3K/img/Fish_1137.jpg,
/home/woojye2020/decs_jupyter_lab/MedCLIP-SAMv2/data/MAS3K/positive_images/Fish_1145.jpg,Fish_1145.jpg,Fish,9,There is an fish present in the scene.,original,Fish,10,/home/woojye2020/decs_jupyter_lab/MedCLIP-SAMv2/data/MAS3K/extracted/MAS3K/img/Fish_1145.jpg,
/home/woojye2020/decs_jupyter_lab/MedCLIP-SAMv2/data/MAS3K/positive_images/Fish_1148.jpg,Fish_1148.jpg,Fish,9,There is an fish present in the scene.,original,Fish,10,/home/woojye2020/decs_jupyter_lab/MedCLIP-SAMv2/data/MAS3K/extracted/MAS3K/img/Fish_1148.jpg,
/home/woojye2020/decs_jupyter_lab/MedCLIP-SAMv2/data/MAS3K/positive_images/Fish_1151.jpg,Fish_1151.jpg,Fish,9,There is an fish present in the scene.,original,Fish,10,/home/woojye2020/decs_jupyter_lab/MedCLIP-SAMv2/data/MAS3K/extracted/MAS3K/img/Fish_1151.jpg,
/home/woojye2020/decs_jupyter_lab/MedCLIP-SAMv2/data/MAS3K/positive_images/Fish_1154.jpg,Fish_1154.jpg,Fish,9,There is an fish present in the scene.,original,Fish,10,/home/woojye2020/decs_jupyter_lab/MedCLIP-SAMv2/data/MAS3K/extracted/MAS3K/img/Fish_1154.jpg,
/home/woojye2020/decs_jupyter_lab/MedCLIP-SAMv2/data/MAS3K/positive_images/Fish_1157.jpg,Fish_1157.jpg,Fish,9,There is an fish present in the scene.,original,Fish,10,/home/woojye2020/decs_jupyter_lab/MedCLIP-SAMv2/data/MAS3K/extracted/MAS3K/img/Fish_1157.jpg,
/home/woojye2020/decs_jupyter_lab/MedCLIP-SAMv2/data/MAS3K/positive_images/Fish_1161.jpg,Fish_1161.jpg,Fish,9,There is an fish present in the scene.,original,Fish,10,/home/woojye2020/decs_jupyter_lab/MedCLIP-SAMv2/data/MAS3K/extracted/MAS3K/img/Fish_1161.jpg,
/home/woojye2020/decs_jupyter_lab/MedCLIP-SAMv2/data/MAS3K/positive_images/Fish_1175.jpg,Fish_1175.jpg,Fish,9,There is an fish present in the scene.,original,Fish,10,/home/woojye2020/decs_jupyter_lab/MedCLIP-SAMv2/data/MAS3K/extracted/MAS3K/img/Fish_1175.jpg,
/home/woojye2020/decs_jupyter_lab/MedCLIP-SAMv2/data/MAS3K/positive_images/Fish_1176.jpg,Fish_1176.jpg,Fish,9,There is an fish present in the scene.,original,Fish,10,/home/woojye2020/decs_jupyter_lab/MedCLIP-SAMv2/data/MAS3K/extracted/MAS3K/img/Fish_1176.jpg,
/home/woojye2020/decs_jupyter_lab/MedCLIP-SAMv2/data/MAS3K/positive_images/Fish_1177.jpg,Fish_1177.jpg,Fish,9,There is an fish present in the scene.,original,Fish,10,/home/woojye2020/decs_jupyter_lab/MedCLIP-SAMv2/data/MAS3K/extracted/MAS3K/img/Fish_1177.jpg,
/home/woojye2020/decs_jupyter_lab/MedCLIP-SAMv2/data/MAS3K/positive_images/Fish_1179.jpg,Fish_1179.jpg,Fish,9,There is an fish present in the scene.,original,Fish,10,/home/woojye2020/decs_jupyter_lab/MedCLIP-SAMv2/data/MAS3K/extracted/MAS3K/img/Fish_1179.jpg,
/home/woojye2020/decs_jupyter_lab/MedCLIP-SAMv2/data/MAS3K/positive_images/Fish_1190.jpg,Fish_1190.jpg,Fish,9,There is an fish present in the scene.,original,Fish,10,/home/woojye2020/decs_jupyter_lab/MedCLIP-SAMv2/data/MAS3K/extracted/MAS3K/img/Fish_1190.jpg,
/home/woojye2020/decs_jupyter_lab/MedCLIP-SAMv2/data/MAS3K/positive_images/Fish_1193.jpg,Fish_1193.jpg,Fish,9,There is an fish present in the scene.,original,Fish,10,/home/woojye2020/decs_jupyter_lab/MedCLIP-SAMv2/data/MAS3K/extracted/MAS3K/img/Fish_1193.jpg,
/home/woojye2020/decs_jupyter_lab/MedCLIP-SAMv2/data/MAS3K/positive_images/Fish_1195.jpg,Fish_1195.jpg,Fish,9,There is an fish present in the scene.,original,Fish,10,/home/woojye2020/decs_jupyter_lab/MedCLIP-SAMv2/data/MAS3K/extracted/MAS3K/img/Fish_1195.jpg,
/home/woojye2020/decs_jupyter_lab/MedCLIP-SAMv2/data/MAS3K/positive_images/Fish_1202.jpg,Fish_1202.jpg,Fish,9,There is an fish present in the scene.,original,Fish,10,/home/woojye2020/decs_jupyter_lab/MedCLIP-SAMv2/data/MAS3K/extracted/MAS3K/img/Fish_1202.jpg,
/home/woojye2020/decs_jupyter_lab/MedCLIP-SAMv2/data/MAS3K/positive_images/Fish_1215.jpg,Fish_1215.jpg,Fish,9,There is an fish present in the scene.,original,Fish,10,/home/woojye2020/decs_jupyter_lab/MedCLIP-SAMv2/data/MAS3K/extracted/MAS3K/img/Fish_1215.jpg,
/home/woojye2020/decs_jupyter_lab/MedCLIP-SAMv2/data/MAS3K/positive_images/Fish_1229.jpg,Fish_1229.jpg,Fish,9,There is an fish present in the scene.,original,Fish,10,/home/woojye2020/decs_jupyter_lab/MedCLIP-SAMv2/data/MAS3K/extracted/MAS3K/img/Fish_1229.jpg,
/home/woojye2020/decs_jupyter_lab/MedCLIP-SAMv2/data/MAS3K/positive_images/Fish_1230.jpg,Fish_1230.jpg,Fish,9,There is an fish present in the scene.,original,Fish,10,/home/woojye2020/decs_jupyter_lab/MedCLIP-SAMv2/data/MAS3K/extracted/MAS3K/img/Fish_1230.jpg,
/home/woojye2020/decs_jupyter_lab/MedCLIP-SAMv2/data/MAS3K/positive_images/Fish_1231.jpg,Fish_1231.jpg,Fish,9,There is an fish present in the scene.,original,Fish,10,/home/woojye2020/decs_jupyter_lab/MedCLIP-SAMv2/data/MAS3K/extracted/MAS3K/img/Fish_1231.jpg,
/home/woojye2020/decs_jupyter_lab/MedCLIP-SAMv2/data/MAS3K/positive_images/Fish_1234.jpg,Fish_1234.jpg,Fish,9,There is an fish present in the scene.,original,Fish,10,/home/woojye2020/decs_jupyter_lab/MedCLIP-SAMv2/data/MAS3K/extracted/MAS3K/img/Fish_1234.jpg,
/home/woojye2020/decs_jupyter_lab/MedCLIP-SAMv2/data/MAS3K/positive_images/Fish_1244.jpg,Fish_1244.jpg,Fish,9,There is an fish present in the scene.,original,Fish,10,/home/woojye2020/decs_jupyter_lab/MedCLIP-SAMv2/data/MAS3K/extracted/MAS3K/img/Fish_1244.jpg,
/home/woojye2020/decs_jupyter_lab/MedCLIP-SAMv2/data/MAS3K/positive_images/Fish_1254.jpg,Fish_1254.jpg,Fish,9,There is an fish present in the scene.,original,Fish,10,/home/woojye2020/decs_jupyter_lab/MedCLIP-SAMv2/data/MAS3K/extracted/MAS3K/img/Fish_1254.jpg,
/home/woojye2020/decs_jupyter_lab/MedCLIP-SAMv2/data/MAS3K/positive_images/Fish_1259.jpg,Fish_1259.jpg,Fish,9,There is an fish present in the scene.,original,Fish,10,/home/woojye2020/decs_jupyter_lab/MedCLIP-SAMv2/data/MAS3K/extracted/MAS3K/img/Fish_1259.jpg,
/home/woojye2020/decs_jupyter_lab/MedCLIP-SAMv2/data/MAS3K/positive_images/Fish_1263.jpg,Fish_1263.jpg,Fish,9,There is an fish present in the scene.,original,Fish,10,/home/woojye2020/decs_jupyter_lab/MedCLIP-SAMv2/data/MAS3K/extracted/MAS3K/img/Fish_1263.jpg,
/home/woojye2020/decs_jupyter_lab/MedCLIP-SAMv2/data/MAS3K/positive_images/Fish_1264.jpg,Fish_1264.jpg,Fish,9,There is an fish present in the scene.,original,Fish,10,/home/woojye2020/decs_jupyter_lab/MedCLIP-SAMv2/data/MAS3K/extracted/MAS3K/img/Fish_1264.jpg,
/home/woojye2020/decs_jupyter_lab/MedCLIP-SAMv2/data/MAS3K/positive_images/Fish_1265.jpg,Fish_1265.jpg,Fish,9,There is an fish present in the scene.,original,Fish,10,/home/woojye2020/decs_jupyter_lab/MedCLIP-SAMv2/data/MAS3K/extracted/MAS3K/img/Fish_1265.jpg,
/home/woojye2020/decs_jupyter_lab/MedCLIP-SAMv2/data/MAS3K/positive_images/Fish_1281.jpg,Fish_1281.jpg,Fish,9,There is an fish present in the scene.,original,Fish,10,/home/woojye2020/decs_jupyter_lab/MedCLIP-SAMv2/data/MAS3K/extracted/MAS3K/img/Fish_1281.jpg,
/home/woojye2020/decs_jupyter_lab/MedCLIP-SAMv2/data/MAS3K/positive_images/Fish_1290.jpg,Fish_1290.jpg,Fish,9,There is an fish present in the scene.,original,Fish,10,/home/woojye2020/decs_jupyter_lab/MedCLIP-SAMv2/data/MAS3K/extracted/MAS3K/img/Fish_1290.jpg,
/home/woojye2020/decs_jupyter_lab/MedCLIP-SAMv2/data/MAS3K/positive_images/Fish_1292.jpg,Fish_1292.jpg,Fish,9,There is an fish present in the scene.,original,Fish,10,/home/woojye2020/decs_jupyter_lab/MedCLIP-SAMv2/data/MAS3K/extracted/MAS3K/img/Fish_1292.jpg,
/home/woojye2020/decs_jupyter_lab/MedCLIP-SAMv2/data/MAS3K/positive_images/Fish_1295.jpg,Fish_1295.jpg,Fish,9,There is an fish present in the scene.,original,Fish,10,/home/woojye2020/decs_jupyter_lab/MedCLIP-SAMv2/data/MAS3K/extracted/MAS3K/img/Fish_1295.jpg,
/home/woojye2020/decs_jupyter_lab/MedCLIP-SAMv2/data/MAS3K/positive_images/Fish_1296.jpg,Fish_1296.jpg,Fish,9,There is an fish present in the scene.,original,Fish,10,/home/woojye2020/decs_jupyter_lab/MedCLIP-SAMv2/data/MAS3K/extracted/MAS3K/img/Fish_1296.jpg,
/home/woojye2020/decs_jupyter_lab/MedCLIP-SAMv2/data/MAS3K/positive_images/Fish_1297.jpg,Fish_1297.jpg,Fish,9,There is an fish present in the scene.,original,Fish,10,/home/woojye2020/decs_jupyter_lab/MedCLIP-SAMv2/data/MAS3K/extracted/MAS3K/img/Fish_1297.jpg,
/home/woojye2020/decs_jupyter_lab/MedCLIP-SAMv2/data/MAS3K/positive_images/Fish_1302.jpg,Fish_1302.jpg,Fish,9,There is an fish present in the scene.,original,Fish,10,/home/woojye2020/decs_jupyter_lab/MedCLIP-SAMv2/data/MAS3K/extracted/MAS3K/img/Fish_1302.jpg,
/home/woojye2020/decs_jupyter_lab/MedCLIP-SAMv2/data/MAS3K/positive_images/Fish_1303.jpg,Fish_1303.jpg,Fish,9,There is an fish present in the scene.,original,Fish,10,/home/woojye2020/decs_jupyter_lab/MedCLIP-SAMv2/data/MAS3K/extracted/MAS3K/img/Fish_1303.jpg,
/home/woojye2020/decs_jupyter_lab/MedCLIP-SAMv2/data/MAS3K/positive_images/Fish_1315.jpg,Fish_1315.jpg,Fish,9,There is an fish present in the scene.,original,Fish,10,/home/woojye2020/decs_jupyter_lab/MedCLIP-SAMv2/data/MAS3K/extracted/MAS3K/img/Fish_1315.jpg,
/home/woojye2020/decs_jupyter_lab/MedCLIP-SAMv2/data/MAS3K/positive_images/Fish_1324.jpg,Fish_1324.jpg,Fish,9,There is an fish present in the scene.,original,Fish,10,/home/woojye2020/decs_jupyter_lab/MedCLIP-SAMv2/data/MAS3K/extracted/MAS3K/img/Fish_1324.jpg,
/home/woojye2020/decs_jupyter_lab/MedCLIP-SAMv2/data/MAS3K/positive_images/Fish_1329.jpg,Fish_1329.jpg,Fish,9,There is an fish present in the scene.,original,Fish,10,/home/woojye2020/decs_jupyter_lab/MedCLIP-SAMv2/data/MAS3K/extracted/MAS3K/img/Fish_1329.jpg,
/home/woojye2020/decs_jupyter_lab/MedCLIP-SAMv2/data/MAS3K/positive_images/Fish_1330.jpg,Fish_1330.jpg,Fish,9,There is an fish present in the scene.,original,Fish,10,/home/woojye2020/decs_jupyter_lab/MedCLIP-SAMv2/data/MAS3K/extracted/MAS3K/img/Fish_1330.jpg,
/home/woojye2020/decs_jupyter_lab/MedCLIP-SAMv2/data/MAS3K/positive_images/Fish_1331.jpg,Fish_1331.jpg,Fish,9,There is an fish present in the scene.,original,Fish,10,/home/woojye2020/decs_jupyter_lab/MedCLIP-SAMv2/data/MAS3K/extracted/MAS3K/img/Fish_1331.jpg,
/home/woojye2020/decs_jupyter_lab/MedCLIP-SAMv2/data/MAS3K/positive_images/Fish_1340.jpg,Fish_1340.jpg,Fish,9,There is an fish present in the scene.,original,Fish,10,/home/woojye2020/decs_jupyter_lab/MedCLIP-SAMv2/data/MAS3K/extracted/MAS3K/img/Fish_1340.jpg,
/home/woojye2020/decs_jupyter_lab/MedCLIP-SAMv2/data/MAS3K/positive_images/Fish_1343.jpg,Fish_1343.jpg,Fish,9,There is an fish present in the scene.,original,Fish,10,/home/woojye2020/decs_jupyter_lab/MedCLIP-SAMv2/data/MAS3K/extracted/MAS3K/img/Fish_1343.jpg,
/home/woojye2020/decs_jupyter_lab/MedCLIP-SAMv2/data/MAS3K/positive_images/Fish_1344.jpg,Fish_1344.jpg,Fish,9,There is an fish present in the scene.,original,Fish,10,/home/woojye2020/decs_jupyter_lab/MedCLIP-SAMv2/data/MAS3K/extracted/MAS3K/img/Fish_1344.jpg,
/home/woojye2020/decs_jupyter_lab/MedCLIP-SAMv2/data/MAS3K/positive_images/Fish_1348.jpg,Fish_1348.jpg,Fish,9,There is an fish present in the scene.,original,Fish,10,/home/woojye2020/decs_jupyter_lab/MedCLIP-SAMv2/data/MAS3K/extracted/MAS3K/img/Fish_1348.jpg,
/home/woojye2020/decs_jupyter_lab/MedCLIP-SAMv2/data/MAS3K/positive_images/Fish_1363.jpg,Fish_1363.jpg,Fish,9,There is an fish present in the scene.,original,Fish,10,/home/woojye2020/decs_jupyter_lab/MedCLIP-SAMv2/data/MAS3K/extracted/MAS3K/img/Fish_1363.jpg,
/home/woojye2020/decs_jupyter_lab/MedCLIP-SAMv2/data/MAS3K/positive_images/Fish_1368.jpg,Fish_1368.jpg,Fish,9,There is an fish present in the scene.,original,Fish,10,/home/woojye2020/decs_jupyter_lab/MedCLIP-SAMv2/data/MAS3K/extracted/MAS3K/img/Fish_1368.jpg,
/home/woojye2020/decs_jupyter_lab/MedCLIP-SAMv2/data/MAS3K/positive_images/Fish_1370.jpg,Fish_1370.jpg,Fish,9,There is an fish present in the scene.,original,Fish,10,/home/woojye2020/decs_jupyter_lab/MedCLIP-SAMv2/data/MAS3K/extracted/MAS3K/img/Fish_1370.jpg,
/home/woojye2020/decs_jupyter_lab/MedCLIP-SAMv2/data/MAS3K/positive_images/Fish_1373.jpg,Fish_1373.jpg,Fish,9,There is an fish present in the scene.,original,Fish,10,/home/woojye2020/decs_jupyter_lab/MedCLIP-SAMv2/data/MAS3K/extracted/MAS3K/img/Fish_1373.jpg,
/home/woojye2020/decs_jupyter_lab/MedCLIP-SAMv2/data/MAS3K/positive_images/Fish_1380.jpg,Fish_1380.jpg,Fish,9,There is an fish present in the scene.,original,Fish,10,/home/woojye2020/decs_jupyter_lab/MedCLIP-SAMv2/data/MAS3K/extracted/MAS3K/img/Fish_1380.jpg,
/home/woojye2020/decs_jupyter_lab/MedCLIP-SAMv2/data/MAS3K/positive_images/Fish_1383.jpg,Fish_1383.jpg,Fish,9,There is an fish present in the scene.,original,Fish,10,/home/woojye2020/decs_jupyter_lab/MedCLIP-SAMv2/data/MAS3K/extracted/MAS3K/img/Fish_1383.jpg,
/home/woojye2020/decs_jupyter_lab/MedCLIP-SAMv2/data/MAS3K/positive_images/Fish_1392.jpg,Fish_1392.jpg,Fish,9,There is an fish present in the scene.,original,Fish,10,/home/woojye2020/decs_jupyter_lab/MedCLIP-SAMv2/data/MAS3K/extracted/MAS3K/img/Fish_1392.jpg,
/home/woojye2020/decs_jupyter_lab/MedCLIP-SAMv2/data/MAS3K/positive_images/Fish_1395.jpg,Fish_1395.jpg,Fish,9,There is an fish present in the scene.,original,Fish,10,/home/woojye2020/decs_jupyter_lab/MedCLIP-SAMv2/data/MAS3K/extracted/MAS3K/img/Fish_1395.jpg,
/home/woojye2020/decs_jupyter_lab/MedCLIP-SAMv2/data/MAS3K/positive_images/Fish_1398.jpg,Fish_1398.jpg,Fish,9,There is an fish present in the scene.,original,Fish,10,/home/woojye2020/decs_jupyter_lab/MedCLIP-SAMv2/data/MAS3K/extracted/MAS3K/img/Fish_1398.jpg,
/home/woojye2020/decs_jupyter_lab/MedCLIP-SAMv2/data/MAS3K/positive_images/Fish_1399.jpg,Fish_1399.jpg,Fish,9,There is an fish present in the scene.,original,Fish,10,/home/woojye2020/decs_jupyter_lab/MedCLIP-SAMv2/data/MAS3K/extracted/MAS3K/img/Fish_1399.jpg,
/home/woojye2020/decs_jupyter_lab/MedCLIP-SAMv2/data/MAS3K/positive_images/Fish_1401.jpg,Fish_1401.jpg,Fish,9,There is an fish present in the scene.,original,Fish,10,/home/woojye2020/decs_jupyter_lab/MedCLIP-SAMv2/data/MAS3K/extracted/MAS3K/img/Fish_1401.jpg,
/home/woojye2020/decs_jupyter_lab/MedCLIP-SAMv2/data/MAS3K/positive_images/Fish_1403.jpg,Fish_1403.jpg,Fish,9,There is an fish present in the scene.,original,Fish,10,/home/woojye2020/decs_jupyter_lab/MedCLIP-SAMv2/data/MAS3K/extracted/MAS3K/img/Fish_1403.jpg,
/home/woojye2020/decs_jupyter_lab/MedCLIP-SAMv2/data/MAS3K/positive_images/Fish_1410.jpg,Fish_1410.jpg,Fish,9,There is an fish present in the scene.,original,Fish,10,/home/woojye2020/decs_jupyter_lab/MedCLIP-SAMv2/data/MAS3K/extracted/MAS3K/img/Fish_1410.jpg,
/home/woojye2020/decs_jupyter_lab/MedCLIP-SAMv2/data/MAS3K/positive_images/Fish_1412.jpg,Fish_1412.jpg,Fish,9,There is an fish present in the scene.,original,Fish,10,/home/woojye2020/decs_jupyter_lab/MedCLIP-SAMv2/data/MAS3K/extracted/MAS3K/img/Fish_1412.jpg,
/home/woojye2020/decs_jupyter_lab/MedCLIP-SAMv2/data/MAS3K/positive_images/Fish_1414.jpg,Fish_1414.jpg,Fish,9,There is an fish present in the scene.,original,Fish,10,/home/woojye2020/decs_jupyter_lab/MedCLIP-SAMv2/data/MAS3K/extracted/MAS3K/img/Fish_1414.jpg,
/home/woojye2020/decs_jupyter_lab/MedCLIP-SAMv2/data/MAS3K/positive_images/Fish_1415.jpg,Fish_1415.jpg,Fish,9,There is an fish present in the scene.,original,Fish,10,/home/woojye2020/decs_jupyter_lab/MedCLIP-SAMv2/data/MAS3K/extracted/MAS3K/img/Fish_1415.jpg,
/home/woojye2020/decs_jupyter_lab/MedCLIP-SAMv2/data/MAS3K/positive_images/Fish_1419.jpg,Fish_1419.jpg,Fish,9,There is an fish present in the scene.,original,Fish,10,/home/woojye2020/decs_jupyter_lab/MedCLIP-SAMv2/data/MAS3K/extracted/MAS3K/img/Fish_1419.jpg,
/home/woojye2020/decs_jupyter_lab/MedCLIP-SAMv2/data/MAS3K/positive_images/Fish_1432.jpg,Fish_1432.jpg,Fish,9,There is an fish present in the scene.,original,Fish,10,/home/woojye2020/decs_jupyter_lab/MedCLIP-SAMv2/data/MAS3K/extracted/MAS3K/img/Fish_1432.jpg,
/home/woojye2020/decs_jupyter_lab/MedCLIP-SAMv2/data/MAS3K/positive_images/Fish_1434.jpg,Fish_1434.jpg,Fish,9,There is an fish present in the scene.,original,Fish,10,/home/woojye2020/decs_jupyter_lab/MedCLIP-SAMv2/data/MAS3K/extracted/MAS3K/img/Fish_1434.jpg,
/home/woojye2020/decs_jupyter_lab/MedCLIP-SAMv2/data/MAS3K/positive_images/Fish_1435.jpg,Fish_1435.jpg,Fish,9,There is an fish present in the scene.,original,Fish,10,/home/woojye2020/decs_jupyter_lab/MedCLIP-SAMv2/data/MAS3K/extracted/MAS3K/img/Fish_1435.jpg,
/home/woojye2020/decs_jupyter_lab/MedCLIP-SAMv2/data/MAS3K/positive_images/Flounder_1441.jpg,Flounder_1441.jpg,Flounder,10,There is an flounder present in the scene.,original,Flounder,11,/home/woojye2020/decs_jupyter_lab/MedCLIP-SAMv2/data/MAS3K/extracted/MAS3K/img/Flounder_1441.jpg,
/home/woojye2020/decs_jupyter_lab/MedCLIP-SAMv2/data/MAS3K/positive_images/Flounder_1450.jpg,Flounder_1450.jpg,Flounder,10,There is an flounder present in the scene.,original,Flounder,11,/home/woojye2020/decs_jupyter_lab/MedCLIP-SAMv2/data/MAS3K/extracted/MAS3K/img/Flounder_1450.jpg,
/home/woojye2020/decs_jupyter_lab/MedCLIP-SAMv2/data/MAS3K/positive_images/Flounder_1451.jpg,Flounder_1451.jpg,Flounder,10,There is an flounder present in the scene.,original,Flounder,11,/home/woojye2020/decs_jupyter_lab/MedCLIP-SAMv2/data/MAS3K/extracted/MAS3K/img/Flounder_1451.jpg,
/home/woojye2020/decs_jupyter_lab/MedCLIP-SAMv2/data/MAS3K/positive_images/Flounder_1456.jpg,Flounder_1456.jpg,Flounder,10,There is an flounder present in the scene.,original,Flounder,11,/home/woojye2020/decs_jupyter_lab/MedCLIP-SAMv2/data/MAS3K/extracted/MAS3K/img/Flounder_1456.jpg,
/home/woojye2020/decs_jupyter_lab/MedCLIP-SAMv2/data/MAS3K/positive_images/Flounder_1458.jpg,Flounder_1458.jpg,Flounder,10,There is an flounder present in the scene.,original,Flounder,11,/home/woojye2020/decs_jupyter_lab/MedCLIP-SAMv2/data/MAS3K/extracted/MAS3K/img/Flounder_1458.jpg,
/home/woojye2020/decs_jupyter_lab/MedCLIP-SAMv2/data/MAS3K/positive_images/Flounder_1460.jpg,Flounder_1460.jpg,Flounder,10,There is an flounder present in the scene.,original,Flounder,11,/home/woojye2020/decs_jupyter_lab/MedCLIP-SAMv2/data/MAS3K/extracted/MAS3K/img/Flounder_1460.jpg,
/home/woojye2020/decs_jupyter_lab/MedCLIP-SAMv2/data/MAS3K/positive_images/Flounder_1463.jpg,Flounder_1463.jpg,Flounder,10,There is an flounder present in the scene.,original,Flounder,11,/home/woojye2020/decs_jupyter_lab/MedCLIP-SAMv2/data/MAS3K/extracted/MAS3K/img/Flounder_1463.jpg,
/home/woojye2020/decs_jupyter_lab/MedCLIP-SAMv2/data/MAS3K/positive_images/Flounder_1471.jpg,Flounder_1471.jpg,Flounder,10,There is an flounder present in the scene.,original,Flounder,11,/home/woojye2020/decs_jupyter_lab/MedCLIP-SAMv2/data/MAS3K/extracted/MAS3K/img/Flounder_1471.jpg,
/home/woojye2020/decs_jupyter_lab/MedCLIP-SAMv2/data/MAS3K/positive_images/Flounder_1495.jpg,Flounder_1495.jpg,Flounder,10,There is an flounder present in the scene.,original,Flounder,11,/home/woojye2020/decs_jupyter_lab/MedCLIP-SAMv2/data/MAS3K/extracted/MAS3K/img/Flounder_1495.jpg,
/home/woojye2020/decs_jupyter_lab/MedCLIP-SAMv2/data/MAS3K/positive_images/Flounder_1497.jpg,Flounder_1497.jpg,Flounder,10,There is an flounder present in the scene.,original,Flounder,11,/home/woojye2020/decs_jupyter_lab/MedCLIP-SAMv2/data/MAS3K/extracted/MAS3K/img/Flounder_1497.jpg,
/home/woojye2020/decs_jupyter_lab/MedCLIP-SAMv2/data/MAS3K/positive_images/Flounder_1498.jpg,Flounder_1498.jpg,Flounder,10,There is an flounder present in the scene.,original,Flounder,11,/home/woojye2020/decs_jupyter_lab/MedCLIP-SAMv2/data/MAS3K/extracted/MAS3K/img/Flounder_1498.jpg,
/home/woojye2020/decs_jupyter_lab/MedCLIP-SAMv2/data/MAS3K/positive_images/FrogFish_1988.jpg,FrogFish_1988.jpg,FrogFish,11,There is an frogfish present in the scene.,original,FrogFish,12,/home/woojye2020/decs_jupyter_lab/MedCLIP-SAMv2/data/MAS3K/extracted/MAS3K/img/FrogFish_1988.jpg,
/home/woojye2020/decs_jupyter_lab/MedCLIP-SAMv2/data/MAS3K/positive_images/FrogFish_1993.jpg,FrogFish_1993.jpg,FrogFish,11,There is an frogfish present in the scene.,original,FrogFish,12,/home/woojye2020/decs_jupyter_lab/MedCLIP-SAMv2/data/MAS3K/extracted/MAS3K/img/FrogFish_1993.jpg,
/home/woojye2020/decs_jupyter_lab/MedCLIP-SAMv2/data/MAS3K/positive_images/FrogFish_1997.jpg,FrogFish_1997.jpg,FrogFish,11,There is an frogfish present in the scene.,original,FrogFish,12,/home/woojye2020/decs_jupyter_lab/MedCLIP-SAMv2/data/MAS3K/extracted/MAS3K/img/FrogFish_1997.jpg,
/home/woojye2020/decs_jupyter_lab/MedCLIP-SAMv2/data/MAS3K/positive_images/GhostPipeFish_2003.jpg,GhostPipeFish_2003.jpg,GhostPipeFish,12,There is an ghost pipefish present in the scene.,original,GhostPipeFish,13,/home/woojye2020/decs_jupyter_lab/MedCLIP-SAMv2/data/MAS3K/extracted/MAS3K/img/GhostPipeFish_2003.jpg,
/home/woojye2020/decs_jupyter_lab/MedCLIP-SAMv2/data/MAS3K/positive_images/GhostPipeFish_2010.jpg,GhostPipeFish_2010.jpg,GhostPipeFish,12,There is an ghost pipefish present in the scene.,original,GhostPipeFish,13,/home/woojye2020/decs_jupyter_lab/MedCLIP-SAMv2/data/MAS3K/extracted/MAS3K/img/GhostPipeFish_2010.jpg,
/home/woojye2020/decs_jupyter_lab/MedCLIP-SAMv2/data/MAS3K/positive_images/GhostPipeFish_2011.jpg,GhostPipeFish_2011.jpg,GhostPipeFish,12,There is an ghost pipefish present in the scene.,original,GhostPipeFish,13,/home/woojye2020/decs_jupyter_lab/MedCLIP-SAMv2/data/MAS3K/extracted/MAS3K/img/GhostPipeFish_2011.jpg,
/home/woojye2020/decs_jupyter_lab/MedCLIP-SAMv2/data/MAS3K/positive_images/GhostPipeFish_2012.jpg,GhostPipeFish_2012.jpg,GhostPipeFish,12,There is an ghost pipefish present in the scene.,original,GhostPipeFish,13,/home/woojye2020/decs_jupyter_lab/MedCLIP-SAMv2/data/MAS3K/extracted/MAS3K/img/GhostPipeFish_2012.jpg,
/home/woojye2020/decs_jupyter_lab/MedCLIP-SAMv2/data/MAS3K/positive_images/GhostPipeFish_2013.jpg,GhostPipeFish_2013.jpg,GhostPipeFish,12,There is an ghost pipefish present in the scene.,original,GhostPipeFish,13,/home/woojye2020/decs_jupyter_lab/MedCLIP-SAMv2/data/MAS3K/extracted/MAS3K/img/GhostPipeFish_2013.jpg,
/home/woojye2020/decs_jupyter_lab/MedCLIP-SAMv2/data/MAS3K/positive_images/GhostPipeFish_2015.jpg,GhostPipeFish_2015.jpg,GhostPipeFish,12,There is an ghost pipefish present in the scene.,original,GhostPipeFish,13,/home/woojye2020/decs_jupyter_lab/MedCLIP-SAMv2/data/MAS3K/extracted/MAS3K/img/GhostPipeFish_2015.jpg,
/home/woojye2020/decs_jupyter_lab/MedCLIP-SAMv2/data/MAS3K/positive_images/GhostPipeFish_2019.jpg,GhostPipeFish_2019.jpg,GhostPipeFish,12,There is an ghost pipefish present in the scene.,original,GhostPipeFish,13,/home/woojye2020/decs_jupyter_lab/MedCLIP-SAMv2/data/MAS3K/extracted/MAS3K/img/GhostPipeFish_2019.jpg,
/home/woojye2020/decs_jupyter_lab/MedCLIP-SAMv2/data/MAS3K/positive_images/GhostPipeFish_2023.jpg,GhostPipeFish_2023.jpg,GhostPipeFish,12,There is an ghost pipefish present in the scene.,original,GhostPipeFish,13,/home/woojye2020/decs_jupyter_lab/MedCLIP-SAMv2/data/MAS3K/extracted/MAS3K/img/GhostPipeFish_2023.jpg,
/home/woojye2020/decs_jupyter_lab/MedCLIP-SAMv2/data/MAS3K/positive_images/GhostPipeFish_2028.jpg,GhostPipeFish_2028.jpg,GhostPipeFish,12,There is an ghost pipefish present in the scene.,original,GhostPipeFish,13,/home/woojye2020/decs_jupyter_lab/MedCLIP-SAMv2/data/MAS3K/extracted/MAS3K/img/GhostPipeFish_2028.jpg,
/home/woojye2020/decs_jupyter_lab/MedCLIP-SAMv2/data/MAS3K/positive_images/GhostPipeFish_2034.jpg,GhostPipeFish_2034.jpg,GhostPipeFish,12,There is an ghost pipefish present in the scene.,original,GhostPipeFish,13,/home/woojye2020/decs_jupyter_lab/MedCLIP-SAMv2/data/MAS3K/extracted/MAS3K/img/GhostPipeFish_2034.jpg,
/home/woojye2020/decs_jupyter_lab/MedCLIP-SAMv2/data/MAS3K/positive_images/GhostPipeFish_2041.jpg,GhostPipeFish_2041.jpg,GhostPipeFish,12,There is an ghost pipefish present in the scene.,original,GhostPipeFish,13,/home/woojye2020/decs_jupyter_lab/MedCLIP-SAMv2/data/MAS3K/extracted/MAS3K/img/GhostPipeFish_2041.jpg,
/home/woojye2020/decs_jupyter_lab/MedCLIP-SAMv2/data/MAS3K/positive_images/GhostPipeFish_2055.jpg,GhostPipeFish_2055.jpg,GhostPipeFish,12,There is an ghost pipefish present in the scene.,original,GhostPipeFish,13,/home/woojye2020/decs_jupyter_lab/MedCLIP-SAMv2/data/MAS3K/extracted/MAS3K/img/GhostPipeFish_2055.jpg,
/home/woojye2020/decs_jupyter_lab/MedCLIP-SAMv2/data/MAS3K/positive_images/GhostPipeFish_2058.jpg,GhostPipeFish_2058.jpg,GhostPipeFish,12,There is an ghost pipefish present in the scene.,original,GhostPipeFish,13,/home/woojye2020/decs_jupyter_lab/MedCLIP-SAMv2/data/MAS3K/extracted/MAS3K/img/GhostPipeFish_2058.jpg,
/home/woojye2020/decs_jupyter_lab/MedCLIP-SAMv2/data/MAS3K/positive_images/GhostPipeFish_2061.jpg,GhostPipeFish_2061.jpg,GhostPipeFish,12,There is an ghost pipefish present in the scene.,original,GhostPipeFish,13,/home/woojye2020/decs_jupyter_lab/MedCLIP-SAMv2/data/MAS3K/extracted/MAS3K/img/GhostPipeFish_2061.jpg,
/home/woojye2020/decs_jupyter_lab/MedCLIP-SAMv2/data/MAS3K/positive_images/GhostPipeFish_2067.jpg,GhostPipeFish_2067.jpg,GhostPipeFish,12,There is an ghost pipefish present in the scene.,original,GhostPipeFish,13,/home/woojye2020/decs_jupyter_lab/MedCLIP-SAMv2/data/MAS3K/extracted/MAS3K/img/GhostPipeFish_2067.jpg,
/home/woojye2020/decs_jupyter_lab/MedCLIP-SAMv2/data/MAS3K/positive_images/GhostPipeFish_2068.jpg,GhostPipeFish_2068.jpg,GhostPipeFish,12,There is an ghost pipefish present in the scene.,original,GhostPipeFish,13,/home/woojye2020/decs_jupyter_lab/MedCLIP-SAMv2/data/MAS3K/extracted/MAS3K/img/GhostPipeFish_2068.jpg,
/home/woojye2020/decs_jupyter_lab/MedCLIP-SAMv2/data/MAS3K/positive_images/GhostPipeFish_2069.jpg,GhostPipeFish_2069.jpg,GhostPipeFish,12,There is an ghost pipefish present in the scene.,original,GhostPipeFish,13,/home/woojye2020/decs_jupyter_lab/MedCLIP-SAMv2/data/MAS3K/extracted/MAS3K/img/GhostPipeFish_2069.jpg,
/home/woojye2020/decs_jupyter_lab/MedCLIP-SAMv2/data/MAS3K/positive_images/GhostPipeFish_2085.jpg,GhostPipeFish_2085.jpg,GhostPipeFish,12,There is an ghost pipefish present in the scene.,original,GhostPipeFish,13,/home/woojye2020/decs_jupyter_lab/MedCLIP-SAMv2/data/MAS3K/extracted/MAS3K/img/GhostPipeFish_2085.jpg,
/home/woojye2020/decs_jupyter_lab/MedCLIP-SAMv2/data/MAS3K/positive_images/GhostPipeFish_2092.jpg,GhostPipeFish_2092.jpg,GhostPipeFish,12,There is an ghost pipefish present in the scene.,original,GhostPipeFish,13,/home/woojye2020/decs_jupyter_lab/MedCLIP-SAMv2/data/MAS3K/extracted/MAS3K/img/GhostPipeFish_2092.jpg,
/home/woojye2020/decs_jupyter_lab/MedCLIP-SAMv2/data/MAS3K/positive_images/GhostPipeFish_2101.jpg,GhostPipeFish_2101.jpg,GhostPipeFish,12,There is an ghost pipefish present in the scene.,original,GhostPipeFish,13,/home/woojye2020/decs_jupyter_lab/MedCLIP-SAMv2/data/MAS3K/extracted/MAS3K/img/GhostPipeFish_2101.jpg,
/home/woojye2020/decs_jupyter_lab/MedCLIP-SAMv2/data/MAS3K/positive_images/GhostPipeFish_2102.jpg,GhostPipeFish_2102.jpg,GhostPipeFish,12,There is an ghost pipefish present in the scene.,original,GhostPipeFish,13,/home/woojye2020/decs_jupyter_lab/MedCLIP-SAMv2/data/MAS3K/extracted/MAS3K/img/GhostPipeFish_2102.jpg,
/home/woojye2020/decs_jupyter_lab/MedCLIP-SAMv2/data/MAS3K/positive_images/GhostPipeFish_2103.jpg,GhostPipeFish_2103.jpg,GhostPipeFish,12,There is an ghost pipefish present in the scene.,original,GhostPipeFish,13,/home/woojye2020/decs_jupyter_lab/MedCLIP-SAMv2/data/MAS3K/extracted/MAS3K/img/GhostPipeFish_2103.jpg,
/home/woojye2020/decs_jupyter_lab/MedCLIP-SAMv2/data/MAS3K/positive_images/GhostPipeFish_2110.jpg,GhostPipeFish_2110.jpg,GhostPipeFish,12,There is an ghost pipefish present in the scene.,original,GhostPipeFish,13,/home/woojye2020/decs_jupyter_lab/MedCLIP-SAMv2/data/MAS3K/extracted/MAS3K/img/GhostPipeFish_2110.jpg,
/home/woojye2020/decs_jupyter_lab/MedCLIP-SAMv2/data/MAS3K/positive_images/Grouper_1502.jpg,Grouper_1502.jpg,Grouper,13,There is an grouper present in the scene.,original,Grouper,14,/home/woojye2020/decs_jupyter_lab/MedCLIP-SAMv2/data/MAS3K/extracted/MAS3K/img/Grouper_1502.jpg,
/home/woojye2020/decs_jupyter_lab/MedCLIP-SAMv2/data/MAS3K/positive_images/Grouper_1503.jpg,Grouper_1503.jpg,Grouper,13,There is an grouper present in the scene.,original,Grouper,14,/home/woojye2020/decs_jupyter_lab/MedCLIP-SAMv2/data/MAS3K/extracted/MAS3K/img/Grouper_1503.jpg,
/home/woojye2020/decs_jupyter_lab/MedCLIP-SAMv2/data/MAS3K/positive_images/Grouper_1513.jpg,Grouper_1513.jpg,Grouper,13,There is an grouper present in the scene.,original,Grouper,14,/home/woojye2020/decs_jupyter_lab/MedCLIP-SAMv2/data/MAS3K/extracted/MAS3K/img/Grouper_1513.jpg,
/home/woojye2020/decs_jupyter_lab/MedCLIP-SAMv2/data/MAS3K/positive_images/Grouper_1514.jpg,Grouper_1514.jpg,Grouper,13,There is an grouper present in the scene.,original,Grouper,14,/home/woojye2020/decs_jupyter_lab/MedCLIP-SAMv2/data/MAS3K/extracted/MAS3K/img/Grouper_1514.jpg,
/home/woojye2020/decs_jupyter_lab/MedCLIP-SAMv2/data/MAS3K/positive_images/Grouper_1526.jpg,Grouper_1526.jpg,Grouper,13,There is an grouper present in the scene.,original,Grouper,14,/home/woojye2020/decs_jupyter_lab/MedCLIP-SAMv2/data/MAS3K/extracted/MAS3K/img/Grouper_1526.jpg,
/home/woojye2020/decs_jupyter_lab/MedCLIP-SAMv2/data/MAS3K/positive_images/Grouper_1531.jpg,Grouper_1531.jpg,Grouper,13,There is an grouper present in the scene.,original,Grouper,14,/home/woojye2020/decs_jupyter_lab/MedCLIP-SAMv2/data/MAS3K/extracted/MAS3K/img/Grouper_1531.jpg,
/home/woojye2020/decs_jupyter_lab/MedCLIP-SAMv2/data/MAS3K/positive_images/Grouper_1532.jpg,Grouper_1532.jpg,Grouper,13,There is an grouper present in the scene.,original,Grouper,14,/home/woojye2020/decs_jupyter_lab/MedCLIP-SAMv2/data/MAS3K/extracted/MAS3K/img/Grouper_1532.jpg,
/home/woojye2020/decs_jupyter_lab/MedCLIP-SAMv2/data/MAS3K/positive_images/Grouper_1541.jpg,Grouper_1541.jpg,Grouper,13,There is an grouper present in the scene.,original,Grouper,14,/home/woojye2020/decs_jupyter_lab/MedCLIP-SAMv2/data/MAS3K/extracted/MAS3K/img/Grouper_1541.jpg,
/home/woojye2020/decs_jupyter_lab/MedCLIP-SAMv2/data/MAS3K/positive_images/Grouper_1545.jpg,Grouper_1545.jpg,Grouper,13,There is an grouper present in the scene.,original,Grouper,14,/home/woojye2020/decs_jupyter_lab/MedCLIP-SAMv2/data/MAS3K/extracted/MAS3K/img/Grouper_1545.jpg,
/home/woojye2020/decs_jupyter_lab/MedCLIP-SAMv2/data/MAS3K/positive_images/Grouper_1548.jpg,Grouper_1548.jpg,Grouper,13,There is an grouper present in the scene.,original,Grouper,14,/home/woojye2020/decs_jupyter_lab/MedCLIP-SAMv2/data/MAS3K/extracted/MAS3K/img/Grouper_1548.jpg,
/home/woojye2020/decs_jupyter_lab/MedCLIP-SAMv2/data/MAS3K/positive_images/Grouper_1558.jpg,Grouper_1558.jpg,Grouper,13,There is an grouper present in the scene.,original,Grouper,14,/home/woojye2020/decs_jupyter_lab/MedCLIP-SAMv2/data/MAS3K/extracted/MAS3K/img/Grouper_1558.jpg,
/home/woojye2020/decs_jupyter_lab/MedCLIP-SAMv2/data/MAS3K/positive_images/Grouper_1561.jpg,Grouper_1561.jpg,Grouper,13,There is an grouper present in the scene.,original,Grouper,14,/home/woojye2020/decs_jupyter_lab/MedCLIP-SAMv2/data/MAS3K/extracted/MAS3K/img/Grouper_1561.jpg,
/home/woojye2020/decs_jupyter_lab/MedCLIP-SAMv2/data/MAS3K/positive_images/Grouper_1567.jpg,Grouper_1567.jpg,Grouper,13,There is an grouper present in the scene.,original,Grouper,14,/home/woojye2020/decs_jupyter_lab/MedCLIP-SAMv2/data/MAS3K/extracted/MAS3K/img/Grouper_1567.jpg,
/home/woojye2020/decs_jupyter_lab/MedCLIP-SAMv2/data/MAS3K/positive_images/Grouper_1568.jpg,Grouper_1568.jpg,Grouper,13,There is an grouper present in the scene.,original,Grouper,14,/home/woojye2020/decs_jupyter_lab/MedCLIP-SAMv2/data/MAS3K/extracted/MAS3K/img/Grouper_1568.jpg,
/home/woojye2020/decs_jupyter_lab/MedCLIP-SAMv2/data/MAS3K/positive_images/Grouper_1571.jpg,Grouper_1571.jpg,Grouper,13,There is an grouper present in the scene.,original,Grouper,14,/home/woojye2020/decs_jupyter_lab/MedCLIP-SAMv2/data/MAS3K/extracted/MAS3K/img/Grouper_1571.jpg,
/home/woojye2020/decs_jupyter_lab/MedCLIP-SAMv2/data/MAS3K/positive_images/Grouper_1578.jpg,Grouper_1578.jpg,Grouper,13,There is an grouper present in the scene.,original,Grouper,14,/home/woojye2020/decs_jupyter_lab/MedCLIP-SAMv2/data/MAS3K/extracted/MAS3K/img/Grouper_1578.jpg,
/home/woojye2020/decs_jupyter_lab/MedCLIP-SAMv2/data/MAS3K/positive_images/Grouper_1588.jpg,Grouper_1588.jpg,Grouper,13,There is an grouper present in the scene.,original,Grouper,14,/home/woojye2020/decs_jupyter_lab/MedCLIP-SAMv2/data/MAS3K/extracted/MAS3K/img/Grouper_1588.jpg,
/home/woojye2020/decs_jupyter_lab/MedCLIP-SAMv2/data/MAS3K/positive_images/Grouper_1591.jpg,Grouper_1591.jpg,Grouper,13,There is an grouper present in the scene.,original,Grouper,14,/home/woojye2020/decs_jupyter_lab/MedCLIP-SAMv2/data/MAS3K/extracted/MAS3K/img/Grouper_1591.jpg,
/home/woojye2020/decs_jupyter_lab/MedCLIP-SAMv2/data/MAS3K/positive_images/Grouper_1592.jpg,Grouper_1592.jpg,Grouper,13,There is an grouper present in the scene.,original,Grouper,14,/home/woojye2020/decs_jupyter_lab/MedCLIP-SAMv2/data/MAS3K/extracted/MAS3K/img/Grouper_1592.jpg,
/home/woojye2020/decs_jupyter_lab/MedCLIP-SAMv2/data/MAS3K/positive_images/Grouper_1601.jpg,Grouper_1601.jpg,Grouper,13,There is an grouper present in the scene.,original,Grouper,14,/home/woojye2020/decs_jupyter_lab/MedCLIP-SAMv2/data/MAS3K/extracted/MAS3K/img/Grouper_1601.jpg,
/home/woojye2020/decs_jupyter_lab/MedCLIP-SAMv2/data/MAS3K/positive_images/Grouper_1602.jpg,Grouper_1602.jpg,Grouper,13,There is an grouper present in the scene.,original,Grouper,14,/home/woojye2020/decs_jupyter_lab/MedCLIP-SAMv2/data/MAS3K/extracted/MAS3K/img/Grouper_1602.jpg,
/home/woojye2020/decs_jupyter_lab/MedCLIP-SAMv2/data/MAS3K/positive_images/Grouper_1607.jpg,Grouper_1607.jpg,Grouper,13,There is an grouper present in the scene.,original,Grouper,14,/home/woojye2020/decs_jupyter_lab/MedCLIP-SAMv2/data/MAS3K/extracted/MAS3K/img/Grouper_1607.jpg,
/home/woojye2020/decs_jupyter_lab/MedCLIP-SAMv2/data/MAS3K/positive_images/Grouper_1609.jpg,Grouper_1609.jpg,Grouper,13,There is an grouper present in the scene.,original,Grouper,14,/home/woojye2020/decs_jupyter_lab/MedCLIP-SAMv2/data/MAS3K/extracted/MAS3K/img/Grouper_1609.jpg,
/home/woojye2020/decs_jupyter_lab/MedCLIP-SAMv2/data/MAS3K/positive_images/Grouper_1610.jpg,Grouper_1610.jpg,Grouper,13,There is an grouper present in the scene.,original,Grouper,14,/home/woojye2020/decs_jupyter_lab/MedCLIP-SAMv2/data/MAS3K/extracted/MAS3K/img/Grouper_1610.jpg,
/home/woojye2020/decs_jupyter_lab/MedCLIP-SAMv2/data/MAS3K/positive_images/Grouper_1612.jpg,Grouper_1612.jpg,Grouper,13,There is an grouper present in the scene.,original,Grouper,14,/home/woojye2020/decs_jupyter_lab/MedCLIP-SAMv2/data/MAS3K/extracted/MAS3K/img/Grouper_1612.jpg,
/home/woojye2020/decs_jupyter_lab/MedCLIP-SAMv2/data/MAS3K/positive_images/Grouper_1614.jpg,Grouper_1614.jpg,Grouper,13,There is an grouper present in the scene.,original,Grouper,14,/home/woojye2020/decs_jupyter_lab/MedCLIP-SAMv2/data/MAS3K/extracted/MAS3K/img/Grouper_1614.jpg,
/home/woojye2020/decs_jupyter_lab/MedCLIP-SAMv2/data/MAS3K/positive_images/Grouper_1615.jpg,Grouper_1615.jpg,Grouper,13,There is an grouper present in the scene.,original,Grouper,14,/home/woojye2020/decs_jupyter_lab/MedCLIP-SAMv2/data/MAS3K/extracted/MAS3K/img/Grouper_1615.jpg,
/home/woojye2020/decs_jupyter_lab/MedCLIP-SAMv2/data/MAS3K/positive_images/Grouper_1624.jpg,Grouper_1624.jpg,Grouper,13,There is an grouper present in the scene.,original,Grouper,14,/home/woojye2020/decs_jupyter_lab/MedCLIP-SAMv2/data/MAS3K/extracted/MAS3K/img/Grouper_1624.jpg,
/home/woojye2020/decs_jupyter_lab/MedCLIP-SAMv2/data/MAS3K/positive_images/Grouper_1627.jpg,Grouper_1627.jpg,Grouper,13,There is an grouper present in the scene.,original,Grouper,14,/home/woojye2020/decs_jupyter_lab/MedCLIP-SAMv2/data/MAS3K/extracted/MAS3K/img/Grouper_1627.jpg,
/home/woojye2020/decs_jupyter_lab/MedCLIP-SAMv2/data/MAS3K/positive_images/Grouper_1628.jpg,Grouper_1628.jpg,Grouper,13,There is an grouper present in the scene.,original,Grouper,14,/home/woojye2020/decs_jupyter_lab/MedCLIP-SAMv2/data/MAS3K/extracted/MAS3K/img/Grouper_1628.jpg,
/home/woojye2020/decs_jupyter_lab/MedCLIP-SAMv2/data/MAS3K/positive_images/Grouper_1637.jpg,Grouper_1637.jpg,Grouper,13,There is an grouper present in the scene.,original,Grouper,14,/home/woojye2020/decs_jupyter_lab/MedCLIP-SAMv2/data/MAS3K/extracted/MAS3K/img/Grouper_1637.jpg,
/home/woojye2020/decs_jupyter_lab/MedCLIP-SAMv2/data/MAS3K/positive_images/Grouper_1639.jpg,Grouper_1639.jpg,Grouper,13,There is an grouper present in the scene.,original,Grouper,14,/home/woojye2020/decs_jupyter_lab/MedCLIP-SAMv2/data/MAS3K/extracted/MAS3K/img/Grouper_1639.jpg,
/home/woojye2020/decs_jupyter_lab/MedCLIP-SAMv2/data/MAS3K/positive_images/Grouper_1657.jpg,Grouper_1657.jpg,Grouper,13,There is an grouper present in the scene.,original,Grouper,14,/home/woojye2020/decs_jupyter_lab/MedCLIP-SAMv2/data/MAS3K/extracted/MAS3K/img/Grouper_1657.jpg,
/home/woojye2020/decs_jupyter_lab/MedCLIP-SAMv2/data/MAS3K/positive_images/Grouper_1663.jpg,Grouper_1663.jpg,Grouper,13,There is an grouper present in the scene.,original,Grouper,14,/home/woojye2020/decs_jupyter_lab/MedCLIP-SAMv2/data/MAS3K/extracted/MAS3K/img/Grouper_1663.jpg,
/home/woojye2020/decs_jupyter_lab/MedCLIP-SAMv2/data/MAS3K/positive_images/Grouper_1666.jpg,Grouper_1666.jpg,Grouper,13,There is an grouper present in the scene.,original,Grouper,14,/home/woojye2020/decs_jupyter_lab/MedCLIP-SAMv2/data/MAS3K/extracted/MAS3K/img/Grouper_1666.jpg,
/home/woojye2020/decs_jupyter_lab/MedCLIP-SAMv2/data/MAS3K/positive_images/Grouper_1671.jpg,Grouper_1671.jpg,Grouper,13,There is an grouper present in the scene.,original,Grouper,14,/home/woojye2020/decs_jupyter_lab/MedCLIP-SAMv2/data/MAS3K/extracted/MAS3K/img/Grouper_1671.jpg,
/home/woojye2020/decs_jupyter_lab/MedCLIP-SAMv2/data/MAS3K/positive_images/Grouper_1682.jpg,Grouper_1682.jpg,Grouper,13,There is an grouper present in the scene.,original,Grouper,14,/home/woojye2020/decs_jupyter_lab/MedCLIP-SAMv2/data/MAS3K/extracted/MAS3K/img/Grouper_1682.jpg,
/home/woojye2020/decs_jupyter_lab/MedCLIP-SAMv2/data/MAS3K/positive_images/Grouper_1684.jpg,Grouper_1684.jpg,Grouper,13,There is an grouper present in the scene.,original,Grouper,14,/home/woojye2020/decs_jupyter_lab/MedCLIP-SAMv2/data/MAS3K/extracted/MAS3K/img/Grouper_1684.jpg,
/home/woojye2020/decs_jupyter_lab/MedCLIP-SAMv2/data/MAS3K/positive_images/Grouper_1685.jpg,Grouper_1685.jpg,Grouper,13,There is an grouper present in the scene.,original,Grouper,14,/home/woojye2020/decs_jupyter_lab/MedCLIP-SAMv2/data/MAS3K/extracted/MAS3K/img/Grouper_1685.jpg,
/home/woojye2020/decs_jupyter_lab/MedCLIP-SAMv2/data/MAS3K/positive_images/Grouper_1691.jpg,Grouper_1691.jpg,Grouper,13,There is an grouper present in the scene.,original,Grouper,14,/home/woojye2020/decs_jupyter_lab/MedCLIP-SAMv2/data/MAS3K/extracted/MAS3K/img/Grouper_1691.jpg,
/home/woojye2020/decs_jupyter_lab/MedCLIP-SAMv2/data/MAS3K/positive_images/Grouper_1721.jpg,Grouper_1721.jpg,Grouper,13,There is an grouper present in the scene.,original,Grouper,14,/home/woojye2020/decs_jupyter_lab/MedCLIP-SAMv2/data/MAS3K/extracted/MAS3K/img/Grouper_1721.jpg,
/home/woojye2020/decs_jupyter_lab/MedCLIP-SAMv2/data/MAS3K/positive_images/Grouper_1725.jpg,Grouper_1725.jpg,Grouper,13,There is an grouper present in the scene.,original,Grouper,14,/home/woojye2020/decs_jupyter_lab/MedCLIP-SAMv2/data/MAS3K/extracted/MAS3K/img/Grouper_1725.jpg,
/home/woojye2020/decs_jupyter_lab/MedCLIP-SAMv2/data/MAS3K/positive_images/Grouper_1728.jpg,Grouper_1728.jpg,Grouper,13,There is an grouper present in the scene.,original,Grouper,14,/home/woojye2020/decs_jupyter_lab/MedCLIP-SAMv2/data/MAS3K/extracted/MAS3K/img/Grouper_1728.jpg,
/home/woojye2020/decs_jupyter_lab/MedCLIP-SAMv2/data/MAS3K/positive_images/Grouper_1729.jpg,Grouper_1729.jpg,Grouper,13,There is an grouper present in the scene.,original,Grouper,14,/home/woojye2020/decs_jupyter_lab/MedCLIP-SAMv2/data/MAS3K/extracted/MAS3K/img/Grouper_1729.jpg,
/home/woojye2020/decs_jupyter_lab/MedCLIP-SAMv2/data/MAS3K/positive_images/Grouper_1733.jpg,Grouper_1733.jpg,Grouper,13,There is an grouper present in the scene.,original,Grouper,14,/home/woojye2020/decs_jupyter_lab/MedCLIP-SAMv2/data/MAS3K/extracted/MAS3K/img/Grouper_1733.jpg,
/home/woojye2020/decs_jupyter_lab/MedCLIP-SAMv2/data/MAS3K/positive_images/Grouper_1739.jpg,Grouper_1739.jpg,Grouper,13,There is an grouper present in the scene.,original,Grouper,14,/home/woojye2020/decs_jupyter_lab/MedCLIP-SAMv2/data/MAS3K/extracted/MAS3K/img/Grouper_1739.jpg,
/home/woojye2020/decs_jupyter_lab/MedCLIP-SAMv2/data/MAS3K/positive_images/Grouper_1740.jpg,Grouper_1740.jpg,Grouper,13,There is an grouper present in the scene.,original,Grouper,14,/home/woojye2020/decs_jupyter_lab/MedCLIP-SAMv2/data/MAS3K/extracted/MAS3K/img/Grouper_1740.jpg,
/home/woojye2020/decs_jupyter_lab/MedCLIP-SAMv2/data/MAS3K/positive_images/Grouper_1742.jpg,Grouper_1742.jpg,Grouper,13,There is an grouper present in the scene.,original,Grouper,14,/home/woojye2020/decs_jupyter_lab/MedCLIP-SAMv2/data/MAS3K/extracted/MAS3K/img/Grouper_1742.jpg,
/home/woojye2020/decs_jupyter_lab/MedCLIP-SAMv2/data/MAS3K/positive_images/Grouper_1743.jpg,Grouper_1743.jpg,Grouper,13,There is an grouper present in the scene.,original,Grouper,14,/home/woojye2020/decs_jupyter_lab/MedCLIP-SAMv2/data/MAS3K/extracted/MAS3K/img/Grouper_1743.jpg,
/home/woojye2020/decs_jupyter_lab/MedCLIP-SAMv2/data/MAS3K/positive_images/Grouper_1744.jpg,Grouper_1744.jpg,Grouper,13,There is an grouper present in the scene.,original,Grouper,14,/home/woojye2020/decs_jupyter_lab/MedCLIP-SAMv2/data/MAS3K/extracted/MAS3K/img/Grouper_1744.jpg,
/home/woojye2020/decs_jupyter_lab/MedCLIP-SAMv2/data/MAS3K/positive_images/Grouper_1747.jpg,Grouper_1747.jpg,Grouper,13,There is an grouper present in the scene.,original,Grouper,14,/home/woojye2020/decs_jupyter_lab/MedCLIP-SAMv2/data/MAS3K/extracted/MAS3K/img/Grouper_1747.jpg,
/home/woojye2020/decs_jupyter_lab/MedCLIP-SAMv2/data/MAS3K/positive_images/Grouper_1748.jpg,Grouper_1748.jpg,Grouper,13,There is an grouper present in the scene.,original,Grouper,14,/home/woojye2020/decs_jupyter_lab/MedCLIP-SAMv2/data/MAS3K/extracted/MAS3K/img/Grouper_1748.jpg,
/home/woojye2020/decs_jupyter_lab/MedCLIP-SAMv2/data/MAS3K/positive_images/Grouper_1749.jpg,Grouper_1749.jpg,Grouper,13,There is an grouper present in the scene.,original,Grouper,14,/home/woojye2020/decs_jupyter_lab/MedCLIP-SAMv2/data/MAS3K/extracted/MAS3K/img/Grouper_1749.jpg,
/home/woojye2020/decs_jupyter_lab/MedCLIP-SAMv2/data/MAS3K/positive_images/Grouper_1750.jpg,Grouper_1750.jpg,Grouper,13,There is an grouper present in the scene.,original,Grouper,14,/home/woojye2020/decs_jupyter_lab/MedCLIP-SAMv2/data/MAS3K/extracted/MAS3K/img/Grouper_1750.jpg,
/home/woojye2020/decs_jupyter_lab/MedCLIP-SAMv2/data/MAS3K/positive_images/Grouper_1757.jpg,Grouper_1757.jpg,Grouper,13,There is an grouper present in the scene.,original,Grouper,14,/home/woojye2020/decs_jupyter_lab/MedCLIP-SAMv2/data/MAS3K/extracted/MAS3K/img/Grouper_1757.jpg,
/home/woojye2020/decs_jupyter_lab/MedCLIP-SAMv2/data/MAS3K/positive_images/Grouper_1764.jpg,Grouper_1764.jpg,Grouper,13,There is an grouper present in the scene.,original,Grouper,14,/home/woojye2020/decs_jupyter_lab/MedCLIP-SAMv2/data/MAS3K/extracted/MAS3K/img/Grouper_1764.jpg,
/home/woojye2020/decs_jupyter_lab/MedCLIP-SAMv2/data/MAS3K/positive_images/Grouper_1771.jpg,Grouper_1771.jpg,Grouper,13,There is an grouper present in the scene.,original,Grouper,14,/home/woojye2020/decs_jupyter_lab/MedCLIP-SAMv2/data/MAS3K/extracted/MAS3K/img/Grouper_1771.jpg,
/home/woojye2020/decs_jupyter_lab/MedCLIP-SAMv2/data/MAS3K/positive_images/Grouper_1784.jpg,Grouper_1784.jpg,Grouper,13,There is an grouper present in the scene.,original,Grouper,14,/home/woojye2020/decs_jupyter_lab/MedCLIP-SAMv2/data/MAS3K/extracted/MAS3K/img/Grouper_1784.jpg,
/home/woojye2020/decs_jupyter_lab/MedCLIP-SAMv2/data/MAS3K/positive_images/Grouper_1789.jpg,Grouper_1789.jpg,Grouper,13,There is an grouper present in the scene.,original,Grouper,14,/home/woojye2020/decs_jupyter_lab/MedCLIP-SAMv2/data/MAS3K/extracted/MAS3K/img/Grouper_1789.jpg,
/home/woojye2020/decs_jupyter_lab/MedCLIP-SAMv2/data/MAS3K/positive_images/Grouper_1790.jpg,Grouper_1790.jpg,Grouper,13,There is an grouper present in the scene.,original,Grouper,14,/home/woojye2020/decs_jupyter_lab/MedCLIP-SAMv2/data/MAS3K/extracted/MAS3K/img/Grouper_1790.jpg,
/home/woojye2020/decs_jupyter_lab/MedCLIP-SAMv2/data/MAS3K/positive_images/Grouper_1795.jpg,Grouper_1795.jpg,Grouper,13,There is an grouper present in the scene.,original,Grouper,14,/home/woojye2020/decs_jupyter_lab/MedCLIP-SAMv2/data/MAS3K/extracted/MAS3K/img/Grouper_1795.jpg,
/home/woojye2020/decs_jupyter_lab/MedCLIP-SAMv2/data/MAS3K/positive_images/Grouper_1811.jpg,Grouper_1811.jpg,Grouper,13,There is an grouper present in the scene.,original,Grouper,14,/home/woojye2020/decs_jupyter_lab/MedCLIP-SAMv2/data/MAS3K/extracted/MAS3K/img/Grouper_1811.jpg,
/home/woojye2020/decs_jupyter_lab/MedCLIP-SAMv2/data/MAS3K/positive_images/Grouper_1815.jpg,Grouper_1815.jpg,Grouper,13,There is an grouper present in the scene.,original,Grouper,14,/home/woojye2020/decs_jupyter_lab/MedCLIP-SAMv2/data/MAS3K/extracted/MAS3K/img/Grouper_1815.jpg,
/home/woojye2020/decs_jupyter_lab/MedCLIP-SAMv2/data/MAS3K/positive_images/Grouper_1821.jpg,Grouper_1821.jpg,Grouper,13,There is an grouper present in the scene.,original,Grouper,14,/home/woojye2020/decs_jupyter_lab/MedCLIP-SAMv2/data/MAS3K/extracted/MAS3K/img/Grouper_1821.jpg,
/home/woojye2020/decs_jupyter_lab/MedCLIP-SAMv2/data/MAS3K/positive_images/Grouper_1823.jpg,Grouper_1823.jpg,Grouper,13,There is an grouper present in the scene.,original,Grouper,14,/home/woojye2020/decs_jupyter_lab/MedCLIP-SAMv2/data/MAS3K/extracted/MAS3K/img/Grouper_1823.jpg,
/home/woojye2020/decs_jupyter_lab/MedCLIP-SAMv2/data/MAS3K/positive_images/Grouper_1831.jpg,Grouper_1831.jpg,Grouper,13,There is an grouper present in the scene.,original,Grouper,14,/home/woojye2020/decs_jupyter_lab/MedCLIP-SAMv2/data/MAS3K/extracted/MAS3K/img/Grouper_1831.jpg,
/home/woojye2020/decs_jupyter_lab/MedCLIP-SAMv2/data/MAS3K/positive_images/Grouper_1843.jpg,Grouper_1843.jpg,Grouper,13,There is an grouper present in the scene.,original,Grouper,14,/home/woojye2020/decs_jupyter_lab/MedCLIP-SAMv2/data/MAS3K/extracted/MAS3K/img/Grouper_1843.jpg,
/home/woojye2020/decs_jupyter_lab/MedCLIP-SAMv2/data/MAS3K/positive_images/Grouper_1845.jpg,Grouper_1845.jpg,Grouper,13,There is an grouper present in the scene.,original,Grouper,14,/home/woojye2020/decs_jupyter_lab/MedCLIP-SAMv2/data/MAS3K/extracted/MAS3K/img/Grouper_1845.jpg,
/home/woojye2020/decs_jupyter_lab/MedCLIP-SAMv2/data/MAS3K/positive_images/Grouper_1847.jpg,Grouper_1847.jpg,Grouper,13,There is an grouper present in the scene.,original,Grouper,14,/home/woojye2020/decs_jupyter_lab/MedCLIP-SAMv2/data/MAS3K/extracted/MAS3K/img/Grouper_1847.jpg,
/home/woojye2020/decs_jupyter_lab/MedCLIP-SAMv2/data/MAS3K/positive_images/Grouper_1849.jpg,Grouper_1849.jpg,Grouper,13,There is an grouper present in the scene.,original,Grouper,14,/home/woojye2020/decs_jupyter_lab/MedCLIP-SAMv2/data/MAS3K/extracted/MAS3K/img/Grouper_1849.jpg,
/home/woojye2020/decs_jupyter_lab/MedCLIP-SAMv2/data/MAS3K/positive_images/Grouper_1850.jpg,Grouper_1850.jpg,Grouper,13,There is an grouper present in the scene.,original,Grouper,14,/home/woojye2020/decs_jupyter_lab/MedCLIP-SAMv2/data/MAS3K/extracted/MAS3K/img/Grouper_1850.jpg,
/home/woojye2020/decs_jupyter_lab/MedCLIP-SAMv2/data/MAS3K/positive_images/Grouper_1851.jpg,Grouper_1851.jpg,Grouper,13,There is an grouper present in the scene.,original,Grouper,14,/home/woojye2020/decs_jupyter_lab/MedCLIP-SAMv2/data/MAS3K/extracted/MAS3K/img/Grouper_1851.jpg,
/home/woojye2020/decs_jupyter_lab/MedCLIP-SAMv2/data/MAS3K/positive_images/Grouper_1861.jpg,Grouper_1861.jpg,Grouper,13,There is an grouper present in the scene.,original,Grouper,14,/home/woojye2020/decs_jupyter_lab/MedCLIP-SAMv2/data/MAS3K/extracted/MAS3K/img/Grouper_1861.jpg,
/home/woojye2020/decs_jupyter_lab/MedCLIP-SAMv2/data/MAS3K/positive_images/Grouper_1863.jpg,Grouper_1863.jpg,Grouper,13,There is an grouper present in the scene.,original,Grouper,14,/home/woojye2020/decs_jupyter_lab/MedCLIP-SAMv2/data/MAS3K/extracted/MAS3K/img/Grouper_1863.jpg,
/home/woojye2020/decs_jupyter_lab/MedCLIP-SAMv2/data/MAS3K/positive_images/Grouper_1867.jpg,Grouper_1867.jpg,Grouper,13,There is an grouper present in the scene.,original,Grouper,14,/home/woojye2020/decs_jupyter_lab/MedCLIP-SAMv2/data/MAS3K/extracted/MAS3K/img/Grouper_1867.jpg,
/home/woojye2020/decs_jupyter_lab/MedCLIP-SAMv2/data/MAS3K/positive_images/Grouper_1868.jpg,Grouper_1868.jpg,Grouper,13,There is an grouper present in the scene.,original,Grouper,14,/home/woojye2020/decs_jupyter_lab/MedCLIP-SAMv2/data/MAS3K/extracted/MAS3K/img/Grouper_1868.jpg,
/home/woojye2020/decs_jupyter_lab/MedCLIP-SAMv2/data/MAS3K/positive_images/Grouper_1869.jpg,Grouper_1869.jpg,Grouper,13,There is an grouper present in the scene.,original,Grouper,14,/home/woojye2020/decs_jupyter_lab/MedCLIP-SAMv2/data/MAS3K/extracted/MAS3K/img/Grouper_1869.jpg,
/home/woojye2020/decs_jupyter_lab/MedCLIP-SAMv2/data/MAS3K/positive_images/Grouper_1873.jpg,Grouper_1873.jpg,Grouper,13,There is an grouper present in the scene.,original,Grouper,14,/home/woojye2020/decs_jupyter_lab/MedCLIP-SAMv2/data/MAS3K/extracted/MAS3K/img/Grouper_1873.jpg,
/home/woojye2020/decs_jupyter_lab/MedCLIP-SAMv2/data/MAS3K/positive_images/Grouper_1876.jpg,Grouper_1876.jpg,Grouper,13,There is an grouper present in the scene.,original,Grouper,14,/home/woojye2020/decs_jupyter_lab/MedCLIP-SAMv2/data/MAS3K/extracted/MAS3K/img/Grouper_1876.jpg,
/home/woojye2020/decs_jupyter_lab/MedCLIP-SAMv2/data/MAS3K/positive_images/Grouper_1879.jpg,Grouper_1879.jpg,Grouper,13,There is an grouper present in the scene.,original,Grouper,14,/home/woojye2020/decs_jupyter_lab/MedCLIP-SAMv2/data/MAS3K/extracted/MAS3K/img/Grouper_1879.jpg,
/home/woojye2020/decs_jupyter_lab/MedCLIP-SAMv2/data/MAS3K/positive_images/Grouper_1893.jpg,Grouper_1893.jpg,Grouper,13,There is an grouper present in the scene.,original,Grouper,14,/home/woojye2020/decs_jupyter_lab/MedCLIP-SAMv2/data/MAS3K/extracted/MAS3K/img/Grouper_1893.jpg,
/home/woojye2020/decs_jupyter_lab/MedCLIP-SAMv2/data/MAS3K/positive_images/Grouper_1897.jpg,Grouper_1897.jpg,Grouper,13,There is an grouper present in the scene.,original,Grouper,14,/home/woojye2020/decs_jupyter_lab/MedCLIP-SAMv2/data/MAS3K/extracted/MAS3K/img/Grouper_1897.jpg,
/home/woojye2020/decs_jupyter_lab/MedCLIP-SAMv2/data/MAS3K/positive_images/Grouper_1902.jpg,Grouper_1902.jpg,Grouper,13,There is an grouper present in the scene.,original,Grouper,14,/home/woojye2020/decs_jupyter_lab/MedCLIP-SAMv2/data/MAS3K/extracted/MAS3K/img/Grouper_1902.jpg,
/home/woojye2020/decs_jupyter_lab/MedCLIP-SAMv2/data/MAS3K/positive_images/Grouper_1903.jpg,Grouper_1903.jpg,Grouper,13,There is an grouper present in the scene.,original,Grouper,14,/home/woojye2020/decs_jupyter_lab/MedCLIP-SAMv2/data/MAS3K/extracted/MAS3K/img/Grouper_1903.jpg,
/home/woojye2020/decs_jupyter_lab/MedCLIP-SAMv2/data/MAS3K/positive_images/Grouper_1904.jpg,Grouper_1904.jpg,Grouper,13,There is an grouper present in the scene.,original,Grouper,14,/home/woojye2020/decs_jupyter_lab/MedCLIP-SAMv2/data/MAS3K/extracted/MAS3K/img/Grouper_1904.jpg,
/home/woojye2020/decs_jupyter_lab/MedCLIP-SAMv2/data/MAS3K/positive_images/Grouper_1916.jpg,Grouper_1916.jpg,Grouper,13,There is an grouper present in the scene.,original,Grouper,14,/home/woojye2020/decs_jupyter_lab/MedCLIP-SAMv2/data/MAS3K/extracted/MAS3K/img/Grouper_1916.jpg,
/home/woojye2020/decs_jupyter_lab/MedCLIP-SAMv2/data/MAS3K/positive_images/Grouper_1918.jpg,Grouper_1918.jpg,Grouper,13,There is an grouper present in the scene.,original,Grouper,14,/home/woojye2020/decs_jupyter_lab/MedCLIP-SAMv2/data/MAS3K/extracted/MAS3K/img/Grouper_1918.jpg,
/home/woojye2020/decs_jupyter_lab/MedCLIP-SAMv2/data/MAS3K/positive_images/Grouper_1923.jpg,Grouper_1923.jpg,Grouper,13,There is an grouper present in the scene.,original,Grouper,14,/home/woojye2020/decs_jupyter_lab/MedCLIP-SAMv2/data/MAS3K/extracted/MAS3K/img/Grouper_1923.jpg,
/home/woojye2020/decs_jupyter_lab/MedCLIP-SAMv2/data/MAS3K/positive_images/Grouper_1925.jpg,Grouper_1925.jpg,Grouper,13,There is an grouper present in the scene.,original,Grouper,14,/home/woojye2020/decs_jupyter_lab/MedCLIP-SAMv2/data/MAS3K/extracted/MAS3K/img/Grouper_1925.jpg,
/home/woojye2020/decs_jupyter_lab/MedCLIP-SAMv2/data/MAS3K/positive_images/Grouper_1927.jpg,Grouper_1927.jpg,Grouper,13,There is an grouper present in the scene.,original,Grouper,14,/home/woojye2020/decs_jupyter_lab/MedCLIP-SAMv2/data/MAS3K/extracted/MAS3K/img/Grouper_1927.jpg,
/home/woojye2020/decs_jupyter_lab/MedCLIP-SAMv2/data/MAS3K/positive_images/Grouper_1929.jpg,Grouper_1929.jpg,Grouper,13,There is an grouper present in the scene.,original,Grouper,14,/home/woojye2020/decs_jupyter_lab/MedCLIP-SAMv2/data/MAS3K/extracted/MAS3K/img/Grouper_1929.jpg,
/home/woojye2020/decs_jupyter_lab/MedCLIP-SAMv2/data/MAS3K/positive_images/Grouper_1939.jpg,Grouper_1939.jpg,Grouper,13,There is an grouper present in the scene.,original,Grouper,14,/home/woojye2020/decs_jupyter_lab/MedCLIP-SAMv2/data/MAS3K/extracted/MAS3K/img/Grouper_1939.jpg,
/home/woojye2020/decs_jupyter_lab/MedCLIP-SAMv2/data/MAS3K/positive_images/Grouper_1942.jpg,Grouper_1942.jpg,Grouper,13,There is an grouper present in the scene.,original,Grouper,14,/home/woojye2020/decs_jupyter_lab/MedCLIP-SAMv2/data/MAS3K/extracted/MAS3K/img/Grouper_1942.jpg,
/home/woojye2020/decs_jupyter_lab/MedCLIP-SAMv2/data/MAS3K/positive_images/JellyFish_309.jpg,JellyFish_309.jpg,JellyFish,14,There is an jellyfish present in the scene.,original,JellyFish,15,/home/woojye2020/decs_jupyter_lab/MedCLIP-SAMv2/data/MAS3K/extracted/MAS3K/img/JellyFish_309.jpg,
/home/woojye2020/decs_jupyter_lab/MedCLIP-SAMv2/data/MAS3K/positive_images/JellyFish_312.jpg,JellyFish_312.jpg,JellyFish,14,There is an jellyfish present in the scene.,original,JellyFish,15,/home/woojye2020/decs_jupyter_lab/MedCLIP-SAMv2/data/MAS3K/extracted/MAS3K/img/JellyFish_312.jpg,
/home/woojye2020/decs_jupyter_lab/MedCLIP-SAMv2/data/MAS3K/positive_images/JellyFish_315.jpg,JellyFish_315.jpg,JellyFish,14,There is an jellyfish present in the scene.,original,JellyFish,15,/home/woojye2020/decs_jupyter_lab/MedCLIP-SAMv2/data/MAS3K/extracted/MAS3K/img/JellyFish_315.jpg,
/home/woojye2020/decs_jupyter_lab/MedCLIP-SAMv2/data/MAS3K/positive_images/JellyFish_317.jpg,JellyFish_317.jpg,JellyFish,14,There is an jellyfish present in the scene.,original,JellyFish,15,/home/woojye2020/decs_jupyter_lab/MedCLIP-SAMv2/data/MAS3K/extracted/MAS3K/img/JellyFish_317.jpg,
/home/woojye2020/decs_jupyter_lab/MedCLIP-SAMv2/data/MAS3K/positive_images/JellyFish_319.jpg,JellyFish_319.jpg,JellyFish,14,There is an jellyfish present in the scene.,original,JellyFish,15,/home/woojye2020/decs_jupyter_lab/MedCLIP-SAMv2/data/MAS3K/extracted/MAS3K/img/JellyFish_319.jpg,
/home/woojye2020/decs_jupyter_lab/MedCLIP-SAMv2/data/MAS3K/positive_images/JellyFish_321.jpg,JellyFish_321.jpg,JellyFish,14,There is an jellyfish present in the scene.,original,JellyFish,15,/home/woojye2020/decs_jupyter_lab/MedCLIP-SAMv2/data/MAS3K/extracted/MAS3K/img/JellyFish_321.jpg,
/home/woojye2020/decs_jupyter_lab/MedCLIP-SAMv2/data/MAS3K/positive_images/JellyFish_322.jpg,JellyFish_322.jpg,JellyFish,14,There is an jellyfish present in the scene.,original,JellyFish,15,/home/woojye2020/decs_jupyter_lab/MedCLIP-SAMv2/data/MAS3K/extracted/MAS3K/img/JellyFish_322.jpg,
/home/woojye2020/decs_jupyter_lab/MedCLIP-SAMv2/data/MAS3K/positive_images/JellyFish_325.jpg,JellyFish_325.jpg,JellyFish,14,There is an jellyfish present in the scene.,original,JellyFish,15,/home/woojye2020/decs_jupyter_lab/MedCLIP-SAMv2/data/MAS3K/extracted/MAS3K/img/JellyFish_325.jpg,
/home/woojye2020/decs_jupyter_lab/MedCLIP-SAMv2/data/MAS3K/positive_images/JellyFish_327.jpg,JellyFish_327.jpg,JellyFish,14,There is an jellyfish present in the scene.,original,JellyFish,15,/home/woojye2020/decs_jupyter_lab/MedCLIP-SAMv2/data/MAS3K/extracted/MAS3K/img/JellyFish_327.jpg,
/home/woojye2020/decs_jupyter_lab/MedCLIP-SAMv2/data/MAS3K/positive_images/JellyFish_328.jpg,JellyFish_328.jpg,JellyFish,14,There is an jellyfish present in the scene.,original,JellyFish,15,/home/woojye2020/decs_jupyter_lab/MedCLIP-SAMv2/data/MAS3K/extracted/MAS3K/img/JellyFish_328.jpg,
/home/woojye2020/decs_jupyter_lab/MedCLIP-SAMv2/data/MAS3K/positive_images/JellyFish_331.jpg,JellyFish_331.jpg,JellyFish,14,There is an jellyfish present in the scene.,original,JellyFish,15,/home/woojye2020/decs_jupyter_lab/MedCLIP-SAMv2/data/MAS3K/extracted/MAS3K/img/JellyFish_331.jpg,
/home/woojye2020/decs_jupyter_lab/MedCLIP-SAMv2/data/MAS3K/positive_images/JellyFish_334.jpg,JellyFish_334.jpg,JellyFish,14,There is an jellyfish present in the scene.,original,JellyFish,15,/home/woojye2020/decs_jupyter_lab/MedCLIP-SAMv2/data/MAS3K/extracted/MAS3K/img/JellyFish_334.jpg,
/home/woojye2020/decs_jupyter_lab/MedCLIP-SAMv2/data/MAS3K/positive_images/JellyFish_335.jpg,JellyFish_335.jpg,JellyFish,14,There is an jellyfish present in the scene.,original,JellyFish,15,/home/woojye2020/decs_jupyter_lab/MedCLIP-SAMv2/data/MAS3K/extracted/MAS3K/img/JellyFish_335.jpg,
/home/woojye2020/decs_jupyter_lab/MedCLIP-SAMv2/data/MAS3K/positive_images/JellyFish_337.jpg,JellyFish_337.jpg,JellyFish,14,There is an jellyfish present in the scene.,original,JellyFish,15,/home/woojye2020/decs_jupyter_lab/MedCLIP-SAMv2/data/MAS3K/extracted/MAS3K/img/JellyFish_337.jpg,
/home/woojye2020/decs_jupyter_lab/MedCLIP-SAMv2/data/MAS3K/positive_images/JellyFish_339.jpg,JellyFish_339.jpg,JellyFish,14,There is an jellyfish present in the scene.,original,JellyFish,15,/home/woojye2020/decs_jupyter_lab/MedCLIP-SAMv2/data/MAS3K/extracted/MAS3K/img/JellyFish_339.jpg,
/home/woojye2020/decs_jupyter_lab/MedCLIP-SAMv2/data/MAS3K/positive_images/JellyFish_342.jpg,JellyFish_342.jpg,JellyFish,14,There is an jellyfish present in the scene.,original,JellyFish,15,/home/woojye2020/decs_jupyter_lab/MedCLIP-SAMv2/data/MAS3K/extracted/MAS3K/img/JellyFish_342.jpg,
/home/woojye2020/decs_jupyter_lab/MedCLIP-SAMv2/data/MAS3K/positive_images/JellyFish_343.jpg,JellyFish_343.jpg,JellyFish,14,There is an jellyfish present in the scene.,original,JellyFish,15,/home/woojye2020/decs_jupyter_lab/MedCLIP-SAMv2/data/MAS3K/extracted/MAS3K/img/JellyFish_343.jpg,
/home/woojye2020/decs_jupyter_lab/MedCLIP-SAMv2/data/MAS3K/positive_images/JellyFish_354.jpg,JellyFish_354.jpg,JellyFish,14,There is an jellyfish present in the scene.,original,JellyFish,15,/home/woojye2020/decs_jupyter_lab/MedCLIP-SAMv2/data/MAS3K/extracted/MAS3K/img/JellyFish_354.jpg,
/home/woojye2020/decs_jupyter_lab/MedCLIP-SAMv2/data/MAS3K/positive_images/LeafySeaDragon_1976.jpg,LeafySeaDragon_1976.jpg,LeafySeaDragon,15,There is an leafy seadragon present in the scene.,original,LeafySeaDragon,16,/home/woojye2020/decs_jupyter_lab/MedCLIP-SAMv2/data/MAS3K/extracted/MAS3K/img/LeafySeaDragon_1976.jpg,
/home/woojye2020/decs_jupyter_lab/MedCLIP-SAMv2/data/MAS3K/positive_images/LeafySeaDragon_1977.jpg,LeafySeaDragon_1977.jpg,LeafySeaDragon,15,There is an leafy seadragon present in the scene.,original,LeafySeaDragon,16,/home/woojye2020/decs_jupyter_lab/MedCLIP-SAMv2/data/MAS3K/extracted/MAS3K/img/LeafySeaDragon_1977.jpg,
/home/woojye2020/decs_jupyter_lab/MedCLIP-SAMv2/data/MAS3K/positive_images/LeafySeaDragon_1978.jpg,LeafySeaDragon_1978.jpg,LeafySeaDragon,15,There is an leafy seadragon present in the scene.,original,LeafySeaDragon,16,/home/woojye2020/decs_jupyter_lab/MedCLIP-SAMv2/data/MAS3K/extracted/MAS3K/img/LeafySeaDragon_1978.jpg,
/home/woojye2020/decs_jupyter_lab/MedCLIP-SAMv2/data/MAS3K/positive_images/MantaRay_2798.jpg,MantaRay_2798.jpg,MantaRay,16,There is an manta ray present in the scene.,original,MantaRay,18,/home/woojye2020/decs_jupyter_lab/MedCLIP-SAMv2/data/MAS3K/extracted/MAS3K/img/MantaRay_2798.jpg,
/home/woojye2020/decs_jupyter_lab/MedCLIP-SAMv2/data/MAS3K/positive_images/MantaRay_2799.jpg,MantaRay_2799.jpg,MantaRay,16,There is an manta ray present in the scene.,original,MantaRay,18,/home/woojye2020/decs_jupyter_lab/MedCLIP-SAMv2/data/MAS3K/extracted/MAS3K/img/MantaRay_2799.jpg,
/home/woojye2020/decs_jupyter_lab/MedCLIP-SAMv2/data/MAS3K/positive_images/MantaRay_2803.jpg,MantaRay_2803.jpg,MantaRay,16,There is an manta ray present in the scene.,original,MantaRay,18,/home/woojye2020/decs_jupyter_lab/MedCLIP-SAMv2/data/MAS3K/extracted/MAS3K/img/MantaRay_2803.jpg,
/home/woojye2020/decs_jupyter_lab/MedCLIP-SAMv2/data/MAS3K/positive_images/MantaRay_2804.jpg,MantaRay_2804.jpg,MantaRay,16,There is an manta ray present in the scene.,original,MantaRay,18,/home/woojye2020/decs_jupyter_lab/MedCLIP-SAMv2/data/MAS3K/extracted/MAS3K/img/MantaRay_2804.jpg,
/home/woojye2020/decs_jupyter_lab/MedCLIP-SAMv2/data/MAS3K/positive_images/MantaRay_2805.jpg,MantaRay_2805.jpg,MantaRay,16,There is an manta ray present in the scene.,original,MantaRay,18,/home/woojye2020/decs_jupyter_lab/MedCLIP-SAMv2/data/MAS3K/extracted/MAS3K/img/MantaRay_2805.jpg,
/home/woojye2020/decs_jupyter_lab/MedCLIP-SAMv2/data/MAS3K/positive_images/MantaRay_2809.jpg,MantaRay_2809.jpg,MantaRay,16,There is an manta ray present in the scene.,original,MantaRay,18,/home/woojye2020/decs_jupyter_lab/MedCLIP-SAMv2/data/MAS3K/extracted/MAS3K/img/MantaRay_2809.jpg,
/home/woojye2020/decs_jupyter_lab/MedCLIP-SAMv2/data/MAS3K/positive_images/MantaRay_2812.jpg,MantaRay_2812.jpg,MantaRay,16,There is an manta ray present in the scene.,original,MantaRay,18,/home/woojye2020/decs_jupyter_lab/MedCLIP-SAMv2/data/MAS3K/extracted/MAS3K/img/MantaRay_2812.jpg,
/home/woojye2020/decs_jupyter_lab/MedCLIP-SAMv2/data/MAS3K/positive_images/MorayEel_2843.jpg,MorayEel_2843.jpg,MorayEel,17,There is an moray eel present in the scene.,original,MorayEel,19,/home/woojye2020/decs_jupyter_lab/MedCLIP-SAMv2/data/MAS3K/extracted/MAS3K/img/MorayEel_2843.jpg,
/home/woojye2020/decs_jupyter_lab/MedCLIP-SAMv2/data/MAS3K/positive_images/MorayEel_2845.jpg,MorayEel_2845.jpg,MorayEel,17,There is an moray eel present in the scene.,original,MorayEel,19,/home/woojye2020/decs_jupyter_lab/MedCLIP-SAMv2/data/MAS3K/extracted/MAS3K/img/MorayEel_2845.jpg,
/home/woojye2020/decs_jupyter_lab/MedCLIP-SAMv2/data/MAS3K/positive_images/MorayEel_2846.jpg,MorayEel_2846.jpg,MorayEel,17,There is an moray eel present in the scene.,original,MorayEel,19,/home/woojye2020/decs_jupyter_lab/MedCLIP-SAMv2/data/MAS3K/extracted/MAS3K/img/MorayEel_2846.jpg,
/home/woojye2020/decs_jupyter_lab/MedCLIP-SAMv2/data/MAS3K/positive_images/MorayEel_2847.jpg,MorayEel_2847.jpg,MorayEel,17,There is an moray eel present in the scene.,original,MorayEel,19,/home/woojye2020/decs_jupyter_lab/MedCLIP-SAMv2/data/MAS3K/extracted/MAS3K/img/MorayEel_2847.jpg,
/home/woojye2020/decs_jupyter_lab/MedCLIP-SAMv2/data/MAS3K/positive_images/MorayEel_2858.jpg,MorayEel_2858.jpg,MorayEel,17,There is an moray eel present in the scene.,original,MorayEel,19,/home/woojye2020/decs_jupyter_lab/MedCLIP-SAMv2/data/MAS3K/extracted/MAS3K/img/MorayEel_2858.jpg,
/home/woojye2020/decs_jupyter_lab/MedCLIP-SAMv2/data/MAS3K/positive_images/MorayEel_2859.jpg,MorayEel_2859.jpg,MorayEel,17,There is an moray eel present in the scene.,original,MorayEel,19,/home/woojye2020/decs_jupyter_lab/MedCLIP-SAMv2/data/MAS3K/extracted/MAS3K/img/MorayEel_2859.jpg,
/home/woojye2020/decs_jupyter_lab/MedCLIP-SAMv2/data/MAS3K/positive_images/MorayEel_2860.jpg,MorayEel_2860.jpg,MorayEel,17,There is an moray eel present in the scene.,original,MorayEel,19,/home/woojye2020/decs_jupyter_lab/MedCLIP-SAMv2/data/MAS3K/extracted/MAS3K/img/MorayEel_2860.jpg,
/home/woojye2020/decs_jupyter_lab/MedCLIP-SAMv2/data/MAS3K/positive_images/MorayEel_2861.jpg,MorayEel_2861.jpg,MorayEel,17,There is an moray eel present in the scene.,original,MorayEel,19,/home/woojye2020/decs_jupyter_lab/MedCLIP-SAMv2/data/MAS3K/extracted/MAS3K/img/MorayEel_2861.jpg,
/home/woojye2020/decs_jupyter_lab/MedCLIP-SAMv2/data/MAS3K/positive_images/Octopus_107.jpg,Octopus_107.jpg,Octopus,18,There is an octopus present in the scene.,original,Octopus,20,/home/woojye2020/decs_jupyter_lab/MedCLIP-SAMv2/data/MAS3K/extracted/MAS3K/img/Octopus_107.jpg,
/home/woojye2020/decs_jupyter_lab/MedCLIP-SAMv2/data/MAS3K/positive_images/Octopus_109.jpg,Octopus_109.jpg,Octopus,18,There is an octopus present in the scene.,original,Octopus,20,/home/woojye2020/decs_jupyter_lab/MedCLIP-SAMv2/data/MAS3K/extracted/MAS3K/img/Octopus_109.jpg,
/home/woojye2020/decs_jupyter_lab/MedCLIP-SAMv2/data/MAS3K/positive_images/Octopus_113.jpg,Octopus_113.jpg,Octopus,18,There is an octopus present in the scene.,original,Octopus,20,/home/woojye2020/decs_jupyter_lab/MedCLIP-SAMv2/data/MAS3K/extracted/MAS3K/img/Octopus_113.jpg,
/home/woojye2020/decs_jupyter_lab/MedCLIP-SAMv2/data/MAS3K/positive_images/Octopus_117.jpg,Octopus_117.jpg,Octopus,18,There is an octopus present in the scene.,original,Octopus,20,/home/woojye2020/decs_jupyter_lab/MedCLIP-SAMv2/data/MAS3K/extracted/MAS3K/img/Octopus_117.jpg,
/home/woojye2020/decs_jupyter_lab/MedCLIP-SAMv2/data/MAS3K/positive_images/Octopus_123.jpg,Octopus_123.jpg,Octopus,18,There is an octopus present in the scene.,original,Octopus,20,/home/woojye2020/decs_jupyter_lab/MedCLIP-SAMv2/data/MAS3K/extracted/MAS3K/img/Octopus_123.jpg,
/home/woojye2020/decs_jupyter_lab/MedCLIP-SAMv2/data/MAS3K/positive_images/Octopus_128.jpg,Octopus_128.jpg,Octopus,18,There is an octopus present in the scene.,original,Octopus,20,/home/woojye2020/decs_jupyter_lab/MedCLIP-SAMv2/data/MAS3K/extracted/MAS3K/img/Octopus_128.jpg,
/home/woojye2020/decs_jupyter_lab/MedCLIP-SAMv2/data/MAS3K/positive_images/Octopus_136.jpg,Octopus_136.jpg,Octopus,18,There is an octopus present in the scene.,original,Octopus,20,/home/woojye2020/decs_jupyter_lab/MedCLIP-SAMv2/data/MAS3K/extracted/MAS3K/img/Octopus_136.jpg,
/home/woojye2020/decs_jupyter_lab/MedCLIP-SAMv2/data/MAS3K/positive_images/Octopus_143.jpg,Octopus_143.jpg,Octopus,18,There is an octopus present in the scene.,original,Octopus,20,/home/woojye2020/decs_jupyter_lab/MedCLIP-SAMv2/data/MAS3K/extracted/MAS3K/img/Octopus_143.jpg,
/home/woojye2020/decs_jupyter_lab/MedCLIP-SAMv2/data/MAS3K/positive_images/Octopus_145.jpg,Octopus_145.jpg,Octopus,18,There is an octopus present in the scene.,original,Octopus,20,/home/woojye2020/decs_jupyter_lab/MedCLIP-SAMv2/data/MAS3K/extracted/MAS3K/img/Octopus_145.jpg,
/home/woojye2020/decs_jupyter_lab/MedCLIP-SAMv2/data/MAS3K/positive_images/Octopus_146.jpg,Octopus_146.jpg,Octopus,18,There is an octopus present in the scene.,original,Octopus,20,/home/woojye2020/decs_jupyter_lab/MedCLIP-SAMv2/data/MAS3K/extracted/MAS3K/img/Octopus_146.jpg,
/home/woojye2020/decs_jupyter_lab/MedCLIP-SAMv2/data/MAS3K/positive_images/Octopus_149.jpg,Octopus_149.jpg,Octopus,18,There is an octopus present in the scene.,original,Octopus,20,/home/woojye2020/decs_jupyter_lab/MedCLIP-SAMv2/data/MAS3K/extracted/MAS3K/img/Octopus_149.jpg,
/home/woojye2020/decs_jupyter_lab/MedCLIP-SAMv2/data/MAS3K/positive_images/Octopus_166.jpg,Octopus_166.jpg,Octopus,18,There is an octopus present in the scene.,original,Octopus,20,/home/woojye2020/decs_jupyter_lab/MedCLIP-SAMv2/data/MAS3K/extracted/MAS3K/img/Octopus_166.jpg,
/home/woojye2020/decs_jupyter_lab/MedCLIP-SAMv2/data/MAS3K/positive_images/Octopus_169.jpg,Octopus_169.jpg,Octopus,18,There is an octopus present in the scene.,original,Octopus,20,/home/woojye2020/decs_jupyter_lab/MedCLIP-SAMv2/data/MAS3K/extracted/MAS3K/img/Octopus_169.jpg,
/home/woojye2020/decs_jupyter_lab/MedCLIP-SAMv2/data/MAS3K/positive_images/Octopus_171.jpg,Octopus_171.jpg,Octopus,18,There is an octopus present in the scene.,original,Octopus,20,/home/woojye2020/decs_jupyter_lab/MedCLIP-SAMv2/data/MAS3K/extracted/MAS3K/img/Octopus_171.jpg,
/home/woojye2020/decs_jupyter_lab/MedCLIP-SAMv2/data/MAS3K/positive_images/Octopus_175.jpg,Octopus_175.jpg,Octopus,18,There is an octopus present in the scene.,original,Octopus,20,/home/woojye2020/decs_jupyter_lab/MedCLIP-SAMv2/data/MAS3K/extracted/MAS3K/img/Octopus_175.jpg,
/home/woojye2020/decs_jupyter_lab/MedCLIP-SAMv2/data/MAS3K/positive_images/Octopus_178.jpg,Octopus_178.jpg,Octopus,18,There is an octopus present in the scene.,original,Octopus,20,/home/woojye2020/decs_jupyter_lab/MedCLIP-SAMv2/data/MAS3K/extracted/MAS3K/img/Octopus_178.jpg,
/home/woojye2020/decs_jupyter_lab/MedCLIP-SAMv2/data/MAS3K/positive_images/Octopus_182.jpg,Octopus_182.jpg,Octopus,18,There is an octopus present in the scene.,original,Octopus,20,/home/woojye2020/decs_jupyter_lab/MedCLIP-SAMv2/data/MAS3K/extracted/MAS3K/img/Octopus_182.jpg,
/home/woojye2020/decs_jupyter_lab/MedCLIP-SAMv2/data/MAS3K/positive_images/Pagurian_489.jpg,Pagurian_489.jpg,Pagurian,19,There is an pagurian present in the scene.,original,Pagurian,21,/home/woojye2020/decs_jupyter_lab/MedCLIP-SAMv2/data/MAS3K/extracted/MAS3K/img/Pagurian_489.jpg,
/home/woojye2020/decs_jupyter_lab/MedCLIP-SAMv2/data/MAS3K/positive_images/PipeFish_2111.jpg,PipeFish_2111.jpg,PipeFish,20,There is an pipefish present in the scene.,original,PipeFish,22,/home/woojye2020/decs_jupyter_lab/MedCLIP-SAMv2/data/MAS3K/extracted/MAS3K/img/PipeFish_2111.jpg,
/home/woojye2020/decs_jupyter_lab/MedCLIP-SAMv2/data/MAS3K/positive_images/PipeFish_2116.jpg,PipeFish_2116.jpg,PipeFish,20,There is an pipefish present in the scene.,original,PipeFish,22,/home/woojye2020/decs_jupyter_lab/MedCLIP-SAMv2/data/MAS3K/extracted/MAS3K/img/PipeFish_2116.jpg,
/home/woojye2020/decs_jupyter_lab/MedCLIP-SAMv2/data/MAS3K/positive_images/PipeFish_2118.jpg,PipeFish_2118.jpg,PipeFish,20,There is an pipefish present in the scene.,original,PipeFish,22,/home/woojye2020/decs_jupyter_lab/MedCLIP-SAMv2/data/MAS3K/extracted/MAS3K/img/PipeFish_2118.jpg,
/home/woojye2020/decs_jupyter_lab/MedCLIP-SAMv2/data/MAS3K/positive_images/PipeFish_2127.jpg,PipeFish_2127.jpg,PipeFish,20,There is an pipefish present in the scene.,original,PipeFish,22,/home/woojye2020/decs_jupyter_lab/MedCLIP-SAMv2/data/MAS3K/extracted/MAS3K/img/PipeFish_2127.jpg,
/home/woojye2020/decs_jupyter_lab/MedCLIP-SAMv2/data/MAS3K/positive_images/PipeFish_2131.jpg,PipeFish_2131.jpg,PipeFish,20,There is an pipefish present in the scene.,original,PipeFish,22,/home/woojye2020/decs_jupyter_lab/MedCLIP-SAMv2/data/MAS3K/extracted/MAS3K/img/PipeFish_2131.jpg,
/home/woojye2020/decs_jupyter_lab/MedCLIP-SAMv2/data/MAS3K/positive_images/PipeFish_2132.jpg,PipeFish_2132.jpg,PipeFish,20,There is an pipefish present in the scene.,original,PipeFish,22,/home/woojye2020/decs_jupyter_lab/MedCLIP-SAMv2/data/MAS3K/extracted/MAS3K/img/PipeFish_2132.jpg,
/home/woojye2020/decs_jupyter_lab/MedCLIP-SAMv2/data/MAS3K/positive_images/PipeFish_2138.jpg,PipeFish_2138.jpg,PipeFish,20,There is an pipefish present in the scene.,original,PipeFish,22,/home/woojye2020/decs_jupyter_lab/MedCLIP-SAMv2/data/MAS3K/extracted/MAS3K/img/PipeFish_2138.jpg,
/home/woojye2020/decs_jupyter_lab/MedCLIP-SAMv2/data/MAS3K/positive_images/PipeFish_2140.jpg,PipeFish_2140.jpg,PipeFish,20,There is an pipefish present in the scene.,original,PipeFish,22,/home/woojye2020/decs_jupyter_lab/MedCLIP-SAMv2/data/MAS3K/extracted/MAS3K/img/PipeFish_2140.jpg,
/home/woojye2020/decs_jupyter_lab/MedCLIP-SAMv2/data/MAS3K/positive_images/PipeFish_2148.jpg,PipeFish_2148.jpg,PipeFish,20,There is an pipefish present in the scene.,original,PipeFish,22,/home/woojye2020/decs_jupyter_lab/MedCLIP-SAMv2/data/MAS3K/extracted/MAS3K/img/PipeFish_2148.jpg,
/home/woojye2020/decs_jupyter_lab/MedCLIP-SAMv2/data/MAS3K/positive_images/PipeFish_2149.jpg,PipeFish_2149.jpg,PipeFish,20,There is an pipefish present in the scene.,original,PipeFish,22,/home/woojye2020/decs_jupyter_lab/MedCLIP-SAMv2/data/MAS3K/extracted/MAS3K/img/PipeFish_2149.jpg,
/home/woojye2020/decs_jupyter_lab/MedCLIP-SAMv2/data/MAS3K/positive_images/PipeFish_2150.jpg,PipeFish_2150.jpg,PipeFish,20,There is an pipefish present in the scene.,original,PipeFish,22,/home/woojye2020/decs_jupyter_lab/MedCLIP-SAMv2/data/MAS3K/extracted/MAS3K/img/PipeFish_2150.jpg,
/home/woojye2020/decs_jupyter_lab/MedCLIP-SAMv2/data/MAS3K/positive_images/PipeFish_2151.jpg,PipeFish_2151.jpg,PipeFish,20,There is an pipefish present in the scene.,original,PipeFish,22,/home/woojye2020/decs_jupyter_lab/MedCLIP-SAMv2/data/MAS3K/extracted/MAS3K/img/PipeFish_2151.jpg,
/home/woojye2020/decs_jupyter_lab/MedCLIP-SAMv2/data/MAS3K/positive_images/PipeFish_2152.jpg,PipeFish_2152.jpg,PipeFish,20,There is an pipefish present in the scene.,original,PipeFish,22,/home/woojye2020/decs_jupyter_lab/MedCLIP-SAMv2/data/MAS3K/extracted/MAS3K/img/PipeFish_2152.jpg,
/home/woojye2020/decs_jupyter_lab/MedCLIP-SAMv2/data/MAS3K/positive_images/PipeFish_2153.jpg,PipeFish_2153.jpg,PipeFish,20,There is an pipefish present in the scene.,original,PipeFish,22,/home/woojye2020/decs_jupyter_lab/MedCLIP-SAMv2/data/MAS3K/extracted/MAS3K/img/PipeFish_2153.jpg,
/home/woojye2020/decs_jupyter_lab/MedCLIP-SAMv2/data/MAS3K/positive_images/PipeFish_2165.jpg,PipeFish_2165.jpg,PipeFish,20,There is an pipefish present in the scene.,original,PipeFish,22,/home/woojye2020/decs_jupyter_lab/MedCLIP-SAMv2/data/MAS3K/extracted/MAS3K/img/PipeFish_2165.jpg,
/home/woojye2020/decs_jupyter_lab/MedCLIP-SAMv2/data/MAS3K/positive_images/PipeFish_2166.jpg,PipeFish_2166.jpg,PipeFish,20,There is an pipefish present in the scene.,original,PipeFish,22,/home/woojye2020/decs_jupyter_lab/MedCLIP-SAMv2/data/MAS3K/extracted/MAS3K/img/PipeFish_2166.jpg,
/home/woojye2020/decs_jupyter_lab/MedCLIP-SAMv2/data/MAS3K/positive_images/PipeFish_2174.jpg,PipeFish_2174.jpg,PipeFish,20,There is an pipefish present in the scene.,original,PipeFish,22,/home/woojye2020/decs_jupyter_lab/MedCLIP-SAMv2/data/MAS3K/extracted/MAS3K/img/PipeFish_2174.jpg,
/home/woojye2020/decs_jupyter_lab/MedCLIP-SAMv2/data/MAS3K/positive_images/PipeFish_2178.jpg,PipeFish_2178.jpg,PipeFish,20,There is an pipefish present in the scene.,original,PipeFish,22,/home/woojye2020/decs_jupyter_lab/MedCLIP-SAMv2/data/MAS3K/extracted/MAS3K/img/PipeFish_2178.jpg,
/home/woojye2020/decs_jupyter_lab/MedCLIP-SAMv2/data/MAS3K/positive_images/PipeFish_2183.jpg,PipeFish_2183.jpg,PipeFish,20,There is an pipefish present in the scene.,original,PipeFish,22,/home/woojye2020/decs_jupyter_lab/MedCLIP-SAMv2/data/MAS3K/extracted/MAS3K/img/PipeFish_2183.jpg,
/home/woojye2020/decs_jupyter_lab/MedCLIP-SAMv2/data/MAS3K/positive_images/PipeFish_2188.jpg,PipeFish_2188.jpg,PipeFish,20,There is an pipefish present in the scene.,original,PipeFish,22,/home/woojye2020/decs_jupyter_lab/MedCLIP-SAMv2/data/MAS3K/extracted/MAS3K/img/PipeFish_2188.jpg,
/home/woojye2020/decs_jupyter_lab/MedCLIP-SAMv2/data/MAS3K/positive_images/PipeFish_2192.jpg,PipeFish_2192.jpg,PipeFish,20,There is an pipefish present in the scene.,original,PipeFish,22,/home/woojye2020/decs_jupyter_lab/MedCLIP-SAMv2/data/MAS3K/extracted/MAS3K/img/PipeFish_2192.jpg,
/home/woojye2020/decs_jupyter_lab/MedCLIP-SAMv2/data/MAS3K/positive_images/PipeFish_2199.jpg,PipeFish_2199.jpg,PipeFish,20,There is an pipefish present in the scene.,original,PipeFish,22,/home/woojye2020/decs_jupyter_lab/MedCLIP-SAMv2/data/MAS3K/extracted/MAS3K/img/PipeFish_2199.jpg,
/home/woojye2020/decs_jupyter_lab/MedCLIP-SAMv2/data/MAS3K/positive_images/PipeFish_2202.jpg,PipeFish_2202.jpg,PipeFish,20,There is an pipefish present in the scene.,original,PipeFish,22,/home/woojye2020/decs_jupyter_lab/MedCLIP-SAMv2/data/MAS3K/extracted/MAS3K/img/PipeFish_2202.jpg,
/home/woojye2020/decs_jupyter_lab/MedCLIP-SAMv2/data/MAS3K/positive_images/PipeFish_2212.jpg,PipeFish_2212.jpg,PipeFish,20,There is an pipefish present in the scene.,original,PipeFish,22,/home/woojye2020/decs_jupyter_lab/MedCLIP-SAMv2/data/MAS3K/extracted/MAS3K/img/PipeFish_2212.jpg,
/home/woojye2020/decs_jupyter_lab/MedCLIP-SAMv2/data/MAS3K/positive_images/PipeFish_2218.jpg,PipeFish_2218.jpg,PipeFish,20,There is an pipefish present in the scene.,original,PipeFish,22,/home/woojye2020/decs_jupyter_lab/MedCLIP-SAMv2/data/MAS3K/extracted/MAS3K/img/PipeFish_2218.jpg,
/home/woojye2020/decs_jupyter_lab/MedCLIP-SAMv2/data/MAS3K/positive_images/PipeFish_2219.jpg,PipeFish_2219.jpg,PipeFish,20,There is an pipefish present in the scene.,original,PipeFish,22,/home/woojye2020/decs_jupyter_lab/MedCLIP-SAMv2/data/MAS3K/extracted/MAS3K/img/PipeFish_2219.jpg,
/home/woojye2020/decs_jupyter_lab/MedCLIP-SAMv2/data/MAS3K/positive_images/PipeFish_2220.jpg,PipeFish_2220.jpg,PipeFish,20,There is an pipefish present in the scene.,original,PipeFish,22,/home/woojye2020/decs_jupyter_lab/MedCLIP-SAMv2/data/MAS3K/extracted/MAS3K/img/PipeFish_2220.jpg,
/home/woojye2020/decs_jupyter_lab/MedCLIP-SAMv2/data/MAS3K/positive_images/PipeFish_2224.jpg,PipeFish_2224.jpg,PipeFish,20,There is an pipefish present in the scene.,original,PipeFish,22,/home/woojye2020/decs_jupyter_lab/MedCLIP-SAMv2/data/MAS3K/extracted/MAS3K/img/PipeFish_2224.jpg,
/home/woojye2020/decs_jupyter_lab/MedCLIP-SAMv2/data/MAS3K/positive_images/PipeFish_2234.jpg,PipeFish_2234.jpg,PipeFish,20,There is an pipefish present in the scene.,original,PipeFish,22,/home/woojye2020/decs_jupyter_lab/MedCLIP-SAMv2/data/MAS3K/extracted/MAS3K/img/PipeFish_2234.jpg,
/home/woojye2020/decs_jupyter_lab/MedCLIP-SAMv2/data/MAS3K/positive_images/PipeFish_2239.jpg,PipeFish_2239.jpg,PipeFish,20,There is an pipefish present in the scene.,original,PipeFish,22,/home/woojye2020/decs_jupyter_lab/MedCLIP-SAMv2/data/MAS3K/extracted/MAS3K/img/PipeFish_2239.jpg,
/home/woojye2020/decs_jupyter_lab/MedCLIP-SAMv2/data/MAS3K/positive_images/PipeFish_2240.jpg,PipeFish_2240.jpg,PipeFish,20,There is an pipefish present in the scene.,original,PipeFish,22,/home/woojye2020/decs_jupyter_lab/MedCLIP-SAMv2/data/MAS3K/extracted/MAS3K/img/PipeFish_2240.jpg,
/home/woojye2020/decs_jupyter_lab/MedCLIP-SAMv2/data/MAS3K/positive_images/PipeFish_2253.jpg,PipeFish_2253.jpg,PipeFish,20,There is an pipefish present in the scene.,original,PipeFish,22,/home/woojye2020/decs_jupyter_lab/MedCLIP-SAMv2/data/MAS3K/extracted/MAS3K/img/PipeFish_2253.jpg,
/home/woojye2020/decs_jupyter_lab/MedCLIP-SAMv2/data/MAS3K/positive_images/PipeFish_2255.jpg,PipeFish_2255.jpg,PipeFish,20,There is an pipefish present in the scene.,original,PipeFish,22,/home/woojye2020/decs_jupyter_lab/MedCLIP-SAMv2/data/MAS3K/extracted/MAS3K/img/PipeFish_2255.jpg,
/home/woojye2020/decs_jupyter_lab/MedCLIP-SAMv2/data/MAS3K/positive_images/PipeFish_2272.jpg,PipeFish_2272.jpg,PipeFish,20,There is an pipefish present in the scene.,original,PipeFish,22,/home/woojye2020/decs_jupyter_lab/MedCLIP-SAMv2/data/MAS3K/extracted/MAS3K/img/PipeFish_2272.jpg,
/home/woojye2020/decs_jupyter_lab/MedCLIP-SAMv2/data/MAS3K/positive_images/PipeFish_2283.jpg,PipeFish_2283.jpg,PipeFish,20,There is an pipefish present in the scene.,original,PipeFish,22,/home/woojye2020/decs_jupyter_lab/MedCLIP-SAMv2/data/MAS3K/extracted/MAS3K/img/PipeFish_2283.jpg,
/home/woojye2020/decs_jupyter_lab/MedCLIP-SAMv2/data/MAS3K/positive_images/PipeFish_2288.jpg,PipeFish_2288.jpg,PipeFish,20,There is an pipefish present in the scene.,original,PipeFish,22,/home/woojye2020/decs_jupyter_lab/MedCLIP-SAMv2/data/MAS3K/extracted/MAS3K/img/PipeFish_2288.jpg,
/home/woojye2020/decs_jupyter_lab/MedCLIP-SAMv2/data/MAS3K/positive_images/PipeFish_2294.jpg,PipeFish_2294.jpg,PipeFish,20,There is an pipefish present in the scene.,original,PipeFish,22,/home/woojye2020/decs_jupyter_lab/MedCLIP-SAMv2/data/MAS3K/extracted/MAS3K/img/PipeFish_2294.jpg,
/home/woojye2020/decs_jupyter_lab/MedCLIP-SAMv2/data/MAS3K/positive_images/PipeFish_2298.jpg,PipeFish_2298.jpg,PipeFish,20,There is an pipefish present in the scene.,original,PipeFish,22,/home/woojye2020/decs_jupyter_lab/MedCLIP-SAMv2/data/MAS3K/extracted/MAS3K/img/PipeFish_2298.jpg,
/home/woojye2020/decs_jupyter_lab/MedCLIP-SAMv2/data/MAS3K/positive_images/PipeFish_2299.jpg,PipeFish_2299.jpg,PipeFish,20,There is an pipefish present in the scene.,original,PipeFish,22,/home/woojye2020/decs_jupyter_lab/MedCLIP-SAMv2/data/MAS3K/extracted/MAS3K/img/PipeFish_2299.jpg,
/home/woojye2020/decs_jupyter_lab/MedCLIP-SAMv2/data/MAS3K/positive_images/PipeFish_2300.jpg,PipeFish_2300.jpg,PipeFish,20,There is an pipefish present in the scene.,original,PipeFish,22,/home/woojye2020/decs_jupyter_lab/MedCLIP-SAMv2/data/MAS3K/extracted/MAS3K/img/PipeFish_2300.jpg,
/home/woojye2020/decs_jupyter_lab/MedCLIP-SAMv2/data/MAS3K/positive_images/PipeFish_2301.jpg,PipeFish_2301.jpg,PipeFish,20,There is an pipefish present in the scene.,original,PipeFish,22,/home/woojye2020/decs_jupyter_lab/MedCLIP-SAMv2/data/MAS3K/extracted/MAS3K/img/PipeFish_2301.jpg,
/home/woojye2020/decs_jupyter_lab/MedCLIP-SAMv2/data/MAS3K/positive_images/PipeFish_2302.jpg,PipeFish_2302.jpg,PipeFish,20,There is an pipefish present in the scene.,original,PipeFish,22,/home/woojye2020/decs_jupyter_lab/MedCLIP-SAMv2/data/MAS3K/extracted/MAS3K/img/PipeFish_2302.jpg,
/home/woojye2020/decs_jupyter_lab/MedCLIP-SAMv2/data/MAS3K/positive_images/PipeFish_2304.jpg,PipeFish_2304.jpg,PipeFish,20,There is an pipefish present in the scene.,original,PipeFish,22,/home/woojye2020/decs_jupyter_lab/MedCLIP-SAMv2/data/MAS3K/extracted/MAS3K/img/PipeFish_2304.jpg,
/home/woojye2020/decs_jupyter_lab/MedCLIP-SAMv2/data/MAS3K/positive_images/PipeFish_2320.jpg,PipeFish_2320.jpg,PipeFish,20,There is an pipefish present in the scene.,original,PipeFish,22,/home/woojye2020/decs_jupyter_lab/MedCLIP-SAMv2/data/MAS3K/extracted/MAS3K/img/PipeFish_2320.jpg,
/home/woojye2020/decs_jupyter_lab/MedCLIP-SAMv2/data/MAS3K/positive_images/PipeFish_2323.jpg,PipeFish_2323.jpg,PipeFish,20,There is an pipefish present in the scene.,original,PipeFish,22,/home/woojye2020/decs_jupyter_lab/MedCLIP-SAMv2/data/MAS3K/extracted/MAS3K/img/PipeFish_2323.jpg,
/home/woojye2020/decs_jupyter_lab/MedCLIP-SAMv2/data/MAS3K/positive_images/PipeFish_2331.jpg,PipeFish_2331.jpg,PipeFish,20,There is an pipefish present in the scene.,original,PipeFish,22,/home/woojye2020/decs_jupyter_lab/MedCLIP-SAMv2/data/MAS3K/extracted/MAS3K/img/PipeFish_2331.jpg,
/home/woojye2020/decs_jupyter_lab/MedCLIP-SAMv2/data/MAS3K/positive_images/PipeFish_2340.jpg,PipeFish_2340.jpg,PipeFish,20,There is an pipefish present in the scene.,original,PipeFish,22,/home/woojye2020/decs_jupyter_lab/MedCLIP-SAMv2/data/MAS3K/extracted/MAS3K/img/PipeFish_2340.jpg,
/home/woojye2020/decs_jupyter_lab/MedCLIP-SAMv2/data/MAS3K/positive_images/PipeFish_2349.jpg,PipeFish_2349.jpg,PipeFish,20,There is an pipefish present in the scene.,original,PipeFish,22,/home/woojye2020/decs_jupyter_lab/MedCLIP-SAMv2/data/MAS3K/extracted/MAS3K/img/PipeFish_2349.jpg,
/home/woojye2020/decs_jupyter_lab/MedCLIP-SAMv2/data/MAS3K/positive_images/PipeFish_2360.jpg,PipeFish_2360.jpg,PipeFish,20,There is an pipefish present in the scene.,original,PipeFish,22,/home/woojye2020/decs_jupyter_lab/MedCLIP-SAMv2/data/MAS3K/extracted/MAS3K/img/PipeFish_2360.jpg,
/home/woojye2020/decs_jupyter_lab/MedCLIP-SAMv2/data/MAS3K/positive_images/PipeFish_2364.jpg,PipeFish_2364.jpg,PipeFish,20,There is an pipefish present in the scene.,original,PipeFish,22,/home/woojye2020/decs_jupyter_lab/MedCLIP-SAMv2/data/MAS3K/extracted/MAS3K/img/PipeFish_2364.jpg,
/home/woojye2020/decs_jupyter_lab/MedCLIP-SAMv2/data/MAS3K/positive_images/PipeFish_2367.jpg,PipeFish_2367.jpg,PipeFish,20,There is an pipefish present in the scene.,original,PipeFish,22,/home/woojye2020/decs_jupyter_lab/MedCLIP-SAMv2/data/MAS3K/extracted/MAS3K/img/PipeFish_2367.jpg,
/home/woojye2020/decs_jupyter_lab/MedCLIP-SAMv2/data/MAS3K/positive_images/PipeFish_2369.jpg,PipeFish_2369.jpg,PipeFish,20,There is an pipefish present in the scene.,original,PipeFish,22,/home/woojye2020/decs_jupyter_lab/MedCLIP-SAMv2/data/MAS3K/extracted/MAS3K/img/PipeFish_2369.jpg,
/home/woojye2020/decs_jupyter_lab/MedCLIP-SAMv2/data/MAS3K/positive_images/PipeFish_2371.jpg,PipeFish_2371.jpg,PipeFish,20,There is an pipefish present in the scene.,original,PipeFish,22,/home/woojye2020/decs_jupyter_lab/MedCLIP-SAMv2/data/MAS3K/extracted/MAS3K/img/PipeFish_2371.jpg,
/home/woojye2020/decs_jupyter_lab/MedCLIP-SAMv2/data/MAS3K/positive_images/PipeFish_2372.jpg,PipeFish_2372.jpg,PipeFish,20,There is an pipefish present in the scene.,original,PipeFish,22,/home/woojye2020/decs_jupyter_lab/MedCLIP-SAMv2/data/MAS3K/extracted/MAS3K/img/PipeFish_2372.jpg,
/home/woojye2020/decs_jupyter_lab/MedCLIP-SAMv2/data/MAS3K/positive_images/PipeFish_2378.jpg,PipeFish_2378.jpg,PipeFish,20,There is an pipefish present in the scene.,original,PipeFish,22,/home/woojye2020/decs_jupyter_lab/MedCLIP-SAMv2/data/MAS3K/extracted/MAS3K/img/PipeFish_2378.jpg,
/home/woojye2020/decs_jupyter_lab/MedCLIP-SAMv2/data/MAS3K/positive_images/PipeFish_2386.jpg,PipeFish_2386.jpg,PipeFish,20,There is an pipefish present in the scene.,original,PipeFish,22,/home/woojye2020/decs_jupyter_lab/MedCLIP-SAMv2/data/MAS3K/extracted/MAS3K/img/PipeFish_2386.jpg,
/home/woojye2020/decs_jupyter_lab/MedCLIP-SAMv2/data/MAS3K/positive_images/PipeFish_2387.jpg,PipeFish_2387.jpg,PipeFish,20,There is an pipefish present in the scene.,original,PipeFish,22,/home/woojye2020/decs_jupyter_lab/MedCLIP-SAMv2/data/MAS3K/extracted/MAS3K/img/PipeFish_2387.jpg,
/home/woojye2020/decs_jupyter_lab/MedCLIP-SAMv2/data/MAS3K/positive_images/PipeFish_2393.jpg,PipeFish_2393.jpg,PipeFish,20,There is an pipefish present in the scene.,original,PipeFish,22,/home/woojye2020/decs_jupyter_lab/MedCLIP-SAMv2/data/MAS3K/extracted/MAS3K/img/PipeFish_2393.jpg,
/home/woojye2020/decs_jupyter_lab/MedCLIP-SAMv2/data/MAS3K/positive_images/PipeFish_2397.jpg,PipeFish_2397.jpg,PipeFish,20,There is an pipefish present in the scene.,original,PipeFish,22,/home/woojye2020/decs_jupyter_lab/MedCLIP-SAMv2/data/MAS3K/extracted/MAS3K/img/PipeFish_2397.jpg,
/home/woojye2020/decs_jupyter_lab/MedCLIP-SAMv2/data/MAS3K/positive_images/PipeFish_2403.jpg,PipeFish_2403.jpg,PipeFish,20,There is an pipefish present in the scene.,original,PipeFish,22,/home/woojye2020/decs_jupyter_lab/MedCLIP-SAMv2/data/MAS3K/extracted/MAS3K/img/PipeFish_2403.jpg,
/home/woojye2020/decs_jupyter_lab/MedCLIP-SAMv2/data/MAS3K/positive_images/PipeFish_2405.jpg,PipeFish_2405.jpg,PipeFish,20,There is an pipefish present in the scene.,original,PipeFish,22,/home/woojye2020/decs_jupyter_lab/MedCLIP-SAMv2/data/MAS3K/extracted/MAS3K/img/PipeFish_2405.jpg,
/home/woojye2020/decs_jupyter_lab/MedCLIP-SAMv2/data/MAS3K/positive_images/PipeFish_2409.jpg,PipeFish_2409.jpg,PipeFish,20,There is an pipefish present in the scene.,original,PipeFish,22,/home/woojye2020/decs_jupyter_lab/MedCLIP-SAMv2/data/MAS3K/extracted/MAS3K/img/PipeFish_2409.jpg,
/home/woojye2020/decs_jupyter_lab/MedCLIP-SAMv2/data/MAS3K/positive_images/PipeFish_2415.jpg,PipeFish_2415.jpg,PipeFish,20,There is an pipefish present in the scene.,original,PipeFish,22,/home/woojye2020/decs_jupyter_lab/MedCLIP-SAMv2/data/MAS3K/extracted/MAS3K/img/PipeFish_2415.jpg,
/home/woojye2020/decs_jupyter_lab/MedCLIP-SAMv2/data/MAS3K/positive_images/PipeFish_2423.jpg,PipeFish_2423.jpg,PipeFish,20,There is an pipefish present in the scene.,original,PipeFish,22,/home/woojye2020/decs_jupyter_lab/MedCLIP-SAMv2/data/MAS3K/extracted/MAS3K/img/PipeFish_2423.jpg,
/home/woojye2020/decs_jupyter_lab/MedCLIP-SAMv2/data/MAS3K/positive_images/PipeFish_2425.jpg,PipeFish_2425.jpg,PipeFish,20,There is an pipefish present in the scene.,original,PipeFish,22,/home/woojye2020/decs_jupyter_lab/MedCLIP-SAMv2/data/MAS3K/extracted/MAS3K/img/PipeFish_2425.jpg,
/home/woojye2020/decs_jupyter_lab/MedCLIP-SAMv2/data/MAS3K/positive_images/PipeFish_2430.jpg,PipeFish_2430.jpg,PipeFish,20,There is an pipefish present in the scene.,original,PipeFish,22,/home/woojye2020/decs_jupyter_lab/MedCLIP-SAMv2/data/MAS3K/extracted/MAS3K/img/PipeFish_2430.jpg,
/home/woojye2020/decs_jupyter_lab/MedCLIP-SAMv2/data/MAS3K/positive_images/PipeFish_2431.jpg,PipeFish_2431.jpg,PipeFish,20,There is an pipefish present in the scene.,original,PipeFish,22,/home/woojye2020/decs_jupyter_lab/MedCLIP-SAMv2/data/MAS3K/extracted/MAS3K/img/PipeFish_2431.jpg,
/home/woojye2020/decs_jupyter_lab/MedCLIP-SAMv2/data/MAS3K/positive_images/PipeFish_2434.jpg,PipeFish_2434.jpg,PipeFish,20,There is an pipefish present in the scene.,original,PipeFish,22,/home/woojye2020/decs_jupyter_lab/MedCLIP-SAMv2/data/MAS3K/extracted/MAS3K/img/PipeFish_2434.jpg,
/home/woojye2020/decs_jupyter_lab/MedCLIP-SAMv2/data/MAS3K/positive_images/PipeFish_2442.jpg,PipeFish_2442.jpg,PipeFish,20,There is an pipefish present in the scene.,original,PipeFish,22,/home/woojye2020/decs_jupyter_lab/MedCLIP-SAMv2/data/MAS3K/extracted/MAS3K/img/PipeFish_2442.jpg,
/home/woojye2020/decs_jupyter_lab/MedCLIP-SAMv2/data/MAS3K/positive_images/PipeFish_2457.jpg,PipeFish_2457.jpg,PipeFish,20,There is an pipefish present in the scene.,original,PipeFish,22,/home/woojye2020/decs_jupyter_lab/MedCLIP-SAMv2/data/MAS3K/extracted/MAS3K/img/PipeFish_2457.jpg,
/home/woojye2020/decs_jupyter_lab/MedCLIP-SAMv2/data/MAS3K/positive_images/PipeFish_2458.jpg,PipeFish_2458.jpg,PipeFish,20,There is an pipefish present in the scene.,original,PipeFish,22,/home/woojye2020/decs_jupyter_lab/MedCLIP-SAMv2/data/MAS3K/extracted/MAS3K/img/PipeFish_2458.jpg,
/home/woojye2020/decs_jupyter_lab/MedCLIP-SAMv2/data/MAS3K/positive_images/PipeFish_2464.jpg,PipeFish_2464.jpg,PipeFish,20,There is an pipefish present in the scene.,original,PipeFish,22,/home/woojye2020/decs_jupyter_lab/MedCLIP-SAMv2/data/MAS3K/extracted/MAS3K/img/PipeFish_2464.jpg,
/home/woojye2020/decs_jupyter_lab/MedCLIP-SAMv2/data/MAS3K/positive_images/PipeFish_2465.jpg,PipeFish_2465.jpg,PipeFish,20,There is an pipefish present in the scene.,original,PipeFish,22,/home/woojye2020/decs_jupyter_lab/MedCLIP-SAMv2/data/MAS3K/extracted/MAS3K/img/PipeFish_2465.jpg,
/home/woojye2020/decs_jupyter_lab/MedCLIP-SAMv2/data/MAS3K/positive_images/PipeFish_2467.jpg,PipeFish_2467.jpg,PipeFish,20,There is an pipefish present in the scene.,original,PipeFish,22,/home/woojye2020/decs_jupyter_lab/MedCLIP-SAMv2/data/MAS3K/extracted/MAS3K/img/PipeFish_2467.jpg,
/home/woojye2020/decs_jupyter_lab/MedCLIP-SAMv2/data/MAS3K/positive_images/PipeFish_2468.jpg,PipeFish_2468.jpg,PipeFish,20,There is an pipefish present in the scene.,original,PipeFish,22,/home/woojye2020/decs_jupyter_lab/MedCLIP-SAMv2/data/MAS3K/extracted/MAS3K/img/PipeFish_2468.jpg,
/home/woojye2020/decs_jupyter_lab/MedCLIP-SAMv2/data/MAS3K/positive_images/PipeFish_2469.jpg,PipeFish_2469.jpg,PipeFish,20,There is an pipefish present in the scene.,original,PipeFish,22,/home/woojye2020/decs_jupyter_lab/MedCLIP-SAMv2/data/MAS3K/extracted/MAS3K/img/PipeFish_2469.jpg,
/home/woojye2020/decs_jupyter_lab/MedCLIP-SAMv2/data/MAS3K/positive_images/PipeFish_2470.jpg,PipeFish_2470.jpg,PipeFish,20,There is an pipefish present in the scene.,original,PipeFish,22,/home/woojye2020/decs_jupyter_lab/MedCLIP-SAMv2/data/MAS3K/extracted/MAS3K/img/PipeFish_2470.jpg,
/home/woojye2020/decs_jupyter_lab/MedCLIP-SAMv2/data/MAS3K/positive_images/PipeFish_2471.jpg,PipeFish_2471.jpg,PipeFish,20,There is an pipefish present in the scene.,original,PipeFish,22,/home/woojye2020/decs_jupyter_lab/MedCLIP-SAMv2/data/MAS3K/extracted/MAS3K/img/PipeFish_2471.jpg,
/home/woojye2020/decs_jupyter_lab/MedCLIP-SAMv2/data/MAS3K/positive_images/Piranha_2909.jpg,Piranha_2909.jpg,Piranha,21,There is an piranha present in the scene.,original,Piranha,23,/home/woojye2020/decs_jupyter_lab/MedCLIP-SAMv2/data/MAS3K/extracted/MAS3K/img/Piranha_2909.jpg,
/home/woojye2020/decs_jupyter_lab/MedCLIP-SAMv2/data/MAS3K/positive_images/Piranha_2910.jpg,Piranha_2910.jpg,Piranha,21,There is an piranha present in the scene.,original,Piranha,23,/home/woojye2020/decs_jupyter_lab/MedCLIP-SAMv2/data/MAS3K/extracted/MAS3K/img/Piranha_2910.jpg,
/home/woojye2020/decs_jupyter_lab/MedCLIP-SAMv2/data/MAS3K/positive_images/RatFish_2900.jpg,RatFish_2900.jpg,RatFish,22,There is an ratfish present in the scene.,original,RatFish,24,/home/woojye2020/decs_jupyter_lab/MedCLIP-SAMv2/data/MAS3K/extracted/MAS3K/img/RatFish_2900.jpg,
/home/woojye2020/decs_jupyter_lab/MedCLIP-SAMv2/data/MAS3K/positive_images/ScorpionFish_2479.jpg,ScorpionFish_2479.jpg,ScorpionFish,23,There is an scorpionfish present in the scene.,original,ScorpionFish,25,/home/woojye2020/decs_jupyter_lab/MedCLIP-SAMv2/data/MAS3K/extracted/MAS3K/img/ScorpionFish_2479.jpg,
/home/woojye2020/decs_jupyter_lab/MedCLIP-SAMv2/data/MAS3K/positive_images/ScorpionFish_2487.jpg,ScorpionFish_2487.jpg,ScorpionFish,23,There is an scorpionfish present in the scene.,original,ScorpionFish,25,/home/woojye2020/decs_jupyter_lab/MedCLIP-SAMv2/data/MAS3K/extracted/MAS3K/img/ScorpionFish_2487.jpg,
/home/woojye2020/decs_jupyter_lab/MedCLIP-SAMv2/data/MAS3K/positive_images/ScorpionFish_2494.jpg,ScorpionFish_2494.jpg,ScorpionFish,23,There is an scorpionfish present in the scene.,original,ScorpionFish,25,/home/woojye2020/decs_jupyter_lab/MedCLIP-SAMv2/data/MAS3K/extracted/MAS3K/img/ScorpionFish_2494.jpg,
/home/woojye2020/decs_jupyter_lab/MedCLIP-SAMv2/data/MAS3K/positive_images/ScorpionFish_2504.jpg,ScorpionFish_2504.jpg,ScorpionFish,23,There is an scorpionfish present in the scene.,original,ScorpionFish,25,/home/woojye2020/decs_jupyter_lab/MedCLIP-SAMv2/data/MAS3K/extracted/MAS3K/img/ScorpionFish_2504.jpg,
/home/woojye2020/decs_jupyter_lab/MedCLIP-SAMv2/data/MAS3K/positive_images/ScorpionFish_2507.jpg,ScorpionFish_2507.jpg,ScorpionFish,23,There is an scorpionfish present in the scene.,original,ScorpionFish,25,/home/woojye2020/decs_jupyter_lab/MedCLIP-SAMv2/data/MAS3K/extracted/MAS3K/img/ScorpionFish_2507.jpg,
/home/woojye2020/decs_jupyter_lab/MedCLIP-SAMv2/data/MAS3K/positive_images/ScorpionFish_2513.jpg,ScorpionFish_2513.jpg,ScorpionFish,23,There is an scorpionfish present in the scene.,original,ScorpionFish,25,/home/woojye2020/decs_jupyter_lab/MedCLIP-SAMv2/data/MAS3K/extracted/MAS3K/img/ScorpionFish_2513.jpg,
/home/woojye2020/decs_jupyter_lab/MedCLIP-SAMv2/data/MAS3K/positive_images/ScorpionFish_2515.jpg,ScorpionFish_2515.jpg,ScorpionFish,23,There is an scorpionfish present in the scene.,original,ScorpionFish,25,/home/woojye2020/decs_jupyter_lab/MedCLIP-SAMv2/data/MAS3K/extracted/MAS3K/img/ScorpionFish_2515.jpg,
/home/woojye2020/decs_jupyter_lab/MedCLIP-SAMv2/data/MAS3K/positive_images/ScorpionFish_2520.jpg,ScorpionFish_2520.jpg,ScorpionFish,23,There is an scorpionfish present in the scene.,original,ScorpionFish,25,/home/woojye2020/decs_jupyter_lab/MedCLIP-SAMv2/data/MAS3K/extracted/MAS3K/img/ScorpionFish_2520.jpg,
/home/woojye2020/decs_jupyter_lab/MedCLIP-SAMv2/data/MAS3K/positive_images/ScorpionFish_2522.jpg,ScorpionFish_2522.jpg,ScorpionFish,23,There is an scorpionfish present in the scene.,original,ScorpionFish,25,/home/woojye2020/decs_jupyter_lab/MedCLIP-SAMv2/data/MAS3K/extracted/MAS3K/img/ScorpionFish_2522.jpg,
/home/woojye2020/decs_jupyter_lab/MedCLIP-SAMv2/data/MAS3K/positive_images/ScorpionFish_2525.jpg,ScorpionFish_2525.jpg,ScorpionFish,23,There is an scorpionfish present in the scene.,original,ScorpionFish,25,/home/woojye2020/decs_jupyter_lab/MedCLIP-SAMv2/data/MAS3K/extracted/MAS3K/img/ScorpionFish_2525.jpg,
/home/woojye2020/decs_jupyter_lab/MedCLIP-SAMv2/data/MAS3K/positive_images/ScorpionFish_2526.jpg,ScorpionFish_2526.jpg,ScorpionFish,23,There is an scorpionfish present in the scene.,original,ScorpionFish,25,/home/woojye2020/decs_jupyter_lab/MedCLIP-SAMv2/data/MAS3K/extracted/MAS3K/img/ScorpionFish_2526.jpg,
/home/woojye2020/decs_jupyter_lab/MedCLIP-SAMv2/data/MAS3K/positive_images/ScorpionFish_2535.jpg,ScorpionFish_2535.jpg,ScorpionFish,23,There is an scorpionfish present in the scene.,original,ScorpionFish,25,/home/woojye2020/decs_jupyter_lab/MedCLIP-SAMv2/data/MAS3K/extracted/MAS3K/img/ScorpionFish_2535.jpg,
/home/woojye2020/decs_jupyter_lab/MedCLIP-SAMv2/data/MAS3K/positive_images/ScorpionFish_2541.jpg,ScorpionFish_2541.jpg,ScorpionFish,23,There is an scorpionfish present in the scene.,original,ScorpionFish,25,/home/woojye2020/decs_jupyter_lab/MedCLIP-SAMv2/data/MAS3K/extracted/MAS3K/img/ScorpionFish_2541.jpg,
/home/woojye2020/decs_jupyter_lab/MedCLIP-SAMv2/data/MAS3K/positive_images/ScorpionFish_2543.jpg,ScorpionFish_2543.jpg,ScorpionFish,23,There is an scorpionfish present in the scene.,original,ScorpionFish,25,/home/woojye2020/decs_jupyter_lab/MedCLIP-SAMv2/data/MAS3K/extracted/MAS3K/img/ScorpionFish_2543.jpg,
/home/woojye2020/decs_jupyter_lab/MedCLIP-SAMv2/data/MAS3K/positive_images/ScorpionFish_2545.jpg,ScorpionFish_2545.jpg,ScorpionFish,23,There is an scorpionfish present in the scene.,original,ScorpionFish,25,/home/woojye2020/decs_jupyter_lab/MedCLIP-SAMv2/data/MAS3K/extracted/MAS3K/img/ScorpionFish_2545.jpg,
/home/woojye2020/decs_jupyter_lab/MedCLIP-SAMv2/data/MAS3K/positive_images/ScorpionFish_2551.jpg,ScorpionFish_2551.jpg,ScorpionFish,23,There is an scorpionfish present in the scene.,original,ScorpionFish,25,/home/woojye2020/decs_jupyter_lab/MedCLIP-SAMv2/data/MAS3K/extracted/MAS3K/img/ScorpionFish_2551.jpg,
/home/woojye2020/decs_jupyter_lab/MedCLIP-SAMv2/data/MAS3K/positive_images/ScorpionFish_2562.jpg,ScorpionFish_2562.jpg,ScorpionFish,23,There is an scorpionfish present in the scene.,original,ScorpionFish,25,/home/woojye2020/decs_jupyter_lab/MedCLIP-SAMv2/data/MAS3K/extracted/MAS3K/img/ScorpionFish_2562.jpg,
/home/woojye2020/decs_jupyter_lab/MedCLIP-SAMv2/data/MAS3K/positive_images/ScorpionFish_2564.jpg,ScorpionFish_2564.jpg,ScorpionFish,23,There is an scorpionfish present in the scene.,original,ScorpionFish,25,/home/woojye2020/decs_jupyter_lab/MedCLIP-SAMv2/data/MAS3K/extracted/MAS3K/img/ScorpionFish_2564.jpg,
/home/woojye2020/decs_jupyter_lab/MedCLIP-SAMv2/data/MAS3K/positive_images/ScorpionFish_2569.jpg,ScorpionFish_2569.jpg,ScorpionFish,23,There is an scorpionfish present in the scene.,original,ScorpionFish,25,/home/woojye2020/decs_jupyter_lab/MedCLIP-SAMv2/data/MAS3K/extracted/MAS3K/img/ScorpionFish_2569.jpg,
/home/woojye2020/decs_jupyter_lab/MedCLIP-SAMv2/data/MAS3K/positive_images/ScorpionFish_2570.jpg,ScorpionFish_2570.jpg,ScorpionFish,23,There is an scorpionfish present in the scene.,original,ScorpionFish,25,/home/woojye2020/decs_jupyter_lab/MedCLIP-SAMv2/data/MAS3K/extracted/MAS3K/img/ScorpionFish_2570.jpg,
/home/woojye2020/decs_jupyter_lab/MedCLIP-SAMv2/data/MAS3K/positive_images/ScorpionFish_2575.jpg,ScorpionFish_2575.jpg,ScorpionFish,23,There is an scorpionfish present in the scene.,original,ScorpionFish,25,/home/woojye2020/decs_jupyter_lab/MedCLIP-SAMv2/data/MAS3K/extracted/MAS3K/img/ScorpionFish_2575.jpg,
/home/woojye2020/decs_jupyter_lab/MedCLIP-SAMv2/data/MAS3K/positive_images/ScorpionFish_2577.jpg,ScorpionFish_2577.jpg,ScorpionFish,23,There is an scorpionfish present in the scene.,original,ScorpionFish,25,/home/woojye2020/decs_jupyter_lab/MedCLIP-SAMv2/data/MAS3K/extracted/MAS3K/img/ScorpionFish_2577.jpg,
/home/woojye2020/decs_jupyter_lab/MedCLIP-SAMv2/data/MAS3K/positive_images/ScorpionFish_2585.jpg,ScorpionFish_2585.jpg,ScorpionFish,23,There is an scorpionfish present in the scene.,original,ScorpionFish,25,/home/woojye2020/decs_jupyter_lab/MedCLIP-SAMv2/data/MAS3K/extracted/MAS3K/img/ScorpionFish_2585.jpg,
/home/woojye2020/decs_jupyter_lab/MedCLIP-SAMv2/data/MAS3K/positive_images/SeaHorse_2596.jpg,SeaHorse_2596.jpg,SeaHorse,24,There is an seahorse present in the scene.,original,SeaHorse,27,/home/woojye2020/decs_jupyter_lab/MedCLIP-SAMv2/data/MAS3K/extracted/MAS3K/img/SeaHorse_2596.jpg,
/home/woojye2020/decs_jupyter_lab/MedCLIP-SAMv2/data/MAS3K/positive_images/SeaHorse_2599.jpg,SeaHorse_2599.jpg,SeaHorse,24,There is an seahorse present in the scene.,original,SeaHorse,27,/home/woojye2020/decs_jupyter_lab/MedCLIP-SAMv2/data/MAS3K/extracted/MAS3K/img/SeaHorse_2599.jpg,
/home/woojye2020/decs_jupyter_lab/MedCLIP-SAMv2/data/MAS3K/positive_images/SeaHorse_2603.jpg,SeaHorse_2603.jpg,SeaHorse,24,There is an seahorse present in the scene.,original,SeaHorse,27,/home/woojye2020/decs_jupyter_lab/MedCLIP-SAMv2/data/MAS3K/extracted/MAS3K/img/SeaHorse_2603.jpg,
/home/woojye2020/decs_jupyter_lab/MedCLIP-SAMv2/data/MAS3K/positive_images/SeaHorse_2604.jpg,SeaHorse_2604.jpg,SeaHorse,24,There is an seahorse present in the scene.,original,SeaHorse,27,/home/woojye2020/decs_jupyter_lab/MedCLIP-SAMv2/data/MAS3K/extracted/MAS3K/img/SeaHorse_2604.jpg,
/home/woojye2020/decs_jupyter_lab/MedCLIP-SAMv2/data/MAS3K/positive_images/SeaHorse_2609.jpg,SeaHorse_2609.jpg,SeaHorse,24,There is an seahorse present in the scene.,original,SeaHorse,27,/home/woojye2020/decs_jupyter_lab/MedCLIP-SAMv2/data/MAS3K/extracted/MAS3K/img/SeaHorse_2609.jpg,
/home/woojye2020/decs_jupyter_lab/MedCLIP-SAMv2/data/MAS3K/positive_images/SeaHorse_2611.jpg,SeaHorse_2611.jpg,SeaHorse,24,There is an seahorse present in the scene.,original,SeaHorse,27,/home/woojye2020/decs_jupyter_lab/MedCLIP-SAMv2/data/MAS3K/extracted/MAS3K/img/SeaHorse_2611.jpg,
/home/woojye2020/decs_jupyter_lab/MedCLIP-SAMv2/data/MAS3K/positive_images/SeaHorse_2617.jpg,SeaHorse_2617.jpg,SeaHorse,24,There is an seahorse present in the scene.,original,SeaHorse,27,/home/woojye2020/decs_jupyter_lab/MedCLIP-SAMv2/data/MAS3K/extracted/MAS3K/img/SeaHorse_2617.jpg,
/home/woojye2020/decs_jupyter_lab/MedCLIP-SAMv2/data/MAS3K/positive_images/SeaHorse_2623.jpg,SeaHorse_2623.jpg,SeaHorse,24,There is an seahorse present in the scene.,original,SeaHorse,27,/home/woojye2020/decs_jupyter_lab/MedCLIP-SAMv2/data/MAS3K/extracted/MAS3K/img/SeaHorse_2623.jpg,
/home/woojye2020/decs_jupyter_lab/MedCLIP-SAMv2/data/MAS3K/positive_images/SeaHorse_2624.jpg,SeaHorse_2624.jpg,SeaHorse,24,There is an seahorse present in the scene.,original,SeaHorse,27,/home/woojye2020/decs_jupyter_lab/MedCLIP-SAMv2/data/MAS3K/extracted/MAS3K/img/SeaHorse_2624.jpg,
/home/woojye2020/decs_jupyter_lab/MedCLIP-SAMv2/data/MAS3K/positive_images/SeaHorse_2626.jpg,SeaHorse_2626.jpg,SeaHorse,24,There is an seahorse present in the scene.,original,SeaHorse,27,/home/woojye2020/decs_jupyter_lab/MedCLIP-SAMv2/data/MAS3K/extracted/MAS3K/img/SeaHorse_2626.jpg,
/home/woojye2020/decs_jupyter_lab/MedCLIP-SAMv2/data/MAS3K/positive_images/SeaHorse_2632.jpg,SeaHorse_2632.jpg,SeaHorse,24,There is an seahorse present in the scene.,original,SeaHorse,27,/home/woojye2020/decs_jupyter_lab/MedCLIP-SAMv2/data/MAS3K/extracted/MAS3K/img/SeaHorse_2632.jpg,
/home/woojye2020/decs_jupyter_lab/MedCLIP-SAMv2/data/MAS3K/positive_images/SeaHorse_2637.jpg,SeaHorse_2637.jpg,SeaHorse,24,There is an seahorse present in the scene.,original,SeaHorse,27,/home/woojye2020/decs_jupyter_lab/MedCLIP-SAMv2/data/MAS3K/extracted/MAS3K/img/SeaHorse_2637.jpg,
/home/woojye2020/decs_jupyter_lab/MedCLIP-SAMv2/data/MAS3K/positive_images/SeaHorse_2645.jpg,SeaHorse_2645.jpg,SeaHorse,24,There is an seahorse present in the scene.,original,SeaHorse,27,/home/woojye2020/decs_jupyter_lab/MedCLIP-SAMv2/data/MAS3K/extracted/MAS3K/img/SeaHorse_2645.jpg,
/home/woojye2020/decs_jupyter_lab/MedCLIP-SAMv2/data/MAS3K/positive_images/SeaHorse_2646.jpg,SeaHorse_2646.jpg,SeaHorse,24,There is an seahorse present in the scene.,original,SeaHorse,27,/home/woojye2020/decs_jupyter_lab/MedCLIP-SAMv2/data/MAS3K/extracted/MAS3K/img/SeaHorse_2646.jpg,
/home/woojye2020/decs_jupyter_lab/MedCLIP-SAMv2/data/MAS3K/positive_images/SeaHorse_2652.jpg,SeaHorse_2652.jpg,SeaHorse,24,There is an seahorse present in the scene.,original,SeaHorse,27,/home/woojye2020/decs_jupyter_lab/MedCLIP-SAMv2/data/MAS3K/extracted/MAS3K/img/SeaHorse_2652.jpg,
/home/woojye2020/decs_jupyter_lab/MedCLIP-SAMv2/data/MAS3K/positive_images/SeaHorse_2655.jpg,SeaHorse_2655.jpg,SeaHorse,24,There is an seahorse present in the scene.,original,SeaHorse,27,/home/woojye2020/decs_jupyter_lab/MedCLIP-SAMv2/data/MAS3K/extracted/MAS3K/img/SeaHorse_2655.jpg,
/home/woojye2020/decs_jupyter_lab/MedCLIP-SAMv2/data/MAS3K/positive_images/SeaHorse_2656.jpg,SeaHorse_2656.jpg,SeaHorse,24,There is an seahorse present in the scene.,original,SeaHorse,27,/home/woojye2020/decs_jupyter_lab/MedCLIP-SAMv2/data/MAS3K/extracted/MAS3K/img/SeaHorse_2656.jpg,
/home/woojye2020/decs_jupyter_lab/MedCLIP-SAMv2/data/MAS3K/positive_images/SeaHorse_2660.jpg,SeaHorse_2660.jpg,SeaHorse,24,There is an seahorse present in the scene.,original,SeaHorse,27,/home/woojye2020/decs_jupyter_lab/MedCLIP-SAMv2/data/MAS3K/extracted/MAS3K/img/SeaHorse_2660.jpg,
/home/woojye2020/decs_jupyter_lab/MedCLIP-SAMv2/data/MAS3K/positive_images/SeaHorse_2667.jpg,SeaHorse_2667.jpg,SeaHorse,24,There is an seahorse present in the scene.,original,SeaHorse,27,/home/woojye2020/decs_jupyter_lab/MedCLIP-SAMv2/data/MAS3K/extracted/MAS3K/img/SeaHorse_2667.jpg,
/home/woojye2020/decs_jupyter_lab/MedCLIP-SAMv2/data/MAS3K/positive_images/SeaHorse_2676.jpg,SeaHorse_2676.jpg,SeaHorse,24,There is an seahorse present in the scene.,original,SeaHorse,27,/home/woojye2020/decs_jupyter_lab/MedCLIP-SAMv2/data/MAS3K/extracted/MAS3K/img/SeaHorse_2676.jpg,
/home/woojye2020/decs_jupyter_lab/MedCLIP-SAMv2/data/MAS3K/positive_images/SeaHorse_2681.jpg,SeaHorse_2681.jpg,SeaHorse,24,There is an seahorse present in the scene.,original,SeaHorse,27,/home/woojye2020/decs_jupyter_lab/MedCLIP-SAMv2/data/MAS3K/extracted/MAS3K/img/SeaHorse_2681.jpg,
/home/woojye2020/decs_jupyter_lab/MedCLIP-SAMv2/data/MAS3K/positive_images/SeaHorse_2683.jpg,SeaHorse_2683.jpg,SeaHorse,24,There is an seahorse present in the scene.,original,SeaHorse,27,/home/woojye2020/decs_jupyter_lab/MedCLIP-SAMv2/data/MAS3K/extracted/MAS3K/img/SeaHorse_2683.jpg,
/home/woojye2020/decs_jupyter_lab/MedCLIP-SAMv2/data/MAS3K/positive_images/SeaHorse_2689.jpg,SeaHorse_2689.jpg,SeaHorse,24,There is an seahorse present in the scene.,original,SeaHorse,27,/home/woojye2020/decs_jupyter_lab/MedCLIP-SAMv2/data/MAS3K/extracted/MAS3K/img/SeaHorse_2689.jpg,
/home/woojye2020/decs_jupyter_lab/MedCLIP-SAMv2/data/MAS3K/positive_images/SeaHorse_2693.jpg,SeaHorse_2693.jpg,SeaHorse,24,There is an seahorse present in the scene.,original,SeaHorse,27,/home/woojye2020/decs_jupyter_lab/MedCLIP-SAMv2/data/MAS3K/extracted/MAS3K/img/SeaHorse_2693.jpg,
/home/woojye2020/decs_jupyter_lab/MedCLIP-SAMv2/data/MAS3K/positive_images/SeaHorse_2694.jpg,SeaHorse_2694.jpg,SeaHorse,24,There is an seahorse present in the scene.,original,SeaHorse,27,/home/woojye2020/decs_jupyter_lab/MedCLIP-SAMv2/data/MAS3K/extracted/MAS3K/img/SeaHorse_2694.jpg,
/home/woojye2020/decs_jupyter_lab/MedCLIP-SAMv2/data/MAS3K/positive_images/SeaHorse_2701.jpg,SeaHorse_2701.jpg,SeaHorse,24,There is an seahorse present in the scene.,original,SeaHorse,27,/home/woojye2020/decs_jupyter_lab/MedCLIP-SAMv2/data/MAS3K/extracted/MAS3K/img/SeaHorse_2701.jpg,
/home/woojye2020/decs_jupyter_lab/MedCLIP-SAMv2/data/MAS3K/positive_images/SeaHorse_2715.jpg,SeaHorse_2715.jpg,SeaHorse,24,There is an seahorse present in the scene.,original,SeaHorse,27,/home/woojye2020/decs_jupyter_lab/MedCLIP-SAMv2/data/MAS3K/extracted/MAS3K/img/SeaHorse_2715.jpg,
/home/woojye2020/decs_jupyter_lab/MedCLIP-SAMv2/data/MAS3K/positive_images/SeaHorse_2719.jpg,SeaHorse_2719.jpg,SeaHorse,24,There is an seahorse present in the scene.,original,SeaHorse,27,/home/woojye2020/decs_jupyter_lab/MedCLIP-SAMv2/data/MAS3K/extracted/MAS3K/img/SeaHorse_2719.jpg,
/home/woojye2020/decs_jupyter_lab/MedCLIP-SAMv2/data/MAS3K/positive_images/SeaHorse_2721.jpg,SeaHorse_2721.jpg,SeaHorse,24,There is an seahorse present in the scene.,original,SeaHorse,27,/home/woojye2020/decs_jupyter_lab/MedCLIP-SAMv2/data/MAS3K/extracted/MAS3K/img/SeaHorse_2721.jpg,
/home/woojye2020/decs_jupyter_lab/MedCLIP-SAMv2/data/MAS3K/positive_images/SeaHorse_2743.jpg,SeaHorse_2743.jpg,SeaHorse,24,There is an seahorse present in the scene.,original,SeaHorse,27,/home/woojye2020/decs_jupyter_lab/MedCLIP-SAMv2/data/MAS3K/extracted/MAS3K/img/SeaHorse_2743.jpg,
/home/woojye2020/decs_jupyter_lab/MedCLIP-SAMv2/data/MAS3K/positive_images/Seal_805.jpg,Seal_805.jpg,Seal,25,There is an seal present in the scene.,original,Seal,28,/home/woojye2020/decs_jupyter_lab/MedCLIP-SAMv2/data/MAS3K/extracted/MAS3K/img/Seal_805.jpg,
/home/woojye2020/decs_jupyter_lab/MedCLIP-SAMv2/data/MAS3K/positive_images/Seal_816.jpg,Seal_816.jpg,Seal,25,There is an seal present in the scene.,original,Seal,28,/home/woojye2020/decs_jupyter_lab/MedCLIP-SAMv2/data/MAS3K/extracted/MAS3K/img/Seal_816.jpg,
/home/woojye2020/decs_jupyter_lab/MedCLIP-SAMv2/data/MAS3K/positive_images/Seal_829.jpg,Seal_829.jpg,Seal,25,There is an seal present in the scene.,original,Seal,28,/home/woojye2020/decs_jupyter_lab/MedCLIP-SAMv2/data/MAS3K/extracted/MAS3K/img/Seal_829.jpg,
/home/woojye2020/decs_jupyter_lab/MedCLIP-SAMv2/data/MAS3K/positive_images/Seal_833.jpg,Seal_833.jpg,Seal,25,There is an seal present in the scene.,original,Seal,28,/home/woojye2020/decs_jupyter_lab/MedCLIP-SAMv2/data/MAS3K/extracted/MAS3K/img/Seal_833.jpg,
/home/woojye2020/decs_jupyter_lab/MedCLIP-SAMv2/data/MAS3K/positive_images/Seal_845.jpg,Seal_845.jpg,Seal,25,There is an seal present in the scene.,original,Seal,28,/home/woojye2020/decs_jupyter_lab/MedCLIP-SAMv2/data/MAS3K/extracted/MAS3K/img/Seal_845.jpg,
/home/woojye2020/decs_jupyter_lab/MedCLIP-SAMv2/data/MAS3K/positive_images/Seal_847.jpg,Seal_847.jpg,Seal,25,There is an seal present in the scene.,original,Seal,28,/home/woojye2020/decs_jupyter_lab/MedCLIP-SAMv2/data/MAS3K/extracted/MAS3K/img/Seal_847.jpg,
/home/woojye2020/decs_jupyter_lab/MedCLIP-SAMv2/data/MAS3K/positive_images/Seal_856.jpg,Seal_856.jpg,Seal,25,There is an seal present in the scene.,original,Seal,28,/home/woojye2020/decs_jupyter_lab/MedCLIP-SAMv2/data/MAS3K/extracted/MAS3K/img/Seal_856.jpg,
/home/woojye2020/decs_jupyter_lab/MedCLIP-SAMv2/data/MAS3K/positive_images/Shark_872.jpg,Shark_872.jpg,Shark,26,There is an shark present in the scene.,original,Shark,29,/home/woojye2020/decs_jupyter_lab/MedCLIP-SAMv2/data/MAS3K/extracted/MAS3K/img/Shark_872.jpg,
/home/woojye2020/decs_jupyter_lab/MedCLIP-SAMv2/data/MAS3K/positive_images/Shark_873.jpg,Shark_873.jpg,Shark,26,There is an shark present in the scene.,original,Shark,29,/home/woojye2020/decs_jupyter_lab/MedCLIP-SAMv2/data/MAS3K/extracted/MAS3K/img/Shark_873.jpg,
/home/woojye2020/decs_jupyter_lab/MedCLIP-SAMv2/data/MAS3K/positive_images/Shark_879.jpg,Shark_879.jpg,Shark,26,There is an shark present in the scene.,original,Shark,29,/home/woojye2020/decs_jupyter_lab/MedCLIP-SAMv2/data/MAS3K/extracted/MAS3K/img/Shark_879.jpg,
/home/woojye2020/decs_jupyter_lab/MedCLIP-SAMv2/data/MAS3K/positive_images/Shark_898.jpg,Shark_898.jpg,Shark,26,There is an shark present in the scene.,original,Shark,29,/home/woojye2020/decs_jupyter_lab/MedCLIP-SAMv2/data/MAS3K/extracted/MAS3K/img/Shark_898.jpg,
/home/woojye2020/decs_jupyter_lab/MedCLIP-SAMv2/data/MAS3K/positive_images/Shark_902.jpg,Shark_902.jpg,Shark,26,There is an shark present in the scene.,original,Shark,29,/home/woojye2020/decs_jupyter_lab/MedCLIP-SAMv2/data/MAS3K/extracted/MAS3K/img/Shark_902.jpg,
/home/woojye2020/decs_jupyter_lab/MedCLIP-SAMv2/data/MAS3K/positive_images/Shark_910.jpg,Shark_910.jpg,Shark,26,There is an shark present in the scene.,original,Shark,29,/home/woojye2020/decs_jupyter_lab/MedCLIP-SAMv2/data/MAS3K/extracted/MAS3K/img/Shark_910.jpg,
/home/woojye2020/decs_jupyter_lab/MedCLIP-SAMv2/data/MAS3K/positive_images/Shrimp_496.jpg,Shrimp_496.jpg,Shrimp,27,There is an shrimp present in the scene.,original,Shrimp,30,/home/woojye2020/decs_jupyter_lab/MedCLIP-SAMv2/data/MAS3K/extracted/MAS3K/img/Shrimp_496.jpg,
/home/woojye2020/decs_jupyter_lab/MedCLIP-SAMv2/data/MAS3K/positive_images/Shrimp_497.jpg,Shrimp_497.jpg,Shrimp,27,There is an shrimp present in the scene.,original,Shrimp,30,/home/woojye2020/decs_jupyter_lab/MedCLIP-SAMv2/data/MAS3K/extracted/MAS3K/img/Shrimp_497.jpg,
/home/woojye2020/decs_jupyter_lab/MedCLIP-SAMv2/data/MAS3K/positive_images/Shrimp_500.jpg,Shrimp_500.jpg,Shrimp,27,There is an shrimp present in the scene.,original,Shrimp,30,/home/woojye2020/decs_jupyter_lab/MedCLIP-SAMv2/data/MAS3K/extracted/MAS3K/img/Shrimp_500.jpg,
/home/woojye2020/decs_jupyter_lab/MedCLIP-SAMv2/data/MAS3K/positive_images/Shrimp_502.jpg,Shrimp_502.jpg,Shrimp,27,There is an shrimp present in the scene.,original,Shrimp,30,/home/woojye2020/decs_jupyter_lab/MedCLIP-SAMv2/data/MAS3K/extracted/MAS3K/img/Shrimp_502.jpg,
/home/woojye2020/decs_jupyter_lab/MedCLIP-SAMv2/data/MAS3K/positive_images/Shrimp_503.jpg,Shrimp_503.jpg,Shrimp,27,There is an shrimp present in the scene.,original,Shrimp,30,/home/woojye2020/decs_jupyter_lab/MedCLIP-SAMv2/data/MAS3K/extracted/MAS3K/img/Shrimp_503.jpg,
/home/woojye2020/decs_jupyter_lab/MedCLIP-SAMv2/data/MAS3K/positive_images/Shrimp_507.jpg,Shrimp_507.jpg,Shrimp,27,There is an shrimp present in the scene.,original,Shrimp,30,/home/woojye2020/decs_jupyter_lab/MedCLIP-SAMv2/data/MAS3K/extracted/MAS3K/img/Shrimp_507.jpg,
/home/woojye2020/decs_jupyter_lab/MedCLIP-SAMv2/data/MAS3K/positive_images/Shrimp_510.jpg,Shrimp_510.jpg,Shrimp,27,There is an shrimp present in the scene.,original,Shrimp,30,/home/woojye2020/decs_jupyter_lab/MedCLIP-SAMv2/data/MAS3K/extracted/MAS3K/img/Shrimp_510.jpg,
/home/woojye2020/decs_jupyter_lab/MedCLIP-SAMv2/data/MAS3K/positive_images/Shrimp_514.jpg,Shrimp_514.jpg,Shrimp,27,There is an shrimp present in the scene.,original,Shrimp,30,/home/woojye2020/decs_jupyter_lab/MedCLIP-SAMv2/data/MAS3K/extracted/MAS3K/img/Shrimp_514.jpg,
/home/woojye2020/decs_jupyter_lab/MedCLIP-SAMv2/data/MAS3K/positive_images/Shrimp_516.jpg,Shrimp_516.jpg,Shrimp,27,There is an shrimp present in the scene.,original,Shrimp,30,/home/woojye2020/decs_jupyter_lab/MedCLIP-SAMv2/data/MAS3K/extracted/MAS3K/img/Shrimp_516.jpg,
/home/woojye2020/decs_jupyter_lab/MedCLIP-SAMv2/data/MAS3K/positive_images/Shrimp_519.jpg,Shrimp_519.jpg,Shrimp,27,There is an shrimp present in the scene.,original,Shrimp,30,/home/woojye2020/decs_jupyter_lab/MedCLIP-SAMv2/data/MAS3K/extracted/MAS3K/img/Shrimp_519.jpg,
/home/woojye2020/decs_jupyter_lab/MedCLIP-SAMv2/data/MAS3K/positive_images/Shrimp_528.jpg,Shrimp_528.jpg,Shrimp,27,There is an shrimp present in the scene.,original,Shrimp,30,/home/woojye2020/decs_jupyter_lab/MedCLIP-SAMv2/data/MAS3K/extracted/MAS3K/img/Shrimp_528.jpg,
/home/woojye2020/decs_jupyter_lab/MedCLIP-SAMv2/data/MAS3K/positive_images/Shrimp_529.jpg,Shrimp_529.jpg,Shrimp,27,There is an shrimp present in the scene.,original,Shrimp,30,/home/woojye2020/decs_jupyter_lab/MedCLIP-SAMv2/data/MAS3K/extracted/MAS3K/img/Shrimp_529.jpg,
/home/woojye2020/decs_jupyter_lab/MedCLIP-SAMv2/data/MAS3K/positive_images/Shrimp_531.jpg,Shrimp_531.jpg,Shrimp,27,There is an shrimp present in the scene.,original,Shrimp,30,/home/woojye2020/decs_jupyter_lab/MedCLIP-SAMv2/data/MAS3K/extracted/MAS3K/img/Shrimp_531.jpg,
/home/woojye2020/decs_jupyter_lab/MedCLIP-SAMv2/data/MAS3K/positive_images/Shrimp_532.jpg,Shrimp_532.jpg,Shrimp,27,There is an shrimp present in the scene.,original,Shrimp,30,/home/woojye2020/decs_jupyter_lab/MedCLIP-SAMv2/data/MAS3K/extracted/MAS3K/img/Shrimp_532.jpg,
/home/woojye2020/decs_jupyter_lab/MedCLIP-SAMv2/data/MAS3K/positive_images/Shrimp_533.jpg,Shrimp_533.jpg,Shrimp,27,There is an shrimp present in the scene.,original,Shrimp,30,/home/woojye2020/decs_jupyter_lab/MedCLIP-SAMv2/data/MAS3K/extracted/MAS3K/img/Shrimp_533.jpg,
/home/woojye2020/decs_jupyter_lab/MedCLIP-SAMv2/data/MAS3K/positive_images/Shrimp_536.jpg,Shrimp_536.jpg,Shrimp,27,There is an shrimp present in the scene.,original,Shrimp,30,/home/woojye2020/decs_jupyter_lab/MedCLIP-SAMv2/data/MAS3K/extracted/MAS3K/img/Shrimp_536.jpg,
/home/woojye2020/decs_jupyter_lab/MedCLIP-SAMv2/data/MAS3K/positive_images/Slug_187.jpg,Slug_187.jpg,Slug,28,There is an slug present in the scene.,original,Slug,31,/home/woojye2020/decs_jupyter_lab/MedCLIP-SAMv2/data/MAS3K/extracted/MAS3K/img/Slug_187.jpg,
/home/woojye2020/decs_jupyter_lab/MedCLIP-SAMv2/data/MAS3K/positive_images/Slug_195.jpg,Slug_195.jpg,Slug,28,There is an slug present in the scene.,original,Slug,31,/home/woojye2020/decs_jupyter_lab/MedCLIP-SAMv2/data/MAS3K/extracted/MAS3K/img/Slug_195.jpg,
/home/woojye2020/decs_jupyter_lab/MedCLIP-SAMv2/data/MAS3K/positive_images/StarFish_218.jpg,StarFish_218.jpg,StarFish,29,There is an starfish present in the scene.,original,StarFish,32,/home/woojye2020/decs_jupyter_lab/MedCLIP-SAMv2/data/MAS3K/extracted/MAS3K/img/StarFish_218.jpg,
/home/woojye2020/decs_jupyter_lab/MedCLIP-SAMv2/data/MAS3K/positive_images/StarFish_222.jpg,StarFish_222.jpg,StarFish,29,There is an starfish present in the scene.,original,StarFish,32,/home/woojye2020/decs_jupyter_lab/MedCLIP-SAMv2/data/MAS3K/extracted/MAS3K/img/StarFish_222.jpg,
/home/woojye2020/decs_jupyter_lab/MedCLIP-SAMv2/data/MAS3K/positive_images/StarFish_227.jpg,StarFish_227.jpg,StarFish,29,There is an starfish present in the scene.,original,StarFish,32,/home/woojye2020/decs_jupyter_lab/MedCLIP-SAMv2/data/MAS3K/extracted/MAS3K/img/StarFish_227.jpg,
/home/woojye2020/decs_jupyter_lab/MedCLIP-SAMv2/data/MAS3K/positive_images/StarFish_229.jpg,StarFish_229.jpg,StarFish,29,There is an starfish present in the scene.,original,StarFish,32,/home/woojye2020/decs_jupyter_lab/MedCLIP-SAMv2/data/MAS3K/extracted/MAS3K/img/StarFish_229.jpg,
/home/woojye2020/decs_jupyter_lab/MedCLIP-SAMv2/data/MAS3K/positive_images/StarFish_237.jpg,StarFish_237.jpg,StarFish,29,There is an starfish present in the scene.,original,StarFish,32,/home/woojye2020/decs_jupyter_lab/MedCLIP-SAMv2/data/MAS3K/extracted/MAS3K/img/StarFish_237.jpg,
/home/woojye2020/decs_jupyter_lab/MedCLIP-SAMv2/data/MAS3K/positive_images/StarFish_240.jpg,StarFish_240.jpg,StarFish,29,There is an starfish present in the scene.,original,StarFish,32,/home/woojye2020/decs_jupyter_lab/MedCLIP-SAMv2/data/MAS3K/extracted/MAS3K/img/StarFish_240.jpg,
/home/woojye2020/decs_jupyter_lab/MedCLIP-SAMv2/data/MAS3K/positive_images/StarFish_243.jpg,StarFish_243.jpg,StarFish,29,There is an starfish present in the scene.,original,StarFish,32,/home/woojye2020/decs_jupyter_lab/MedCLIP-SAMv2/data/MAS3K/extracted/MAS3K/img/StarFish_243.jpg,
/home/woojye2020/decs_jupyter_lab/MedCLIP-SAMv2/data/MAS3K/positive_images/StarFish_245.jpg,StarFish_245.jpg,StarFish,29,There is an starfish present in the scene.,original,StarFish,32,/home/woojye2020/decs_jupyter_lab/MedCLIP-SAMv2/data/MAS3K/extracted/MAS3K/img/StarFish_245.jpg,
/home/woojye2020/decs_jupyter_lab/MedCLIP-SAMv2/data/MAS3K/positive_images/StarFish_248.jpg,StarFish_248.jpg,StarFish,29,There is an starfish present in the scene.,original,StarFish,32,/home/woojye2020/decs_jupyter_lab/MedCLIP-SAMv2/data/MAS3K/extracted/MAS3K/img/StarFish_248.jpg,
/home/woojye2020/decs_jupyter_lab/MedCLIP-SAMv2/data/MAS3K/positive_images/StarFish_250.jpg,StarFish_250.jpg,StarFish,29,There is an starfish present in the scene.,original,StarFish,32,/home/woojye2020/decs_jupyter_lab/MedCLIP-SAMv2/data/MAS3K/extracted/MAS3K/img/StarFish_250.jpg,
/home/woojye2020/decs_jupyter_lab/MedCLIP-SAMv2/data/MAS3K/positive_images/StarFish_260.jpg,StarFish_260.jpg,StarFish,29,There is an starfish present in the scene.,original,StarFish,32,/home/woojye2020/decs_jupyter_lab/MedCLIP-SAMv2/data/MAS3K/extracted/MAS3K/img/StarFish_260.jpg,
/home/woojye2020/decs_jupyter_lab/MedCLIP-SAMv2/data/MAS3K/positive_images/StarFish_261.jpg,StarFish_261.jpg,StarFish,29,There is an starfish present in the scene.,original,StarFish,32,/home/woojye2020/decs_jupyter_lab/MedCLIP-SAMv2/data/MAS3K/extracted/MAS3K/img/StarFish_261.jpg,
/home/woojye2020/decs_jupyter_lab/MedCLIP-SAMv2/data/MAS3K/positive_images/StarFish_262.jpg,StarFish_262.jpg,StarFish,29,There is an starfish present in the scene.,original,StarFish,32,/home/woojye2020/decs_jupyter_lab/MedCLIP-SAMv2/data/MAS3K/extracted/MAS3K/img/StarFish_262.jpg,
/home/woojye2020/decs_jupyter_lab/MedCLIP-SAMv2/data/MAS3K/positive_images/StarFish_264.jpg,StarFish_264.jpg,StarFish,29,There is an starfish present in the scene.,original,StarFish,32,/home/woojye2020/decs_jupyter_lab/MedCLIP-SAMv2/data/MAS3K/extracted/MAS3K/img/StarFish_264.jpg,
/home/woojye2020/decs_jupyter_lab/MedCLIP-SAMv2/data/MAS3K/positive_images/StarFish_280.jpg,StarFish_280.jpg,StarFish,29,There is an starfish present in the scene.,original,StarFish,32,/home/woojye2020/decs_jupyter_lab/MedCLIP-SAMv2/data/MAS3K/extracted/MAS3K/img/StarFish_280.jpg,
/home/woojye2020/decs_jupyter_lab/MedCLIP-SAMv2/data/MAS3K/positive_images/StarFish_282.jpg,StarFish_282.jpg,StarFish,29,There is an starfish present in the scene.,original,StarFish,32,/home/woojye2020/decs_jupyter_lab/MedCLIP-SAMv2/data/MAS3K/extracted/MAS3K/img/StarFish_282.jpg,
/home/woojye2020/decs_jupyter_lab/MedCLIP-SAMv2/data/MAS3K/positive_images/StarFish_294.jpg,StarFish_294.jpg,StarFish,29,There is an starfish present in the scene.,original,StarFish,32,/home/woojye2020/decs_jupyter_lab/MedCLIP-SAMv2/data/MAS3K/extracted/MAS3K/img/StarFish_294.jpg,
/home/woojye2020/decs_jupyter_lab/MedCLIP-SAMv2/data/MAS3K/positive_images/StarFish_300.jpg,StarFish_300.jpg,StarFish,29,There is an starfish present in the scene.,original,StarFish,32,/home/woojye2020/decs_jupyter_lab/MedCLIP-SAMv2/data/MAS3K/extracted/MAS3K/img/StarFish_300.jpg,
/home/woojye2020/decs_jupyter_lab/MedCLIP-SAMv2/data/MAS3K/positive_images/StarFish_301.jpg,StarFish_301.jpg,StarFish,29,There is an starfish present in the scene.,original,StarFish,32,/home/woojye2020/decs_jupyter_lab/MedCLIP-SAMv2/data/MAS3K/extracted/MAS3K/img/StarFish_301.jpg,
/home/woojye2020/decs_jupyter_lab/MedCLIP-SAMv2/data/MAS3K/positive_images/StarFish_305.jpg,StarFish_305.jpg,StarFish,29,There is an starfish present in the scene.,original,StarFish,32,/home/woojye2020/decs_jupyter_lab/MedCLIP-SAMv2/data/MAS3K/extracted/MAS3K/img/StarFish_305.jpg,
/home/woojye2020/decs_jupyter_lab/MedCLIP-SAMv2/data/MAS3K/positive_images/Stingaree_2748.jpg,Stingaree_2748.jpg,Stingaree,30,There is an stingaree present in the scene.,original,Stingaree,33,/home/woojye2020/decs_jupyter_lab/MedCLIP-SAMv2/data/MAS3K/extracted/MAS3K/img/Stingaree_2748.jpg,
/home/woojye2020/decs_jupyter_lab/MedCLIP-SAMv2/data/MAS3K/positive_images/Stingaree_2751.jpg,Stingaree_2751.jpg,Stingaree,30,There is an stingaree present in the scene.,original,Stingaree,33,/home/woojye2020/decs_jupyter_lab/MedCLIP-SAMv2/data/MAS3K/extracted/MAS3K/img/Stingaree_2751.jpg,
/home/woojye2020/decs_jupyter_lab/MedCLIP-SAMv2/data/MAS3K/positive_images/Stingaree_2753.jpg,Stingaree_2753.jpg,Stingaree,30,There is an stingaree present in the scene.,original,Stingaree,33,/home/woojye2020/decs_jupyter_lab/MedCLIP-SAMv2/data/MAS3K/extracted/MAS3K/img/Stingaree_2753.jpg,
/home/woojye2020/decs_jupyter_lab/MedCLIP-SAMv2/data/MAS3K/positive_images/Stingaree_2755.jpg,Stingaree_2755.jpg,Stingaree,30,There is an stingaree present in the scene.,original,Stingaree,33,/home/woojye2020/decs_jupyter_lab/MedCLIP-SAMv2/data/MAS3K/extracted/MAS3K/img/Stingaree_2755.jpg,
/home/woojye2020/decs_jupyter_lab/MedCLIP-SAMv2/data/MAS3K/positive_images/Stingaree_2759.jpg,Stingaree_2759.jpg,Stingaree,30,There is an stingaree present in the scene.,original,Stingaree,33,/home/woojye2020/decs_jupyter_lab/MedCLIP-SAMv2/data/MAS3K/extracted/MAS3K/img/Stingaree_2759.jpg,
/home/woojye2020/decs_jupyter_lab/MedCLIP-SAMv2/data/MAS3K/positive_images/Stingaree_2764.jpg,Stingaree_2764.jpg,Stingaree,30,There is an stingaree present in the scene.,original,Stingaree,33,/home/woojye2020/decs_jupyter_lab/MedCLIP-SAMv2/data/MAS3K/extracted/MAS3K/img/Stingaree_2764.jpg,
/home/woojye2020/decs_jupyter_lab/MedCLIP-SAMv2/data/MAS3K/positive_images/Stingaree_2777.jpg,Stingaree_2777.jpg,Stingaree,30,There is an stingaree present in the scene.,original,Stingaree,33,/home/woojye2020/decs_jupyter_lab/MedCLIP-SAMv2/data/MAS3K/extracted/MAS3K/img/Stingaree_2777.jpg,
/home/woojye2020/decs_jupyter_lab/MedCLIP-SAMv2/data/MAS3K/positive_images/Stingaree_2779.jpg,Stingaree_2779.jpg,Stingaree,30,There is an stingaree present in the scene.,original,Stingaree,33,/home/woojye2020/decs_jupyter_lab/MedCLIP-SAMv2/data/MAS3K/extracted/MAS3K/img/Stingaree_2779.jpg,
/home/woojye2020/decs_jupyter_lab/MedCLIP-SAMv2/data/MAS3K/positive_images/Stingaree_2780.jpg,Stingaree_2780.jpg,Stingaree,30,There is an stingaree present in the scene.,original,Stingaree,33,/home/woojye2020/decs_jupyter_lab/MedCLIP-SAMv2/data/MAS3K/extracted/MAS3K/img/Stingaree_2780.jpg,
/home/woojye2020/decs_jupyter_lab/MedCLIP-SAMv2/data/MAS3K/positive_images/Stingaree_2788.jpg,Stingaree_2788.jpg,Stingaree,30,There is an stingaree present in the scene.,original,Stingaree,33,/home/woojye2020/decs_jupyter_lab/MedCLIP-SAMv2/data/MAS3K/extracted/MAS3K/img/Stingaree_2788.jpg,
/home/woojye2020/decs_jupyter_lab/MedCLIP-SAMv2/data/MAS3K/positive_images/Stingaree_2795.jpg,Stingaree_2795.jpg,Stingaree,30,There is an stingaree present in the scene.,original,Stingaree,33,/home/woojye2020/decs_jupyter_lab/MedCLIP-SAMv2/data/MAS3K/extracted/MAS3K/img/Stingaree_2795.jpg,
/home/woojye2020/decs_jupyter_lab/MedCLIP-SAMv2/data/MAS3K/positive_images/SurgeonFish_1945.jpg,SurgeonFish_1945.jpg,SurgeonFish,31,There is an surgeonfish present in the scene.,original,SurgeonFish,34,/home/woojye2020/decs_jupyter_lab/MedCLIP-SAMv2/data/MAS3K/extracted/MAS3K/img/SurgeonFish_1945.jpg,
/home/woojye2020/decs_jupyter_lab/MedCLIP-SAMv2/data/MAS3K/positive_images/SurgeonFish_1946.jpg,SurgeonFish_1946.jpg,SurgeonFish,31,There is an surgeonfish present in the scene.,original,SurgeonFish,34,/home/woojye2020/decs_jupyter_lab/MedCLIP-SAMv2/data/MAS3K/extracted/MAS3K/img/SurgeonFish_1946.jpg,
/home/woojye2020/decs_jupyter_lab/MedCLIP-SAMv2/data/MAS3K/positive_images/SurgeonFish_1948.jpg,SurgeonFish_1948.jpg,SurgeonFish,31,There is an surgeonfish present in the scene.,original,SurgeonFish,34,/home/woojye2020/decs_jupyter_lab/MedCLIP-SAMv2/data/MAS3K/extracted/MAS3K/img/SurgeonFish_1948.jpg,
/home/woojye2020/decs_jupyter_lab/MedCLIP-SAMv2/data/MAS3K/positive_images/SurgeonFish_1953.jpg,SurgeonFish_1953.jpg,SurgeonFish,31,There is an surgeonfish present in the scene.,original,SurgeonFish,34,/home/woojye2020/decs_jupyter_lab/MedCLIP-SAMv2/data/MAS3K/extracted/MAS3K/img/SurgeonFish_1953.jpg,
/home/woojye2020/decs_jupyter_lab/MedCLIP-SAMv2/data/MAS3K/positive_images/SurgeonFish_1960.jpg,SurgeonFish_1960.jpg,SurgeonFish,31,There is an surgeonfish present in the scene.,original,SurgeonFish,34,/home/woojye2020/decs_jupyter_lab/MedCLIP-SAMv2/data/MAS3K/extracted/MAS3K/img/SurgeonFish_1960.jpg,
/home/woojye2020/decs_jupyter_lab/MedCLIP-SAMv2/data/MAS3K/positive_images/SurgeonFish_1969.jpg,SurgeonFish_1969.jpg,SurgeonFish,31,There is an surgeonfish present in the scene.,original,SurgeonFish,34,/home/woojye2020/decs_jupyter_lab/MedCLIP-SAMv2/data/MAS3K/extracted/MAS3K/img/SurgeonFish_1969.jpg,
/home/woojye2020/decs_jupyter_lab/MedCLIP-SAMv2/data/MAS3K/positive_images/SurgeonFish_1970.jpg,SurgeonFish_1970.jpg,SurgeonFish,31,There is an surgeonfish present in the scene.,original,SurgeonFish,34,/home/woojye2020/decs_jupyter_lab/MedCLIP-SAMv2/data/MAS3K/extracted/MAS3K/img/SurgeonFish_1970.jpg,
/home/woojye2020/decs_jupyter_lab/MedCLIP-SAMv2/data/MAS3K/positive_images/Turtle_547.jpg,Turtle_547.jpg,Turtle,32,There is an turtle present in the scene.,original,Turtle,36,/home/woojye2020/decs_jupyter_lab/MedCLIP-SAMv2/data/MAS3K/extracted/MAS3K/img/Turtle_547.jpg,
/home/woojye2020/decs_jupyter_lab/MedCLIP-SAMv2/data/MAS3K/positive_images/Turtle_549.jpg,Turtle_549.jpg,Turtle,32,There is an turtle present in the scene.,original,Turtle,36,/home/woojye2020/decs_jupyter_lab/MedCLIP-SAMv2/data/MAS3K/extracted/MAS3K/img/Turtle_549.jpg,
/home/woojye2020/decs_jupyter_lab/MedCLIP-SAMv2/data/MAS3K/positive_images/Turtle_552.jpg,Turtle_552.jpg,Turtle,32,There is an turtle present in the scene.,original,Turtle,36,/home/woojye2020/decs_jupyter_lab/MedCLIP-SAMv2/data/MAS3K/extracted/MAS3K/img/Turtle_552.jpg,
/home/woojye2020/decs_jupyter_lab/MedCLIP-SAMv2/data/MAS3K/positive_images/Turtle_557.jpg,Turtle_557.jpg,Turtle,32,There is an turtle present in the scene.,original,Turtle,36,/home/woojye2020/decs_jupyter_lab/MedCLIP-SAMv2/data/MAS3K/extracted/MAS3K/img/Turtle_557.jpg,
/home/woojye2020/decs_jupyter_lab/MedCLIP-SAMv2/data/MAS3K/positive_images/Turtle_559.jpg,Turtle_559.jpg,Turtle,32,There is an turtle present in the scene.,original,Turtle,36,/home/woojye2020/decs_jupyter_lab/MedCLIP-SAMv2/data/MAS3K/extracted/MAS3K/img/Turtle_559.jpg,
/home/woojye2020/decs_jupyter_lab/MedCLIP-SAMv2/data/MAS3K/positive_images/Turtle_560.jpg,Turtle_560.jpg,Turtle,32,There is an turtle present in the scene.,original,Turtle,36,/home/woojye2020/decs_jupyter_lab/MedCLIP-SAMv2/data/MAS3K/extracted/MAS3K/img/Turtle_560.jpg,
/home/woojye2020/decs_jupyter_lab/MedCLIP-SAMv2/data/MAS3K/positive_images/Turtle_570.jpg,Turtle_570.jpg,Turtle,32,There is an turtle present in the scene.,original,Turtle,36,/home/woojye2020/decs_jupyter_lab/MedCLIP-SAMv2/data/MAS3K/extracted/MAS3K/img/Turtle_570.jpg,
/home/woojye2020/decs_jupyter_lab/MedCLIP-SAMv2/data/MAS3K/positive_images/Turtle_577.jpg,Turtle_577.jpg,Turtle,32,There is an turtle present in the scene.,original,Turtle,36,/home/woojye2020/decs_jupyter_lab/MedCLIP-SAMv2/data/MAS3K/extracted/MAS3K/img/Turtle_577.jpg,
/home/woojye2020/decs_jupyter_lab/MedCLIP-SAMv2/data/MAS3K/positive_images/Turtle_579.jpg,Turtle_579.jpg,Turtle,32,There is an turtle present in the scene.,original,Turtle,36,/home/woojye2020/decs_jupyter_lab/MedCLIP-SAMv2/data/MAS3K/extracted/MAS3K/img/Turtle_579.jpg,
/home/woojye2020/decs_jupyter_lab/MedCLIP-SAMv2/data/MAS3K/positive_images/Turtle_583.jpg,Turtle_583.jpg,Turtle,32,There is an turtle present in the scene.,original,Turtle,36,/home/woojye2020/decs_jupyter_lab/MedCLIP-SAMv2/data/MAS3K/extracted/MAS3K/img/Turtle_583.jpg,
/home/woojye2020/decs_jupyter_lab/MedCLIP-SAMv2/data/MAS3K/positive_images/Turtle_596.jpg,Turtle_596.jpg,Turtle,32,There is an turtle present in the scene.,original,Turtle,36,/home/woojye2020/decs_jupyter_lab/MedCLIP-SAMv2/data/MAS3K/extracted/MAS3K/img/Turtle_596.jpg,
/home/woojye2020/decs_jupyter_lab/MedCLIP-SAMv2/data/MAS3K/positive_images/Turtle_597.jpg,Turtle_597.jpg,Turtle,32,There is an turtle present in the scene.,original,Turtle,36,/home/woojye2020/decs_jupyter_lab/MedCLIP-SAMv2/data/MAS3K/extracted/MAS3K/img/Turtle_597.jpg,
/home/woojye2020/decs_jupyter_lab/MedCLIP-SAMv2/data/MAS3K/positive_images/Turtle_600.jpg,Turtle_600.jpg,Turtle,32,There is an turtle present in the scene.,original,Turtle,36,/home/woojye2020/decs_jupyter_lab/MedCLIP-SAMv2/data/MAS3K/extracted/MAS3K/img/Turtle_600.jpg,
/home/woojye2020/decs_jupyter_lab/MedCLIP-SAMv2/data/MAS3K/positive_images/Turtle_602.jpg,Turtle_602.jpg,Turtle,32,There is an turtle present in the scene.,original,Turtle,36,/home/woojye2020/decs_jupyter_lab/MedCLIP-SAMv2/data/MAS3K/extracted/MAS3K/img/Turtle_602.jpg,
/home/woojye2020/decs_jupyter_lab/MedCLIP-SAMv2/data/MAS3K/positive_images/Turtle_608.jpg,Turtle_608.jpg,Turtle,32,There is an turtle present in the scene.,original,Turtle,36,/home/woojye2020/decs_jupyter_lab/MedCLIP-SAMv2/data/MAS3K/extracted/MAS3K/img/Turtle_608.jpg,
/home/woojye2020/decs_jupyter_lab/MedCLIP-SAMv2/data/MAS3K/positive_images/Turtle_614.jpg,Turtle_614.jpg,Turtle,32,There is an turtle present in the scene.,original,Turtle,36,/home/woojye2020/decs_jupyter_lab/MedCLIP-SAMv2/data/MAS3K/extracted/MAS3K/img/Turtle_614.jpg,
/home/woojye2020/decs_jupyter_lab/MedCLIP-SAMv2/data/MAS3K/positive_images/Turtle_620.jpg,Turtle_620.jpg,Turtle,32,There is an turtle present in the scene.,original,Turtle,36,/home/woojye2020/decs_jupyter_lab/MedCLIP-SAMv2/data/MAS3K/extracted/MAS3K/img/Turtle_620.jpg,
/home/woojye2020/decs_jupyter_lab/MedCLIP-SAMv2/data/MAS3K/positive_images/Turtle_627.jpg,Turtle_627.jpg,Turtle,32,There is an turtle present in the scene.,original,Turtle,36,/home/woojye2020/decs_jupyter_lab/MedCLIP-SAMv2/data/MAS3K/extracted/MAS3K/img/Turtle_627.jpg,
/home/woojye2020/decs_jupyter_lab/MedCLIP-SAMv2/data/MAS3K/positive_images/Turtle_632.jpg,Turtle_632.jpg,Turtle,32,There is an turtle present in the scene.,original,Turtle,36,/home/woojye2020/decs_jupyter_lab/MedCLIP-SAMv2/data/MAS3K/extracted/MAS3K/img/Turtle_632.jpg,
/home/woojye2020/decs_jupyter_lab/MedCLIP-SAMv2/data/MAS3K/positive_images/Turtle_634.jpg,Turtle_634.jpg,Turtle,32,There is an turtle present in the scene.,original,Turtle,36,/home/woojye2020/decs_jupyter_lab/MedCLIP-SAMv2/data/MAS3K/extracted/MAS3K/img/Turtle_634.jpg,
/home/woojye2020/decs_jupyter_lab/MedCLIP-SAMv2/data/MAS3K/positive_images/Turtle_646.jpg,Turtle_646.jpg,Turtle,32,There is an turtle present in the scene.,original,Turtle,36,/home/woojye2020/decs_jupyter_lab/MedCLIP-SAMv2/data/MAS3K/extracted/MAS3K/img/Turtle_646.jpg,
/home/woojye2020/decs_jupyter_lab/MedCLIP-SAMv2/data/MAS3K/positive_images/Turtle_654.jpg,Turtle_654.jpg,Turtle,32,There is an turtle present in the scene.,original,Turtle,36,/home/woojye2020/decs_jupyter_lab/MedCLIP-SAMv2/data/MAS3K/extracted/MAS3K/img/Turtle_654.jpg,
/home/woojye2020/decs_jupyter_lab/MedCLIP-SAMv2/data/MAS3K/positive_images/Turtle_655.jpg,Turtle_655.jpg,Turtle,32,There is an turtle present in the scene.,original,Turtle,36,/home/woojye2020/decs_jupyter_lab/MedCLIP-SAMv2/data/MAS3K/extracted/MAS3K/img/Turtle_655.jpg,
/home/woojye2020/decs_jupyter_lab/MedCLIP-SAMv2/data/MAS3K/positive_images/Turtle_658.jpg,Turtle_658.jpg,Turtle,32,There is an turtle present in the scene.,original,Turtle,36,/home/woojye2020/decs_jupyter_lab/MedCLIP-SAMv2/data/MAS3K/extracted/MAS3K/img/Turtle_658.jpg,
/home/woojye2020/decs_jupyter_lab/MedCLIP-SAMv2/data/MAS3K/positive_images/Turtle_659.jpg,Turtle_659.jpg,Turtle,32,There is an turtle present in the scene.,original,Turtle,36,/home/woojye2020/decs_jupyter_lab/MedCLIP-SAMv2/data/MAS3K/extracted/MAS3K/img/Turtle_659.jpg,
/home/woojye2020/decs_jupyter_lab/MedCLIP-SAMv2/data/MAS3K/positive_images/Turtle_667.jpg,Turtle_667.jpg,Turtle,32,There is an turtle present in the scene.,original,Turtle,36,/home/woojye2020/decs_jupyter_lab/MedCLIP-SAMv2/data/MAS3K/extracted/MAS3K/img/Turtle_667.jpg,
/home/woojye2020/decs_jupyter_lab/MedCLIP-SAMv2/data/MAS3K/positive_images/Turtle_669.jpg,Turtle_669.jpg,Turtle,32,There is an turtle present in the scene.,original,Turtle,36,/home/woojye2020/decs_jupyter_lab/MedCLIP-SAMv2/data/MAS3K/extracted/MAS3K/img/Turtle_669.jpg,
/home/woojye2020/decs_jupyter_lab/MedCLIP-SAMv2/data/MAS3K/positive_images/Turtle_682.jpg,Turtle_682.jpg,Turtle,32,There is an turtle present in the scene.,original,Turtle,36,/home/woojye2020/decs_jupyter_lab/MedCLIP-SAMv2/data/MAS3K/extracted/MAS3K/img/Turtle_682.jpg,
/home/woojye2020/decs_jupyter_lab/MedCLIP-SAMv2/data/MAS3K/positive_images/Turtle_695.jpg,Turtle_695.jpg,Turtle,32,There is an turtle present in the scene.,original,Turtle,36,/home/woojye2020/decs_jupyter_lab/MedCLIP-SAMv2/data/MAS3K/extracted/MAS3K/img/Turtle_695.jpg,
/home/woojye2020/decs_jupyter_lab/MedCLIP-SAMv2/data/MAS3K/positive_images/Turtle_706.jpg,Turtle_706.jpg,Turtle,32,There is an turtle present in the scene.,original,Turtle,36,/home/woojye2020/decs_jupyter_lab/MedCLIP-SAMv2/data/MAS3K/extracted/MAS3K/img/Turtle_706.jpg,
/home/woojye2020/decs_jupyter_lab/MedCLIP-SAMv2/data/MAS3K/positive_images/Turtle_714.jpg,Turtle_714.jpg,Turtle,32,There is an turtle present in the scene.,original,Turtle,36,/home/woojye2020/decs_jupyter_lab/MedCLIP-SAMv2/data/MAS3K/extracted/MAS3K/img/Turtle_714.jpg,
/home/woojye2020/decs_jupyter_lab/MedCLIP-SAMv2/data/MAS3K/positive_images/Turtle_715.jpg,Turtle_715.jpg,Turtle,32,There is an turtle present in the scene.,original,Turtle,36,/home/woojye2020/decs_jupyter_lab/MedCLIP-SAMv2/data/MAS3K/extracted/MAS3K/img/Turtle_715.jpg,
/home/woojye2020/decs_jupyter_lab/MedCLIP-SAMv2/data/MAS3K/positive_images/Turtle_723.jpg,Turtle_723.jpg,Turtle,32,There is an turtle present in the scene.,original,Turtle,36,/home/woojye2020/decs_jupyter_lab/MedCLIP-SAMv2/data/MAS3K/extracted/MAS3K/img/Turtle_723.jpg,
/home/woojye2020/decs_jupyter_lab/MedCLIP-SAMv2/data/MAS3K/positive_images/Turtle_725.jpg,Turtle_725.jpg,Turtle,32,There is an turtle present in the scene.,original,Turtle,36,/home/woojye2020/decs_jupyter_lab/MedCLIP-SAMv2/data/MAS3K/extracted/MAS3K/img/Turtle_725.jpg,
/home/woojye2020/decs_jupyter_lab/MedCLIP-SAMv2/data/MAS3K/positive_images/Turtle_726.jpg,Turtle_726.jpg,Turtle,32,There is an turtle present in the scene.,original,Turtle,36,/home/woojye2020/decs_jupyter_lab/MedCLIP-SAMv2/data/MAS3K/extracted/MAS3K/img/Turtle_726.jpg,
/home/woojye2020/decs_jupyter_lab/MedCLIP-SAMv2/data/MAS3K/positive_images/Turtle_733.jpg,Turtle_733.jpg,Turtle,32,There is an turtle present in the scene.,original,Turtle,36,/home/woojye2020/decs_jupyter_lab/MedCLIP-SAMv2/data/MAS3K/extracted/MAS3K/img/Turtle_733.jpg,
/home/woojye2020/decs_jupyter_lab/MedCLIP-SAMv2/data/MAS3K/positive_images/Turtle_736.jpg,Turtle_736.jpg,Turtle,32,There is an turtle present in the scene.,original,Turtle,36,/home/woojye2020/decs_jupyter_lab/MedCLIP-SAMv2/data/MAS3K/extracted/MAS3K/img/Turtle_736.jpg,
/home/woojye2020/decs_jupyter_lab/MedCLIP-SAMv2/data/MAS3K/positive_images/Turtle_739.jpg,Turtle_739.jpg,Turtle,32,There is an turtle present in the scene.,original,Turtle,36,/home/woojye2020/decs_jupyter_lab/MedCLIP-SAMv2/data/MAS3K/extracted/MAS3K/img/Turtle_739.jpg,
/home/woojye2020/decs_jupyter_lab/MedCLIP-SAMv2/data/MAS3K/positive_images/Turtle_740.jpg,Turtle_740.jpg,Turtle,32,There is an turtle present in the scene.,original,Turtle,36,/home/woojye2020/decs_jupyter_lab/MedCLIP-SAMv2/data/MAS3K/extracted/MAS3K/img/Turtle_740.jpg,
/home/woojye2020/decs_jupyter_lab/MedCLIP-SAMv2/data/MAS3K/positive_images/Turtle_743.jpg,Turtle_743.jpg,Turtle,32,There is an turtle present in the scene.,original,Turtle,36,/home/woojye2020/decs_jupyter_lab/MedCLIP-SAMv2/data/MAS3K/extracted/MAS3K/img/Turtle_743.jpg,
/home/woojye2020/decs_jupyter_lab/MedCLIP-SAMv2/data/MAS3K/test/AngelFish_2824.png,AngelFish_2824.jpg,no camouflaged animal,33,There is no camouflaged animal present in the scene.,sd15_inpainting_no_object,AngelFish,0,/home/woojye2020/decs_jupyter_lab/MedCLIP-SAMv2/data/MAS3K/extracted/MAS3K/img/AngelFish_2824.jpg,/home/woojye2020/decs_jupyter_lab/MedCLIP-SAMv2/data/MAS3K_medclipsam/test_images_sd15_inpainting_v1/generation_metadata.jsonl
/home/woojye2020/decs_jupyter_lab/MedCLIP-SAMv2/data/MAS3K/test/AngelFish_2833.png,AngelFish_2833.jpg,no camouflaged animal,33,There is no camouflaged animal present in the scene.,sd15_inpainting_no_object,AngelFish,0,/home/woojye2020/decs_jupyter_lab/MedCLIP-SAMv2/data/MAS3K/extracted/MAS3K/img/AngelFish_2833.jpg,/home/woojye2020/decs_jupyter_lab/MedCLIP-SAMv2/data/MAS3K_medclipsam/test_images_sd15_inpainting_v1/generation_metadata.jsonl
/home/woojye2020/decs_jupyter_lab/MedCLIP-SAMv2/data/MAS3K/test/BatFish_2886.png,BatFish_2886.jpg,no camouflaged animal,33,There is no camouflaged animal present in the scene.,sd15_inpainting_no_object,BatFish,1,/home/woojye2020/decs_jupyter_lab/MedCLIP-SAMv2/data/MAS3K/extracted/MAS3K/img/BatFish_2886.jpg,/home/woojye2020/decs_jupyter_lab/MedCLIP-SAMv2/data/MAS3K_medclipsam/test_images_sd15_inpainting_v1/generation_metadata.jsonl
/home/woojye2020/decs_jupyter_lab/MedCLIP-SAMv2/data/MAS3K/test/BatFish_2888.png,BatFish_2888.jpg,no camouflaged animal,33,There is no camouflaged animal present in the scene.,sd15_inpainting_no_object,BatFish,1,/home/woojye2020/decs_jupyter_lab/MedCLIP-SAMv2/data/MAS3K/extracted/MAS3K/img/BatFish_2888.jpg,/home/woojye2020/decs_jupyter_lab/MedCLIP-SAMv2/data/MAS3K_medclipsam/test_images_sd15_inpainting_v1/generation_metadata.jsonl
/home/woojye2020/decs_jupyter_lab/MedCLIP-SAMv2/data/MAS3K/test/Butterflyfish_1003.png,Butterflyfish_1003.jpg,no camouflaged animal,33,There is no camouflaged animal present in the scene.,sd15_inpainting_no_object,Butterflyfish,2,/home/woojye2020/decs_jupyter_lab/MedCLIP-SAMv2/data/MAS3K/extracted/MAS3K/img/Butterflyfish_1003.jpg,/home/woojye2020/decs_jupyter_lab/MedCLIP-SAMv2/data/MAS3K_medclipsam/test_images_sd15_inpainting_v1/generation_metadata.jsonl
/home/woojye2020/decs_jupyter_lab/MedCLIP-SAMv2/data/MAS3K/test/Butterflyfish_1006.png,Butterflyfish_1006.jpg,no camouflaged animal,33,There is no camouflaged animal present in the scene.,sd15_inpainting_no_object,Butterflyfish,2,/home/woojye2020/decs_jupyter_lab/MedCLIP-SAMv2/data/MAS3K/extracted/MAS3K/img/Butterflyfish_1006.jpg,/home/woojye2020/decs_jupyter_lab/MedCLIP-SAMv2/data/MAS3K_medclipsam/test_images_sd15_inpainting_v1/generation_metadata.jsonl
/home/woojye2020/decs_jupyter_lab/MedCLIP-SAMv2/data/MAS3K/test/Butterflyfish_1007.png,Butterflyfish_1007.jpg,no camouflaged animal,33,There is no camouflaged animal present in the scene.,sd15_inpainting_no_object,Butterflyfish,2,/home/woojye2020/decs_jupyter_lab/MedCLIP-SAMv2/data/MAS3K/extracted/MAS3K/img/Butterflyfish_1007.jpg,/home/woojye2020/decs_jupyter_lab/MedCLIP-SAMv2/data/MAS3K_medclipsam/test_images_sd15_inpainting_v1/generation_metadata.jsonl
/home/woojye2020/decs_jupyter_lab/MedCLIP-SAMv2/data/MAS3K/test/Butterflyfish_984.png,Butterflyfish_984.jpg,no camouflaged animal,33,There is no camouflaged animal present in the scene.,sd15_inpainting_no_object,Butterflyfish,2,/home/woojye2020/decs_jupyter_lab/MedCLIP-SAMv2/data/MAS3K/extracted/MAS3K/img/Butterflyfish_984.jpg,/home/woojye2020/decs_jupyter_lab/MedCLIP-SAMv2/data/MAS3K_medclipsam/test_images_sd15_inpainting_v1/generation_metadata.jsonl
/home/woojye2020/decs_jupyter_lab/MedCLIP-SAMv2/data/MAS3K/test/Butterflyfish_991.png,Butterflyfish_991.jpg,no camouflaged animal,33,There is no camouflaged animal present in the scene.,sd15_inpainting_no_object,Butterflyfish,2,/home/woojye2020/decs_jupyter_lab/MedCLIP-SAMv2/data/MAS3K/extracted/MAS3K/img/Butterflyfish_991.jpg,/home/woojye2020/decs_jupyter_lab/MedCLIP-SAMv2/data/MAS3K_medclipsam/test_images_sd15_inpainting_v1/generation_metadata.jsonl
/home/woojye2020/decs_jupyter_lab/MedCLIP-SAMv2/data/MAS3K/test/Butterflyfish_993.png,Butterflyfish_993.jpg,no camouflaged animal,33,There is no camouflaged animal present in the scene.,sd15_inpainting_no_object,Butterflyfish,2,/home/woojye2020/decs_jupyter_lab/MedCLIP-SAMv2/data/MAS3K/extracted/MAS3K/img/Butterflyfish_993.jpg,/home/woojye2020/decs_jupyter_lab/MedCLIP-SAMv2/data/MAS3K_medclipsam/test_images_sd15_inpainting_v1/generation_metadata.jsonl
/home/woojye2020/decs_jupyter_lab/MedCLIP-SAMv2/data/MAS3K/test/ClownFish_928.png,ClownFish_928.jpg,no camouflaged animal,33,There is no camouflaged animal present in the scene.,sd15_inpainting_no_object,ClownFish,3,/home/woojye2020/decs_jupyter_lab/MedCLIP-SAMv2/data/MAS3K/extracted/MAS3K/img/ClownFish_928.jpg,/home/woojye2020/decs_jupyter_lab/MedCLIP-SAMv2/data/MAS3K_medclipsam/test_images_sd15_inpainting_v1/generation_metadata.jsonl
/home/woojye2020/decs_jupyter_lab/MedCLIP-SAMv2/data/MAS3K/test/ClownFish_929.png,ClownFish_929.jpg,no camouflaged animal,33,There is no camouflaged animal present in the scene.,sd15_inpainting_no_object,ClownFish,3,/home/woojye2020/decs_jupyter_lab/MedCLIP-SAMv2/data/MAS3K/extracted/MAS3K/img/ClownFish_929.jpg,/home/woojye2020/decs_jupyter_lab/MedCLIP-SAMv2/data/MAS3K_medclipsam/test_images_sd15_inpainting_v1/generation_metadata.jsonl
/home/woojye2020/decs_jupyter_lab/MedCLIP-SAMv2/data/MAS3K/test/ClownFish_935.png,ClownFish_935.jpg,no camouflaged animal,33,There is no camouflaged animal present in the scene.,sd15_inpainting_no_object,ClownFish,3,/home/woojye2020/decs_jupyter_lab/MedCLIP-SAMv2/data/MAS3K/extracted/MAS3K/img/ClownFish_935.jpg,/home/woojye2020/decs_jupyter_lab/MedCLIP-SAMv2/data/MAS3K_medclipsam/test_images_sd15_inpainting_v1/generation_metadata.jsonl
/home/woojye2020/decs_jupyter_lab/MedCLIP-SAMv2/data/MAS3K/test/ClownFish_943.png,ClownFish_943.jpg,no camouflaged animal,33,There is no camouflaged animal present in the scene.,sd15_inpainting_no_object,ClownFish,3,/home/woojye2020/decs_jupyter_lab/MedCLIP-SAMv2/data/MAS3K/extracted/MAS3K/img/ClownFish_943.jpg,/home/woojye2020/decs_jupyter_lab/MedCLIP-SAMv2/data/MAS3K_medclipsam/test_images_sd15_inpainting_v1/generation_metadata.jsonl
/home/woojye2020/decs_jupyter_lab/MedCLIP-SAMv2/data/MAS3K/test/ClownFish_947.png,ClownFish_947.jpg,no camouflaged animal,33,There is no camouflaged animal present in the scene.,sd15_inpainting_no_object,ClownFish,3,/home/woojye2020/decs_jupyter_lab/MedCLIP-SAMv2/data/MAS3K/extracted/MAS3K/img/ClownFish_947.jpg,/home/woojye2020/decs_jupyter_lab/MedCLIP-SAMv2/data/MAS3K_medclipsam/test_images_sd15_inpainting_v1/generation_metadata.jsonl
/home/woojye2020/decs_jupyter_lab/MedCLIP-SAMv2/data/MAS3K/test/ClownFish_956.png,ClownFish_956.jpg,no camouflaged animal,33,There is no camouflaged animal present in the scene.,sd15_inpainting_no_object,ClownFish,3,/home/woojye2020/decs_jupyter_lab/MedCLIP-SAMv2/data/MAS3K/extracted/MAS3K/img/ClownFish_956.jpg,/home/woojye2020/decs_jupyter_lab/MedCLIP-SAMv2/data/MAS3K_medclipsam/test_images_sd15_inpainting_v1/generation_metadata.jsonl
/home/woojye2020/decs_jupyter_lab/MedCLIP-SAMv2/data/MAS3K/test/ClownFish_959.png,ClownFish_959.jpg,no camouflaged animal,33,There is no camouflaged animal present in the scene.,sd15_inpainting_no_object,ClownFish,3,/home/woojye2020/decs_jupyter_lab/MedCLIP-SAMv2/data/MAS3K/extracted/MAS3K/img/ClownFish_959.jpg,/home/woojye2020/decs_jupyter_lab/MedCLIP-SAMv2/data/MAS3K_medclipsam/test_images_sd15_inpainting_v1/generation_metadata.jsonl
/home/woojye2020/decs_jupyter_lab/MedCLIP-SAMv2/data/MAS3K/test/ClownFish_964.png,ClownFish_964.jpg,no camouflaged animal,33,There is no camouflaged animal present in the scene.,sd15_inpainting_no_object,ClownFish,3,/home/woojye2020/decs_jupyter_lab/MedCLIP-SAMv2/data/MAS3K/extracted/MAS3K/img/ClownFish_964.jpg,/home/woojye2020/decs_jupyter_lab/MedCLIP-SAMv2/data/MAS3K_medclipsam/test_images_sd15_inpainting_v1/generation_metadata.jsonl
/home/woojye2020/decs_jupyter_lab/MedCLIP-SAMv2/data/MAS3K/test/ClownFish_970.png,ClownFish_970.jpg,no camouflaged animal,33,There is no camouflaged animal present in the scene.,sd15_inpainting_no_object,ClownFish,3,/home/woojye2020/decs_jupyter_lab/MedCLIP-SAMv2/data/MAS3K/extracted/MAS3K/img/ClownFish_970.jpg,/home/woojye2020/decs_jupyter_lab/MedCLIP-SAMv2/data/MAS3K_medclipsam/test_images_sd15_inpainting_v1/generation_metadata.jsonl
/home/woojye2020/decs_jupyter_lab/MedCLIP-SAMv2/data/MAS3K/test/ClownFish_973.png,ClownFish_973.jpg,no camouflaged animal,33,There is no camouflaged animal present in the scene.,sd15_inpainting_no_object,ClownFish,3,/home/woojye2020/decs_jupyter_lab/MedCLIP-SAMv2/data/MAS3K/extracted/MAS3K/img/ClownFish_973.jpg,/home/woojye2020/decs_jupyter_lab/MedCLIP-SAMv2/data/MAS3K_medclipsam/test_images_sd15_inpainting_v1/generation_metadata.jsonl
/home/woojye2020/decs_jupyter_lab/MedCLIP-SAMv2/data/MAS3K/test/ClownFish_974.png,ClownFish_974.jpg,no camouflaged animal,33,There is no camouflaged animal present in the scene.,sd15_inpainting_no_object,ClownFish,3,/home/woojye2020/decs_jupyter_lab/MedCLIP-SAMv2/data/MAS3K/extracted/MAS3K/img/ClownFish_974.jpg,/home/woojye2020/decs_jupyter_lab/MedCLIP-SAMv2/data/MAS3K_medclipsam/test_images_sd15_inpainting_v1/generation_metadata.jsonl
/home/woojye2020/decs_jupyter_lab/MedCLIP-SAMv2/data/MAS3K/test/ClownFish_975.png,ClownFish_975.jpg,no camouflaged animal,33,There is no camouflaged animal present in the scene.,sd15_inpainting_no_object,ClownFish,3,/home/woojye2020/decs_jupyter_lab/MedCLIP-SAMv2/data/MAS3K/extracted/MAS3K/img/ClownFish_975.jpg,/home/woojye2020/decs_jupyter_lab/MedCLIP-SAMv2/data/MAS3K_medclipsam/test_images_sd15_inpainting_v1/generation_metadata.jsonl
/home/woojye2020/decs_jupyter_lab/MedCLIP-SAMv2/data/MAS3K/test/Conch_101.png,Conch_101.jpg,no camouflaged animal,33,There is no camouflaged animal present in the scene.,sd15_inpainting_no_object,Conch,4,/home/woojye2020/decs_jupyter_lab/MedCLIP-SAMv2/data/MAS3K/extracted/MAS3K/img/Conch_101.jpg,/home/woojye2020/decs_jupyter_lab/MedCLIP-SAMv2/data/MAS3K_medclipsam/test_images_sd15_inpainting_v1/generation_metadata.jsonl
/home/woojye2020/decs_jupyter_lab/MedCLIP-SAMv2/data/MAS3K/test/Conch_12.png,Conch_12.jpg,no camouflaged animal,33,There is no camouflaged animal present in the scene.,sd15_inpainting_no_object,Conch,4,/home/woojye2020/decs_jupyter_lab/MedCLIP-SAMv2/data/MAS3K/extracted/MAS3K/img/Conch_12.jpg,/home/woojye2020/decs_jupyter_lab/MedCLIP-SAMv2/data/MAS3K_medclipsam/test_images_sd15_inpainting_v1/generation_metadata.jsonl
/home/woojye2020/decs_jupyter_lab/MedCLIP-SAMv2/data/MAS3K/test/Conch_14.png,Conch_14.jpg,no camouflaged animal,33,There is no camouflaged animal present in the scene.,sd15_inpainting_no_object,Conch,4,/home/woojye2020/decs_jupyter_lab/MedCLIP-SAMv2/data/MAS3K/extracted/MAS3K/img/Conch_14.jpg,/home/woojye2020/decs_jupyter_lab/MedCLIP-SAMv2/data/MAS3K_medclipsam/test_images_sd15_inpainting_v1/generation_metadata.jsonl
/home/woojye2020/decs_jupyter_lab/MedCLIP-SAMv2/data/MAS3K/test/Conch_20.png,Conch_20.jpg,no camouflaged animal,33,There is no camouflaged animal present in the scene.,sd15_inpainting_no_object,Conch,4,/home/woojye2020/decs_jupyter_lab/MedCLIP-SAMv2/data/MAS3K/extracted/MAS3K/img/Conch_20.jpg,/home/woojye2020/decs_jupyter_lab/MedCLIP-SAMv2/data/MAS3K_medclipsam/test_images_sd15_inpainting_v1/generation_metadata.jsonl
/home/woojye2020/decs_jupyter_lab/MedCLIP-SAMv2/data/MAS3K/test/Conch_36.png,Conch_36.jpg,no camouflaged animal,33,There is no camouflaged animal present in the scene.,sd15_inpainting_no_object,Conch,4,/home/woojye2020/decs_jupyter_lab/MedCLIP-SAMv2/data/MAS3K/extracted/MAS3K/img/Conch_36.jpg,/home/woojye2020/decs_jupyter_lab/MedCLIP-SAMv2/data/MAS3K_medclipsam/test_images_sd15_inpainting_v1/generation_metadata.jsonl
/home/woojye2020/decs_jupyter_lab/MedCLIP-SAMv2/data/MAS3K/test/Conch_40.png,Conch_40.jpg,no camouflaged animal,33,There is no camouflaged animal present in the scene.,sd15_inpainting_no_object,Conch,4,/home/woojye2020/decs_jupyter_lab/MedCLIP-SAMv2/data/MAS3K/extracted/MAS3K/img/Conch_40.jpg,/home/woojye2020/decs_jupyter_lab/MedCLIP-SAMv2/data/MAS3K_medclipsam/test_images_sd15_inpainting_v1/generation_metadata.jsonl
/home/woojye2020/decs_jupyter_lab/MedCLIP-SAMv2/data/MAS3K/test/Conch_45.png,Conch_45.jpg,no camouflaged animal,33,There is no camouflaged animal present in the scene.,sd15_inpainting_no_object,Conch,4,/home/woojye2020/decs_jupyter_lab/MedCLIP-SAMv2/data/MAS3K/extracted/MAS3K/img/Conch_45.jpg,/home/woojye2020/decs_jupyter_lab/MedCLIP-SAMv2/data/MAS3K_medclipsam/test_images_sd15_inpainting_v1/generation_metadata.jsonl
/home/woojye2020/decs_jupyter_lab/MedCLIP-SAMv2/data/MAS3K/test/Conch_48.png,Conch_48.jpg,no camouflaged animal,33,There is no camouflaged animal present in the scene.,sd15_inpainting_no_object,Conch,4,/home/woojye2020/decs_jupyter_lab/MedCLIP-SAMv2/data/MAS3K/extracted/MAS3K/img/Conch_48.jpg,/home/woojye2020/decs_jupyter_lab/MedCLIP-SAMv2/data/MAS3K_medclipsam/test_images_sd15_inpainting_v1/generation_metadata.jsonl
/home/woojye2020/decs_jupyter_lab/MedCLIP-SAMv2/data/MAS3K/test/Conch_58.png,Conch_58.jpg,no camouflaged animal,33,There is no camouflaged animal present in the scene.,sd15_inpainting_no_object,Conch,4,/home/woojye2020/decs_jupyter_lab/MedCLIP-SAMv2/data/MAS3K/extracted/MAS3K/img/Conch_58.jpg,/home/woojye2020/decs_jupyter_lab/MedCLIP-SAMv2/data/MAS3K_medclipsam/test_images_sd15_inpainting_v1/generation_metadata.jsonl
/home/woojye2020/decs_jupyter_lab/MedCLIP-SAMv2/data/MAS3K/test/Conch_59.png,Conch_59.jpg,no camouflaged animal,33,There is no camouflaged animal present in the scene.,sd15_inpainting_no_object,Conch,4,/home/woojye2020/decs_jupyter_lab/MedCLIP-SAMv2/data/MAS3K/extracted/MAS3K/img/Conch_59.jpg,/home/woojye2020/decs_jupyter_lab/MedCLIP-SAMv2/data/MAS3K_medclipsam/test_images_sd15_inpainting_v1/generation_metadata.jsonl
/home/woojye2020/decs_jupyter_lab/MedCLIP-SAMv2/data/MAS3K/test/Conch_61.png,Conch_61.jpg,no camouflaged animal,33,There is no camouflaged animal present in the scene.,sd15_inpainting_no_object,Conch,4,/home/woojye2020/decs_jupyter_lab/MedCLIP-SAMv2/data/MAS3K/extracted/MAS3K/img/Conch_61.jpg,/home/woojye2020/decs_jupyter_lab/MedCLIP-SAMv2/data/MAS3K_medclipsam/test_images_sd15_inpainting_v1/generation_metadata.jsonl
/home/woojye2020/decs_jupyter_lab/MedCLIP-SAMv2/data/MAS3K/test/Conch_70.png,Conch_70.jpg,no camouflaged animal,33,There is no camouflaged animal present in the scene.,sd15_inpainting_no_object,Conch,4,/home/woojye2020/decs_jupyter_lab/MedCLIP-SAMv2/data/MAS3K/extracted/MAS3K/img/Conch_70.jpg,/home/woojye2020/decs_jupyter_lab/MedCLIP-SAMv2/data/MAS3K_medclipsam/test_images_sd15_inpainting_v1/generation_metadata.jsonl
/home/woojye2020/decs_jupyter_lab/MedCLIP-SAMv2/data/MAS3K/test/Conch_82.png,Conch_82.jpg,no camouflaged animal,33,There is no camouflaged animal present in the scene.,sd15_inpainting_no_object,Conch,4,/home/woojye2020/decs_jupyter_lab/MedCLIP-SAMv2/data/MAS3K/extracted/MAS3K/img/Conch_82.jpg,/home/woojye2020/decs_jupyter_lab/MedCLIP-SAMv2/data/MAS3K_medclipsam/test_images_sd15_inpainting_v1/generation_metadata.jsonl
/home/woojye2020/decs_jupyter_lab/MedCLIP-SAMv2/data/MAS3K/test/Conch_87.png,Conch_87.jpg,no camouflaged animal,33,There is no camouflaged animal present in the scene.,sd15_inpainting_no_object,Conch,4,/home/woojye2020/decs_jupyter_lab/MedCLIP-SAMv2/data/MAS3K/extracted/MAS3K/img/Conch_87.jpg,/home/woojye2020/decs_jupyter_lab/MedCLIP-SAMv2/data/MAS3K_medclipsam/test_images_sd15_inpainting_v1/generation_metadata.jsonl
/home/woojye2020/decs_jupyter_lab/MedCLIP-SAMv2/data/MAS3K/test/Conch_90.png,Conch_90.jpg,no camouflaged animal,33,There is no camouflaged animal present in the scene.,sd15_inpainting_no_object,Conch,4,/home/woojye2020/decs_jupyter_lab/MedCLIP-SAMv2/data/MAS3K/extracted/MAS3K/img/Conch_90.jpg,/home/woojye2020/decs_jupyter_lab/MedCLIP-SAMv2/data/MAS3K_medclipsam/test_images_sd15_inpainting_v1/generation_metadata.jsonl
/home/woojye2020/decs_jupyter_lab/MedCLIP-SAMv2/data/MAS3K/test/Conch_92.png,Conch_92.jpg,no camouflaged animal,33,There is no camouflaged animal present in the scene.,sd15_inpainting_no_object,Conch,4,/home/woojye2020/decs_jupyter_lab/MedCLIP-SAMv2/data/MAS3K/extracted/MAS3K/img/Conch_92.jpg,/home/woojye2020/decs_jupyter_lab/MedCLIP-SAMv2/data/MAS3K_medclipsam/test_images_sd15_inpainting_v1/generation_metadata.jsonl
/home/woojye2020/decs_jupyter_lab/MedCLIP-SAMv2/data/MAS3K/test/Conch_93.png,Conch_93.jpg,no camouflaged animal,33,There is no camouflaged animal present in the scene.,sd15_inpainting_no_object,Conch,4,/home/woojye2020/decs_jupyter_lab/MedCLIP-SAMv2/data/MAS3K/extracted/MAS3K/img/Conch_93.jpg,/home/woojye2020/decs_jupyter_lab/MedCLIP-SAMv2/data/MAS3K_medclipsam/test_images_sd15_inpainting_v1/generation_metadata.jsonl
/home/woojye2020/decs_jupyter_lab/MedCLIP-SAMv2/data/MAS3K/test/Conch_94.png,Conch_94.jpg,no camouflaged animal,33,There is no camouflaged animal present in the scene.,sd15_inpainting_no_object,Conch,4,/home/woojye2020/decs_jupyter_lab/MedCLIP-SAMv2/data/MAS3K/extracted/MAS3K/img/Conch_94.jpg,/home/woojye2020/decs_jupyter_lab/MedCLIP-SAMv2/data/MAS3K_medclipsam/test_images_sd15_inpainting_v1/generation_metadata.jsonl
/home/woojye2020/decs_jupyter_lab/MedCLIP-SAMv2/data/MAS3K/test/Conch_96.png,Conch_96.jpg,no camouflaged animal,33,There is no camouflaged animal present in the scene.,sd15_inpainting_no_object,Conch,4,/home/woojye2020/decs_jupyter_lab/MedCLIP-SAMv2/data/MAS3K/extracted/MAS3K/img/Conch_96.jpg,/home/woojye2020/decs_jupyter_lab/MedCLIP-SAMv2/data/MAS3K_medclipsam/test_images_sd15_inpainting_v1/generation_metadata.jsonl
/home/woojye2020/decs_jupyter_lab/MedCLIP-SAMv2/data/MAS3K/test/Crab_373.png,Crab_373.jpg,no camouflaged animal,33,There is no camouflaged animal present in the scene.,sd15_inpainting_no_object,Crab,5,/home/woojye2020/decs_jupyter_lab/MedCLIP-SAMv2/data/MAS3K/extracted/MAS3K/img/Crab_373.jpg,/home/woojye2020/decs_jupyter_lab/MedCLIP-SAMv2/data/MAS3K_medclipsam/test_images_sd15_inpainting_v1/generation_metadata.jsonl
/home/woojye2020/decs_jupyter_lab/MedCLIP-SAMv2/data/MAS3K/test/Crab_374.png,Crab_374.jpg,no camouflaged animal,33,There is no camouflaged animal present in the scene.,sd15_inpainting_no_object,Crab,5,/home/woojye2020/decs_jupyter_lab/MedCLIP-SAMv2/data/MAS3K/extracted/MAS3K/img/Crab_374.jpg,/home/woojye2020/decs_jupyter_lab/MedCLIP-SAMv2/data/MAS3K_medclipsam/test_images_sd15_inpainting_v1/generation_metadata.jsonl
/home/woojye2020/decs_jupyter_lab/MedCLIP-SAMv2/data/MAS3K/test/Crab_382.png,Crab_382.jpg,no camouflaged animal,33,There is no camouflaged animal present in the scene.,sd15_inpainting_no_object,Crab,5,/home/woojye2020/decs_jupyter_lab/MedCLIP-SAMv2/data/MAS3K/extracted/MAS3K/img/Crab_382.jpg,/home/woojye2020/decs_jupyter_lab/MedCLIP-SAMv2/data/MAS3K_medclipsam/test_images_sd15_inpainting_v1/generation_metadata.jsonl
/home/woojye2020/decs_jupyter_lab/MedCLIP-SAMv2/data/MAS3K/test/Crab_390.png,Crab_390.jpg,no camouflaged animal,33,There is no camouflaged animal present in the scene.,sd15_inpainting_no_object,Crab,5,/home/woojye2020/decs_jupyter_lab/MedCLIP-SAMv2/data/MAS3K/extracted/MAS3K/img/Crab_390.jpg,/home/woojye2020/decs_jupyter_lab/MedCLIP-SAMv2/data/MAS3K_medclipsam/test_images_sd15_inpainting_v1/generation_metadata.jsonl
/home/woojye2020/decs_jupyter_lab/MedCLIP-SAMv2/data/MAS3K/test/Crab_397.png,Crab_397.jpg,no camouflaged animal,33,There is no camouflaged animal present in the scene.,sd15_inpainting_no_object,Crab,5,/home/woojye2020/decs_jupyter_lab/MedCLIP-SAMv2/data/MAS3K/extracted/MAS3K/img/Crab_397.jpg,/home/woojye2020/decs_jupyter_lab/MedCLIP-SAMv2/data/MAS3K_medclipsam/test_images_sd15_inpainting_v1/generation_metadata.jsonl
/home/woojye2020/decs_jupyter_lab/MedCLIP-SAMv2/data/MAS3K/test/Crab_405.png,Crab_405.jpg,no camouflaged animal,33,There is no camouflaged animal present in the scene.,sd15_inpainting_no_object,Crab,5,/home/woojye2020/decs_jupyter_lab/MedCLIP-SAMv2/data/MAS3K/extracted/MAS3K/img/Crab_405.jpg,/home/woojye2020/decs_jupyter_lab/MedCLIP-SAMv2/data/MAS3K_medclipsam/test_images_sd15_inpainting_v1/generation_metadata.jsonl
/home/woojye2020/decs_jupyter_lab/MedCLIP-SAMv2/data/MAS3K/test/Crab_417.png,Crab_417.jpg,no camouflaged animal,33,There is no camouflaged animal present in the scene.,sd15_inpainting_no_object,Crab,5,/home/woojye2020/decs_jupyter_lab/MedCLIP-SAMv2/data/MAS3K/extracted/MAS3K/img/Crab_417.jpg,/home/woojye2020/decs_jupyter_lab/MedCLIP-SAMv2/data/MAS3K_medclipsam/test_images_sd15_inpainting_v1/generation_metadata.jsonl
/home/woojye2020/decs_jupyter_lab/MedCLIP-SAMv2/data/MAS3K/test/Crab_433.png,Crab_433.jpg,no camouflaged animal,33,There is no camouflaged animal present in the scene.,sd15_inpainting_no_object,Crab,5,/home/woojye2020/decs_jupyter_lab/MedCLIP-SAMv2/data/MAS3K/extracted/MAS3K/img/Crab_433.jpg,/home/woojye2020/decs_jupyter_lab/MedCLIP-SAMv2/data/MAS3K_medclipsam/test_images_sd15_inpainting_v1/generation_metadata.jsonl
/home/woojye2020/decs_jupyter_lab/MedCLIP-SAMv2/data/MAS3K/test/Crab_435.png,Crab_435.jpg,no camouflaged animal,33,There is no camouflaged animal present in the scene.,sd15_inpainting_no_object,Crab,5,/home/woojye2020/decs_jupyter_lab/MedCLIP-SAMv2/data/MAS3K/extracted/MAS3K/img/Crab_435.jpg,/home/woojye2020/decs_jupyter_lab/MedCLIP-SAMv2/data/MAS3K_medclipsam/test_images_sd15_inpainting_v1/generation_metadata.jsonl
/home/woojye2020/decs_jupyter_lab/MedCLIP-SAMv2/data/MAS3K/test/Crab_436.png,Crab_436.jpg,no camouflaged animal,33,There is no camouflaged animal present in the scene.,sd15_inpainting_no_object,Crab,5,/home/woojye2020/decs_jupyter_lab/MedCLIP-SAMv2/data/MAS3K/extracted/MAS3K/img/Crab_436.jpg,/home/woojye2020/decs_jupyter_lab/MedCLIP-SAMv2/data/MAS3K_medclipsam/test_images_sd15_inpainting_v1/generation_metadata.jsonl
/home/woojye2020/decs_jupyter_lab/MedCLIP-SAMv2/data/MAS3K/test/Crab_440.png,Crab_440.jpg,no camouflaged animal,33,There is no camouflaged animal present in the scene.,sd15_inpainting_no_object,Crab,5,/home/woojye2020/decs_jupyter_lab/MedCLIP-SAMv2/data/MAS3K/extracted/MAS3K/img/Crab_440.jpg,/home/woojye2020/decs_jupyter_lab/MedCLIP-SAMv2/data/MAS3K_medclipsam/test_images_sd15_inpainting_v1/generation_metadata.jsonl
/home/woojye2020/decs_jupyter_lab/MedCLIP-SAMv2/data/MAS3K/test/Crab_443.png,Crab_443.jpg,no camouflaged animal,33,There is no camouflaged animal present in the scene.,sd15_inpainting_no_object,Crab,5,/home/woojye2020/decs_jupyter_lab/MedCLIP-SAMv2/data/MAS3K/extracted/MAS3K/img/Crab_443.jpg,/home/woojye2020/decs_jupyter_lab/MedCLIP-SAMv2/data/MAS3K_medclipsam/test_images_sd15_inpainting_v1/generation_metadata.jsonl
/home/woojye2020/decs_jupyter_lab/MedCLIP-SAMv2/data/MAS3K/test/Crab_446.png,Crab_446.jpg,no camouflaged animal,33,There is no camouflaged animal present in the scene.,sd15_inpainting_no_object,Crab,5,/home/woojye2020/decs_jupyter_lab/MedCLIP-SAMv2/data/MAS3K/extracted/MAS3K/img/Crab_446.jpg,/home/woojye2020/decs_jupyter_lab/MedCLIP-SAMv2/data/MAS3K_medclipsam/test_images_sd15_inpainting_v1/generation_metadata.jsonl
/home/woojye2020/decs_jupyter_lab/MedCLIP-SAMv2/data/MAS3K/test/Crab_447.png,Crab_447.jpg,no camouflaged animal,33,There is no camouflaged animal present in the scene.,sd15_inpainting_no_object,Crab,5,/home/woojye2020/decs_jupyter_lab/MedCLIP-SAMv2/data/MAS3K/extracted/MAS3K/img/Crab_447.jpg,/home/woojye2020/decs_jupyter_lab/MedCLIP-SAMv2/data/MAS3K_medclipsam/test_images_sd15_inpainting_v1/generation_metadata.jsonl
/home/woojye2020/decs_jupyter_lab/MedCLIP-SAMv2/data/MAS3K/test/Crab_461.png,Crab_461.jpg,no camouflaged animal,33,There is no camouflaged animal present in the scene.,sd15_inpainting_no_object,Crab,5,/home/woojye2020/decs_jupyter_lab/MedCLIP-SAMv2/data/MAS3K/extracted/MAS3K/img/Crab_461.jpg,/home/woojye2020/decs_jupyter_lab/MedCLIP-SAMv2/data/MAS3K_medclipsam/test_images_sd15_inpainting_v1/generation_metadata.jsonl
/home/woojye2020/decs_jupyter_lab/MedCLIP-SAMv2/data/MAS3K/test/CrocodileFish_2890.png,CrocodileFish_2890.jpg,no camouflaged animal,33,There is no camouflaged animal present in the scene.,sd15_inpainting_no_object,CrocodileFish,6,/home/woojye2020/decs_jupyter_lab/MedCLIP-SAMv2/data/MAS3K/extracted/MAS3K/img/CrocodileFish_2890.jpg,/home/woojye2020/decs_jupyter_lab/MedCLIP-SAMv2/data/MAS3K_medclipsam/test_images_sd15_inpainting_v1/generation_metadata.jsonl
/home/woojye2020/decs_jupyter_lab/MedCLIP-SAMv2/data/MAS3K/test/CrocodileFish_2891.png,CrocodileFish_2891.jpg,no camouflaged animal,33,There is no camouflaged animal present in the scene.,sd15_inpainting_no_object,CrocodileFish,6,/home/woojye2020/decs_jupyter_lab/MedCLIP-SAMv2/data/MAS3K/extracted/MAS3K/img/CrocodileFish_2891.jpg,/home/woojye2020/decs_jupyter_lab/MedCLIP-SAMv2/data/MAS3K_medclipsam/test_images_sd15_inpainting_v1/generation_metadata.jsonl
/home/woojye2020/decs_jupyter_lab/MedCLIP-SAMv2/data/MAS3K/test/CrocodileFish_2895.png,CrocodileFish_2895.jpg,no camouflaged animal,33,There is no camouflaged animal present in the scene.,sd15_inpainting_no_object,CrocodileFish,6,/home/woojye2020/decs_jupyter_lab/MedCLIP-SAMv2/data/MAS3K/extracted/MAS3K/img/CrocodileFish_2895.jpg,/home/woojye2020/decs_jupyter_lab/MedCLIP-SAMv2/data/MAS3K_medclipsam/test_images_sd15_inpainting_v1/generation_metadata.jsonl
/home/woojye2020/decs_jupyter_lab/MedCLIP-SAMv2/data/MAS3K/test/CuttleFish_2873.png,CuttleFish_2873.jpg,no camouflaged animal,33,There is no camouflaged animal present in the scene.,sd15_inpainting_no_object,CuttleFish,7,/home/woojye2020/decs_jupyter_lab/MedCLIP-SAMv2/data/MAS3K/extracted/MAS3K/img/CuttleFish_2873.jpg,/home/woojye2020/decs_jupyter_lab/MedCLIP-SAMv2/data/MAS3K_medclipsam/test_images_sd15_inpainting_v1/generation_metadata.jsonl
/home/woojye2020/decs_jupyter_lab/MedCLIP-SAMv2/data/MAS3K/test/Dolphin_758.png,Dolphin_758.jpg,no camouflaged animal,33,There is no camouflaged animal present in the scene.,sd15_inpainting_no_object,Dolphin,8,/home/woojye2020/decs_jupyter_lab/MedCLIP-SAMv2/data/MAS3K/extracted/MAS3K/img/Dolphin_758.jpg,/home/woojye2020/decs_jupyter_lab/MedCLIP-SAMv2/data/MAS3K_medclipsam/test_images_sd15_inpainting_v1/generation_metadata.jsonl
/home/woojye2020/decs_jupyter_lab/MedCLIP-SAMv2/data/MAS3K/test/Dolphin_771.png,Dolphin_771.jpg,no camouflaged animal,33,There is no camouflaged animal present in the scene.,sd15_inpainting_no_object,Dolphin,8,/home/woojye2020/decs_jupyter_lab/MedCLIP-SAMv2/data/MAS3K/extracted/MAS3K/img/Dolphin_771.jpg,/home/woojye2020/decs_jupyter_lab/MedCLIP-SAMv2/data/MAS3K_medclipsam/test_images_sd15_inpainting_v1/generation_metadata.jsonl
/home/woojye2020/decs_jupyter_lab/MedCLIP-SAMv2/data/MAS3K/test/Dolphin_772.png,Dolphin_772.jpg,no camouflaged animal,33,There is no camouflaged animal present in the scene.,sd15_inpainting_no_object,Dolphin,8,/home/woojye2020/decs_jupyter_lab/MedCLIP-SAMv2/data/MAS3K/extracted/MAS3K/img/Dolphin_772.jpg,/home/woojye2020/decs_jupyter_lab/MedCLIP-SAMv2/data/MAS3K_medclipsam/test_images_sd15_inpainting_v1/generation_metadata.jsonl
/home/woojye2020/decs_jupyter_lab/MedCLIP-SAMv2/data/MAS3K/test/Dolphin_773.png,Dolphin_773.jpg,no camouflaged animal,33,There is no camouflaged animal present in the scene.,sd15_inpainting_no_object,Dolphin,8,/home/woojye2020/decs_jupyter_lab/MedCLIP-SAMv2/data/MAS3K/extracted/MAS3K/img/Dolphin_773.jpg,/home/woojye2020/decs_jupyter_lab/MedCLIP-SAMv2/data/MAS3K_medclipsam/test_images_sd15_inpainting_v1/generation_metadata.jsonl
/home/woojye2020/decs_jupyter_lab/MedCLIP-SAMv2/data/MAS3K/test/Dolphin_781.png,Dolphin_781.jpg,no camouflaged animal,33,There is no camouflaged animal present in the scene.,sd15_inpainting_no_object,Dolphin,8,/home/woojye2020/decs_jupyter_lab/MedCLIP-SAMv2/data/MAS3K/extracted/MAS3K/img/Dolphin_781.jpg,/home/woojye2020/decs_jupyter_lab/MedCLIP-SAMv2/data/MAS3K_medclipsam/test_images_sd15_inpainting_v1/generation_metadata.jsonl
/home/woojye2020/decs_jupyter_lab/MedCLIP-SAMv2/data/MAS3K/test/Dolphin_782.png,Dolphin_782.jpg,no camouflaged animal,33,There is no camouflaged animal present in the scene.,sd15_inpainting_no_object,Dolphin,8,/home/woojye2020/decs_jupyter_lab/MedCLIP-SAMv2/data/MAS3K/extracted/MAS3K/img/Dolphin_782.jpg,/home/woojye2020/decs_jupyter_lab/MedCLIP-SAMv2/data/MAS3K_medclipsam/test_images_sd15_inpainting_v1/generation_metadata.jsonl
/home/woojye2020/decs_jupyter_lab/MedCLIP-SAMv2/data/MAS3K/test/Dolphin_797.png,Dolphin_797.jpg,no camouflaged animal,33,There is no camouflaged animal present in the scene.,sd15_inpainting_no_object,Dolphin,8,/home/woojye2020/decs_jupyter_lab/MedCLIP-SAMv2/data/MAS3K/extracted/MAS3K/img/Dolphin_797.jpg,/home/woojye2020/decs_jupyter_lab/MedCLIP-SAMv2/data/MAS3K_medclipsam/test_images_sd15_inpainting_v1/generation_metadata.jsonl
/home/woojye2020/decs_jupyter_lab/MedCLIP-SAMv2/data/MAS3K/test/Dolphin_802.png,Dolphin_802.jpg,no camouflaged animal,33,There is no camouflaged animal present in the scene.,sd15_inpainting_no_object,Dolphin,8,/home/woojye2020/decs_jupyter_lab/MedCLIP-SAMv2/data/MAS3K/extracted/MAS3K/img/Dolphin_802.jpg,/home/woojye2020/decs_jupyter_lab/MedCLIP-SAMv2/data/MAS3K_medclipsam/test_images_sd15_inpainting_v1/generation_metadata.jsonl
/home/woojye2020/decs_jupyter_lab/MedCLIP-SAMv2/data/MAS3K/test/Dolphin_803.png,Dolphin_803.jpg,no camouflaged animal,33,There is no camouflaged animal present in the scene.,sd15_inpainting_no_object,Dolphin,8,/home/woojye2020/decs_jupyter_lab/MedCLIP-SAMv2/data/MAS3K/extracted/MAS3K/img/Dolphin_803.jpg,/home/woojye2020/decs_jupyter_lab/MedCLIP-SAMv2/data/MAS3K_medclipsam/test_images_sd15_inpainting_v1/generation_metadata.jsonl
/home/woojye2020/decs_jupyter_lab/MedCLIP-SAMv2/data/MAS3K/test/Fish_1009.png,Fish_1009.jpg,no camouflaged animal,33,There is no camouflaged animal present in the scene.,sd15_inpainting_no_object,Fish,10,/home/woojye2020/decs_jupyter_lab/MedCLIP-SAMv2/data/MAS3K/extracted/MAS3K/img/Fish_1009.jpg,/home/woojye2020/decs_jupyter_lab/MedCLIP-SAMv2/data/MAS3K_medclipsam/test_images_sd15_inpainting_v1/generation_metadata.jsonl
/home/woojye2020/decs_jupyter_lab/MedCLIP-SAMv2/data/MAS3K/test/Fish_1014.png,Fish_1014.jpg,no camouflaged animal,33,There is no camouflaged animal present in the scene.,sd15_inpainting_no_object,Fish,10,/home/woojye2020/decs_jupyter_lab/MedCLIP-SAMv2/data/MAS3K/extracted/MAS3K/img/Fish_1014.jpg,/home/woojye2020/decs_jupyter_lab/MedCLIP-SAMv2/data/MAS3K_medclipsam/test_images_sd15_inpainting_v1/generation_metadata.jsonl
/home/woojye2020/decs_jupyter_lab/MedCLIP-SAMv2/data/MAS3K/test/Fish_1015.png,Fish_1015.jpg,no camouflaged animal,33,There is no camouflaged animal present in the scene.,sd15_inpainting_no_object,Fish,10,/home/woojye2020/decs_jupyter_lab/MedCLIP-SAMv2/data/MAS3K/extracted/MAS3K/img/Fish_1015.jpg,/home/woojye2020/decs_jupyter_lab/MedCLIP-SAMv2/data/MAS3K_medclipsam/test_images_sd15_inpainting_v1/generation_metadata.jsonl
/home/woojye2020/decs_jupyter_lab/MedCLIP-SAMv2/data/MAS3K/test/Fish_1017.png,Fish_1017.jpg,no camouflaged animal,33,There is no camouflaged animal present in the scene.,sd15_inpainting_no_object,Fish,10,/home/woojye2020/decs_jupyter_lab/MedCLIP-SAMv2/data/MAS3K/extracted/MAS3K/img/Fish_1017.jpg,/home/woojye2020/decs_jupyter_lab/MedCLIP-SAMv2/data/MAS3K_medclipsam/test_images_sd15_inpainting_v1/generation_metadata.jsonl
/home/woojye2020/decs_jupyter_lab/MedCLIP-SAMv2/data/MAS3K/test/Fish_1030.png,Fish_1030.jpg,no camouflaged animal,33,There is no camouflaged animal present in the scene.,sd15_inpainting_no_object,Fish,10,/home/woojye2020/decs_jupyter_lab/MedCLIP-SAMv2/data/MAS3K/extracted/MAS3K/img/Fish_1030.jpg,/home/woojye2020/decs_jupyter_lab/MedCLIP-SAMv2/data/MAS3K_medclipsam/test_images_sd15_inpainting_v1/generation_metadata.jsonl
/home/woojye2020/decs_jupyter_lab/MedCLIP-SAMv2/data/MAS3K/test/Fish_1037.png,Fish_1037.jpg,no camouflaged animal,33,There is no camouflaged animal present in the scene.,sd15_inpainting_no_object,Fish,10,/home/woojye2020/decs_jupyter_lab/MedCLIP-SAMv2/data/MAS3K/extracted/MAS3K/img/Fish_1037.jpg,/home/woojye2020/decs_jupyter_lab/MedCLIP-SAMv2/data/MAS3K_medclipsam/test_images_sd15_inpainting_v1/generation_metadata.jsonl
/home/woojye2020/decs_jupyter_lab/MedCLIP-SAMv2/data/MAS3K/test/Fish_1044.png,Fish_1044.jpg,no camouflaged animal,33,There is no camouflaged animal present in the scene.,sd15_inpainting_no_object,Fish,10,/home/woojye2020/decs_jupyter_lab/MedCLIP-SAMv2/data/MAS3K/extracted/MAS3K/img/Fish_1044.jpg,/home/woojye2020/decs_jupyter_lab/MedCLIP-SAMv2/data/MAS3K_medclipsam/test_images_sd15_inpainting_v1/generation_metadata.jsonl
/home/woojye2020/decs_jupyter_lab/MedCLIP-SAMv2/data/MAS3K/test/Fish_1055.png,Fish_1055.jpg,no camouflaged animal,33,There is no camouflaged animal present in the scene.,sd15_inpainting_no_object,Fish,10,/home/woojye2020/decs_jupyter_lab/MedCLIP-SAMv2/data/MAS3K/extracted/MAS3K/img/Fish_1055.jpg,/home/woojye2020/decs_jupyter_lab/MedCLIP-SAMv2/data/MAS3K_medclipsam/test_images_sd15_inpainting_v1/generation_metadata.jsonl
/home/woojye2020/decs_jupyter_lab/MedCLIP-SAMv2/data/MAS3K/test/Fish_1058.png,Fish_1058.jpg,no camouflaged animal,33,There is no camouflaged animal present in the scene.,sd15_inpainting_no_object,Fish,10,/home/woojye2020/decs_jupyter_lab/MedCLIP-SAMv2/data/MAS3K/extracted/MAS3K/img/Fish_1058.jpg,/home/woojye2020/decs_jupyter_lab/MedCLIP-SAMv2/data/MAS3K_medclipsam/test_images_sd15_inpainting_v1/generation_metadata.jsonl
/home/woojye2020/decs_jupyter_lab/MedCLIP-SAMv2/data/MAS3K/test/Fish_1061.png,Fish_1061.jpg,no camouflaged animal,33,There is no camouflaged animal present in the scene.,sd15_inpainting_no_object,Fish,10,/home/woojye2020/decs_jupyter_lab/MedCLIP-SAMv2/data/MAS3K/extracted/MAS3K/img/Fish_1061.jpg,/home/woojye2020/decs_jupyter_lab/MedCLIP-SAMv2/data/MAS3K_medclipsam/test_images_sd15_inpainting_v1/generation_metadata.jsonl
/home/woojye2020/decs_jupyter_lab/MedCLIP-SAMv2/data/MAS3K/test/Fish_1070.png,Fish_1070.jpg,no camouflaged animal,33,There is no camouflaged animal present in the scene.,sd15_inpainting_no_object,Fish,10,/home/woojye2020/decs_jupyter_lab/MedCLIP-SAMv2/data/MAS3K/extracted/MAS3K/img/Fish_1070.jpg,/home/woojye2020/decs_jupyter_lab/MedCLIP-SAMv2/data/MAS3K_medclipsam/test_images_sd15_inpainting_v1/generation_metadata.jsonl
/home/woojye2020/decs_jupyter_lab/MedCLIP-SAMv2/data/MAS3K/test/Fish_1073.png,Fish_1073.jpg,no camouflaged animal,33,There is no camouflaged animal present in the scene.,sd15_inpainting_no_object,Fish,10,/home/woojye2020/decs_jupyter_lab/MedCLIP-SAMv2/data/MAS3K/extracted/MAS3K/img/Fish_1073.jpg,/home/woojye2020/decs_jupyter_lab/MedCLIP-SAMv2/data/MAS3K_medclipsam/test_images_sd15_inpainting_v1/generation_metadata.jsonl
/home/woojye2020/decs_jupyter_lab/MedCLIP-SAMv2/data/MAS3K/test/Fish_1078.png,Fish_1078.jpg,no camouflaged animal,33,There is no camouflaged animal present in the scene.,sd15_inpainting_no_object,Fish,10,/home/woojye2020/decs_jupyter_lab/MedCLIP-SAMv2/data/MAS3K/extracted/MAS3K/img/Fish_1078.jpg,/home/woojye2020/decs_jupyter_lab/MedCLIP-SAMv2/data/MAS3K_medclipsam/test_images_sd15_inpainting_v1/generation_metadata.jsonl
/home/woojye2020/decs_jupyter_lab/MedCLIP-SAMv2/data/MAS3K/test/Fish_1083.png,Fish_1083.jpg,no camouflaged animal,33,There is no camouflaged animal present in the scene.,sd15_inpainting_no_object,Fish,10,/home/woojye2020/decs_jupyter_lab/MedCLIP-SAMv2/data/MAS3K/extracted/MAS3K/img/Fish_1083.jpg,/home/woojye2020/decs_jupyter_lab/MedCLIP-SAMv2/data/MAS3K_medclipsam/test_images_sd15_inpainting_v1/generation_metadata.jsonl
/home/woojye2020/decs_jupyter_lab/MedCLIP-SAMv2/data/MAS3K/test/Fish_1094.png,Fish_1094.jpg,no camouflaged animal,33,There is no camouflaged animal present in the scene.,sd15_inpainting_no_object,Fish,10,/home/woojye2020/decs_jupyter_lab/MedCLIP-SAMv2/data/MAS3K/extracted/MAS3K/img/Fish_1094.jpg,/home/woojye2020/decs_jupyter_lab/MedCLIP-SAMv2/data/MAS3K_medclipsam/test_images_sd15_inpainting_v1/generation_metadata.jsonl
/home/woojye2020/decs_jupyter_lab/MedCLIP-SAMv2/data/MAS3K/test/Fish_1096.png,Fish_1096.jpg,no camouflaged animal,33,There is no camouflaged animal present in the scene.,sd15_inpainting_no_object,Fish,10,/home/woojye2020/decs_jupyter_lab/MedCLIP-SAMv2/data/MAS3K/extracted/MAS3K/img/Fish_1096.jpg,/home/woojye2020/decs_jupyter_lab/MedCLIP-SAMv2/data/MAS3K_medclipsam/test_images_sd15_inpainting_v1/generation_metadata.jsonl
/home/woojye2020/decs_jupyter_lab/MedCLIP-SAMv2/data/MAS3K/test/Fish_1099.png,Fish_1099.jpg,no camouflaged animal,33,There is no camouflaged animal present in the scene.,sd15_inpainting_no_object,Fish,10,/home/woojye2020/decs_jupyter_lab/MedCLIP-SAMv2/data/MAS3K/extracted/MAS3K/img/Fish_1099.jpg,/home/woojye2020/decs_jupyter_lab/MedCLIP-SAMv2/data/MAS3K_medclipsam/test_images_sd15_inpainting_v1/generation_metadata.jsonl
/home/woojye2020/decs_jupyter_lab/MedCLIP-SAMv2/data/MAS3K/test/Fish_1105.png,Fish_1105.jpg,no camouflaged animal,33,There is no camouflaged animal present in the scene.,sd15_inpainting_no_object,Fish,10,/home/woojye2020/decs_jupyter_lab/MedCLIP-SAMv2/data/MAS3K/extracted/MAS3K/img/Fish_1105.jpg,/home/woojye2020/decs_jupyter_lab/MedCLIP-SAMv2/data/MAS3K_medclipsam/test_images_sd15_inpainting_v1/generation_metadata.jsonl
/home/woojye2020/decs_jupyter_lab/MedCLIP-SAMv2/data/MAS3K/test/Fish_1110.png,Fish_1110.jpg,no camouflaged animal,33,There is no camouflaged animal present in the scene.,sd15_inpainting_no_object,Fish,10,/home/woojye2020/decs_jupyter_lab/MedCLIP-SAMv2/data/MAS3K/extracted/MAS3K/img/Fish_1110.jpg,/home/woojye2020/decs_jupyter_lab/MedCLIP-SAMv2/data/MAS3K_medclipsam/test_images_sd15_inpainting_v1/generation_metadata.jsonl
/home/woojye2020/decs_jupyter_lab/MedCLIP-SAMv2/data/MAS3K/test/Fish_1113.png,Fish_1113.jpg,no camouflaged animal,33,There is no camouflaged animal present in the scene.,sd15_inpainting_no_object,Fish,10,/home/woojye2020/decs_jupyter_lab/MedCLIP-SAMv2/data/MAS3K/extracted/MAS3K/img/Fish_1113.jpg,/home/woojye2020/decs_jupyter_lab/MedCLIP-SAMv2/data/MAS3K_medclipsam/test_images_sd15_inpainting_v1/generation_metadata.jsonl
/home/woojye2020/decs_jupyter_lab/MedCLIP-SAMv2/data/MAS3K/test/Fish_1114.png,Fish_1114.jpg,no camouflaged animal,33,There is no camouflaged animal present in the scene.,sd15_inpainting_no_object,Fish,10,/home/woojye2020/decs_jupyter_lab/MedCLIP-SAMv2/data/MAS3K/extracted/MAS3K/img/Fish_1114.jpg,/home/woojye2020/decs_jupyter_lab/MedCLIP-SAMv2/data/MAS3K_medclipsam/test_images_sd15_inpainting_v1/generation_metadata.jsonl
/home/woojye2020/decs_jupyter_lab/MedCLIP-SAMv2/data/MAS3K/test/Fish_1124.png,Fish_1124.jpg,no camouflaged animal,33,There is no camouflaged animal present in the scene.,sd15_inpainting_no_object,Fish,10,/home/woojye2020/decs_jupyter_lab/MedCLIP-SAMv2/data/MAS3K/extracted/MAS3K/img/Fish_1124.jpg,/home/woojye2020/decs_jupyter_lab/MedCLIP-SAMv2/data/MAS3K_medclipsam/test_images_sd15_inpainting_v1/generation_metadata.jsonl
/home/woojye2020/decs_jupyter_lab/MedCLIP-SAMv2/data/MAS3K/test/Fish_1134.png,Fish_1134.jpg,no camouflaged animal,33,There is no camouflaged animal present in the scene.,sd15_inpainting_no_object,Fish,10,/home/woojye2020/decs_jupyter_lab/MedCLIP-SAMv2/data/MAS3K/extracted/MAS3K/img/Fish_1134.jpg,/home/woojye2020/decs_jupyter_lab/MedCLIP-SAMv2/data/MAS3K_medclipsam/test_images_sd15_inpainting_v1/generation_metadata.jsonl
/home/woojye2020/decs_jupyter_lab/MedCLIP-SAMv2/data/MAS3K/test/Fish_1137.png,Fish_1137.jpg,no camouflaged animal,33,There is no camouflaged animal present in the scene.,sd15_inpainting_no_object,Fish,10,/home/woojye2020/decs_jupyter_lab/MedCLIP-SAMv2/data/MAS3K/extracted/MAS3K/img/Fish_1137.jpg,/home/woojye2020/decs_jupyter_lab/MedCLIP-SAMv2/data/MAS3K_medclipsam/test_images_sd15_inpainting_v1/generation_metadata.jsonl
/home/woojye2020/decs_jupyter_lab/MedCLIP-SAMv2/data/MAS3K/test/Fish_1145.png,Fish_1145.jpg,no camouflaged animal,33,There is no camouflaged animal present in the scene.,sd15_inpainting_no_object,Fish,10,/home/woojye2020/decs_jupyter_lab/MedCLIP-SAMv2/data/MAS3K/extracted/MAS3K/img/Fish_1145.jpg,/home/woojye2020/decs_jupyter_lab/MedCLIP-SAMv2/data/MAS3K_medclipsam/test_images_sd15_inpainting_v1/generation_metadata.jsonl
/home/woojye2020/decs_jupyter_lab/MedCLIP-SAMv2/data/MAS3K/test/Fish_1148.png,Fish_1148.jpg,no camouflaged animal,33,There is no camouflaged animal present in the scene.,sd15_inpainting_no_object,Fish,10,/home/woojye2020/decs_jupyter_lab/MedCLIP-SAMv2/data/MAS3K/extracted/MAS3K/img/Fish_1148.jpg,/home/woojye2020/decs_jupyter_lab/MedCLIP-SAMv2/data/MAS3K_medclipsam/test_images_sd15_inpainting_v1/generation_metadata.jsonl
/home/woojye2020/decs_jupyter_lab/MedCLIP-SAMv2/data/MAS3K/test/Fish_1151.png,Fish_1151.jpg,no camouflaged animal,33,There is no camouflaged animal present in the scene.,sd15_inpainting_no_object,Fish,10,/home/woojye2020/decs_jupyter_lab/MedCLIP-SAMv2/data/MAS3K/extracted/MAS3K/img/Fish_1151.jpg,/home/woojye2020/decs_jupyter_lab/MedCLIP-SAMv2/data/MAS3K_medclipsam/test_images_sd15_inpainting_v1/generation_metadata.jsonl
/home/woojye2020/decs_jupyter_lab/MedCLIP-SAMv2/data/MAS3K/test/Fish_1154.png,Fish_1154.jpg,no camouflaged animal,33,There is no camouflaged animal present in the scene.,sd15_inpainting_no_object,Fish,10,/home/woojye2020/decs_jupyter_lab/MedCLIP-SAMv2/data/MAS3K/extracted/MAS3K/img/Fish_1154.jpg,/home/woojye2020/decs_jupyter_lab/MedCLIP-SAMv2/data/MAS3K_medclipsam/test_images_sd15_inpainting_v1/generation_metadata.jsonl
/home/woojye2020/decs_jupyter_lab/MedCLIP-SAMv2/data/MAS3K/test/Fish_1157.png,Fish_1157.jpg,no camouflaged animal,33,There is no camouflaged animal present in the scene.,sd15_inpainting_no_object,Fish,10,/home/woojye2020/decs_jupyter_lab/MedCLIP-SAMv2/data/MAS3K/extracted/MAS3K/img/Fish_1157.jpg,/home/woojye2020/decs_jupyter_lab/MedCLIP-SAMv2/data/MAS3K_medclipsam/test_images_sd15_inpainting_v1/generation_metadata.jsonl
/home/woojye2020/decs_jupyter_lab/MedCLIP-SAMv2/data/MAS3K/test/Fish_1161.png,Fish_1161.jpg,no camouflaged animal,33,There is no camouflaged animal present in the scene.,sd15_inpainting_no_object,Fish,10,/home/woojye2020/decs_jupyter_lab/MedCLIP-SAMv2/data/MAS3K/extracted/MAS3K/img/Fish_1161.jpg,/home/woojye2020/decs_jupyter_lab/MedCLIP-SAMv2/data/MAS3K_medclipsam/test_images_sd15_inpainting_v1/generation_metadata.jsonl
/home/woojye2020/decs_jupyter_lab/MedCLIP-SAMv2/data/MAS3K/test/Fish_1175.png,Fish_1175.jpg,no camouflaged animal,33,There is no camouflaged animal present in the scene.,sd15_inpainting_no_object,Fish,10,/home/woojye2020/decs_jupyter_lab/MedCLIP-SAMv2/data/MAS3K/extracted/MAS3K/img/Fish_1175.jpg,/home/woojye2020/decs_jupyter_lab/MedCLIP-SAMv2/data/MAS3K_medclipsam/test_images_sd15_inpainting_v1/generation_metadata.jsonl
/home/woojye2020/decs_jupyter_lab/MedCLIP-SAMv2/data/MAS3K/test/Fish_1176.png,Fish_1176.jpg,no camouflaged animal,33,There is no camouflaged animal present in the scene.,sd15_inpainting_no_object,Fish,10,/home/woojye2020/decs_jupyter_lab/MedCLIP-SAMv2/data/MAS3K/extracted/MAS3K/img/Fish_1176.jpg,/home/woojye2020/decs_jupyter_lab/MedCLIP-SAMv2/data/MAS3K_medclipsam/test_images_sd15_inpainting_v1/generation_metadata.jsonl
/home/woojye2020/decs_jupyter_lab/MedCLIP-SAMv2/data/MAS3K/test/Fish_1177.png,Fish_1177.jpg,no camouflaged animal,33,There is no camouflaged animal present in the scene.,sd15_inpainting_no_object,Fish,10,/home/woojye2020/decs_jupyter_lab/MedCLIP-SAMv2/data/MAS3K/extracted/MAS3K/img/Fish_1177.jpg,/home/woojye2020/decs_jupyter_lab/MedCLIP-SAMv2/data/MAS3K_medclipsam/test_images_sd15_inpainting_v1/generation_metadata.jsonl
/home/woojye2020/decs_jupyter_lab/MedCLIP-SAMv2/data/MAS3K/test/Fish_1179.png,Fish_1179.jpg,no camouflaged animal,33,There is no camouflaged animal present in the scene.,sd15_inpainting_no_object,Fish,10,/home/woojye2020/decs_jupyter_lab/MedCLIP-SAMv2/data/MAS3K/extracted/MAS3K/img/Fish_1179.jpg,/home/woojye2020/decs_jupyter_lab/MedCLIP-SAMv2/data/MAS3K_medclipsam/test_images_sd15_inpainting_v1/generation_metadata.jsonl
/home/woojye2020/decs_jupyter_lab/MedCLIP-SAMv2/data/MAS3K/test/Fish_1190.png,Fish_1190.jpg,no camouflaged animal,33,There is no camouflaged animal present in the scene.,sd15_inpainting_no_object,Fish,10,/home/woojye2020/decs_jupyter_lab/MedCLIP-SAMv2/data/MAS3K/extracted/MAS3K/img/Fish_1190.jpg,/home/woojye2020/decs_jupyter_lab/MedCLIP-SAMv2/data/MAS3K_medclipsam/test_images_sd15_inpainting_v1/generation_metadata.jsonl
/home/woojye2020/decs_jupyter_lab/MedCLIP-SAMv2/data/MAS3K/test/Fish_1193.png,Fish_1193.jpg,no camouflaged animal,33,There is no camouflaged animal present in the scene.,sd15_inpainting_no_object,Fish,10,/home/woojye2020/decs_jupyter_lab/MedCLIP-SAMv2/data/MAS3K/extracted/MAS3K/img/Fish_1193.jpg,/home/woojye2020/decs_jupyter_lab/MedCLIP-SAMv2/data/MAS3K_medclipsam/test_images_sd15_inpainting_v1/generation_metadata.jsonl
/home/woojye2020/decs_jupyter_lab/MedCLIP-SAMv2/data/MAS3K/test/Fish_1195.png,Fish_1195.jpg,no camouflaged animal,33,There is no camouflaged animal present in the scene.,sd15_inpainting_no_object,Fish,10,/home/woojye2020/decs_jupyter_lab/MedCLIP-SAMv2/data/MAS3K/extracted/MAS3K/img/Fish_1195.jpg,/home/woojye2020/decs_jupyter_lab/MedCLIP-SAMv2/data/MAS3K_medclipsam/test_images_sd15_inpainting_v1/generation_metadata.jsonl
/home/woojye2020/decs_jupyter_lab/MedCLIP-SAMv2/data/MAS3K/test/Fish_1202.png,Fish_1202.jpg,no camouflaged animal,33,There is no camouflaged animal present in the scene.,sd15_inpainting_no_object,Fish,10,/home/woojye2020/decs_jupyter_lab/MedCLIP-SAMv2/data/MAS3K/extracted/MAS3K/img/Fish_1202.jpg,/home/woojye2020/decs_jupyter_lab/MedCLIP-SAMv2/data/MAS3K_medclipsam/test_images_sd15_inpainting_v1/generation_metadata.jsonl
/home/woojye2020/decs_jupyter_lab/MedCLIP-SAMv2/data/MAS3K/test/Fish_1215.png,Fish_1215.jpg,no camouflaged animal,33,There is no camouflaged animal present in the scene.,sd15_inpainting_no_object,Fish,10,/home/woojye2020/decs_jupyter_lab/MedCLIP-SAMv2/data/MAS3K/extracted/MAS3K/img/Fish_1215.jpg,/home/woojye2020/decs_jupyter_lab/MedCLIP-SAMv2/data/MAS3K_medclipsam/test_images_sd15_inpainting_v1/generation_metadata.jsonl
/home/woojye2020/decs_jupyter_lab/MedCLIP-SAMv2/data/MAS3K/test/Fish_1229.png,Fish_1229.jpg,no camouflaged animal,33,There is no camouflaged animal present in the scene.,sd15_inpainting_no_object,Fish,10,/home/woojye2020/decs_jupyter_lab/MedCLIP-SAMv2/data/MAS3K/extracted/MAS3K/img/Fish_1229.jpg,/home/woojye2020/decs_jupyter_lab/MedCLIP-SAMv2/data/MAS3K_medclipsam/test_images_sd15_inpainting_v1/generation_metadata.jsonl
/home/woojye2020/decs_jupyter_lab/MedCLIP-SAMv2/data/MAS3K/test/Fish_1230.png,Fish_1230.jpg,no camouflaged animal,33,There is no camouflaged animal present in the scene.,sd15_inpainting_no_object,Fish,10,/home/woojye2020/decs_jupyter_lab/MedCLIP-SAMv2/data/MAS3K/extracted/MAS3K/img/Fish_1230.jpg,/home/woojye2020/decs_jupyter_lab/MedCLIP-SAMv2/data/MAS3K_medclipsam/test_images_sd15_inpainting_v1/generation_metadata.jsonl
/home/woojye2020/decs_jupyter_lab/MedCLIP-SAMv2/data/MAS3K/test/Fish_1231.png,Fish_1231.jpg,no camouflaged animal,33,There is no camouflaged animal present in the scene.,sd15_inpainting_no_object,Fish,10,/home/woojye2020/decs_jupyter_lab/MedCLIP-SAMv2/data/MAS3K/extracted/MAS3K/img/Fish_1231.jpg,/home/woojye2020/decs_jupyter_lab/MedCLIP-SAMv2/data/MAS3K_medclipsam/test_images_sd15_inpainting_v1/generation_metadata.jsonl
/home/woojye2020/decs_jupyter_lab/MedCLIP-SAMv2/data/MAS3K/test/Fish_1234.png,Fish_1234.jpg,no camouflaged animal,33,There is no camouflaged animal present in the scene.,sd15_inpainting_no_object,Fish,10,/home/woojye2020/decs_jupyter_lab/MedCLIP-SAMv2/data/MAS3K/extracted/MAS3K/img/Fish_1234.jpg,/home/woojye2020/decs_jupyter_lab/MedCLIP-SAMv2/data/MAS3K_medclipsam/test_images_sd15_inpainting_v1/generation_metadata.jsonl
/home/woojye2020/decs_jupyter_lab/MedCLIP-SAMv2/data/MAS3K/test/Fish_1244.png,Fish_1244.jpg,no camouflaged animal,33,There is no camouflaged animal present in the scene.,sd15_inpainting_no_object,Fish,10,/home/woojye2020/decs_jupyter_lab/MedCLIP-SAMv2/data/MAS3K/extracted/MAS3K/img/Fish_1244.jpg,/home/woojye2020/decs_jupyter_lab/MedCLIP-SAMv2/data/MAS3K_medclipsam/test_images_sd15_inpainting_v1/generation_metadata.jsonl
/home/woojye2020/decs_jupyter_lab/MedCLIP-SAMv2/data/MAS3K/test/Fish_1254.png,Fish_1254.jpg,no camouflaged animal,33,There is no camouflaged animal present in the scene.,sd15_inpainting_no_object,Fish,10,/home/woojye2020/decs_jupyter_lab/MedCLIP-SAMv2/data/MAS3K/extracted/MAS3K/img/Fish_1254.jpg,/home/woojye2020/decs_jupyter_lab/MedCLIP-SAMv2/data/MAS3K_medclipsam/test_images_sd15_inpainting_v1/generation_metadata.jsonl
/home/woojye2020/decs_jupyter_lab/MedCLIP-SAMv2/data/MAS3K/test/Fish_1259.png,Fish_1259.jpg,no camouflaged animal,33,There is no camouflaged animal present in the scene.,sd15_inpainting_no_object,Fish,10,/home/woojye2020/decs_jupyter_lab/MedCLIP-SAMv2/data/MAS3K/extracted/MAS3K/img/Fish_1259.jpg,/home/woojye2020/decs_jupyter_lab/MedCLIP-SAMv2/data/MAS3K_medclipsam/test_images_sd15_inpainting_v1/generation_metadata.jsonl
/home/woojye2020/decs_jupyter_lab/MedCLIP-SAMv2/data/MAS3K/test/Fish_1263.png,Fish_1263.jpg,no camouflaged animal,33,There is no camouflaged animal present in the scene.,sd15_inpainting_no_object,Fish,10,/home/woojye2020/decs_jupyter_lab/MedCLIP-SAMv2/data/MAS3K/extracted/MAS3K/img/Fish_1263.jpg,/home/woojye2020/decs_jupyter_lab/MedCLIP-SAMv2/data/MAS3K_medclipsam/test_images_sd15_inpainting_v1/generation_metadata.jsonl
/home/woojye2020/decs_jupyter_lab/MedCLIP-SAMv2/data/MAS3K/test/Fish_1264.png,Fish_1264.jpg,no camouflaged animal,33,There is no camouflaged animal present in the scene.,sd15_inpainting_no_object,Fish,10,/home/woojye2020/decs_jupyter_lab/MedCLIP-SAMv2/data/MAS3K/extracted/MAS3K/img/Fish_1264.jpg,/home/woojye2020/decs_jupyter_lab/MedCLIP-SAMv2/data/MAS3K_medclipsam/test_images_sd15_inpainting_v1/generation_metadata.jsonl
/home/woojye2020/decs_jupyter_lab/MedCLIP-SAMv2/data/MAS3K/test/Fish_1265.png,Fish_1265.jpg,no camouflaged animal,33,There is no camouflaged animal present in the scene.,sd15_inpainting_no_object,Fish,10,/home/woojye2020/decs_jupyter_lab/MedCLIP-SAMv2/data/MAS3K/extracted/MAS3K/img/Fish_1265.jpg,/home/woojye2020/decs_jupyter_lab/MedCLIP-SAMv2/data/MAS3K_medclipsam/test_images_sd15_inpainting_v1/generation_metadata.jsonl
/home/woojye2020/decs_jupyter_lab/MedCLIP-SAMv2/data/MAS3K/test/Fish_1281.png,Fish_1281.jpg,no camouflaged animal,33,There is no camouflaged animal present in the scene.,sd15_inpainting_no_object,Fish,10,/home/woojye2020/decs_jupyter_lab/MedCLIP-SAMv2/data/MAS3K/extracted/MAS3K/img/Fish_1281.jpg,/home/woojye2020/decs_jupyter_lab/MedCLIP-SAMv2/data/MAS3K_medclipsam/test_images_sd15_inpainting_v1/generation_metadata.jsonl
/home/woojye2020/decs_jupyter_lab/MedCLIP-SAMv2/data/MAS3K/test/Fish_1290.png,Fish_1290.jpg,no camouflaged animal,33,There is no camouflaged animal present in the scene.,sd15_inpainting_no_object,Fish,10,/home/woojye2020/decs_jupyter_lab/MedCLIP-SAMv2/data/MAS3K/extracted/MAS3K/img/Fish_1290.jpg,/home/woojye2020/decs_jupyter_lab/MedCLIP-SAMv2/data/MAS3K_medclipsam/test_images_sd15_inpainting_v1/generation_metadata.jsonl
/home/woojye2020/decs_jupyter_lab/MedCLIP-SAMv2/data/MAS3K/test/Fish_1292.png,Fish_1292.jpg,no camouflaged animal,33,There is no camouflaged animal present in the scene.,sd15_inpainting_no_object,Fish,10,/home/woojye2020/decs_jupyter_lab/MedCLIP-SAMv2/data/MAS3K/extracted/MAS3K/img/Fish_1292.jpg,/home/woojye2020/decs_jupyter_lab/MedCLIP-SAMv2/data/MAS3K_medclipsam/test_images_sd15_inpainting_v1/generation_metadata.jsonl
/home/woojye2020/decs_jupyter_lab/MedCLIP-SAMv2/data/MAS3K/test/Fish_1295.png,Fish_1295.jpg,no camouflaged animal,33,There is no camouflaged animal present in the scene.,sd15_inpainting_no_object,Fish,10,/home/woojye2020/decs_jupyter_lab/MedCLIP-SAMv2/data/MAS3K/extracted/MAS3K/img/Fish_1295.jpg,/home/woojye2020/decs_jupyter_lab/MedCLIP-SAMv2/data/MAS3K_medclipsam/test_images_sd15_inpainting_v1/generation_metadata.jsonl
/home/woojye2020/decs_jupyter_lab/MedCLIP-SAMv2/data/MAS3K/test/Fish_1296.png,Fish_1296.jpg,no camouflaged animal,33,There is no camouflaged animal present in the scene.,sd15_inpainting_no_object,Fish,10,/home/woojye2020/decs_jupyter_lab/MedCLIP-SAMv2/data/MAS3K/extracted/MAS3K/img/Fish_1296.jpg,/home/woojye2020/decs_jupyter_lab/MedCLIP-SAMv2/data/MAS3K_medclipsam/test_images_sd15_inpainting_v1/generation_metadata.jsonl
/home/woojye2020/decs_jupyter_lab/MedCLIP-SAMv2/data/MAS3K/test/Fish_1297.png,Fish_1297.jpg,no camouflaged animal,33,There is no camouflaged animal present in the scene.,sd15_inpainting_no_object,Fish,10,/home/woojye2020/decs_jupyter_lab/MedCLIP-SAMv2/data/MAS3K/extracted/MAS3K/img/Fish_1297.jpg,/home/woojye2020/decs_jupyter_lab/MedCLIP-SAMv2/data/MAS3K_medclipsam/test_images_sd15_inpainting_v1/generation_metadata.jsonl
/home/woojye2020/decs_jupyter_lab/MedCLIP-SAMv2/data/MAS3K/test/Fish_1302.png,Fish_1302.jpg,no camouflaged animal,33,There is no camouflaged animal present in the scene.,sd15_inpainting_no_object,Fish,10,/home/woojye2020/decs_jupyter_lab/MedCLIP-SAMv2/data/MAS3K/extracted/MAS3K/img/Fish_1302.jpg,/home/woojye2020/decs_jupyter_lab/MedCLIP-SAMv2/data/MAS3K_medclipsam/test_images_sd15_inpainting_v1/generation_metadata.jsonl
/home/woojye2020/decs_jupyter_lab/MedCLIP-SAMv2/data/MAS3K/test/Fish_1303.png,Fish_1303.jpg,no camouflaged animal,33,There is no camouflaged animal present in the scene.,sd15_inpainting_no_object,Fish,10,/home/woojye2020/decs_jupyter_lab/MedCLIP-SAMv2/data/MAS3K/extracted/MAS3K/img/Fish_1303.jpg,/home/woojye2020/decs_jupyter_lab/MedCLIP-SAMv2/data/MAS3K_medclipsam/test_images_sd15_inpainting_v1/generation_metadata.jsonl
/home/woojye2020/decs_jupyter_lab/MedCLIP-SAMv2/data/MAS3K/test/Fish_1315.png,Fish_1315.jpg,no camouflaged animal,33,There is no camouflaged animal present in the scene.,sd15_inpainting_no_object,Fish,10,/home/woojye2020/decs_jupyter_lab/MedCLIP-SAMv2/data/MAS3K/extracted/MAS3K/img/Fish_1315.jpg,/home/woojye2020/decs_jupyter_lab/MedCLIP-SAMv2/data/MAS3K_medclipsam/test_images_sd15_inpainting_v1/generation_metadata.jsonl
/home/woojye2020/decs_jupyter_lab/MedCLIP-SAMv2/data/MAS3K/test/Fish_1324.png,Fish_1324.jpg,no camouflaged animal,33,There is no camouflaged animal present in the scene.,sd15_inpainting_no_object,Fish,10,/home/woojye2020/decs_jupyter_lab/MedCLIP-SAMv2/data/MAS3K/extracted/MAS3K/img/Fish_1324.jpg,/home/woojye2020/decs_jupyter_lab/MedCLIP-SAMv2/data/MAS3K_medclipsam/test_images_sd15_inpainting_v1/generation_metadata.jsonl
/home/woojye2020/decs_jupyter_lab/MedCLIP-SAMv2/data/MAS3K/test/Fish_1329.png,Fish_1329.jpg,no camouflaged animal,33,There is no camouflaged animal present in the scene.,sd15_inpainting_no_object,Fish,10,/home/woojye2020/decs_jupyter_lab/MedCLIP-SAMv2/data/MAS3K/extracted/MAS3K/img/Fish_1329.jpg,/home/woojye2020/decs_jupyter_lab/MedCLIP-SAMv2/data/MAS3K_medclipsam/test_images_sd15_inpainting_v1/generation_metadata.jsonl
/home/woojye2020/decs_jupyter_lab/MedCLIP-SAMv2/data/MAS3K/test/Fish_1330.png,Fish_1330.jpg,no camouflaged animal,33,There is no camouflaged animal present in the scene.,sd15_inpainting_no_object,Fish,10,/home/woojye2020/decs_jupyter_lab/MedCLIP-SAMv2/data/MAS3K/extracted/MAS3K/img/Fish_1330.jpg,/home/woojye2020/decs_jupyter_lab/MedCLIP-SAMv2/data/MAS3K_medclipsam/test_images_sd15_inpainting_v1/generation_metadata.jsonl
/home/woojye2020/decs_jupyter_lab/MedCLIP-SAMv2/data/MAS3K/test/Fish_1331.png,Fish_1331.jpg,no camouflaged animal,33,There is no camouflaged animal present in the scene.,sd15_inpainting_no_object,Fish,10,/home/woojye2020/decs_jupyter_lab/MedCLIP-SAMv2/data/MAS3K/extracted/MAS3K/img/Fish_1331.jpg,/home/woojye2020/decs_jupyter_lab/MedCLIP-SAMv2/data/MAS3K_medclipsam/test_images_sd15_inpainting_v1/generation_metadata.jsonl
/home/woojye2020/decs_jupyter_lab/MedCLIP-SAMv2/data/MAS3K/test/Fish_1340.png,Fish_1340.jpg,no camouflaged animal,33,There is no camouflaged animal present in the scene.,sd15_inpainting_no_object,Fish,10,/home/woojye2020/decs_jupyter_lab/MedCLIP-SAMv2/data/MAS3K/extracted/MAS3K/img/Fish_1340.jpg,/home/woojye2020/decs_jupyter_lab/MedCLIP-SAMv2/data/MAS3K_medclipsam/test_images_sd15_inpainting_v1/generation_metadata.jsonl
/home/woojye2020/decs_jupyter_lab/MedCLIP-SAMv2/data/MAS3K/test/Fish_1343.png,Fish_1343.jpg,no camouflaged animal,33,There is no camouflaged animal present in the scene.,sd15_inpainting_no_object,Fish,10,/home/woojye2020/decs_jupyter_lab/MedCLIP-SAMv2/data/MAS3K/extracted/MAS3K/img/Fish_1343.jpg,/home/woojye2020/decs_jupyter_lab/MedCLIP-SAMv2/data/MAS3K_medclipsam/test_images_sd15_inpainting_v1/generation_metadata.jsonl
/home/woojye2020/decs_jupyter_lab/MedCLIP-SAMv2/data/MAS3K/test/Fish_1344.png,Fish_1344.jpg,no camouflaged animal,33,There is no camouflaged animal present in the scene.,sd15_inpainting_no_object,Fish,10,/home/woojye2020/decs_jupyter_lab/MedCLIP-SAMv2/data/MAS3K/extracted/MAS3K/img/Fish_1344.jpg,/home/woojye2020/decs_jupyter_lab/MedCLIP-SAMv2/data/MAS3K_medclipsam/test_images_sd15_inpainting_v1/generation_metadata.jsonl
/home/woojye2020/decs_jupyter_lab/MedCLIP-SAMv2/data/MAS3K/test/Fish_1348.png,Fish_1348.jpg,no camouflaged animal,33,There is no camouflaged animal present in the scene.,sd15_inpainting_no_object,Fish,10,/home/woojye2020/decs_jupyter_lab/MedCLIP-SAMv2/data/MAS3K/extracted/MAS3K/img/Fish_1348.jpg,/home/woojye2020/decs_jupyter_lab/MedCLIP-SAMv2/data/MAS3K_medclipsam/test_images_sd15_inpainting_v1/generation_metadata.jsonl
/home/woojye2020/decs_jupyter_lab/MedCLIP-SAMv2/data/MAS3K/test/Fish_1363.png,Fish_1363.jpg,no camouflaged animal,33,There is no camouflaged animal present in the scene.,sd15_inpainting_no_object,Fish,10,/home/woojye2020/decs_jupyter_lab/MedCLIP-SAMv2/data/MAS3K/extracted/MAS3K/img/Fish_1363.jpg,/home/woojye2020/decs_jupyter_lab/MedCLIP-SAMv2/data/MAS3K_medclipsam/test_images_sd15_inpainting_v1/generation_metadata.jsonl
/home/woojye2020/decs_jupyter_lab/MedCLIP-SAMv2/data/MAS3K/test/Fish_1368.png,Fish_1368.jpg,no camouflaged animal,33,There is no camouflaged animal present in the scene.,sd15_inpainting_no_object,Fish,10,/home/woojye2020/decs_jupyter_lab/MedCLIP-SAMv2/data/MAS3K/extracted/MAS3K/img/Fish_1368.jpg,/home/woojye2020/decs_jupyter_lab/MedCLIP-SAMv2/data/MAS3K_medclipsam/test_images_sd15_inpainting_v1/generation_metadata.jsonl
/home/woojye2020/decs_jupyter_lab/MedCLIP-SAMv2/data/MAS3K/test/Fish_1370.png,Fish_1370.jpg,no camouflaged animal,33,There is no camouflaged animal present in the scene.,sd15_inpainting_no_object,Fish,10,/home/woojye2020/decs_jupyter_lab/MedCLIP-SAMv2/data/MAS3K/extracted/MAS3K/img/Fish_1370.jpg,/home/woojye2020/decs_jupyter_lab/MedCLIP-SAMv2/data/MAS3K_medclipsam/test_images_sd15_inpainting_v1/generation_metadata.jsonl
/home/woojye2020/decs_jupyter_lab/MedCLIP-SAMv2/data/MAS3K/test/Fish_1373.png,Fish_1373.jpg,no camouflaged animal,33,There is no camouflaged animal present in the scene.,sd15_inpainting_no_object,Fish,10,/home/woojye2020/decs_jupyter_lab/MedCLIP-SAMv2/data/MAS3K/extracted/MAS3K/img/Fish_1373.jpg,/home/woojye2020/decs_jupyter_lab/MedCLIP-SAMv2/data/MAS3K_medclipsam/test_images_sd15_inpainting_v1/generation_metadata.jsonl
/home/woojye2020/decs_jupyter_lab/MedCLIP-SAMv2/data/MAS3K/test/Fish_1380.png,Fish_1380.jpg,no camouflaged animal,33,There is no camouflaged animal present in the scene.,sd15_inpainting_no_object,Fish,10,/home/woojye2020/decs_jupyter_lab/MedCLIP-SAMv2/data/MAS3K/extracted/MAS3K/img/Fish_1380.jpg,/home/woojye2020/decs_jupyter_lab/MedCLIP-SAMv2/data/MAS3K_medclipsam/test_images_sd15_inpainting_v1/generation_metadata.jsonl
/home/woojye2020/decs_jupyter_lab/MedCLIP-SAMv2/data/MAS3K/test/Fish_1383.png,Fish_1383.jpg,no camouflaged animal,33,There is no camouflaged animal present in the scene.,sd15_inpainting_no_object,Fish,10,/home/woojye2020/decs_jupyter_lab/MedCLIP-SAMv2/data/MAS3K/extracted/MAS3K/img/Fish_1383.jpg,/home/woojye2020/decs_jupyter_lab/MedCLIP-SAMv2/data/MAS3K_medclipsam/test_images_sd15_inpainting_v1/generation_metadata.jsonl
/home/woojye2020/decs_jupyter_lab/MedCLIP-SAMv2/data/MAS3K/test/Fish_1392.png,Fish_1392.jpg,no camouflaged animal,33,There is no camouflaged animal present in the scene.,sd15_inpainting_no_object,Fish,10,/home/woojye2020/decs_jupyter_lab/MedCLIP-SAMv2/data/MAS3K/extracted/MAS3K/img/Fish_1392.jpg,/home/woojye2020/decs_jupyter_lab/MedCLIP-SAMv2/data/MAS3K_medclipsam/test_images_sd15_inpainting_v1/generation_metadata.jsonl
/home/woojye2020/decs_jupyter_lab/MedCLIP-SAMv2/data/MAS3K/test/Fish_1395.png,Fish_1395.jpg,no camouflaged animal,33,There is no camouflaged animal present in the scene.,sd15_inpainting_no_object,Fish,10,/home/woojye2020/decs_jupyter_lab/MedCLIP-SAMv2/data/MAS3K/extracted/MAS3K/img/Fish_1395.jpg,/home/woojye2020/decs_jupyter_lab/MedCLIP-SAMv2/data/MAS3K_medclipsam/test_images_sd15_inpainting_v1/generation_metadata.jsonl
/home/woojye2020/decs_jupyter_lab/MedCLIP-SAMv2/data/MAS3K/test/Fish_1398.png,Fish_1398.jpg,no camouflaged animal,33,There is no camouflaged animal present in the scene.,sd15_inpainting_no_object,Fish,10,/home/woojye2020/decs_jupyter_lab/MedCLIP-SAMv2/data/MAS3K/extracted/MAS3K/img/Fish_1398.jpg,/home/woojye2020/decs_jupyter_lab/MedCLIP-SAMv2/data/MAS3K_medclipsam/test_images_sd15_inpainting_v1/generation_metadata.jsonl
/home/woojye2020/decs_jupyter_lab/MedCLIP-SAMv2/data/MAS3K/test/Fish_1399.png,Fish_1399.jpg,no camouflaged animal,33,There is no camouflaged animal present in the scene.,sd15_inpainting_no_object,Fish,10,/home/woojye2020/decs_jupyter_lab/MedCLIP-SAMv2/data/MAS3K/extracted/MAS3K/img/Fish_1399.jpg,/home/woojye2020/decs_jupyter_lab/MedCLIP-SAMv2/data/MAS3K_medclipsam/test_images_sd15_inpainting_v1/generation_metadata.jsonl
/home/woojye2020/decs_jupyter_lab/MedCLIP-SAMv2/data/MAS3K/test/Fish_1401.png,Fish_1401.jpg,no camouflaged animal,33,There is no camouflaged animal present in the scene.,sd15_inpainting_no_object,Fish,10,/home/woojye2020/decs_jupyter_lab/MedCLIP-SAMv2/data/MAS3K/extracted/MAS3K/img/Fish_1401.jpg,/home/woojye2020/decs_jupyter_lab/MedCLIP-SAMv2/data/MAS3K_medclipsam/test_images_sd15_inpainting_v1/generation_metadata.jsonl
/home/woojye2020/decs_jupyter_lab/MedCLIP-SAMv2/data/MAS3K/test/Fish_1403.png,Fish_1403.jpg,no camouflaged animal,33,There is no camouflaged animal present in the scene.,sd15_inpainting_no_object,Fish,10,/home/woojye2020/decs_jupyter_lab/MedCLIP-SAMv2/data/MAS3K/extracted/MAS3K/img/Fish_1403.jpg,/home/woojye2020/decs_jupyter_lab/MedCLIP-SAMv2/data/MAS3K_medclipsam/test_images_sd15_inpainting_v1/generation_metadata.jsonl
/home/woojye2020/decs_jupyter_lab/MedCLIP-SAMv2/data/MAS3K/test/Fish_1410.png,Fish_1410.jpg,no camouflaged animal,33,There is no camouflaged animal present in the scene.,sd15_inpainting_no_object,Fish,10,/home/woojye2020/decs_jupyter_lab/MedCLIP-SAMv2/data/MAS3K/extracted/MAS3K/img/Fish_1410.jpg,/home/woojye2020/decs_jupyter_lab/MedCLIP-SAMv2/data/MAS3K_medclipsam/test_images_sd15_inpainting_v1/generation_metadata.jsonl
/home/woojye2020/decs_jupyter_lab/MedCLIP-SAMv2/data/MAS3K/test/Fish_1412.png,Fish_1412.jpg,no camouflaged animal,33,There is no camouflaged animal present in the scene.,sd15_inpainting_no_object,Fish,10,/home/woojye2020/decs_jupyter_lab/MedCLIP-SAMv2/data/MAS3K/extracted/MAS3K/img/Fish_1412.jpg,/home/woojye2020/decs_jupyter_lab/MedCLIP-SAMv2/data/MAS3K_medclipsam/test_images_sd15_inpainting_v1/generation_metadata.jsonl
/home/woojye2020/decs_jupyter_lab/MedCLIP-SAMv2/data/MAS3K/test/Fish_1414.png,Fish_1414.jpg,no camouflaged animal,33,There is no camouflaged animal present in the scene.,sd15_inpainting_no_object,Fish,10,/home/woojye2020/decs_jupyter_lab/MedCLIP-SAMv2/data/MAS3K/extracted/MAS3K/img/Fish_1414.jpg,/home/woojye2020/decs_jupyter_lab/MedCLIP-SAMv2/data/MAS3K_medclipsam/test_images_sd15_inpainting_v1/generation_metadata.jsonl
/home/woojye2020/decs_jupyter_lab/MedCLIP-SAMv2/data/MAS3K/test/Fish_1415.png,Fish_1415.jpg,no camouflaged animal,33,There is no camouflaged animal present in the scene.,sd15_inpainting_no_object,Fish,10,/home/woojye2020/decs_jupyter_lab/MedCLIP-SAMv2/data/MAS3K/extracted/MAS3K/img/Fish_1415.jpg,/home/woojye2020/decs_jupyter_lab/MedCLIP-SAMv2/data/MAS3K_medclipsam/test_images_sd15_inpainting_v1/generation_metadata.jsonl
/home/woojye2020/decs_jupyter_lab/MedCLIP-SAMv2/data/MAS3K/test/Fish_1419.png,Fish_1419.jpg,no camouflaged animal,33,There is no camouflaged animal present in the scene.,sd15_inpainting_no_object,Fish,10,/home/woojye2020/decs_jupyter_lab/MedCLIP-SAMv2/data/MAS3K/extracted/MAS3K/img/Fish_1419.jpg,/home/woojye2020/decs_jupyter_lab/MedCLIP-SAMv2/data/MAS3K_medclipsam/test_images_sd15_inpainting_v1/generation_metadata.jsonl
/home/woojye2020/decs_jupyter_lab/MedCLIP-SAMv2/data/MAS3K/test/Fish_1432.png,Fish_1432.jpg,no camouflaged animal,33,There is no camouflaged animal present in the scene.,sd15_inpainting_no_object,Fish,10,/home/woojye2020/decs_jupyter_lab/MedCLIP-SAMv2/data/MAS3K/extracted/MAS3K/img/Fish_1432.jpg,/home/woojye2020/decs_jupyter_lab/MedCLIP-SAMv2/data/MAS3K_medclipsam/test_images_sd15_inpainting_v1/generation_metadata.jsonl
/home/woojye2020/decs_jupyter_lab/MedCLIP-SAMv2/data/MAS3K/test/Fish_1434.png,Fish_1434.jpg,no camouflaged animal,33,There is no camouflaged animal present in the scene.,sd15_inpainting_no_object,Fish,10,/home/woojye2020/decs_jupyter_lab/MedCLIP-SAMv2/data/MAS3K/extracted/MAS3K/img/Fish_1434.jpg,/home/woojye2020/decs_jupyter_lab/MedCLIP-SAMv2/data/MAS3K_medclipsam/test_images_sd15_inpainting_v1/generation_metadata.jsonl
/home/woojye2020/decs_jupyter_lab/MedCLIP-SAMv2/data/MAS3K/test/Fish_1435.png,Fish_1435.jpg,no camouflaged animal,33,There is no camouflaged animal present in the scene.,sd15_inpainting_no_object,Fish,10,/home/woojye2020/decs_jupyter_lab/MedCLIP-SAMv2/data/MAS3K/extracted/MAS3K/img/Fish_1435.jpg,/home/woojye2020/decs_jupyter_lab/MedCLIP-SAMv2/data/MAS3K_medclipsam/test_images_sd15_inpainting_v1/generation_metadata.jsonl
/home/woojye2020/decs_jupyter_lab/MedCLIP-SAMv2/data/MAS3K/test/Flounder_1441.png,Flounder_1441.jpg,no camouflaged animal,33,There is no camouflaged animal present in the scene.,sd15_inpainting_no_object,Flounder,11,/home/woojye2020/decs_jupyter_lab/MedCLIP-SAMv2/data/MAS3K/extracted/MAS3K/img/Flounder_1441.jpg,/home/woojye2020/decs_jupyter_lab/MedCLIP-SAMv2/data/MAS3K_medclipsam/test_images_sd15_inpainting_v1/generation_metadata.jsonl
/home/woojye2020/decs_jupyter_lab/MedCLIP-SAMv2/data/MAS3K/test/Flounder_1450.png,Flounder_1450.jpg,no camouflaged animal,33,There is no camouflaged animal present in the scene.,sd15_inpainting_no_object,Flounder,11,/home/woojye2020/decs_jupyter_lab/MedCLIP-SAMv2/data/MAS3K/extracted/MAS3K/img/Flounder_1450.jpg,/home/woojye2020/decs_jupyter_lab/MedCLIP-SAMv2/data/MAS3K_medclipsam/test_images_sd15_inpainting_v1/generation_metadata.jsonl
/home/woojye2020/decs_jupyter_lab/MedCLIP-SAMv2/data/MAS3K/test/Flounder_1451.png,Flounder_1451.jpg,no camouflaged animal,33,There is no camouflaged animal present in the scene.,sd15_inpainting_no_object,Flounder,11,/home/woojye2020/decs_jupyter_lab/MedCLIP-SAMv2/data/MAS3K/extracted/MAS3K/img/Flounder_1451.jpg,/home/woojye2020/decs_jupyter_lab/MedCLIP-SAMv2/data/MAS3K_medclipsam/test_images_sd15_inpainting_v1/generation_metadata.jsonl
/home/woojye2020/decs_jupyter_lab/MedCLIP-SAMv2/data/MAS3K/test/Flounder_1456.png,Flounder_1456.jpg,no camouflaged animal,33,There is no camouflaged animal present in the scene.,sd15_inpainting_no_object,Flounder,11,/home/woojye2020/decs_jupyter_lab/MedCLIP-SAMv2/data/MAS3K/extracted/MAS3K/img/Flounder_1456.jpg,/home/woojye2020/decs_jupyter_lab/MedCLIP-SAMv2/data/MAS3K_medclipsam/test_images_sd15_inpainting_v1/generation_metadata.jsonl
/home/woojye2020/decs_jupyter_lab/MedCLIP-SAMv2/data/MAS3K/test/Flounder_1458.png,Flounder_1458.jpg,no camouflaged animal,33,There is no camouflaged animal present in the scene.,sd15_inpainting_no_object,Flounder,11,/home/woojye2020/decs_jupyter_lab/MedCLIP-SAMv2/data/MAS3K/extracted/MAS3K/img/Flounder_1458.jpg,/home/woojye2020/decs_jupyter_lab/MedCLIP-SAMv2/data/MAS3K_medclipsam/test_images_sd15_inpainting_v1/generation_metadata.jsonl
/home/woojye2020/decs_jupyter_lab/MedCLIP-SAMv2/data/MAS3K/test/Flounder_1460.png,Flounder_1460.jpg,no camouflaged animal,33,There is no camouflaged animal present in the scene.,sd15_inpainting_no_object,Flounder,11,/home/woojye2020/decs_jupyter_lab/MedCLIP-SAMv2/data/MAS3K/extracted/MAS3K/img/Flounder_1460.jpg,/home/woojye2020/decs_jupyter_lab/MedCLIP-SAMv2/data/MAS3K_medclipsam/test_images_sd15_inpainting_v1/generation_metadata.jsonl
/home/woojye2020/decs_jupyter_lab/MedCLIP-SAMv2/data/MAS3K/test/Flounder_1463.png,Flounder_1463.jpg,no camouflaged animal,33,There is no camouflaged animal present in the scene.,sd15_inpainting_no_object,Flounder,11,/home/woojye2020/decs_jupyter_lab/MedCLIP-SAMv2/data/MAS3K/extracted/MAS3K/img/Flounder_1463.jpg,/home/woojye2020/decs_jupyter_lab/MedCLIP-SAMv2/data/MAS3K_medclipsam/test_images_sd15_inpainting_v1/generation_metadata.jsonl
/home/woojye2020/decs_jupyter_lab/MedCLIP-SAMv2/data/MAS3K/test/Flounder_1471.png,Flounder_1471.jpg,no camouflaged animal,33,There is no camouflaged animal present in the scene.,sd15_inpainting_no_object,Flounder,11,/home/woojye2020/decs_jupyter_lab/MedCLIP-SAMv2/data/MAS3K/extracted/MAS3K/img/Flounder_1471.jpg,/home/woojye2020/decs_jupyter_lab/MedCLIP-SAMv2/data/MAS3K_medclipsam/test_images_sd15_inpainting_v1/generation_metadata.jsonl
/home/woojye2020/decs_jupyter_lab/MedCLIP-SAMv2/data/MAS3K/test/Flounder_1495.png,Flounder_1495.jpg,no camouflaged animal,33,There is no camouflaged animal present in the scene.,sd15_inpainting_no_object,Flounder,11,/home/woojye2020/decs_jupyter_lab/MedCLIP-SAMv2/data/MAS3K/extracted/MAS3K/img/Flounder_1495.jpg,/home/woojye2020/decs_jupyter_lab/MedCLIP-SAMv2/data/MAS3K_medclipsam/test_images_sd15_inpainting_v1/generation_metadata.jsonl
/home/woojye2020/decs_jupyter_lab/MedCLIP-SAMv2/data/MAS3K/test/Flounder_1497.png,Flounder_1497.jpg,no camouflaged animal,33,There is no camouflaged animal present in the scene.,sd15_inpainting_no_object,Flounder,11,/home/woojye2020/decs_jupyter_lab/MedCLIP-SAMv2/data/MAS3K/extracted/MAS3K/img/Flounder_1497.jpg,/home/woojye2020/decs_jupyter_lab/MedCLIP-SAMv2/data/MAS3K_medclipsam/test_images_sd15_inpainting_v1/generation_metadata.jsonl
/home/woojye2020/decs_jupyter_lab/MedCLIP-SAMv2/data/MAS3K/test/Flounder_1498.png,Flounder_1498.jpg,no camouflaged animal,33,There is no camouflaged animal present in the scene.,sd15_inpainting_no_object,Flounder,11,/home/woojye2020/decs_jupyter_lab/MedCLIP-SAMv2/data/MAS3K/extracted/MAS3K/img/Flounder_1498.jpg,/home/woojye2020/decs_jupyter_lab/MedCLIP-SAMv2/data/MAS3K_medclipsam/test_images_sd15_inpainting_v1/generation_metadata.jsonl
/home/woojye2020/decs_jupyter_lab/MedCLIP-SAMv2/data/MAS3K/test/FrogFish_1988.png,FrogFish_1988.jpg,no camouflaged animal,33,There is no camouflaged animal present in the scene.,sd15_inpainting_no_object,FrogFish,12,/home/woojye2020/decs_jupyter_lab/MedCLIP-SAMv2/data/MAS3K/extracted/MAS3K/img/FrogFish_1988.jpg,/home/woojye2020/decs_jupyter_lab/MedCLIP-SAMv2/data/MAS3K_medclipsam/test_images_sd15_inpainting_v1/generation_metadata.jsonl
/home/woojye2020/decs_jupyter_lab/MedCLIP-SAMv2/data/MAS3K/test/FrogFish_1993.png,FrogFish_1993.jpg,no camouflaged animal,33,There is no camouflaged animal present in the scene.,sd15_inpainting_no_object,FrogFish,12,/home/woojye2020/decs_jupyter_lab/MedCLIP-SAMv2/data/MAS3K/extracted/MAS3K/img/FrogFish_1993.jpg,/home/woojye2020/decs_jupyter_lab/MedCLIP-SAMv2/data/MAS3K_medclipsam/test_images_sd15_inpainting_v1/generation_metadata.jsonl
/home/woojye2020/decs_jupyter_lab/MedCLIP-SAMv2/data/MAS3K/test/FrogFish_1997.png,FrogFish_1997.jpg,no camouflaged animal,33,There is no camouflaged animal present in the scene.,sd15_inpainting_no_object,FrogFish,12,/home/woojye2020/decs_jupyter_lab/MedCLIP-SAMv2/data/MAS3K/extracted/MAS3K/img/FrogFish_1997.jpg,/home/woojye2020/decs_jupyter_lab/MedCLIP-SAMv2/data/MAS3K_medclipsam/test_images_sd15_inpainting_v1/generation_metadata.jsonl
/home/woojye2020/decs_jupyter_lab/MedCLIP-SAMv2/data/MAS3K/test/GhostPipeFish_2003.png,GhostPipeFish_2003.jpg,no camouflaged animal,33,There is no camouflaged animal present in the scene.,sd15_inpainting_no_object,GhostPipeFish,13,/home/woojye2020/decs_jupyter_lab/MedCLIP-SAMv2/data/MAS3K/extracted/MAS3K/img/GhostPipeFish_2003.jpg,/home/woojye2020/decs_jupyter_lab/MedCLIP-SAMv2/data/MAS3K_medclipsam/test_images_sd15_inpainting_v1/generation_metadata.jsonl
/home/woojye2020/decs_jupyter_lab/MedCLIP-SAMv2/data/MAS3K/test/GhostPipeFish_2010.png,GhostPipeFish_2010.jpg,no camouflaged animal,33,There is no camouflaged animal present in the scene.,sd15_inpainting_no_object,GhostPipeFish,13,/home/woojye2020/decs_jupyter_lab/MedCLIP-SAMv2/data/MAS3K/extracted/MAS3K/img/GhostPipeFish_2010.jpg,/home/woojye2020/decs_jupyter_lab/MedCLIP-SAMv2/data/MAS3K_medclipsam/test_images_sd15_inpainting_v1/generation_metadata.jsonl
/home/woojye2020/decs_jupyter_lab/MedCLIP-SAMv2/data/MAS3K/test/GhostPipeFish_2011.png,GhostPipeFish_2011.jpg,no camouflaged animal,33,There is no camouflaged animal present in the scene.,sd15_inpainting_no_object,GhostPipeFish,13,/home/woojye2020/decs_jupyter_lab/MedCLIP-SAMv2/data/MAS3K/extracted/MAS3K/img/GhostPipeFish_2011.jpg,/home/woojye2020/decs_jupyter_lab/MedCLIP-SAMv2/data/MAS3K_medclipsam/test_images_sd15_inpainting_v1/generation_metadata.jsonl
/home/woojye2020/decs_jupyter_lab/MedCLIP-SAMv2/data/MAS3K/test/GhostPipeFish_2012.png,GhostPipeFish_2012.jpg,no camouflaged animal,33,There is no camouflaged animal present in the scene.,sd15_inpainting_no_object,GhostPipeFish,13,/home/woojye2020/decs_jupyter_lab/MedCLIP-SAMv2/data/MAS3K/extracted/MAS3K/img/GhostPipeFish_2012.jpg,/home/woojye2020/decs_jupyter_lab/MedCLIP-SAMv2/data/MAS3K_medclipsam/test_images_sd15_inpainting_v1/generation_metadata.jsonl
/home/woojye2020/decs_jupyter_lab/MedCLIP-SAMv2/data/MAS3K/test/GhostPipeFish_2013.png,GhostPipeFish_2013.jpg,no camouflaged animal,33,There is no camouflaged animal present in the scene.,sd15_inpainting_no_object,GhostPipeFish,13,/home/woojye2020/decs_jupyter_lab/MedCLIP-SAMv2/data/MAS3K/extracted/MAS3K/img/GhostPipeFish_2013.jpg,/home/woojye2020/decs_jupyter_lab/MedCLIP-SAMv2/data/MAS3K_medclipsam/test_images_sd15_inpainting_v1/generation_metadata.jsonl
/home/woojye2020/decs_jupyter_lab/MedCLIP-SAMv2/data/MAS3K/test/GhostPipeFish_2015.png,GhostPipeFish_2015.jpg,no camouflaged animal,33,There is no camouflaged animal present in the scene.,sd15_inpainting_no_object,GhostPipeFish,13,/home/woojye2020/decs_jupyter_lab/MedCLIP-SAMv2/data/MAS3K/extracted/MAS3K/img/GhostPipeFish_2015.jpg,/home/woojye2020/decs_jupyter_lab/MedCLIP-SAMv2/data/MAS3K_medclipsam/test_images_sd15_inpainting_v1/generation_metadata.jsonl
/home/woojye2020/decs_jupyter_lab/MedCLIP-SAMv2/data/MAS3K/test/GhostPipeFish_2019.png,GhostPipeFish_2019.jpg,no camouflaged animal,33,There is no camouflaged animal present in the scene.,sd15_inpainting_no_object,GhostPipeFish,13,/home/woojye2020/decs_jupyter_lab/MedCLIP-SAMv2/data/MAS3K/extracted/MAS3K/img/GhostPipeFish_2019.jpg,/home/woojye2020/decs_jupyter_lab/MedCLIP-SAMv2/data/MAS3K_medclipsam/test_images_sd15_inpainting_v1/generation_metadata.jsonl
/home/woojye2020/decs_jupyter_lab/MedCLIP-SAMv2/data/MAS3K/test/GhostPipeFish_2023.png,GhostPipeFish_2023.jpg,no camouflaged animal,33,There is no camouflaged animal present in the scene.,sd15_inpainting_no_object,GhostPipeFish,13,/home/woojye2020/decs_jupyter_lab/MedCLIP-SAMv2/data/MAS3K/extracted/MAS3K/img/GhostPipeFish_2023.jpg,/home/woojye2020/decs_jupyter_lab/MedCLIP-SAMv2/data/MAS3K_medclipsam/test_images_sd15_inpainting_v1/generation_metadata.jsonl
/home/woojye2020/decs_jupyter_lab/MedCLIP-SAMv2/data/MAS3K/test/GhostPipeFish_2028.png,GhostPipeFish_2028.jpg,no camouflaged animal,33,There is no camouflaged animal present in the scene.,sd15_inpainting_no_object,GhostPipeFish,13,/home/woojye2020/decs_jupyter_lab/MedCLIP-SAMv2/data/MAS3K/extracted/MAS3K/img/GhostPipeFish_2028.jpg,/home/woojye2020/decs_jupyter_lab/MedCLIP-SAMv2/data/MAS3K_medclipsam/test_images_sd15_inpainting_v1/generation_metadata.jsonl
/home/woojye2020/decs_jupyter_lab/MedCLIP-SAMv2/data/MAS3K/test/GhostPipeFish_2034.png,GhostPipeFish_2034.jpg,no camouflaged animal,33,There is no camouflaged animal present in the scene.,sd15_inpainting_no_object,GhostPipeFish,13,/home/woojye2020/decs_jupyter_lab/MedCLIP-SAMv2/data/MAS3K/extracted/MAS3K/img/GhostPipeFish_2034.jpg,/home/woojye2020/decs_jupyter_lab/MedCLIP-SAMv2/data/MAS3K_medclipsam/test_images_sd15_inpainting_v1/generation_metadata.jsonl
/home/woojye2020/decs_jupyter_lab/MedCLIP-SAMv2/data/MAS3K/test/GhostPipeFish_2041.png,GhostPipeFish_2041.jpg,no camouflaged animal,33,There is no camouflaged animal present in the scene.,sd15_inpainting_no_object,GhostPipeFish,13,/home/woojye2020/decs_jupyter_lab/MedCLIP-SAMv2/data/MAS3K/extracted/MAS3K/img/GhostPipeFish_2041.jpg,/home/woojye2020/decs_jupyter_lab/MedCLIP-SAMv2/data/MAS3K_medclipsam/test_images_sd15_inpainting_v1/generation_metadata.jsonl
/home/woojye2020/decs_jupyter_lab/MedCLIP-SAMv2/data/MAS3K/test/GhostPipeFish_2055.png,GhostPipeFish_2055.jpg,no camouflaged animal,33,There is no camouflaged animal present in the scene.,sd15_inpainting_no_object,GhostPipeFish,13,/home/woojye2020/decs_jupyter_lab/MedCLIP-SAMv2/data/MAS3K/extracted/MAS3K/img/GhostPipeFish_2055.jpg,/home/woojye2020/decs_jupyter_lab/MedCLIP-SAMv2/data/MAS3K_medclipsam/test_images_sd15_inpainting_v1/generation_metadata.jsonl
/home/woojye2020/decs_jupyter_lab/MedCLIP-SAMv2/data/MAS3K/test/GhostPipeFish_2058.png,GhostPipeFish_2058.jpg,no camouflaged animal,33,There is no camouflaged animal present in the scene.,sd15_inpainting_no_object,GhostPipeFish,13,/home/woojye2020/decs_jupyter_lab/MedCLIP-SAMv2/data/MAS3K/extracted/MAS3K/img/GhostPipeFish_2058.jpg,/home/woojye2020/decs_jupyter_lab/MedCLIP-SAMv2/data/MAS3K_medclipsam/test_images_sd15_inpainting_v1/generation_metadata.jsonl
/home/woojye2020/decs_jupyter_lab/MedCLIP-SAMv2/data/MAS3K/test/GhostPipeFish_2061.png,GhostPipeFish_2061.jpg,no camouflaged animal,33,There is no camouflaged animal present in the scene.,sd15_inpainting_no_object,GhostPipeFish,13,/home/woojye2020/decs_jupyter_lab/MedCLIP-SAMv2/data/MAS3K/extracted/MAS3K/img/GhostPipeFish_2061.jpg,/home/woojye2020/decs_jupyter_lab/MedCLIP-SAMv2/data/MAS3K_medclipsam/test_images_sd15_inpainting_v1/generation_metadata.jsonl
/home/woojye2020/decs_jupyter_lab/MedCLIP-SAMv2/data/MAS3K/test/GhostPipeFish_2067.png,GhostPipeFish_2067.jpg,no camouflaged animal,33,There is no camouflaged animal present in the scene.,sd15_inpainting_no_object,GhostPipeFish,13,/home/woojye2020/decs_jupyter_lab/MedCLIP-SAMv2/data/MAS3K/extracted/MAS3K/img/GhostPipeFish_2067.jpg,/home/woojye2020/decs_jupyter_lab/MedCLIP-SAMv2/data/MAS3K_medclipsam/test_images_sd15_inpainting_v1/generation_metadata.jsonl
/home/woojye2020/decs_jupyter_lab/MedCLIP-SAMv2/data/MAS3K/test/GhostPipeFish_2068.png,GhostPipeFish_2068.jpg,no camouflaged animal,33,There is no camouflaged animal present in the scene.,sd15_inpainting_no_object,GhostPipeFish,13,/home/woojye2020/decs_jupyter_lab/MedCLIP-SAMv2/data/MAS3K/extracted/MAS3K/img/GhostPipeFish_2068.jpg,/home/woojye2020/decs_jupyter_lab/MedCLIP-SAMv2/data/MAS3K_medclipsam/test_images_sd15_inpainting_v1/generation_metadata.jsonl
/home/woojye2020/decs_jupyter_lab/MedCLIP-SAMv2/data/MAS3K/test/GhostPipeFish_2069.png,GhostPipeFish_2069.jpg,no camouflaged animal,33,There is no camouflaged animal present in the scene.,sd15_inpainting_no_object,GhostPipeFish,13,/home/woojye2020/decs_jupyter_lab/MedCLIP-SAMv2/data/MAS3K/extracted/MAS3K/img/GhostPipeFish_2069.jpg,/home/woojye2020/decs_jupyter_lab/MedCLIP-SAMv2/data/MAS3K_medclipsam/test_images_sd15_inpainting_v1/generation_metadata.jsonl
/home/woojye2020/decs_jupyter_lab/MedCLIP-SAMv2/data/MAS3K/test/GhostPipeFish_2085.png,GhostPipeFish_2085.jpg,no camouflaged animal,33,There is no camouflaged animal present in the scene.,sd15_inpainting_no_object,GhostPipeFish,13,/home/woojye2020/decs_jupyter_lab/MedCLIP-SAMv2/data/MAS3K/extracted/MAS3K/img/GhostPipeFish_2085.jpg,/home/woojye2020/decs_jupyter_lab/MedCLIP-SAMv2/data/MAS3K_medclipsam/test_images_sd15_inpainting_v1/generation_metadata.jsonl
/home/woojye2020/decs_jupyter_lab/MedCLIP-SAMv2/data/MAS3K/test/GhostPipeFish_2092.png,GhostPipeFish_2092.jpg,no camouflaged animal,33,There is no camouflaged animal present in the scene.,sd15_inpainting_no_object,GhostPipeFish,13,/home/woojye2020/decs_jupyter_lab/MedCLIP-SAMv2/data/MAS3K/extracted/MAS3K/img/GhostPipeFish_2092.jpg,/home/woojye2020/decs_jupyter_lab/MedCLIP-SAMv2/data/MAS3K_medclipsam/test_images_sd15_inpainting_v1/generation_metadata.jsonl
/home/woojye2020/decs_jupyter_lab/MedCLIP-SAMv2/data/MAS3K/test/GhostPipeFish_2101.png,GhostPipeFish_2101.jpg,no camouflaged animal,33,There is no camouflaged animal present in the scene.,sd15_inpainting_no_object,GhostPipeFish,13,/home/woojye2020/decs_jupyter_lab/MedCLIP-SAMv2/data/MAS3K/extracted/MAS3K/img/GhostPipeFish_2101.jpg,/home/woojye2020/decs_jupyter_lab/MedCLIP-SAMv2/data/MAS3K_medclipsam/test_images_sd15_inpainting_v1/generation_metadata.jsonl
/home/woojye2020/decs_jupyter_lab/MedCLIP-SAMv2/data/MAS3K/test/GhostPipeFish_2102.png,GhostPipeFish_2102.jpg,no camouflaged animal,33,There is no camouflaged animal present in the scene.,sd15_inpainting_no_object,GhostPipeFish,13,/home/woojye2020/decs_jupyter_lab/MedCLIP-SAMv2/data/MAS3K/extracted/MAS3K/img/GhostPipeFish_2102.jpg,/home/woojye2020/decs_jupyter_lab/MedCLIP-SAMv2/data/MAS3K_medclipsam/test_images_sd15_inpainting_v1/generation_metadata.jsonl
/home/woojye2020/decs_jupyter_lab/MedCLIP-SAMv2/data/MAS3K/test/GhostPipeFish_2103.png,GhostPipeFish_2103.jpg,no camouflaged animal,33,There is no camouflaged animal present in the scene.,sd15_inpainting_no_object,GhostPipeFish,13,/home/woojye2020/decs_jupyter_lab/MedCLIP-SAMv2/data/MAS3K/extracted/MAS3K/img/GhostPipeFish_2103.jpg,/home/woojye2020/decs_jupyter_lab/MedCLIP-SAMv2/data/MAS3K_medclipsam/test_images_sd15_inpainting_v1/generation_metadata.jsonl
/home/woojye2020/decs_jupyter_lab/MedCLIP-SAMv2/data/MAS3K/test/GhostPipeFish_2110.png,GhostPipeFish_2110.jpg,no camouflaged animal,33,There is no camouflaged animal present in the scene.,sd15_inpainting_no_object,GhostPipeFish,13,/home/woojye2020/decs_jupyter_lab/MedCLIP-SAMv2/data/MAS3K/extracted/MAS3K/img/GhostPipeFish_2110.jpg,/home/woojye2020/decs_jupyter_lab/MedCLIP-SAMv2/data/MAS3K_medclipsam/test_images_sd15_inpainting_v1/generation_metadata.jsonl
/home/woojye2020/decs_jupyter_lab/MedCLIP-SAMv2/data/MAS3K/test/Grouper_1502.png,Grouper_1502.jpg,no camouflaged animal,33,There is no camouflaged animal present in the scene.,sd15_inpainting_no_object,Grouper,14,/home/woojye2020/decs_jupyter_lab/MedCLIP-SAMv2/data/MAS3K/extracted/MAS3K/img/Grouper_1502.jpg,/home/woojye2020/decs_jupyter_lab/MedCLIP-SAMv2/data/MAS3K_medclipsam/test_images_sd15_inpainting_v1/generation_metadata.jsonl
/home/woojye2020/decs_jupyter_lab/MedCLIP-SAMv2/data/MAS3K/test/Grouper_1503.png,Grouper_1503.jpg,no camouflaged animal,33,There is no camouflaged animal present in the scene.,sd15_inpainting_no_object,Grouper,14,/home/woojye2020/decs_jupyter_lab/MedCLIP-SAMv2/data/MAS3K/extracted/MAS3K/img/Grouper_1503.jpg,/home/woojye2020/decs_jupyter_lab/MedCLIP-SAMv2/data/MAS3K_medclipsam/test_images_sd15_inpainting_v1/generation_metadata.jsonl
/home/woojye2020/decs_jupyter_lab/MedCLIP-SAMv2/data/MAS3K/test/Grouper_1513.png,Grouper_1513.jpg,no camouflaged animal,33,There is no camouflaged animal present in the scene.,sd15_inpainting_no_object,Grouper,14,/home/woojye2020/decs_jupyter_lab/MedCLIP-SAMv2/data/MAS3K/extracted/MAS3K/img/Grouper_1513.jpg,/home/woojye2020/decs_jupyter_lab/MedCLIP-SAMv2/data/MAS3K_medclipsam/test_images_sd15_inpainting_v1/generation_metadata.jsonl
/home/woojye2020/decs_jupyter_lab/MedCLIP-SAMv2/data/MAS3K/test/Grouper_1514.png,Grouper_1514.jpg,no camouflaged animal,33,There is no camouflaged animal present in the scene.,sd15_inpainting_no_object,Grouper,14,/home/woojye2020/decs_jupyter_lab/MedCLIP-SAMv2/data/MAS3K/extracted/MAS3K/img/Grouper_1514.jpg,/home/woojye2020/decs_jupyter_lab/MedCLIP-SAMv2/data/MAS3K_medclipsam/test_images_sd15_inpainting_v1/generation_metadata.jsonl
/home/woojye2020/decs_jupyter_lab/MedCLIP-SAMv2/data/MAS3K/test/Grouper_1526.png,Grouper_1526.jpg,no camouflaged animal,33,There is no camouflaged animal present in the scene.,sd15_inpainting_no_object,Grouper,14,/home/woojye2020/decs_jupyter_lab/MedCLIP-SAMv2/data/MAS3K/extracted/MAS3K/img/Grouper_1526.jpg,/home/woojye2020/decs_jupyter_lab/MedCLIP-SAMv2/data/MAS3K_medclipsam/test_images_sd15_inpainting_v1/generation_metadata.jsonl
/home/woojye2020/decs_jupyter_lab/MedCLIP-SAMv2/data/MAS3K/test/Grouper_1531.png,Grouper_1531.jpg,no camouflaged animal,33,There is no camouflaged animal present in the scene.,sd15_inpainting_no_object,Grouper,14,/home/woojye2020/decs_jupyter_lab/MedCLIP-SAMv2/data/MAS3K/extracted/MAS3K/img/Grouper_1531.jpg,/home/woojye2020/decs_jupyter_lab/MedCLIP-SAMv2/data/MAS3K_medclipsam/test_images_sd15_inpainting_v1/generation_metadata.jsonl
/home/woojye2020/decs_jupyter_lab/MedCLIP-SAMv2/data/MAS3K/test/Grouper_1532.png,Grouper_1532.jpg,no camouflaged animal,33,There is no camouflaged animal present in the scene.,sd15_inpainting_no_object,Grouper,14,/home/woojye2020/decs_jupyter_lab/MedCLIP-SAMv2/data/MAS3K/extracted/MAS3K/img/Grouper_1532.jpg,/home/woojye2020/decs_jupyter_lab/MedCLIP-SAMv2/data/MAS3K_medclipsam/test_images_sd15_inpainting_v1/generation_metadata.jsonl
/home/woojye2020/decs_jupyter_lab/MedCLIP-SAMv2/data/MAS3K/test/Grouper_1541.png,Grouper_1541.jpg,no camouflaged animal,33,There is no camouflaged animal present in the scene.,sd15_inpainting_no_object,Grouper,14,/home/woojye2020/decs_jupyter_lab/MedCLIP-SAMv2/data/MAS3K/extracted/MAS3K/img/Grouper_1541.jpg,/home/woojye2020/decs_jupyter_lab/MedCLIP-SAMv2/data/MAS3K_medclipsam/test_images_sd15_inpainting_v1/generation_metadata.jsonl
/home/woojye2020/decs_jupyter_lab/MedCLIP-SAMv2/data/MAS3K/test/Grouper_1545.png,Grouper_1545.jpg,no camouflaged animal,33,There is no camouflaged animal present in the scene.,sd15_inpainting_no_object,Grouper,14,/home/woojye2020/decs_jupyter_lab/MedCLIP-SAMv2/data/MAS3K/extracted/MAS3K/img/Grouper_1545.jpg,/home/woojye2020/decs_jupyter_lab/MedCLIP-SAMv2/data/MAS3K_medclipsam/test_images_sd15_inpainting_v1/generation_metadata.jsonl
/home/woojye2020/decs_jupyter_lab/MedCLIP-SAMv2/data/MAS3K/test/Grouper_1548.png,Grouper_1548.jpg,no camouflaged animal,33,There is no camouflaged animal present in the scene.,sd15_inpainting_no_object,Grouper,14,/home/woojye2020/decs_jupyter_lab/MedCLIP-SAMv2/data/MAS3K/extracted/MAS3K/img/Grouper_1548.jpg,/home/woojye2020/decs_jupyter_lab/MedCLIP-SAMv2/data/MAS3K_medclipsam/test_images_sd15_inpainting_v1/generation_metadata.jsonl
/home/woojye2020/decs_jupyter_lab/MedCLIP-SAMv2/data/MAS3K/test/Grouper_1558.png,Grouper_1558.jpg,no camouflaged animal,33,There is no camouflaged animal present in the scene.,sd15_inpainting_no_object,Grouper,14,/home/woojye2020/decs_jupyter_lab/MedCLIP-SAMv2/data/MAS3K/extracted/MAS3K/img/Grouper_1558.jpg,/home/woojye2020/decs_jupyter_lab/MedCLIP-SAMv2/data/MAS3K_medclipsam/test_images_sd15_inpainting_v1/generation_metadata.jsonl
/home/woojye2020/decs_jupyter_lab/MedCLIP-SAMv2/data/MAS3K/test/Grouper_1561.png,Grouper_1561.jpg,no camouflaged animal,33,There is no camouflaged animal present in the scene.,sd15_inpainting_no_object,Grouper,14,/home/woojye2020/decs_jupyter_lab/MedCLIP-SAMv2/data/MAS3K/extracted/MAS3K/img/Grouper_1561.jpg,/home/woojye2020/decs_jupyter_lab/MedCLIP-SAMv2/data/MAS3K_medclipsam/test_images_sd15_inpainting_v1/generation_metadata.jsonl
/home/woojye2020/decs_jupyter_lab/MedCLIP-SAMv2/data/MAS3K/test/Grouper_1567.png,Grouper_1567.jpg,no camouflaged animal,33,There is no camouflaged animal present in the scene.,sd15_inpainting_no_object,Grouper,14,/home/woojye2020/decs_jupyter_lab/MedCLIP-SAMv2/data/MAS3K/extracted/MAS3K/img/Grouper_1567.jpg,/home/woojye2020/decs_jupyter_lab/MedCLIP-SAMv2/data/MAS3K_medclipsam/test_images_sd15_inpainting_v1/generation_metadata.jsonl
/home/woojye2020/decs_jupyter_lab/MedCLIP-SAMv2/data/MAS3K/test/Grouper_1568.png,Grouper_1568.jpg,no camouflaged animal,33,There is no camouflaged animal present in the scene.,sd15_inpainting_no_object,Grouper,14,/home/woojye2020/decs_jupyter_lab/MedCLIP-SAMv2/data/MAS3K/extracted/MAS3K/img/Grouper_1568.jpg,/home/woojye2020/decs_jupyter_lab/MedCLIP-SAMv2/data/MAS3K_medclipsam/test_images_sd15_inpainting_v1/generation_metadata.jsonl
/home/woojye2020/decs_jupyter_lab/MedCLIP-SAMv2/data/MAS3K/test/Grouper_1571.png,Grouper_1571.jpg,no camouflaged animal,33,There is no camouflaged animal present in the scene.,sd15_inpainting_no_object,Grouper,14,/home/woojye2020/decs_jupyter_lab/MedCLIP-SAMv2/data/MAS3K/extracted/MAS3K/img/Grouper_1571.jpg,/home/woojye2020/decs_jupyter_lab/MedCLIP-SAMv2/data/MAS3K_medclipsam/test_images_sd15_inpainting_v1/generation_metadata.jsonl
/home/woojye2020/decs_jupyter_lab/MedCLIP-SAMv2/data/MAS3K/test/Grouper_1578.png,Grouper_1578.jpg,no camouflaged animal,33,There is no camouflaged animal present in the scene.,sd15_inpainting_no_object,Grouper,14,/home/woojye2020/decs_jupyter_lab/MedCLIP-SAMv2/data/MAS3K/extracted/MAS3K/img/Grouper_1578.jpg,/home/woojye2020/decs_jupyter_lab/MedCLIP-SAMv2/data/MAS3K_medclipsam/test_images_sd15_inpainting_v1/generation_metadata.jsonl
/home/woojye2020/decs_jupyter_lab/MedCLIP-SAMv2/data/MAS3K/test/Grouper_1588.png,Grouper_1588.jpg,no camouflaged animal,33,There is no camouflaged animal present in the scene.,sd15_inpainting_no_object,Grouper,14,/home/woojye2020/decs_jupyter_lab/MedCLIP-SAMv2/data/MAS3K/extracted/MAS3K/img/Grouper_1588.jpg,/home/woojye2020/decs_jupyter_lab/MedCLIP-SAMv2/data/MAS3K_medclipsam/test_images_sd15_inpainting_v1/generation_metadata.jsonl
/home/woojye2020/decs_jupyter_lab/MedCLIP-SAMv2/data/MAS3K/test/Grouper_1591.png,Grouper_1591.jpg,no camouflaged animal,33,There is no camouflaged animal present in the scene.,sd15_inpainting_no_object,Grouper,14,/home/woojye2020/decs_jupyter_lab/MedCLIP-SAMv2/data/MAS3K/extracted/MAS3K/img/Grouper_1591.jpg,/home/woojye2020/decs_jupyter_lab/MedCLIP-SAMv2/data/MAS3K_medclipsam/test_images_sd15_inpainting_v1/generation_metadata.jsonl
/home/woojye2020/decs_jupyter_lab/MedCLIP-SAMv2/data/MAS3K/test/Grouper_1592.png,Grouper_1592.jpg,no camouflaged animal,33,There is no camouflaged animal present in the scene.,sd15_inpainting_no_object,Grouper,14,/home/woojye2020/decs_jupyter_lab/MedCLIP-SAMv2/data/MAS3K/extracted/MAS3K/img/Grouper_1592.jpg,/home/woojye2020/decs_jupyter_lab/MedCLIP-SAMv2/data/MAS3K_medclipsam/test_images_sd15_inpainting_v1/generation_metadata.jsonl
/home/woojye2020/decs_jupyter_lab/MedCLIP-SAMv2/data/MAS3K/test/Grouper_1601.png,Grouper_1601.jpg,no camouflaged animal,33,There is no camouflaged animal present in the scene.,sd15_inpainting_no_object,Grouper,14,/home/woojye2020/decs_jupyter_lab/MedCLIP-SAMv2/data/MAS3K/extracted/MAS3K/img/Grouper_1601.jpg,/home/woojye2020/decs_jupyter_lab/MedCLIP-SAMv2/data/MAS3K_medclipsam/test_images_sd15_inpainting_v1/generation_metadata.jsonl
/home/woojye2020/decs_jupyter_lab/MedCLIP-SAMv2/data/MAS3K/test/Grouper_1602.png,Grouper_1602.jpg,no camouflaged animal,33,There is no camouflaged animal present in the scene.,sd15_inpainting_no_object,Grouper,14,/home/woojye2020/decs_jupyter_lab/MedCLIP-SAMv2/data/MAS3K/extracted/MAS3K/img/Grouper_1602.jpg,/home/woojye2020/decs_jupyter_lab/MedCLIP-SAMv2/data/MAS3K_medclipsam/test_images_sd15_inpainting_v1/generation_metadata.jsonl
/home/woojye2020/decs_jupyter_lab/MedCLIP-SAMv2/data/MAS3K/test/Grouper_1607.png,Grouper_1607.jpg,no camouflaged animal,33,There is no camouflaged animal present in the scene.,sd15_inpainting_no_object,Grouper,14,/home/woojye2020/decs_jupyter_lab/MedCLIP-SAMv2/data/MAS3K/extracted/MAS3K/img/Grouper_1607.jpg,/home/woojye2020/decs_jupyter_lab/MedCLIP-SAMv2/data/MAS3K_medclipsam/test_images_sd15_inpainting_v1/generation_metadata.jsonl
/home/woojye2020/decs_jupyter_lab/MedCLIP-SAMv2/data/MAS3K/test/Grouper_1609.png,Grouper_1609.jpg,no camouflaged animal,33,There is no camouflaged animal present in the scene.,sd15_inpainting_no_object,Grouper,14,/home/woojye2020/decs_jupyter_lab/MedCLIP-SAMv2/data/MAS3K/extracted/MAS3K/img/Grouper_1609.jpg,/home/woojye2020/decs_jupyter_lab/MedCLIP-SAMv2/data/MAS3K_medclipsam/test_images_sd15_inpainting_v1/generation_metadata.jsonl
/home/woojye2020/decs_jupyter_lab/MedCLIP-SAMv2/data/MAS3K/test/Grouper_1610.png,Grouper_1610.jpg,no camouflaged animal,33,There is no camouflaged animal present in the scene.,sd15_inpainting_no_object,Grouper,14,/home/woojye2020/decs_jupyter_lab/MedCLIP-SAMv2/data/MAS3K/extracted/MAS3K/img/Grouper_1610.jpg,/home/woojye2020/decs_jupyter_lab/MedCLIP-SAMv2/data/MAS3K_medclipsam/test_images_sd15_inpainting_v1/generation_metadata.jsonl
/home/woojye2020/decs_jupyter_lab/MedCLIP-SAMv2/data/MAS3K/test/Grouper_1612.png,Grouper_1612.jpg,no camouflaged animal,33,There is no camouflaged animal present in the scene.,sd15_inpainting_no_object,Grouper,14,/home/woojye2020/decs_jupyter_lab/MedCLIP-SAMv2/data/MAS3K/extracted/MAS3K/img/Grouper_1612.jpg,/home/woojye2020/decs_jupyter_lab/MedCLIP-SAMv2/data/MAS3K_medclipsam/test_images_sd15_inpainting_v1/generation_metadata.jsonl
/home/woojye2020/decs_jupyter_lab/MedCLIP-SAMv2/data/MAS3K/test/Grouper_1614.png,Grouper_1614.jpg,no camouflaged animal,33,There is no camouflaged animal present in the scene.,sd15_inpainting_no_object,Grouper,14,/home/woojye2020/decs_jupyter_lab/MedCLIP-SAMv2/data/MAS3K/extracted/MAS3K/img/Grouper_1614.jpg,/home/woojye2020/decs_jupyter_lab/MedCLIP-SAMv2/data/MAS3K_medclipsam/test_images_sd15_inpainting_v1/generation_metadata.jsonl
/home/woojye2020/decs_jupyter_lab/MedCLIP-SAMv2/data/MAS3K/test/Grouper_1615.png,Grouper_1615.jpg,no camouflaged animal,33,There is no camouflaged animal present in the scene.,sd15_inpainting_no_object,Grouper,14,/home/woojye2020/decs_jupyter_lab/MedCLIP-SAMv2/data/MAS3K/extracted/MAS3K/img/Grouper_1615.jpg,/home/woojye2020/decs_jupyter_lab/MedCLIP-SAMv2/data/MAS3K_medclipsam/test_images_sd15_inpainting_v1/generation_metadata.jsonl
/home/woojye2020/decs_jupyter_lab/MedCLIP-SAMv2/data/MAS3K/test/Grouper_1624.png,Grouper_1624.jpg,no camouflaged animal,33,There is no camouflaged animal present in the scene.,sd15_inpainting_no_object,Grouper,14,/home/woojye2020/decs_jupyter_lab/MedCLIP-SAMv2/data/MAS3K/extracted/MAS3K/img/Grouper_1624.jpg,/home/woojye2020/decs_jupyter_lab/MedCLIP-SAMv2/data/MAS3K_medclipsam/test_images_sd15_inpainting_v1/generation_metadata.jsonl
/home/woojye2020/decs_jupyter_lab/MedCLIP-SAMv2/data/MAS3K/test/Grouper_1627.png,Grouper_1627.jpg,no camouflaged animal,33,There is no camouflaged animal present in the scene.,sd15_inpainting_no_object,Grouper,14,/home/woojye2020/decs_jupyter_lab/MedCLIP-SAMv2/data/MAS3K/extracted/MAS3K/img/Grouper_1627.jpg,/home/woojye2020/decs_jupyter_lab/MedCLIP-SAMv2/data/MAS3K_medclipsam/test_images_sd15_inpainting_v1/generation_metadata.jsonl
/home/woojye2020/decs_jupyter_lab/MedCLIP-SAMv2/data/MAS3K/test/Grouper_1628.png,Grouper_1628.jpg,no camouflaged animal,33,There is no camouflaged animal present in the scene.,sd15_inpainting_no_object,Grouper,14,/home/woojye2020/decs_jupyter_lab/MedCLIP-SAMv2/data/MAS3K/extracted/MAS3K/img/Grouper_1628.jpg,/home/woojye2020/decs_jupyter_lab/MedCLIP-SAMv2/data/MAS3K_medclipsam/test_images_sd15_inpainting_v1/generation_metadata.jsonl
/home/woojye2020/decs_jupyter_lab/MedCLIP-SAMv2/data/MAS3K/test/Grouper_1637.png,Grouper_1637.jpg,no camouflaged animal,33,There is no camouflaged animal present in the scene.,sd15_inpainting_no_object,Grouper,14,/home/woojye2020/decs_jupyter_lab/MedCLIP-SAMv2/data/MAS3K/extracted/MAS3K/img/Grouper_1637.jpg,/home/woojye2020/decs_jupyter_lab/MedCLIP-SAMv2/data/MAS3K_medclipsam/test_images_sd15_inpainting_v1/generation_metadata.jsonl
/home/woojye2020/decs_jupyter_lab/MedCLIP-SAMv2/data/MAS3K/test/Grouper_1639.png,Grouper_1639.jpg,no camouflaged animal,33,There is no camouflaged animal present in the scene.,sd15_inpainting_no_object,Grouper,14,/home/woojye2020/decs_jupyter_lab/MedCLIP-SAMv2/data/MAS3K/extracted/MAS3K/img/Grouper_1639.jpg,/home/woojye2020/decs_jupyter_lab/MedCLIP-SAMv2/data/MAS3K_medclipsam/test_images_sd15_inpainting_v1/generation_metadata.jsonl
/home/woojye2020/decs_jupyter_lab/MedCLIP-SAMv2/data/MAS3K/test/Grouper_1657.png,Grouper_1657.jpg,no camouflaged animal,33,There is no camouflaged animal present in the scene.,sd15_inpainting_no_object,Grouper,14,/home/woojye2020/decs_jupyter_lab/MedCLIP-SAMv2/data/MAS3K/extracted/MAS3K/img/Grouper_1657.jpg,/home/woojye2020/decs_jupyter_lab/MedCLIP-SAMv2/data/MAS3K_medclipsam/test_images_sd15_inpainting_v1/generation_metadata.jsonl
/home/woojye2020/decs_jupyter_lab/MedCLIP-SAMv2/data/MAS3K/test/Grouper_1663.png,Grouper_1663.jpg,no camouflaged animal,33,There is no camouflaged animal present in the scene.,sd15_inpainting_no_object,Grouper,14,/home/woojye2020/decs_jupyter_lab/MedCLIP-SAMv2/data/MAS3K/extracted/MAS3K/img/Grouper_1663.jpg,/home/woojye2020/decs_jupyter_lab/MedCLIP-SAMv2/data/MAS3K_medclipsam/test_images_sd15_inpainting_v1/generation_metadata.jsonl
/home/woojye2020/decs_jupyter_lab/MedCLIP-SAMv2/data/MAS3K/test/Grouper_1666.png,Grouper_1666.jpg,no camouflaged animal,33,There is no camouflaged animal present in the scene.,sd15_inpainting_no_object,Grouper,14,/home/woojye2020/decs_jupyter_lab/MedCLIP-SAMv2/data/MAS3K/extracted/MAS3K/img/Grouper_1666.jpg,/home/woojye2020/decs_jupyter_lab/MedCLIP-SAMv2/data/MAS3K_medclipsam/test_images_sd15_inpainting_v1/generation_metadata.jsonl
/home/woojye2020/decs_jupyter_lab/MedCLIP-SAMv2/data/MAS3K/test/Grouper_1671.png,Grouper_1671.jpg,no camouflaged animal,33,There is no camouflaged animal present in the scene.,sd15_inpainting_no_object,Grouper,14,/home/woojye2020/decs_jupyter_lab/MedCLIP-SAMv2/data/MAS3K/extracted/MAS3K/img/Grouper_1671.jpg,/home/woojye2020/decs_jupyter_lab/MedCLIP-SAMv2/data/MAS3K_medclipsam/test_images_sd15_inpainting_v1/generation_metadata.jsonl
/home/woojye2020/decs_jupyter_lab/MedCLIP-SAMv2/data/MAS3K/test/Grouper_1682.png,Grouper_1682.jpg,no camouflaged animal,33,There is no camouflaged animal present in the scene.,sd15_inpainting_no_object,Grouper,14,/home/woojye2020/decs_jupyter_lab/MedCLIP-SAMv2/data/MAS3K/extracted/MAS3K/img/Grouper_1682.jpg,/home/woojye2020/decs_jupyter_lab/MedCLIP-SAMv2/data/MAS3K_medclipsam/test_images_sd15_inpainting_v1/generation_metadata.jsonl
/home/woojye2020/decs_jupyter_lab/MedCLIP-SAMv2/data/MAS3K/test/Grouper_1684.png,Grouper_1684.jpg,no camouflaged animal,33,There is no camouflaged animal present in the scene.,sd15_inpainting_no_object,Grouper,14,/home/woojye2020/decs_jupyter_lab/MedCLIP-SAMv2/data/MAS3K/extracted/MAS3K/img/Grouper_1684.jpg,/home/woojye2020/decs_jupyter_lab/MedCLIP-SAMv2/data/MAS3K_medclipsam/test_images_sd15_inpainting_v1/generation_metadata.jsonl
/home/woojye2020/decs_jupyter_lab/MedCLIP-SAMv2/data/MAS3K/test/Grouper_1685.png,Grouper_1685.jpg,no camouflaged animal,33,There is no camouflaged animal present in the scene.,sd15_inpainting_no_object,Grouper,14,/home/woojye2020/decs_jupyter_lab/MedCLIP-SAMv2/data/MAS3K/extracted/MAS3K/img/Grouper_1685.jpg,/home/woojye2020/decs_jupyter_lab/MedCLIP-SAMv2/data/MAS3K_medclipsam/test_images_sd15_inpainting_v1/generation_metadata.jsonl
/home/woojye2020/decs_jupyter_lab/MedCLIP-SAMv2/data/MAS3K/test/Grouper_1691.png,Grouper_1691.jpg,no camouflaged animal,33,There is no camouflaged animal present in the scene.,sd15_inpainting_no_object,Grouper,14,/home/woojye2020/decs_jupyter_lab/MedCLIP-SAMv2/data/MAS3K/extracted/MAS3K/img/Grouper_1691.jpg,/home/woojye2020/decs_jupyter_lab/MedCLIP-SAMv2/data/MAS3K_medclipsam/test_images_sd15_inpainting_v1/generation_metadata.jsonl
/home/woojye2020/decs_jupyter_lab/MedCLIP-SAMv2/data/MAS3K/test/Grouper_1721.png,Grouper_1721.jpg,no camouflaged animal,33,There is no camouflaged animal present in the scene.,sd15_inpainting_no_object,Grouper,14,/home/woojye2020/decs_jupyter_lab/MedCLIP-SAMv2/data/MAS3K/extracted/MAS3K/img/Grouper_1721.jpg,/home/woojye2020/decs_jupyter_lab/MedCLIP-SAMv2/data/MAS3K_medclipsam/test_images_sd15_inpainting_v1/generation_metadata.jsonl
/home/woojye2020/decs_jupyter_lab/MedCLIP-SAMv2/data/MAS3K/test/Grouper_1725.png,Grouper_1725.jpg,no camouflaged animal,33,There is no camouflaged animal present in the scene.,sd15_inpainting_no_object,Grouper,14,/home/woojye2020/decs_jupyter_lab/MedCLIP-SAMv2/data/MAS3K/extracted/MAS3K/img/Grouper_1725.jpg,/home/woojye2020/decs_jupyter_lab/MedCLIP-SAMv2/data/MAS3K_medclipsam/test_images_sd15_inpainting_v1/generation_metadata.jsonl
/home/woojye2020/decs_jupyter_lab/MedCLIP-SAMv2/data/MAS3K/test/Grouper_1728.png,Grouper_1728.jpg,no camouflaged animal,33,There is no camouflaged animal present in the scene.,sd15_inpainting_no_object,Grouper,14,/home/woojye2020/decs_jupyter_lab/MedCLIP-SAMv2/data/MAS3K/extracted/MAS3K/img/Grouper_1728.jpg,/home/woojye2020/decs_jupyter_lab/MedCLIP-SAMv2/data/MAS3K_medclipsam/test_images_sd15_inpainting_v1/generation_metadata.jsonl
/home/woojye2020/decs_jupyter_lab/MedCLIP-SAMv2/data/MAS3K/test/Grouper_1729.png,Grouper_1729.jpg,no camouflaged animal,33,There is no camouflaged animal present in the scene.,sd15_inpainting_no_object,Grouper,14,/home/woojye2020/decs_jupyter_lab/MedCLIP-SAMv2/data/MAS3K/extracted/MAS3K/img/Grouper_1729.jpg,/home/woojye2020/decs_jupyter_lab/MedCLIP-SAMv2/data/MAS3K_medclipsam/test_images_sd15_inpainting_v1/generation_metadata.jsonl
/home/woojye2020/decs_jupyter_lab/MedCLIP-SAMv2/data/MAS3K/test/Grouper_1733.png,Grouper_1733.jpg,no camouflaged animal,33,There is no camouflaged animal present in the scene.,sd15_inpainting_no_object,Grouper,14,/home/woojye2020/decs_jupyter_lab/MedCLIP-SAMv2/data/MAS3K/extracted/MAS3K/img/Grouper_1733.jpg,/home/woojye2020/decs_jupyter_lab/MedCLIP-SAMv2/data/MAS3K_medclipsam/test_images_sd15_inpainting_v1/generation_metadata.jsonl
/home/woojye2020/decs_jupyter_lab/MedCLIP-SAMv2/data/MAS3K/test/Grouper_1739.png,Grouper_1739.jpg,no camouflaged animal,33,There is no camouflaged animal present in the scene.,sd15_inpainting_no_object,Grouper,14,/home/woojye2020/decs_jupyter_lab/MedCLIP-SAMv2/data/MAS3K/extracted/MAS3K/img/Grouper_1739.jpg,/home/woojye2020/decs_jupyter_lab/MedCLIP-SAMv2/data/MAS3K_medclipsam/test_images_sd15_inpainting_v1/generation_metadata.jsonl
/home/woojye2020/decs_jupyter_lab/MedCLIP-SAMv2/data/MAS3K/test/Grouper_1740.png,Grouper_1740.jpg,no camouflaged animal,33,There is no camouflaged animal present in the scene.,sd15_inpainting_no_object,Grouper,14,/home/woojye2020/decs_jupyter_lab/MedCLIP-SAMv2/data/MAS3K/extracted/MAS3K/img/Grouper_1740.jpg,/home/woojye2020/decs_jupyter_lab/MedCLIP-SAMv2/data/MAS3K_medclipsam/test_images_sd15_inpainting_v1/generation_metadata.jsonl
/home/woojye2020/decs_jupyter_lab/MedCLIP-SAMv2/data/MAS3K/test/Grouper_1742.png,Grouper_1742.jpg,no camouflaged animal,33,There is no camouflaged animal present in the scene.,sd15_inpainting_no_object,Grouper,14,/home/woojye2020/decs_jupyter_lab/MedCLIP-SAMv2/data/MAS3K/extracted/MAS3K/img/Grouper_1742.jpg,/home/woojye2020/decs_jupyter_lab/MedCLIP-SAMv2/data/MAS3K_medclipsam/test_images_sd15_inpainting_v1/generation_metadata.jsonl
/home/woojye2020/decs_jupyter_lab/MedCLIP-SAMv2/data/MAS3K/test/Grouper_1743.png,Grouper_1743.jpg,no camouflaged animal,33,There is no camouflaged animal present in the scene.,sd15_inpainting_no_object,Grouper,14,/home/woojye2020/decs_jupyter_lab/MedCLIP-SAMv2/data/MAS3K/extracted/MAS3K/img/Grouper_1743.jpg,/home/woojye2020/decs_jupyter_lab/MedCLIP-SAMv2/data/MAS3K_medclipsam/test_images_sd15_inpainting_v1/generation_metadata.jsonl
/home/woojye2020/decs_jupyter_lab/MedCLIP-SAMv2/data/MAS3K/test/Grouper_1744.png,Grouper_1744.jpg,no camouflaged animal,33,There is no camouflaged animal present in the scene.,sd15_inpainting_no_object,Grouper,14,/home/woojye2020/decs_jupyter_lab/MedCLIP-SAMv2/data/MAS3K/extracted/MAS3K/img/Grouper_1744.jpg,/home/woojye2020/decs_jupyter_lab/MedCLIP-SAMv2/data/MAS3K_medclipsam/test_images_sd15_inpainting_v1/generation_metadata.jsonl
/home/woojye2020/decs_jupyter_lab/MedCLIP-SAMv2/data/MAS3K/test/Grouper_1747.png,Grouper_1747.jpg,no camouflaged animal,33,There is no camouflaged animal present in the scene.,sd15_inpainting_no_object,Grouper,14,/home/woojye2020/decs_jupyter_lab/MedCLIP-SAMv2/data/MAS3K/extracted/MAS3K/img/Grouper_1747.jpg,/home/woojye2020/decs_jupyter_lab/MedCLIP-SAMv2/data/MAS3K_medclipsam/test_images_sd15_inpainting_v1/generation_metadata.jsonl
/home/woojye2020/decs_jupyter_lab/MedCLIP-SAMv2/data/MAS3K/test/Grouper_1748.png,Grouper_1748.jpg,no camouflaged animal,33,There is no camouflaged animal present in the scene.,sd15_inpainting_no_object,Grouper,14,/home/woojye2020/decs_jupyter_lab/MedCLIP-SAMv2/data/MAS3K/extracted/MAS3K/img/Grouper_1748.jpg,/home/woojye2020/decs_jupyter_lab/MedCLIP-SAMv2/data/MAS3K_medclipsam/test_images_sd15_inpainting_v1/generation_metadata.jsonl
/home/woojye2020/decs_jupyter_lab/MedCLIP-SAMv2/data/MAS3K/test/Grouper_1749.png,Grouper_1749.jpg,no camouflaged animal,33,There is no camouflaged animal present in the scene.,sd15_inpainting_no_object,Grouper,14,/home/woojye2020/decs_jupyter_lab/MedCLIP-SAMv2/data/MAS3K/extracted/MAS3K/img/Grouper_1749.jpg,/home/woojye2020/decs_jupyter_lab/MedCLIP-SAMv2/data/MAS3K_medclipsam/test_images_sd15_inpainting_v1/generation_metadata.jsonl
/home/woojye2020/decs_jupyter_lab/MedCLIP-SAMv2/data/MAS3K/test/Grouper_1750.png,Grouper_1750.jpg,no camouflaged animal,33,There is no camouflaged animal present in the scene.,sd15_inpainting_no_object,Grouper,14,/home/woojye2020/decs_jupyter_lab/MedCLIP-SAMv2/data/MAS3K/extracted/MAS3K/img/Grouper_1750.jpg,/home/woojye2020/decs_jupyter_lab/MedCLIP-SAMv2/data/MAS3K_medclipsam/test_images_sd15_inpainting_v1/generation_metadata.jsonl
/home/woojye2020/decs_jupyter_lab/MedCLIP-SAMv2/data/MAS3K/test/Grouper_1757.png,Grouper_1757.jpg,no camouflaged animal,33,There is no camouflaged animal present in the scene.,sd15_inpainting_no_object,Grouper,14,/home/woojye2020/decs_jupyter_lab/MedCLIP-SAMv2/data/MAS3K/extracted/MAS3K/img/Grouper_1757.jpg,/home/woojye2020/decs_jupyter_lab/MedCLIP-SAMv2/data/MAS3K_medclipsam/test_images_sd15_inpainting_v1/generation_metadata.jsonl
/home/woojye2020/decs_jupyter_lab/MedCLIP-SAMv2/data/MAS3K/test/Grouper_1764.png,Grouper_1764.jpg,no camouflaged animal,33,There is no camouflaged animal present in the scene.,sd15_inpainting_no_object,Grouper,14,/home/woojye2020/decs_jupyter_lab/MedCLIP-SAMv2/data/MAS3K/extracted/MAS3K/img/Grouper_1764.jpg,/home/woojye2020/decs_jupyter_lab/MedCLIP-SAMv2/data/MAS3K_medclipsam/test_images_sd15_inpainting_v1/generation_metadata.jsonl
/home/woojye2020/decs_jupyter_lab/MedCLIP-SAMv2/data/MAS3K/test/Grouper_1771.png,Grouper_1771.jpg,no camouflaged animal,33,There is no camouflaged animal present in the scene.,sd15_inpainting_no_object,Grouper,14,/home/woojye2020/decs_jupyter_lab/MedCLIP-SAMv2/data/MAS3K/extracted/MAS3K/img/Grouper_1771.jpg,/home/woojye2020/decs_jupyter_lab/MedCLIP-SAMv2/data/MAS3K_medclipsam/test_images_sd15_inpainting_v1/generation_metadata.jsonl
/home/woojye2020/decs_jupyter_lab/MedCLIP-SAMv2/data/MAS3K/test/Grouper_1784.png,Grouper_1784.jpg,no camouflaged animal,33,There is no camouflaged animal present in the scene.,sd15_inpainting_no_object,Grouper,14,/home/woojye2020/decs_jupyter_lab/MedCLIP-SAMv2/data/MAS3K/extracted/MAS3K/img/Grouper_1784.jpg,/home/woojye2020/decs_jupyter_lab/MedCLIP-SAMv2/data/MAS3K_medclipsam/test_images_sd15_inpainting_v1/generation_metadata.jsonl
/home/woojye2020/decs_jupyter_lab/MedCLIP-SAMv2/data/MAS3K/test/Grouper_1789.png,Grouper_1789.jpg,no camouflaged animal,33,There is no camouflaged animal present in the scene.,sd15_inpainting_no_object,Grouper,14,/home/woojye2020/decs_jupyter_lab/MedCLIP-SAMv2/data/MAS3K/extracted/MAS3K/img/Grouper_1789.jpg,/home/woojye2020/decs_jupyter_lab/MedCLIP-SAMv2/data/MAS3K_medclipsam/test_images_sd15_inpainting_v1/generation_metadata.jsonl
/home/woojye2020/decs_jupyter_lab/MedCLIP-SAMv2/data/MAS3K/test/Grouper_1790.png,Grouper_1790.jpg,no camouflaged animal,33,There is no camouflaged animal present in the scene.,sd15_inpainting_no_object,Grouper,14,/home/woojye2020/decs_jupyter_lab/MedCLIP-SAMv2/data/MAS3K/extracted/MAS3K/img/Grouper_1790.jpg,/home/woojye2020/decs_jupyter_lab/MedCLIP-SAMv2/data/MAS3K_medclipsam/test_images_sd15_inpainting_v1/generation_metadata.jsonl
/home/woojye2020/decs_jupyter_lab/MedCLIP-SAMv2/data/MAS3K/test/Grouper_1795.png,Grouper_1795.jpg,no camouflaged animal,33,There is no camouflaged animal present in the scene.,sd15_inpainting_no_object,Grouper,14,/home/woojye2020/decs_jupyter_lab/MedCLIP-SAMv2/data/MAS3K/extracted/MAS3K/img/Grouper_1795.jpg,/home/woojye2020/decs_jupyter_lab/MedCLIP-SAMv2/data/MAS3K_medclipsam/test_images_sd15_inpainting_v1/generation_metadata.jsonl
/home/woojye2020/decs_jupyter_lab/MedCLIP-SAMv2/data/MAS3K/test/Grouper_1811.png,Grouper_1811.jpg,no camouflaged animal,33,There is no camouflaged animal present in the scene.,sd15_inpainting_no_object,Grouper,14,/home/woojye2020/decs_jupyter_lab/MedCLIP-SAMv2/data/MAS3K/extracted/MAS3K/img/Grouper_1811.jpg,/home/woojye2020/decs_jupyter_lab/MedCLIP-SAMv2/data/MAS3K_medclipsam/test_images_sd15_inpainting_v1/generation_metadata.jsonl
/home/woojye2020/decs_jupyter_lab/MedCLIP-SAMv2/data/MAS3K/test/Grouper_1815.png,Grouper_1815.jpg,no camouflaged animal,33,There is no camouflaged animal present in the scene.,sd15_inpainting_no_object,Grouper,14,/home/woojye2020/decs_jupyter_lab/MedCLIP-SAMv2/data/MAS3K/extracted/MAS3K/img/Grouper_1815.jpg,/home/woojye2020/decs_jupyter_lab/MedCLIP-SAMv2/data/MAS3K_medclipsam/test_images_sd15_inpainting_v1/generation_metadata.jsonl
/home/woojye2020/decs_jupyter_lab/MedCLIP-SAMv2/data/MAS3K/test/Grouper_1821.png,Grouper_1821.jpg,no camouflaged animal,33,There is no camouflaged animal present in the scene.,sd15_inpainting_no_object,Grouper,14,/home/woojye2020/decs_jupyter_lab/MedCLIP-SAMv2/data/MAS3K/extracted/MAS3K/img/Grouper_1821.jpg,/home/woojye2020/decs_jupyter_lab/MedCLIP-SAMv2/data/MAS3K_medclipsam/test_images_sd15_inpainting_v1/generation_metadata.jsonl
/home/woojye2020/decs_jupyter_lab/MedCLIP-SAMv2/data/MAS3K/test/Grouper_1823.png,Grouper_1823.jpg,no camouflaged animal,33,There is no camouflaged animal present in the scene.,sd15_inpainting_no_object,Grouper,14,/home/woojye2020/decs_jupyter_lab/MedCLIP-SAMv2/data/MAS3K/extracted/MAS3K/img/Grouper_1823.jpg,/home/woojye2020/decs_jupyter_lab/MedCLIP-SAMv2/data/MAS3K_medclipsam/test_images_sd15_inpainting_v1/generation_metadata.jsonl
/home/woojye2020/decs_jupyter_lab/MedCLIP-SAMv2/data/MAS3K/test/Grouper_1831.png,Grouper_1831.jpg,no camouflaged animal,33,There is no camouflaged animal present in the scene.,sd15_inpainting_no_object,Grouper,14,/home/woojye2020/decs_jupyter_lab/MedCLIP-SAMv2/data/MAS3K/extracted/MAS3K/img/Grouper_1831.jpg,/home/woojye2020/decs_jupyter_lab/MedCLIP-SAMv2/data/MAS3K_medclipsam/test_images_sd15_inpainting_v1/generation_metadata.jsonl
/home/woojye2020/decs_jupyter_lab/MedCLIP-SAMv2/data/MAS3K/test/Grouper_1843.png,Grouper_1843.jpg,no camouflaged animal,33,There is no camouflaged animal present in the scene.,sd15_inpainting_no_object,Grouper,14,/home/woojye2020/decs_jupyter_lab/MedCLIP-SAMv2/data/MAS3K/extracted/MAS3K/img/Grouper_1843.jpg,/home/woojye2020/decs_jupyter_lab/MedCLIP-SAMv2/data/MAS3K_medclipsam/test_images_sd15_inpainting_v1/generation_metadata.jsonl
/home/woojye2020/decs_jupyter_lab/MedCLIP-SAMv2/data/MAS3K/test/Grouper_1845.png,Grouper_1845.jpg,no camouflaged animal,33,There is no camouflaged animal present in the scene.,sd15_inpainting_no_object,Grouper,14,/home/woojye2020/decs_jupyter_lab/MedCLIP-SAMv2/data/MAS3K/extracted/MAS3K/img/Grouper_1845.jpg,/home/woojye2020/decs_jupyter_lab/MedCLIP-SAMv2/data/MAS3K_medclipsam/test_images_sd15_inpainting_v1/generation_metadata.jsonl
/home/woojye2020/decs_jupyter_lab/MedCLIP-SAMv2/data/MAS3K/test/Grouper_1847.png,Grouper_1847.jpg,no camouflaged animal,33,There is no camouflaged animal present in the scene.,sd15_inpainting_no_object,Grouper,14,/home/woojye2020/decs_jupyter_lab/MedCLIP-SAMv2/data/MAS3K/extracted/MAS3K/img/Grouper_1847.jpg,/home/woojye2020/decs_jupyter_lab/MedCLIP-SAMv2/data/MAS3K_medclipsam/test_images_sd15_inpainting_v1/generation_metadata.jsonl
/home/woojye2020/decs_jupyter_lab/MedCLIP-SAMv2/data/MAS3K/test/Grouper_1849.png,Grouper_1849.jpg,no camouflaged animal,33,There is no camouflaged animal present in the scene.,sd15_inpainting_no_object,Grouper,14,/home/woojye2020/decs_jupyter_lab/MedCLIP-SAMv2/data/MAS3K/extracted/MAS3K/img/Grouper_1849.jpg,/home/woojye2020/decs_jupyter_lab/MedCLIP-SAMv2/data/MAS3K_medclipsam/test_images_sd15_inpainting_v1/generation_metadata.jsonl
/home/woojye2020/decs_jupyter_lab/MedCLIP-SAMv2/data/MAS3K/test/Grouper_1850.png,Grouper_1850.jpg,no camouflaged animal,33,There is no camouflaged animal present in the scene.,sd15_inpainting_no_object,Grouper,14,/home/woojye2020/decs_jupyter_lab/MedCLIP-SAMv2/data/MAS3K/extracted/MAS3K/img/Grouper_1850.jpg,/home/woojye2020/decs_jupyter_lab/MedCLIP-SAMv2/data/MAS3K_medclipsam/test_images_sd15_inpainting_v1/generation_metadata.jsonl
/home/woojye2020/decs_jupyter_lab/MedCLIP-SAMv2/data/MAS3K/test/Grouper_1851.png,Grouper_1851.jpg,no camouflaged animal,33,There is no camouflaged animal present in the scene.,sd15_inpainting_no_object,Grouper,14,/home/woojye2020/decs_jupyter_lab/MedCLIP-SAMv2/data/MAS3K/extracted/MAS3K/img/Grouper_1851.jpg,/home/woojye2020/decs_jupyter_lab/MedCLIP-SAMv2/data/MAS3K_medclipsam/test_images_sd15_inpainting_v1/generation_metadata.jsonl
/home/woojye2020/decs_jupyter_lab/MedCLIP-SAMv2/data/MAS3K/test/Grouper_1861.png,Grouper_1861.jpg,no camouflaged animal,33,There is no camouflaged animal present in the scene.,sd15_inpainting_no_object,Grouper,14,/home/woojye2020/decs_jupyter_lab/MedCLIP-SAMv2/data/MAS3K/extracted/MAS3K/img/Grouper_1861.jpg,/home/woojye2020/decs_jupyter_lab/MedCLIP-SAMv2/data/MAS3K_medclipsam/test_images_sd15_inpainting_v1/generation_metadata.jsonl
/home/woojye2020/decs_jupyter_lab/MedCLIP-SAMv2/data/MAS3K/test/Grouper_1863.png,Grouper_1863.jpg,no camouflaged animal,33,There is no camouflaged animal present in the scene.,sd15_inpainting_no_object,Grouper,14,/home/woojye2020/decs_jupyter_lab/MedCLIP-SAMv2/data/MAS3K/extracted/MAS3K/img/Grouper_1863.jpg,/home/woojye2020/decs_jupyter_lab/MedCLIP-SAMv2/data/MAS3K_medclipsam/test_images_sd15_inpainting_v1/generation_metadata.jsonl
/home/woojye2020/decs_jupyter_lab/MedCLIP-SAMv2/data/MAS3K/test/Grouper_1867.png,Grouper_1867.jpg,no camouflaged animal,33,There is no camouflaged animal present in the scene.,sd15_inpainting_no_object,Grouper,14,/home/woojye2020/decs_jupyter_lab/MedCLIP-SAMv2/data/MAS3K/extracted/MAS3K/img/Grouper_1867.jpg,/home/woojye2020/decs_jupyter_lab/MedCLIP-SAMv2/data/MAS3K_medclipsam/test_images_sd15_inpainting_v1/generation_metadata.jsonl
/home/woojye2020/decs_jupyter_lab/MedCLIP-SAMv2/data/MAS3K/test/Grouper_1868.png,Grouper_1868.jpg,no camouflaged animal,33,There is no camouflaged animal present in the scene.,sd15_inpainting_no_object,Grouper,14,/home/woojye2020/decs_jupyter_lab/MedCLIP-SAMv2/data/MAS3K/extracted/MAS3K/img/Grouper_1868.jpg,/home/woojye2020/decs_jupyter_lab/MedCLIP-SAMv2/data/MAS3K_medclipsam/test_images_sd15_inpainting_v1/generation_metadata.jsonl
/home/woojye2020/decs_jupyter_lab/MedCLIP-SAMv2/data/MAS3K/test/Grouper_1869.png,Grouper_1869.jpg,no camouflaged animal,33,There is no camouflaged animal present in the scene.,sd15_inpainting_no_object,Grouper,14,/home/woojye2020/decs_jupyter_lab/MedCLIP-SAMv2/data/MAS3K/extracted/MAS3K/img/Grouper_1869.jpg,/home/woojye2020/decs_jupyter_lab/MedCLIP-SAMv2/data/MAS3K_medclipsam/test_images_sd15_inpainting_v1/generation_metadata.jsonl
/home/woojye2020/decs_jupyter_lab/MedCLIP-SAMv2/data/MAS3K/test/Grouper_1873.png,Grouper_1873.jpg,no camouflaged animal,33,There is no camouflaged animal present in the scene.,sd15_inpainting_no_object,Grouper,14,/home/woojye2020/decs_jupyter_lab/MedCLIP-SAMv2/data/MAS3K/extracted/MAS3K/img/Grouper_1873.jpg,/home/woojye2020/decs_jupyter_lab/MedCLIP-SAMv2/data/MAS3K_medclipsam/test_images_sd15_inpainting_v1/generation_metadata.jsonl
/home/woojye2020/decs_jupyter_lab/MedCLIP-SAMv2/data/MAS3K/test/Grouper_1876.png,Grouper_1876.jpg,no camouflaged animal,33,There is no camouflaged animal present in the scene.,sd15_inpainting_no_object,Grouper,14,/home/woojye2020/decs_jupyter_lab/MedCLIP-SAMv2/data/MAS3K/extracted/MAS3K/img/Grouper_1876.jpg,/home/woojye2020/decs_jupyter_lab/MedCLIP-SAMv2/data/MAS3K_medclipsam/test_images_sd15_inpainting_v1/generation_metadata.jsonl
/home/woojye2020/decs_jupyter_lab/MedCLIP-SAMv2/data/MAS3K/test/Grouper_1879.png,Grouper_1879.jpg,no camouflaged animal,33,There is no camouflaged animal present in the scene.,sd15_inpainting_no_object,Grouper,14,/home/woojye2020/decs_jupyter_lab/MedCLIP-SAMv2/data/MAS3K/extracted/MAS3K/img/Grouper_1879.jpg,/home/woojye2020/decs_jupyter_lab/MedCLIP-SAMv2/data/MAS3K_medclipsam/test_images_sd15_inpainting_v1/generation_metadata.jsonl
/home/woojye2020/decs_jupyter_lab/MedCLIP-SAMv2/data/MAS3K/test/Grouper_1893.png,Grouper_1893.jpg,no camouflaged animal,33,There is no camouflaged animal present in the scene.,sd15_inpainting_no_object,Grouper,14,/home/woojye2020/decs_jupyter_lab/MedCLIP-SAMv2/data/MAS3K/extracted/MAS3K/img/Grouper_1893.jpg,/home/woojye2020/decs_jupyter_lab/MedCLIP-SAMv2/data/MAS3K_medclipsam/test_images_sd15_inpainting_v1/generation_metadata.jsonl
/home/woojye2020/decs_jupyter_lab/MedCLIP-SAMv2/data/MAS3K/test/Grouper_1897.png,Grouper_1897.jpg,no camouflaged animal,33,There is no camouflaged animal present in the scene.,sd15_inpainting_no_object,Grouper,14,/home/woojye2020/decs_jupyter_lab/MedCLIP-SAMv2/data/MAS3K/extracted/MAS3K/img/Grouper_1897.jpg,/home/woojye2020/decs_jupyter_lab/MedCLIP-SAMv2/data/MAS3K_medclipsam/test_images_sd15_inpainting_v1/generation_metadata.jsonl
/home/woojye2020/decs_jupyter_lab/MedCLIP-SAMv2/data/MAS3K/test/Grouper_1902.png,Grouper_1902.jpg,no camouflaged animal,33,There is no camouflaged animal present in the scene.,sd15_inpainting_no_object,Grouper,14,/home/woojye2020/decs_jupyter_lab/MedCLIP-SAMv2/data/MAS3K/extracted/MAS3K/img/Grouper_1902.jpg,/home/woojye2020/decs_jupyter_lab/MedCLIP-SAMv2/data/MAS3K_medclipsam/test_images_sd15_inpainting_v1/generation_metadata.jsonl
/home/woojye2020/decs_jupyter_lab/MedCLIP-SAMv2/data/MAS3K/test/Grouper_1903.png,Grouper_1903.jpg,no camouflaged animal,33,There is no camouflaged animal present in the scene.,sd15_inpainting_no_object,Grouper,14,/home/woojye2020/decs_jupyter_lab/MedCLIP-SAMv2/data/MAS3K/extracted/MAS3K/img/Grouper_1903.jpg,/home/woojye2020/decs_jupyter_lab/MedCLIP-SAMv2/data/MAS3K_medclipsam/test_images_sd15_inpainting_v1/generation_metadata.jsonl
/home/woojye2020/decs_jupyter_lab/MedCLIP-SAMv2/data/MAS3K/test/Grouper_1904.png,Grouper_1904.jpg,no camouflaged animal,33,There is no camouflaged animal present in the scene.,sd15_inpainting_no_object,Grouper,14,/home/woojye2020/decs_jupyter_lab/MedCLIP-SAMv2/data/MAS3K/extracted/MAS3K/img/Grouper_1904.jpg,/home/woojye2020/decs_jupyter_lab/MedCLIP-SAMv2/data/MAS3K_medclipsam/test_images_sd15_inpainting_v1/generation_metadata.jsonl
/home/woojye2020/decs_jupyter_lab/MedCLIP-SAMv2/data/MAS3K/test/Grouper_1916.png,Grouper_1916.jpg,no camouflaged animal,33,There is no camouflaged animal present in the scene.,sd15_inpainting_no_object,Grouper,14,/home/woojye2020/decs_jupyter_lab/MedCLIP-SAMv2/data/MAS3K/extracted/MAS3K/img/Grouper_1916.jpg,/home/woojye2020/decs_jupyter_lab/MedCLIP-SAMv2/data/MAS3K_medclipsam/test_images_sd15_inpainting_v1/generation_metadata.jsonl
/home/woojye2020/decs_jupyter_lab/MedCLIP-SAMv2/data/MAS3K/test/Grouper_1918.png,Grouper_1918.jpg,no camouflaged animal,33,There is no camouflaged animal present in the scene.,sd15_inpainting_no_object,Grouper,14,/home/woojye2020/decs_jupyter_lab/MedCLIP-SAMv2/data/MAS3K/extracted/MAS3K/img/Grouper_1918.jpg,/home/woojye2020/decs_jupyter_lab/MedCLIP-SAMv2/data/MAS3K_medclipsam/test_images_sd15_inpainting_v1/generation_metadata.jsonl
/home/woojye2020/decs_jupyter_lab/MedCLIP-SAMv2/data/MAS3K/test/Grouper_1923.png,Grouper_1923.jpg,no camouflaged animal,33,There is no camouflaged animal present in the scene.,sd15_inpainting_no_object,Grouper,14,/home/woojye2020/decs_jupyter_lab/MedCLIP-SAMv2/data/MAS3K/extracted/MAS3K/img/Grouper_1923.jpg,/home/woojye2020/decs_jupyter_lab/MedCLIP-SAMv2/data/MAS3K_medclipsam/test_images_sd15_inpainting_v1/generation_metadata.jsonl
/home/woojye2020/decs_jupyter_lab/MedCLIP-SAMv2/data/MAS3K/test/Grouper_1925.png,Grouper_1925.jpg,no camouflaged animal,33,There is no camouflaged animal present in the scene.,sd15_inpainting_no_object,Grouper,14,/home/woojye2020/decs_jupyter_lab/MedCLIP-SAMv2/data/MAS3K/extracted/MAS3K/img/Grouper_1925.jpg,/home/woojye2020/decs_jupyter_lab/MedCLIP-SAMv2/data/MAS3K_medclipsam/test_images_sd15_inpainting_v1/generation_metadata.jsonl
/home/woojye2020/decs_jupyter_lab/MedCLIP-SAMv2/data/MAS3K/test/Grouper_1927.png,Grouper_1927.jpg,no camouflaged animal,33,There is no camouflaged animal present in the scene.,sd15_inpainting_no_object,Grouper,14,/home/woojye2020/decs_jupyter_lab/MedCLIP-SAMv2/data/MAS3K/extracted/MAS3K/img/Grouper_1927.jpg,/home/woojye2020/decs_jupyter_lab/MedCLIP-SAMv2/data/MAS3K_medclipsam/test_images_sd15_inpainting_v1/generation_metadata.jsonl
/home/woojye2020/decs_jupyter_lab/MedCLIP-SAMv2/data/MAS3K/test/Grouper_1929.png,Grouper_1929.jpg,no camouflaged animal,33,There is no camouflaged animal present in the scene.,sd15_inpainting_no_object,Grouper,14,/home/woojye2020/decs_jupyter_lab/MedCLIP-SAMv2/data/MAS3K/extracted/MAS3K/img/Grouper_1929.jpg,/home/woojye2020/decs_jupyter_lab/MedCLIP-SAMv2/data/MAS3K_medclipsam/test_images_sd15_inpainting_v1/generation_metadata.jsonl
/home/woojye2020/decs_jupyter_lab/MedCLIP-SAMv2/data/MAS3K/test/Grouper_1939.png,Grouper_1939.jpg,no camouflaged animal,33,There is no camouflaged animal present in the scene.,sd15_inpainting_no_object,Grouper,14,/home/woojye2020/decs_jupyter_lab/MedCLIP-SAMv2/data/MAS3K/extracted/MAS3K/img/Grouper_1939.jpg,/home/woojye2020/decs_jupyter_lab/MedCLIP-SAMv2/data/MAS3K_medclipsam/test_images_sd15_inpainting_v1/generation_metadata.jsonl
/home/woojye2020/decs_jupyter_lab/MedCLIP-SAMv2/data/MAS3K/test/Grouper_1942.png,Grouper_1942.jpg,no camouflaged animal,33,There is no camouflaged animal present in the scene.,sd15_inpainting_no_object,Grouper,14,/home/woojye2020/decs_jupyter_lab/MedCLIP-SAMv2/data/MAS3K/extracted/MAS3K/img/Grouper_1942.jpg,/home/woojye2020/decs_jupyter_lab/MedCLIP-SAMv2/data/MAS3K_medclipsam/test_images_sd15_inpainting_v1/generation_metadata.jsonl
/home/woojye2020/decs_jupyter_lab/MedCLIP-SAMv2/data/MAS3K/test/JellyFish_309.png,JellyFish_309.jpg,no camouflaged animal,33,There is no camouflaged animal present in the scene.,sd15_inpainting_no_object,JellyFish,15,/home/woojye2020/decs_jupyter_lab/MedCLIP-SAMv2/data/MAS3K/extracted/MAS3K/img/JellyFish_309.jpg,/home/woojye2020/decs_jupyter_lab/MedCLIP-SAMv2/data/MAS3K_medclipsam/test_images_sd15_inpainting_v1/generation_metadata.jsonl
/home/woojye2020/decs_jupyter_lab/MedCLIP-SAMv2/data/MAS3K/test/JellyFish_312.png,JellyFish_312.jpg,no camouflaged animal,33,There is no camouflaged animal present in the scene.,sd15_inpainting_no_object,JellyFish,15,/home/woojye2020/decs_jupyter_lab/MedCLIP-SAMv2/data/MAS3K/extracted/MAS3K/img/JellyFish_312.jpg,/home/woojye2020/decs_jupyter_lab/MedCLIP-SAMv2/data/MAS3K_medclipsam/test_images_sd15_inpainting_v1/generation_metadata.jsonl
/home/woojye2020/decs_jupyter_lab/MedCLIP-SAMv2/data/MAS3K/test/JellyFish_315.png,JellyFish_315.jpg,no camouflaged animal,33,There is no camouflaged animal present in the scene.,sd15_inpainting_no_object,JellyFish,15,/home/woojye2020/decs_jupyter_lab/MedCLIP-SAMv2/data/MAS3K/extracted/MAS3K/img/JellyFish_315.jpg,/home/woojye2020/decs_jupyter_lab/MedCLIP-SAMv2/data/MAS3K_medclipsam/test_images_sd15_inpainting_v1/generation_metadata.jsonl
/home/woojye2020/decs_jupyter_lab/MedCLIP-SAMv2/data/MAS3K/test/JellyFish_317.png,JellyFish_317.jpg,no camouflaged animal,33,There is no camouflaged animal present in the scene.,sd15_inpainting_no_object,JellyFish,15,/home/woojye2020/decs_jupyter_lab/MedCLIP-SAMv2/data/MAS3K/extracted/MAS3K/img/JellyFish_317.jpg,/home/woojye2020/decs_jupyter_lab/MedCLIP-SAMv2/data/MAS3K_medclipsam/test_images_sd15_inpainting_v1/generation_metadata.jsonl
/home/woojye2020/decs_jupyter_lab/MedCLIP-SAMv2/data/MAS3K/test/JellyFish_319.png,JellyFish_319.jpg,no camouflaged animal,33,There is no camouflaged animal present in the scene.,sd15_inpainting_no_object,JellyFish,15,/home/woojye2020/decs_jupyter_lab/MedCLIP-SAMv2/data/MAS3K/extracted/MAS3K/img/JellyFish_319.jpg,/home/woojye2020/decs_jupyter_lab/MedCLIP-SAMv2/data/MAS3K_medclipsam/test_images_sd15_inpainting_v1/generation_metadata.jsonl
/home/woojye2020/decs_jupyter_lab/MedCLIP-SAMv2/data/MAS3K/test/JellyFish_321.png,JellyFish_321.jpg,no camouflaged animal,33,There is no camouflaged animal present in the scene.,sd15_inpainting_no_object,JellyFish,15,/home/woojye2020/decs_jupyter_lab/MedCLIP-SAMv2/data/MAS3K/extracted/MAS3K/img/JellyFish_321.jpg,/home/woojye2020/decs_jupyter_lab/MedCLIP-SAMv2/data/MAS3K_medclipsam/test_images_sd15_inpainting_v1/generation_metadata.jsonl
/home/woojye2020/decs_jupyter_lab/MedCLIP-SAMv2/data/MAS3K/test/JellyFish_322.png,JellyFish_322.jpg,no camouflaged animal,33,There is no camouflaged animal present in the scene.,sd15_inpainting_no_object,JellyFish,15,/home/woojye2020/decs_jupyter_lab/MedCLIP-SAMv2/data/MAS3K/extracted/MAS3K/img/JellyFish_322.jpg,/home/woojye2020/decs_jupyter_lab/MedCLIP-SAMv2/data/MAS3K_medclipsam/test_images_sd15_inpainting_v1/generation_metadata.jsonl
/home/woojye2020/decs_jupyter_lab/MedCLIP-SAMv2/data/MAS3K/test/JellyFish_325.png,JellyFish_325.jpg,no camouflaged animal,33,There is no camouflaged animal present in the scene.,sd15_inpainting_no_object,JellyFish,15,/home/woojye2020/decs_jupyter_lab/MedCLIP-SAMv2/data/MAS3K/extracted/MAS3K/img/JellyFish_325.jpg,/home/woojye2020/decs_jupyter_lab/MedCLIP-SAMv2/data/MAS3K_medclipsam/test_images_sd15_inpainting_v1/generation_metadata.jsonl
/home/woojye2020/decs_jupyter_lab/MedCLIP-SAMv2/data/MAS3K/test/JellyFish_327.png,JellyFish_327.jpg,no camouflaged animal,33,There is no camouflaged animal present in the scene.,sd15_inpainting_no_object,JellyFish,15,/home/woojye2020/decs_jupyter_lab/MedCLIP-SAMv2/data/MAS3K/extracted/MAS3K/img/JellyFish_327.jpg,/home/woojye2020/decs_jupyter_lab/MedCLIP-SAMv2/data/MAS3K_medclipsam/test_images_sd15_inpainting_v1/generation_metadata.jsonl
/home/woojye2020/decs_jupyter_lab/MedCLIP-SAMv2/data/MAS3K/test/JellyFish_328.png,JellyFish_328.jpg,no camouflaged animal,33,There is no camouflaged animal present in the scene.,sd15_inpainting_no_object,JellyFish,15,/home/woojye2020/decs_jupyter_lab/MedCLIP-SAMv2/data/MAS3K/extracted/MAS3K/img/JellyFish_328.jpg,/home/woojye2020/decs_jupyter_lab/MedCLIP-SAMv2/data/MAS3K_medclipsam/test_images_sd15_inpainting_v1/generation_metadata.jsonl
/home/woojye2020/decs_jupyter_lab/MedCLIP-SAMv2/data/MAS3K/test/JellyFish_331.png,JellyFish_331.jpg,no camouflaged animal,33,There is no camouflaged animal present in the scene.,sd15_inpainting_no_object,JellyFish,15,/home/woojye2020/decs_jupyter_lab/MedCLIP-SAMv2/data/MAS3K/extracted/MAS3K/img/JellyFish_331.jpg,/home/woojye2020/decs_jupyter_lab/MedCLIP-SAMv2/data/MAS3K_medclipsam/test_images_sd15_inpainting_v1/generation_metadata.jsonl
/home/woojye2020/decs_jupyter_lab/MedCLIP-SAMv2/data/MAS3K/test/JellyFish_334.png,JellyFish_334.jpg,no camouflaged animal,33,There is no camouflaged animal present in the scene.,sd15_inpainting_no_object,JellyFish,15,/home/woojye2020/decs_jupyter_lab/MedCLIP-SAMv2/data/MAS3K/extracted/MAS3K/img/JellyFish_334.jpg,/home/woojye2020/decs_jupyter_lab/MedCLIP-SAMv2/data/MAS3K_medclipsam/test_images_sd15_inpainting_v1/generation_metadata.jsonl
/home/woojye2020/decs_jupyter_lab/MedCLIP-SAMv2/data/MAS3K/test/JellyFish_335.png,JellyFish_335.jpg,no camouflaged animal,33,There is no camouflaged animal present in the scene.,sd15_inpainting_no_object,JellyFish,15,/home/woojye2020/decs_jupyter_lab/MedCLIP-SAMv2/data/MAS3K/extracted/MAS3K/img/JellyFish_335.jpg,/home/woojye2020/decs_jupyter_lab/MedCLIP-SAMv2/data/MAS3K_medclipsam/test_images_sd15_inpainting_v1/generation_metadata.jsonl
/home/woojye2020/decs_jupyter_lab/MedCLIP-SAMv2/data/MAS3K/test/JellyFish_337.png,JellyFish_337.jpg,no camouflaged animal,33,There is no camouflaged animal present in the scene.,sd15_inpainting_no_object,JellyFish,15,/home/woojye2020/decs_jupyter_lab/MedCLIP-SAMv2/data/MAS3K/extracted/MAS3K/img/JellyFish_337.jpg,/home/woojye2020/decs_jupyter_lab/MedCLIP-SAMv2/data/MAS3K_medclipsam/test_images_sd15_inpainting_v1/generation_metadata.jsonl
/home/woojye2020/decs_jupyter_lab/MedCLIP-SAMv2/data/MAS3K/test/JellyFish_339.png,JellyFish_339.jpg,no camouflaged animal,33,There is no camouflaged animal present in the scene.,sd15_inpainting_no_object,JellyFish,15,/home/woojye2020/decs_jupyter_lab/MedCLIP-SAMv2/data/MAS3K/extracted/MAS3K/img/JellyFish_339.jpg,/home/woojye2020/decs_jupyter_lab/MedCLIP-SAMv2/data/MAS3K_medclipsam/test_images_sd15_inpainting_v1/generation_metadata.jsonl
/home/woojye2020/decs_jupyter_lab/MedCLIP-SAMv2/data/MAS3K/test/JellyFish_342.png,JellyFish_342.jpg,no camouflaged animal,33,There is no camouflaged animal present in the scene.,sd15_inpainting_no_object,JellyFish,15,/home/woojye2020/decs_jupyter_lab/MedCLIP-SAMv2/data/MAS3K/extracted/MAS3K/img/JellyFish_342.jpg,/home/woojye2020/decs_jupyter_lab/MedCLIP-SAMv2/data/MAS3K_medclipsam/test_images_sd15_inpainting_v1/generation_metadata.jsonl
/home/woojye2020/decs_jupyter_lab/MedCLIP-SAMv2/data/MAS3K/test/JellyFish_343.png,JellyFish_343.jpg,no camouflaged animal,33,There is no camouflaged animal present in the scene.,sd15_inpainting_no_object,JellyFish,15,/home/woojye2020/decs_jupyter_lab/MedCLIP-SAMv2/data/MAS3K/extracted/MAS3K/img/JellyFish_343.jpg,/home/woojye2020/decs_jupyter_lab/MedCLIP-SAMv2/data/MAS3K_medclipsam/test_images_sd15_inpainting_v1/generation_metadata.jsonl
/home/woojye2020/decs_jupyter_lab/MedCLIP-SAMv2/data/MAS3K/test/JellyFish_354.png,JellyFish_354.jpg,no camouflaged animal,33,There is no camouflaged animal present in the scene.,sd15_inpainting_no_object,JellyFish,15,/home/woojye2020/decs_jupyter_lab/MedCLIP-SAMv2/data/MAS3K/extracted/MAS3K/img/JellyFish_354.jpg,/home/woojye2020/decs_jupyter_lab/MedCLIP-SAMv2/data/MAS3K_medclipsam/test_images_sd15_inpainting_v1/generation_metadata.jsonl
/home/woojye2020/decs_jupyter_lab/MedCLIP-SAMv2/data/MAS3K/test/LeafySeaDragon_1976.png,LeafySeaDragon_1976.jpg,no camouflaged animal,33,There is no camouflaged animal present in the scene.,sd15_inpainting_no_object,LeafySeaDragon,16,/home/woojye2020/decs_jupyter_lab/MedCLIP-SAMv2/data/MAS3K/extracted/MAS3K/img/LeafySeaDragon_1976.jpg,/home/woojye2020/decs_jupyter_lab/MedCLIP-SAMv2/data/MAS3K_medclipsam/test_images_sd15_inpainting_v1/generation_metadata.jsonl
/home/woojye2020/decs_jupyter_lab/MedCLIP-SAMv2/data/MAS3K/test/LeafySeaDragon_1977.png,LeafySeaDragon_1977.jpg,no camouflaged animal,33,There is no camouflaged animal present in the scene.,sd15_inpainting_no_object,LeafySeaDragon,16,/home/woojye2020/decs_jupyter_lab/MedCLIP-SAMv2/data/MAS3K/extracted/MAS3K/img/LeafySeaDragon_1977.jpg,/home/woojye2020/decs_jupyter_lab/MedCLIP-SAMv2/data/MAS3K_medclipsam/test_images_sd15_inpainting_v1/generation_metadata.jsonl
/home/woojye2020/decs_jupyter_lab/MedCLIP-SAMv2/data/MAS3K/test/LeafySeaDragon_1978.png,LeafySeaDragon_1978.jpg,no camouflaged animal,33,There is no camouflaged animal present in the scene.,sd15_inpainting_no_object,LeafySeaDragon,16,/home/woojye2020/decs_jupyter_lab/MedCLIP-SAMv2/data/MAS3K/extracted/MAS3K/img/LeafySeaDragon_1978.jpg,/home/woojye2020/decs_jupyter_lab/MedCLIP-SAMv2/data/MAS3K_medclipsam/test_images_sd15_inpainting_v1/generation_metadata.jsonl
/home/woojye2020/decs_jupyter_lab/MedCLIP-SAMv2/data/MAS3K/test/MantaRay_2798.png,MantaRay_2798.jpg,no camouflaged animal,33,There is no camouflaged animal present in the scene.,sd15_inpainting_no_object,MantaRay,18,/home/woojye2020/decs_jupyter_lab/MedCLIP-SAMv2/data/MAS3K/extracted/MAS3K/img/MantaRay_2798.jpg,/home/woojye2020/decs_jupyter_lab/MedCLIP-SAMv2/data/MAS3K_medclipsam/test_images_sd15_inpainting_v1/generation_metadata.jsonl
/home/woojye2020/decs_jupyter_lab/MedCLIP-SAMv2/data/MAS3K/test/MantaRay_2799.png,MantaRay_2799.jpg,no camouflaged animal,33,There is no camouflaged animal present in the scene.,sd15_inpainting_no_object,MantaRay,18,/home/woojye2020/decs_jupyter_lab/MedCLIP-SAMv2/data/MAS3K/extracted/MAS3K/img/MantaRay_2799.jpg,/home/woojye2020/decs_jupyter_lab/MedCLIP-SAMv2/data/MAS3K_medclipsam/test_images_sd15_inpainting_v1/generation_metadata.jsonl
/home/woojye2020/decs_jupyter_lab/MedCLIP-SAMv2/data/MAS3K/test/MantaRay_2803.png,MantaRay_2803.jpg,no camouflaged animal,33,There is no camouflaged animal present in the scene.,sd15_inpainting_no_object,MantaRay,18,/home/woojye2020/decs_jupyter_lab/MedCLIP-SAMv2/data/MAS3K/extracted/MAS3K/img/MantaRay_2803.jpg,/home/woojye2020/decs_jupyter_lab/MedCLIP-SAMv2/data/MAS3K_medclipsam/test_images_sd15_inpainting_v1/generation_metadata.jsonl
/home/woojye2020/decs_jupyter_lab/MedCLIP-SAMv2/data/MAS3K/test/MantaRay_2804.png,MantaRay_2804.jpg,no camouflaged animal,33,There is no camouflaged animal present in the scene.,sd15_inpainting_no_object,MantaRay,18,/home/woojye2020/decs_jupyter_lab/MedCLIP-SAMv2/data/MAS3K/extracted/MAS3K/img/MantaRay_2804.jpg,/home/woojye2020/decs_jupyter_lab/MedCLIP-SAMv2/data/MAS3K_medclipsam/test_images_sd15_inpainting_v1/generation_metadata.jsonl
/home/woojye2020/decs_jupyter_lab/MedCLIP-SAMv2/data/MAS3K/test/MantaRay_2805.png,MantaRay_2805.jpg,no camouflaged animal,33,There is no camouflaged animal present in the scene.,sd15_inpainting_no_object,MantaRay,18,/home/woojye2020/decs_jupyter_lab/MedCLIP-SAMv2/data/MAS3K/extracted/MAS3K/img/MantaRay_2805.jpg,/home/woojye2020/decs_jupyter_lab/MedCLIP-SAMv2/data/MAS3K_medclipsam/test_images_sd15_inpainting_v1/generation_metadata.jsonl
/home/woojye2020/decs_jupyter_lab/MedCLIP-SAMv2/data/MAS3K/test/MantaRay_2809.png,MantaRay_2809.jpg,no camouflaged animal,33,There is no camouflaged animal present in the scene.,sd15_inpainting_no_object,MantaRay,18,/home/woojye2020/decs_jupyter_lab/MedCLIP-SAMv2/data/MAS3K/extracted/MAS3K/img/MantaRay_2809.jpg,/home/woojye2020/decs_jupyter_lab/MedCLIP-SAMv2/data/MAS3K_medclipsam/test_images_sd15_inpainting_v1/generation_metadata.jsonl
/home/woojye2020/decs_jupyter_lab/MedCLIP-SAMv2/data/MAS3K/test/MantaRay_2812.png,MantaRay_2812.jpg,no camouflaged animal,33,There is no camouflaged animal present in the scene.,sd15_inpainting_no_object,MantaRay,18,/home/woojye2020/decs_jupyter_lab/MedCLIP-SAMv2/data/MAS3K/extracted/MAS3K/img/MantaRay_2812.jpg,/home/woojye2020/decs_jupyter_lab/MedCLIP-SAMv2/data/MAS3K_medclipsam/test_images_sd15_inpainting_v1/generation_metadata.jsonl
/home/woojye2020/decs_jupyter_lab/MedCLIP-SAMv2/data/MAS3K/test/MorayEel_2843.png,MorayEel_2843.jpg,no camouflaged animal,33,There is no camouflaged animal present in the scene.,sd15_inpainting_no_object,MorayEel,19,/home/woojye2020/decs_jupyter_lab/MedCLIP-SAMv2/data/MAS3K/extracted/MAS3K/img/MorayEel_2843.jpg,/home/woojye2020/decs_jupyter_lab/MedCLIP-SAMv2/data/MAS3K_medclipsam/test_images_sd15_inpainting_v1/generation_metadata.jsonl
/home/woojye2020/decs_jupyter_lab/MedCLIP-SAMv2/data/MAS3K/test/MorayEel_2845.png,MorayEel_2845.jpg,no camouflaged animal,33,There is no camouflaged animal present in the scene.,sd15_inpainting_no_object,MorayEel,19,/home/woojye2020/decs_jupyter_lab/MedCLIP-SAMv2/data/MAS3K/extracted/MAS3K/img/MorayEel_2845.jpg,/home/woojye2020/decs_jupyter_lab/MedCLIP-SAMv2/data/MAS3K_medclipsam/test_images_sd15_inpainting_v1/generation_metadata.jsonl
/home/woojye2020/decs_jupyter_lab/MedCLIP-SAMv2/data/MAS3K/test/MorayEel_2846.png,MorayEel_2846.jpg,no camouflaged animal,33,There is no camouflaged animal present in the scene.,sd15_inpainting_no_object,MorayEel,19,/home/woojye2020/decs_jupyter_lab/MedCLIP-SAMv2/data/MAS3K/extracted/MAS3K/img/MorayEel_2846.jpg,/home/woojye2020/decs_jupyter_lab/MedCLIP-SAMv2/data/MAS3K_medclipsam/test_images_sd15_inpainting_v1/generation_metadata.jsonl
/home/woojye2020/decs_jupyter_lab/MedCLIP-SAMv2/data/MAS3K/test/MorayEel_2847.png,MorayEel_2847.jpg,no camouflaged animal,33,There is no camouflaged animal present in the scene.,sd15_inpainting_no_object,MorayEel,19,/home/woojye2020/decs_jupyter_lab/MedCLIP-SAMv2/data/MAS3K/extracted/MAS3K/img/MorayEel_2847.jpg,/home/woojye2020/decs_jupyter_lab/MedCLIP-SAMv2/data/MAS3K_medclipsam/test_images_sd15_inpainting_v1/generation_metadata.jsonl
/home/woojye2020/decs_jupyter_lab/MedCLIP-SAMv2/data/MAS3K/test/MorayEel_2858.png,MorayEel_2858.jpg,no camouflaged animal,33,There is no camouflaged animal present in the scene.,sd15_inpainting_no_object,MorayEel,19,/home/woojye2020/decs_jupyter_lab/MedCLIP-SAMv2/data/MAS3K/extracted/MAS3K/img/MorayEel_2858.jpg,/home/woojye2020/decs_jupyter_lab/MedCLIP-SAMv2/data/MAS3K_medclipsam/test_images_sd15_inpainting_v1/generation_metadata.jsonl
/home/woojye2020/decs_jupyter_lab/MedCLIP-SAMv2/data/MAS3K/test/MorayEel_2859.png,MorayEel_2859.jpg,no camouflaged animal,33,There is no camouflaged animal present in the scene.,sd15_inpainting_no_object,MorayEel,19,/home/woojye2020/decs_jupyter_lab/MedCLIP-SAMv2/data/MAS3K/extracted/MAS3K/img/MorayEel_2859.jpg,/home/woojye2020/decs_jupyter_lab/MedCLIP-SAMv2/data/MAS3K_medclipsam/test_images_sd15_inpainting_v1/generation_metadata.jsonl
/home/woojye2020/decs_jupyter_lab/MedCLIP-SAMv2/data/MAS3K/test/MorayEel_2860.png,MorayEel_2860.jpg,no camouflaged animal,33,There is no camouflaged animal present in the scene.,sd15_inpainting_no_object,MorayEel,19,/home/woojye2020/decs_jupyter_lab/MedCLIP-SAMv2/data/MAS3K/extracted/MAS3K/img/MorayEel_2860.jpg,/home/woojye2020/decs_jupyter_lab/MedCLIP-SAMv2/data/MAS3K_medclipsam/test_images_sd15_inpainting_v1/generation_metadata.jsonl
/home/woojye2020/decs_jupyter_lab/MedCLIP-SAMv2/data/MAS3K/test/MorayEel_2861.png,MorayEel_2861.jpg,no camouflaged animal,33,There is no camouflaged animal present in the scene.,sd15_inpainting_no_object,MorayEel,19,/home/woojye2020/decs_jupyter_lab/MedCLIP-SAMv2/data/MAS3K/extracted/MAS3K/img/MorayEel_2861.jpg,/home/woojye2020/decs_jupyter_lab/MedCLIP-SAMv2/data/MAS3K_medclipsam/test_images_sd15_inpainting_v1/generation_metadata.jsonl
/home/woojye2020/decs_jupyter_lab/MedCLIP-SAMv2/data/MAS3K/test/Octopus_107.png,Octopus_107.jpg,no camouflaged animal,33,There is no camouflaged animal present in the scene.,sd15_inpainting_no_object,Octopus,20,/home/woojye2020/decs_jupyter_lab/MedCLIP-SAMv2/data/MAS3K/extracted/MAS3K/img/Octopus_107.jpg,/home/woojye2020/decs_jupyter_lab/MedCLIP-SAMv2/data/MAS3K_medclipsam/test_images_sd15_inpainting_v1/generation_metadata.jsonl
/home/woojye2020/decs_jupyter_lab/MedCLIP-SAMv2/data/MAS3K/test/Octopus_109.png,Octopus_109.jpg,no camouflaged animal,33,There is no camouflaged animal present in the scene.,sd15_inpainting_no_object,Octopus,20,/home/woojye2020/decs_jupyter_lab/MedCLIP-SAMv2/data/MAS3K/extracted/MAS3K/img/Octopus_109.jpg,/home/woojye2020/decs_jupyter_lab/MedCLIP-SAMv2/data/MAS3K_medclipsam/test_images_sd15_inpainting_v1/generation_metadata.jsonl
/home/woojye2020/decs_jupyter_lab/MedCLIP-SAMv2/data/MAS3K/test/Octopus_113.png,Octopus_113.jpg,no camouflaged animal,33,There is no camouflaged animal present in the scene.,sd15_inpainting_no_object,Octopus,20,/home/woojye2020/decs_jupyter_lab/MedCLIP-SAMv2/data/MAS3K/extracted/MAS3K/img/Octopus_113.jpg,/home/woojye2020/decs_jupyter_lab/MedCLIP-SAMv2/data/MAS3K_medclipsam/test_images_sd15_inpainting_v1/generation_metadata.jsonl
/home/woojye2020/decs_jupyter_lab/MedCLIP-SAMv2/data/MAS3K/test/Octopus_117.png,Octopus_117.jpg,no camouflaged animal,33,There is no camouflaged animal present in the scene.,sd15_inpainting_no_object,Octopus,20,/home/woojye2020/decs_jupyter_lab/MedCLIP-SAMv2/data/MAS3K/extracted/MAS3K/img/Octopus_117.jpg,/home/woojye2020/decs_jupyter_lab/MedCLIP-SAMv2/data/MAS3K_medclipsam/test_images_sd15_inpainting_v1/generation_metadata.jsonl
/home/woojye2020/decs_jupyter_lab/MedCLIP-SAMv2/data/MAS3K/test/Octopus_123.png,Octopus_123.jpg,no camouflaged animal,33,There is no camouflaged animal present in the scene.,sd15_inpainting_no_object,Octopus,20,/home/woojye2020/decs_jupyter_lab/MedCLIP-SAMv2/data/MAS3K/extracted/MAS3K/img/Octopus_123.jpg,/home/woojye2020/decs_jupyter_lab/MedCLIP-SAMv2/data/MAS3K_medclipsam/test_images_sd15_inpainting_v1/generation_metadata.jsonl
/home/woojye2020/decs_jupyter_lab/MedCLIP-SAMv2/data/MAS3K/test/Octopus_128.png,Octopus_128.jpg,no camouflaged animal,33,There is no camouflaged animal present in the scene.,sd15_inpainting_no_object,Octopus,20,/home/woojye2020/decs_jupyter_lab/MedCLIP-SAMv2/data/MAS3K/extracted/MAS3K/img/Octopus_128.jpg,/home/woojye2020/decs_jupyter_lab/MedCLIP-SAMv2/data/MAS3K_medclipsam/test_images_sd15_inpainting_v1/generation_metadata.jsonl
/home/woojye2020/decs_jupyter_lab/MedCLIP-SAMv2/data/MAS3K/test/Octopus_136.png,Octopus_136.jpg,no camouflaged animal,33,There is no camouflaged animal present in the scene.,sd15_inpainting_no_object,Octopus,20,/home/woojye2020/decs_jupyter_lab/MedCLIP-SAMv2/data/MAS3K/extracted/MAS3K/img/Octopus_136.jpg,/home/woojye2020/decs_jupyter_lab/MedCLIP-SAMv2/data/MAS3K_medclipsam/test_images_sd15_inpainting_v1/generation_metadata.jsonl
/home/woojye2020/decs_jupyter_lab/MedCLIP-SAMv2/data/MAS3K/test/Octopus_143.png,Octopus_143.jpg,no camouflaged animal,33,There is no camouflaged animal present in the scene.,sd15_inpainting_no_object,Octopus,20,/home/woojye2020/decs_jupyter_lab/MedCLIP-SAMv2/data/MAS3K/extracted/MAS3K/img/Octopus_143.jpg,/home/woojye2020/decs_jupyter_lab/MedCLIP-SAMv2/data/MAS3K_medclipsam/test_images_sd15_inpainting_v1/generation_metadata.jsonl
/home/woojye2020/decs_jupyter_lab/MedCLIP-SAMv2/data/MAS3K/test/Octopus_145.png,Octopus_145.jpg,no camouflaged animal,33,There is no camouflaged animal present in the scene.,sd15_inpainting_no_object,Octopus,20,/home/woojye2020/decs_jupyter_lab/MedCLIP-SAMv2/data/MAS3K/extracted/MAS3K/img/Octopus_145.jpg,/home/woojye2020/decs_jupyter_lab/MedCLIP-SAMv2/data/MAS3K_medclipsam/test_images_sd15_inpainting_v1/generation_metadata.jsonl
/home/woojye2020/decs_jupyter_lab/MedCLIP-SAMv2/data/MAS3K/test/Octopus_146.png,Octopus_146.jpg,no camouflaged animal,33,There is no camouflaged animal present in the scene.,sd15_inpainting_no_object,Octopus,20,/home/woojye2020/decs_jupyter_lab/MedCLIP-SAMv2/data/MAS3K/extracted/MAS3K/img/Octopus_146.jpg,/home/woojye2020/decs_jupyter_lab/MedCLIP-SAMv2/data/MAS3K_medclipsam/test_images_sd15_inpainting_v1/generation_metadata.jsonl
/home/woojye2020/decs_jupyter_lab/MedCLIP-SAMv2/data/MAS3K/test/Octopus_149.png,Octopus_149.jpg,no camouflaged animal,33,There is no camouflaged animal present in the scene.,sd15_inpainting_no_object,Octopus,20,/home/woojye2020/decs_jupyter_lab/MedCLIP-SAMv2/data/MAS3K/extracted/MAS3K/img/Octopus_149.jpg,/home/woojye2020/decs_jupyter_lab/MedCLIP-SAMv2/data/MAS3K_medclipsam/test_images_sd15_inpainting_v1/generation_metadata.jsonl
/home/woojye2020/decs_jupyter_lab/MedCLIP-SAMv2/data/MAS3K/test/Octopus_166.png,Octopus_166.jpg,no camouflaged animal,33,There is no camouflaged animal present in the scene.,sd15_inpainting_no_object,Octopus,20,/home/woojye2020/decs_jupyter_lab/MedCLIP-SAMv2/data/MAS3K/extracted/MAS3K/img/Octopus_166.jpg,/home/woojye2020/decs_jupyter_lab/MedCLIP-SAMv2/data/MAS3K_medclipsam/test_images_sd15_inpainting_v1/generation_metadata.jsonl
/home/woojye2020/decs_jupyter_lab/MedCLIP-SAMv2/data/MAS3K/test/Octopus_169.png,Octopus_169.jpg,no camouflaged animal,33,There is no camouflaged animal present in the scene.,sd15_inpainting_no_object,Octopus,20,/home/woojye2020/decs_jupyter_lab/MedCLIP-SAMv2/data/MAS3K/extracted/MAS3K/img/Octopus_169.jpg,/home/woojye2020/decs_jupyter_lab/MedCLIP-SAMv2/data/MAS3K_medclipsam/test_images_sd15_inpainting_v1/generation_metadata.jsonl
/home/woojye2020/decs_jupyter_lab/MedCLIP-SAMv2/data/MAS3K/test/Octopus_171.png,Octopus_171.jpg,no camouflaged animal,33,There is no camouflaged animal present in the scene.,sd15_inpainting_no_object,Octopus,20,/home/woojye2020/decs_jupyter_lab/MedCLIP-SAMv2/data/MAS3K/extracted/MAS3K/img/Octopus_171.jpg,/home/woojye2020/decs_jupyter_lab/MedCLIP-SAMv2/data/MAS3K_medclipsam/test_images_sd15_inpainting_v1/generation_metadata.jsonl
/home/woojye2020/decs_jupyter_lab/MedCLIP-SAMv2/data/MAS3K/test/Octopus_175.png,Octopus_175.jpg,no camouflaged animal,33,There is no camouflaged animal present in the scene.,sd15_inpainting_no_object,Octopus,20,/home/woojye2020/decs_jupyter_lab/MedCLIP-SAMv2/data/MAS3K/extracted/MAS3K/img/Octopus_175.jpg,/home/woojye2020/decs_jupyter_lab/MedCLIP-SAMv2/data/MAS3K_medclipsam/test_images_sd15_inpainting_v1/generation_metadata.jsonl
/home/woojye2020/decs_jupyter_lab/MedCLIP-SAMv2/data/MAS3K/test/Octopus_178.png,Octopus_178.jpg,no camouflaged animal,33,There is no camouflaged animal present in the scene.,sd15_inpainting_no_object,Octopus,20,/home/woojye2020/decs_jupyter_lab/MedCLIP-SAMv2/data/MAS3K/extracted/MAS3K/img/Octopus_178.jpg,/home/woojye2020/decs_jupyter_lab/MedCLIP-SAMv2/data/MAS3K_medclipsam/test_images_sd15_inpainting_v1/generation_metadata.jsonl
/home/woojye2020/decs_jupyter_lab/MedCLIP-SAMv2/data/MAS3K/test/Octopus_182.png,Octopus_182.jpg,no camouflaged animal,33,There is no camouflaged animal present in the scene.,sd15_inpainting_no_object,Octopus,20,/home/woojye2020/decs_jupyter_lab/MedCLIP-SAMv2/data/MAS3K/extracted/MAS3K/img/Octopus_182.jpg,/home/woojye2020/decs_jupyter_lab/MedCLIP-SAMv2/data/MAS3K_medclipsam/test_images_sd15_inpainting_v1/generation_metadata.jsonl
/home/woojye2020/decs_jupyter_lab/MedCLIP-SAMv2/data/MAS3K/test/Pagurian_489.png,Pagurian_489.jpg,no camouflaged animal,33,There is no camouflaged animal present in the scene.,sd15_inpainting_no_object,Pagurian,21,/home/woojye2020/decs_jupyter_lab/MedCLIP-SAMv2/data/MAS3K/extracted/MAS3K/img/Pagurian_489.jpg,/home/woojye2020/decs_jupyter_lab/MedCLIP-SAMv2/data/MAS3K_medclipsam/test_images_sd15_inpainting_v1/generation_metadata.jsonl
/home/woojye2020/decs_jupyter_lab/MedCLIP-SAMv2/data/MAS3K/test/PipeFish_2111.png,PipeFish_2111.jpg,no camouflaged animal,33,There is no camouflaged animal present in the scene.,sd15_inpainting_no_object,PipeFish,22,/home/woojye2020/decs_jupyter_lab/MedCLIP-SAMv2/data/MAS3K/extracted/MAS3K/img/PipeFish_2111.jpg,/home/woojye2020/decs_jupyter_lab/MedCLIP-SAMv2/data/MAS3K_medclipsam/test_images_sd15_inpainting_v1/generation_metadata.jsonl
/home/woojye2020/decs_jupyter_lab/MedCLIP-SAMv2/data/MAS3K/test/PipeFish_2116.png,PipeFish_2116.jpg,no camouflaged animal,33,There is no camouflaged animal present in the scene.,sd15_inpainting_no_object,PipeFish,22,/home/woojye2020/decs_jupyter_lab/MedCLIP-SAMv2/data/MAS3K/extracted/MAS3K/img/PipeFish_2116.jpg,/home/woojye2020/decs_jupyter_lab/MedCLIP-SAMv2/data/MAS3K_medclipsam/test_images_sd15_inpainting_v1/generation_metadata.jsonl
/home/woojye2020/decs_jupyter_lab/MedCLIP-SAMv2/data/MAS3K/test/PipeFish_2118.png,PipeFish_2118.jpg,no camouflaged animal,33,There is no camouflaged animal present in the scene.,sd15_inpainting_no_object,PipeFish,22,/home/woojye2020/decs_jupyter_lab/MedCLIP-SAMv2/data/MAS3K/extracted/MAS3K/img/PipeFish_2118.jpg,/home/woojye2020/decs_jupyter_lab/MedCLIP-SAMv2/data/MAS3K_medclipsam/test_images_sd15_inpainting_v1/generation_metadata.jsonl
/home/woojye2020/decs_jupyter_lab/MedCLIP-SAMv2/data/MAS3K/test/PipeFish_2127.png,PipeFish_2127.jpg,no camouflaged animal,33,There is no camouflaged animal present in the scene.,sd15_inpainting_no_object,PipeFish,22,/home/woojye2020/decs_jupyter_lab/MedCLIP-SAMv2/data/MAS3K/extracted/MAS3K/img/PipeFish_2127.jpg,/home/woojye2020/decs_jupyter_lab/MedCLIP-SAMv2/data/MAS3K_medclipsam/test_images_sd15_inpainting_v1/generation_metadata.jsonl
/home/woojye2020/decs_jupyter_lab/MedCLIP-SAMv2/data/MAS3K/test/PipeFish_2131.png,PipeFish_2131.jpg,no camouflaged animal,33,There is no camouflaged animal present in the scene.,sd15_inpainting_no_object,PipeFish,22,/home/woojye2020/decs_jupyter_lab/MedCLIP-SAMv2/data/MAS3K/extracted/MAS3K/img/PipeFish_2131.jpg,/home/woojye2020/decs_jupyter_lab/MedCLIP-SAMv2/data/MAS3K_medclipsam/test_images_sd15_inpainting_v1/generation_metadata.jsonl
/home/woojye2020/decs_jupyter_lab/MedCLIP-SAMv2/data/MAS3K/test/PipeFish_2132.png,PipeFish_2132.jpg,no camouflaged animal,33,There is no camouflaged animal present in the scene.,sd15_inpainting_no_object,PipeFish,22,/home/woojye2020/decs_jupyter_lab/MedCLIP-SAMv2/data/MAS3K/extracted/MAS3K/img/PipeFish_2132.jpg,/home/woojye2020/decs_jupyter_lab/MedCLIP-SAMv2/data/MAS3K_medclipsam/test_images_sd15_inpainting_v1/generation_metadata.jsonl
/home/woojye2020/decs_jupyter_lab/MedCLIP-SAMv2/data/MAS3K/test/PipeFish_2138.png,PipeFish_2138.jpg,no camouflaged animal,33,There is no camouflaged animal present in the scene.,sd15_inpainting_no_object,PipeFish,22,/home/woojye2020/decs_jupyter_lab/MedCLIP-SAMv2/data/MAS3K/extracted/MAS3K/img/PipeFish_2138.jpg,/home/woojye2020/decs_jupyter_lab/MedCLIP-SAMv2/data/MAS3K_medclipsam/test_images_sd15_inpainting_v1/generation_metadata.jsonl
/home/woojye2020/decs_jupyter_lab/MedCLIP-SAMv2/data/MAS3K/test/PipeFish_2140.png,PipeFish_2140.jpg,no camouflaged animal,33,There is no camouflaged animal present in the scene.,sd15_inpainting_no_object,PipeFish,22,/home/woojye2020/decs_jupyter_lab/MedCLIP-SAMv2/data/MAS3K/extracted/MAS3K/img/PipeFish_2140.jpg,/home/woojye2020/decs_jupyter_lab/MedCLIP-SAMv2/data/MAS3K_medclipsam/test_images_sd15_inpainting_v1/generation_metadata.jsonl
/home/woojye2020/decs_jupyter_lab/MedCLIP-SAMv2/data/MAS3K/test/PipeFish_2148.png,PipeFish_2148.jpg,no camouflaged animal,33,There is no camouflaged animal present in the scene.,sd15_inpainting_no_object,PipeFish,22,/home/woojye2020/decs_jupyter_lab/MedCLIP-SAMv2/data/MAS3K/extracted/MAS3K/img/PipeFish_2148.jpg,/home/woojye2020/decs_jupyter_lab/MedCLIP-SAMv2/data/MAS3K_medclipsam/test_images_sd15_inpainting_v1/generation_metadata.jsonl
/home/woojye2020/decs_jupyter_lab/MedCLIP-SAMv2/data/MAS3K/test/PipeFish_2149.png,PipeFish_2149.jpg,no camouflaged animal,33,There is no camouflaged animal present in the scene.,sd15_inpainting_no_object,PipeFish,22,/home/woojye2020/decs_jupyter_lab/MedCLIP-SAMv2/data/MAS3K/extracted/MAS3K/img/PipeFish_2149.jpg,/home/woojye2020/decs_jupyter_lab/MedCLIP-SAMv2/data/MAS3K_medclipsam/test_images_sd15_inpainting_v1/generation_metadata.jsonl
/home/woojye2020/decs_jupyter_lab/MedCLIP-SAMv2/data/MAS3K/test/PipeFish_2150.png,PipeFish_2150.jpg,no camouflaged animal,33,There is no camouflaged animal present in the scene.,sd15_inpainting_no_object,PipeFish,22,/home/woojye2020/decs_jupyter_lab/MedCLIP-SAMv2/data/MAS3K/extracted/MAS3K/img/PipeFish_2150.jpg,/home/woojye2020/decs_jupyter_lab/MedCLIP-SAMv2/data/MAS3K_medclipsam/test_images_sd15_inpainting_v1/generation_metadata.jsonl
/home/woojye2020/decs_jupyter_lab/MedCLIP-SAMv2/data/MAS3K/test/PipeFish_2151.png,PipeFish_2151.jpg,no camouflaged animal,33,There is no camouflaged animal present in the scene.,sd15_inpainting_no_object,PipeFish,22,/home/woojye2020/decs_jupyter_lab/MedCLIP-SAMv2/data/MAS3K/extracted/MAS3K/img/PipeFish_2151.jpg,/home/woojye2020/decs_jupyter_lab/MedCLIP-SAMv2/data/MAS3K_medclipsam/test_images_sd15_inpainting_v1/generation_metadata.jsonl
/home/woojye2020/decs_jupyter_lab/MedCLIP-SAMv2/data/MAS3K/test/PipeFish_2152.png,PipeFish_2152.jpg,no camouflaged animal,33,There is no camouflaged animal present in the scene.,sd15_inpainting_no_object,PipeFish,22,/home/woojye2020/decs_jupyter_lab/MedCLIP-SAMv2/data/MAS3K/extracted/MAS3K/img/PipeFish_2152.jpg,/home/woojye2020/decs_jupyter_lab/MedCLIP-SAMv2/data/MAS3K_medclipsam/test_images_sd15_inpainting_v1/generation_metadata.jsonl
/home/woojye2020/decs_jupyter_lab/MedCLIP-SAMv2/data/MAS3K/test/PipeFish_2153.png,PipeFish_2153.jpg,no camouflaged animal,33,There is no camouflaged animal present in the scene.,sd15_inpainting_no_object,PipeFish,22,/home/woojye2020/decs_jupyter_lab/MedCLIP-SAMv2/data/MAS3K/extracted/MAS3K/img/PipeFish_2153.jpg,/home/woojye2020/decs_jupyter_lab/MedCLIP-SAMv2/data/MAS3K_medclipsam/test_images_sd15_inpainting_v1/generation_metadata.jsonl
/home/woojye2020/decs_jupyter_lab/MedCLIP-SAMv2/data/MAS3K/test/PipeFish_2165.png,PipeFish_2165.jpg,no camouflaged animal,33,There is no camouflaged animal present in the scene.,sd15_inpainting_no_object,PipeFish,22,/home/woojye2020/decs_jupyter_lab/MedCLIP-SAMv2/data/MAS3K/extracted/MAS3K/img/PipeFish_2165.jpg,/home/woojye2020/decs_jupyter_lab/MedCLIP-SAMv2/data/MAS3K_medclipsam/test_images_sd15_inpainting_v1/generation_metadata.jsonl
/home/woojye2020/decs_jupyter_lab/MedCLIP-SAMv2/data/MAS3K/test/PipeFish_2166.png,PipeFish_2166.jpg,no camouflaged animal,33,There is no camouflaged animal present in the scene.,sd15_inpainting_no_object,PipeFish,22,/home/woojye2020/decs_jupyter_lab/MedCLIP-SAMv2/data/MAS3K/extracted/MAS3K/img/PipeFish_2166.jpg,/home/woojye2020/decs_jupyter_lab/MedCLIP-SAMv2/data/MAS3K_medclipsam/test_images_sd15_inpainting_v1/generation_metadata.jsonl
/home/woojye2020/decs_jupyter_lab/MedCLIP-SAMv2/data/MAS3K/test/PipeFish_2174.png,PipeFish_2174.jpg,no camouflaged animal,33,There is no camouflaged animal present in the scene.,sd15_inpainting_no_object,PipeFish,22,/home/woojye2020/decs_jupyter_lab/MedCLIP-SAMv2/data/MAS3K/extracted/MAS3K/img/PipeFish_2174.jpg,/home/woojye2020/decs_jupyter_lab/MedCLIP-SAMv2/data/MAS3K_medclipsam/test_images_sd15_inpainting_v1/generation_metadata.jsonl
/home/woojye2020/decs_jupyter_lab/MedCLIP-SAMv2/data/MAS3K/test/PipeFish_2178.png,PipeFish_2178.jpg,no camouflaged animal,33,There is no camouflaged animal present in the scene.,sd15_inpainting_no_object,PipeFish,22,/home/woojye2020/decs_jupyter_lab/MedCLIP-SAMv2/data/MAS3K/extracted/MAS3K/img/PipeFish_2178.jpg,/home/woojye2020/decs_jupyter_lab/MedCLIP-SAMv2/data/MAS3K_medclipsam/test_images_sd15_inpainting_v1/generation_metadata.jsonl
/home/woojye2020/decs_jupyter_lab/MedCLIP-SAMv2/data/MAS3K/test/PipeFish_2183.png,PipeFish_2183.jpg,no camouflaged animal,33,There is no camouflaged animal present in the scene.,sd15_inpainting_no_object,PipeFish,22,/home/woojye2020/decs_jupyter_lab/MedCLIP-SAMv2/data/MAS3K/extracted/MAS3K/img/PipeFish_2183.jpg,/home/woojye2020/decs_jupyter_lab/MedCLIP-SAMv2/data/MAS3K_medclipsam/test_images_sd15_inpainting_v1/generation_metadata.jsonl
/home/woojye2020/decs_jupyter_lab/MedCLIP-SAMv2/data/MAS3K/test/PipeFish_2188.png,PipeFish_2188.jpg,no camouflaged animal,33,There is no camouflaged animal present in the scene.,sd15_inpainting_no_object,PipeFish,22,/home/woojye2020/decs_jupyter_lab/MedCLIP-SAMv2/data/MAS3K/extracted/MAS3K/img/PipeFish_2188.jpg,/home/woojye2020/decs_jupyter_lab/MedCLIP-SAMv2/data/MAS3K_medclipsam/test_images_sd15_inpainting_v1/generation_metadata.jsonl
/home/woojye2020/decs_jupyter_lab/MedCLIP-SAMv2/data/MAS3K/test/PipeFish_2192.png,PipeFish_2192.jpg,no camouflaged animal,33,There is no camouflaged animal present in the scene.,sd15_inpainting_no_object,PipeFish,22,/home/woojye2020/decs_jupyter_lab/MedCLIP-SAMv2/data/MAS3K/extracted/MAS3K/img/PipeFish_2192.jpg,/home/woojye2020/decs_jupyter_lab/MedCLIP-SAMv2/data/MAS3K_medclipsam/test_images_sd15_inpainting_v1/generation_metadata.jsonl
/home/woojye2020/decs_jupyter_lab/MedCLIP-SAMv2/data/MAS3K/test/PipeFish_2199.png,PipeFish_2199.jpg,no camouflaged animal,33,There is no camouflaged animal present in the scene.,sd15_inpainting_no_object,PipeFish,22,/home/woojye2020/decs_jupyter_lab/MedCLIP-SAMv2/data/MAS3K/extracted/MAS3K/img/PipeFish_2199.jpg,/home/woojye2020/decs_jupyter_lab/MedCLIP-SAMv2/data/MAS3K_medclipsam/test_images_sd15_inpainting_v1/generation_metadata.jsonl
/home/woojye2020/decs_jupyter_lab/MedCLIP-SAMv2/data/MAS3K/test/PipeFish_2202.png,PipeFish_2202.jpg,no camouflaged animal,33,There is no camouflaged animal present in the scene.,sd15_inpainting_no_object,PipeFish,22,/home/woojye2020/decs_jupyter_lab/MedCLIP-SAMv2/data/MAS3K/extracted/MAS3K/img/PipeFish_2202.jpg,/home/woojye2020/decs_jupyter_lab/MedCLIP-SAMv2/data/MAS3K_medclipsam/test_images_sd15_inpainting_v1/generation_metadata.jsonl
/home/woojye2020/decs_jupyter_lab/MedCLIP-SAMv2/data/MAS3K/test/PipeFish_2212.png,PipeFish_2212.jpg,no camouflaged animal,33,There is no camouflaged animal present in the scene.,sd15_inpainting_no_object,PipeFish,22,/home/woojye2020/decs_jupyter_lab/MedCLIP-SAMv2/data/MAS3K/extracted/MAS3K/img/PipeFish_2212.jpg,/home/woojye2020/decs_jupyter_lab/MedCLIP-SAMv2/data/MAS3K_medclipsam/test_images_sd15_inpainting_v1/generation_metadata.jsonl
/home/woojye2020/decs_jupyter_lab/MedCLIP-SAMv2/data/MAS3K/test/PipeFish_2218.png,PipeFish_2218.jpg,no camouflaged animal,33,There is no camouflaged animal present in the scene.,sd15_inpainting_no_object,PipeFish,22,/home/woojye2020/decs_jupyter_lab/MedCLIP-SAMv2/data/MAS3K/extracted/MAS3K/img/PipeFish_2218.jpg,/home/woojye2020/decs_jupyter_lab/MedCLIP-SAMv2/data/MAS3K_medclipsam/test_images_sd15_inpainting_v1/generation_metadata.jsonl
/home/woojye2020/decs_jupyter_lab/MedCLIP-SAMv2/data/MAS3K/test/PipeFish_2219.png,PipeFish_2219.jpg,no camouflaged animal,33,There is no camouflaged animal present in the scene.,sd15_inpainting_no_object,PipeFish,22,/home/woojye2020/decs_jupyter_lab/MedCLIP-SAMv2/data/MAS3K/extracted/MAS3K/img/PipeFish_2219.jpg,/home/woojye2020/decs_jupyter_lab/MedCLIP-SAMv2/data/MAS3K_medclipsam/test_images_sd15_inpainting_v1/generation_metadata.jsonl
/home/woojye2020/decs_jupyter_lab/MedCLIP-SAMv2/data/MAS3K/test/PipeFish_2220.png,PipeFish_2220.jpg,no camouflaged animal,33,There is no camouflaged animal present in the scene.,sd15_inpainting_no_object,PipeFish,22,/home/woojye2020/decs_jupyter_lab/MedCLIP-SAMv2/data/MAS3K/extracted/MAS3K/img/PipeFish_2220.jpg,/home/woojye2020/decs_jupyter_lab/MedCLIP-SAMv2/data/MAS3K_medclipsam/test_images_sd15_inpainting_v1/generation_metadata.jsonl
/home/woojye2020/decs_jupyter_lab/MedCLIP-SAMv2/data/MAS3K/test/PipeFish_2224.png,PipeFish_2224.jpg,no camouflaged animal,33,There is no camouflaged animal present in the scene.,sd15_inpainting_no_object,PipeFish,22,/home/woojye2020/decs_jupyter_lab/MedCLIP-SAMv2/data/MAS3K/extracted/MAS3K/img/PipeFish_2224.jpg,/home/woojye2020/decs_jupyter_lab/MedCLIP-SAMv2/data/MAS3K_medclipsam/test_images_sd15_inpainting_v1/generation_metadata.jsonl
/home/woojye2020/decs_jupyter_lab/MedCLIP-SAMv2/data/MAS3K/test/PipeFish_2234.png,PipeFish_2234.jpg,no camouflaged animal,33,There is no camouflaged animal present in the scene.,sd15_inpainting_no_object,PipeFish,22,/home/woojye2020/decs_jupyter_lab/MedCLIP-SAMv2/data/MAS3K/extracted/MAS3K/img/PipeFish_2234.jpg,/home/woojye2020/decs_jupyter_lab/MedCLIP-SAMv2/data/MAS3K_medclipsam/test_images_sd15_inpainting_v1/generation_metadata.jsonl
/home/woojye2020/decs_jupyter_lab/MedCLIP-SAMv2/data/MAS3K/test/PipeFish_2239.png,PipeFish_2239.jpg,no camouflaged animal,33,There is no camouflaged animal present in the scene.,sd15_inpainting_no_object,PipeFish,22,/home/woojye2020/decs_jupyter_lab/MedCLIP-SAMv2/data/MAS3K/extracted/MAS3K/img/PipeFish_2239.jpg,/home/woojye2020/decs_jupyter_lab/MedCLIP-SAMv2/data/MAS3K_medclipsam/test_images_sd15_inpainting_v1/generation_metadata.jsonl
/home/woojye2020/decs_jupyter_lab/MedCLIP-SAMv2/data/MAS3K/test/PipeFish_2240.png,PipeFish_2240.jpg,no camouflaged animal,33,There is no camouflaged animal present in the scene.,sd15_inpainting_no_object,PipeFish,22,/home/woojye2020/decs_jupyter_lab/MedCLIP-SAMv2/data/MAS3K/extracted/MAS3K/img/PipeFish_2240.jpg,/home/woojye2020/decs_jupyter_lab/MedCLIP-SAMv2/data/MAS3K_medclipsam/test_images_sd15_inpainting_v1/generation_metadata.jsonl
/home/woojye2020/decs_jupyter_lab/MedCLIP-SAMv2/data/MAS3K/test/PipeFish_2253.png,PipeFish_2253.jpg,no camouflaged animal,33,There is no camouflaged animal present in the scene.,sd15_inpainting_no_object,PipeFish,22,/home/woojye2020/decs_jupyter_lab/MedCLIP-SAMv2/data/MAS3K/extracted/MAS3K/img/PipeFish_2253.jpg,/home/woojye2020/decs_jupyter_lab/MedCLIP-SAMv2/data/MAS3K_medclipsam/test_images_sd15_inpainting_v1/generation_metadata.jsonl
/home/woojye2020/decs_jupyter_lab/MedCLIP-SAMv2/data/MAS3K/test/PipeFish_2255.png,PipeFish_2255.jpg,no camouflaged animal,33,There is no camouflaged animal present in the scene.,sd15_inpainting_no_object,PipeFish,22,/home/woojye2020/decs_jupyter_lab/MedCLIP-SAMv2/data/MAS3K/extracted/MAS3K/img/PipeFish_2255.jpg,/home/woojye2020/decs_jupyter_lab/MedCLIP-SAMv2/data/MAS3K_medclipsam/test_images_sd15_inpainting_v1/generation_metadata.jsonl
/home/woojye2020/decs_jupyter_lab/MedCLIP-SAMv2/data/MAS3K/test/PipeFish_2272.png,PipeFish_2272.jpg,no camouflaged animal,33,There is no camouflaged animal present in the scene.,sd15_inpainting_no_object,PipeFish,22,/home/woojye2020/decs_jupyter_lab/MedCLIP-SAMv2/data/MAS3K/extracted/MAS3K/img/PipeFish_2272.jpg,/home/woojye2020/decs_jupyter_lab/MedCLIP-SAMv2/data/MAS3K_medclipsam/test_images_sd15_inpainting_v1/generation_metadata.jsonl
/home/woojye2020/decs_jupyter_lab/MedCLIP-SAMv2/data/MAS3K/test/PipeFish_2283.png,PipeFish_2283.jpg,no camouflaged animal,33,There is no camouflaged animal present in the scene.,sd15_inpainting_no_object,PipeFish,22,/home/woojye2020/decs_jupyter_lab/MedCLIP-SAMv2/data/MAS3K/extracted/MAS3K/img/PipeFish_2283.jpg,/home/woojye2020/decs_jupyter_lab/MedCLIP-SAMv2/data/MAS3K_medclipsam/test_images_sd15_inpainting_v1/generation_metadata.jsonl
/home/woojye2020/decs_jupyter_lab/MedCLIP-SAMv2/data/MAS3K/test/PipeFish_2288.png,PipeFish_2288.jpg,no camouflaged animal,33,There is no camouflaged animal present in the scene.,sd15_inpainting_no_object,PipeFish,22,/home/woojye2020/decs_jupyter_lab/MedCLIP-SAMv2/data/MAS3K/extracted/MAS3K/img/PipeFish_2288.jpg,/home/woojye2020/decs_jupyter_lab/MedCLIP-SAMv2/data/MAS3K_medclipsam/test_images_sd15_inpainting_v1/generation_metadata.jsonl
/home/woojye2020/decs_jupyter_lab/MedCLIP-SAMv2/data/MAS3K/test/PipeFish_2294.png,PipeFish_2294.jpg,no camouflaged animal,33,There is no camouflaged animal present in the scene.,sd15_inpainting_no_object,PipeFish,22,/home/woojye2020/decs_jupyter_lab/MedCLIP-SAMv2/data/MAS3K/extracted/MAS3K/img/PipeFish_2294.jpg,/home/woojye2020/decs_jupyter_lab/MedCLIP-SAMv2/data/MAS3K_medclipsam/test_images_sd15_inpainting_v1/generation_metadata.jsonl
/home/woojye2020/decs_jupyter_lab/MedCLIP-SAMv2/data/MAS3K/test/PipeFish_2298.png,PipeFish_2298.jpg,no camouflaged animal,33,There is no camouflaged animal present in the scene.,sd15_inpainting_no_object,PipeFish,22,/home/woojye2020/decs_jupyter_lab/MedCLIP-SAMv2/data/MAS3K/extracted/MAS3K/img/PipeFish_2298.jpg,/home/woojye2020/decs_jupyter_lab/MedCLIP-SAMv2/data/MAS3K_medclipsam/test_images_sd15_inpainting_v1/generation_metadata.jsonl
/home/woojye2020/decs_jupyter_lab/MedCLIP-SAMv2/data/MAS3K/test/PipeFish_2299.png,PipeFish_2299.jpg,no camouflaged animal,33,There is no camouflaged animal present in the scene.,sd15_inpainting_no_object,PipeFish,22,/home/woojye2020/decs_jupyter_lab/MedCLIP-SAMv2/data/MAS3K/extracted/MAS3K/img/PipeFish_2299.jpg,/home/woojye2020/decs_jupyter_lab/MedCLIP-SAMv2/data/MAS3K_medclipsam/test_images_sd15_inpainting_v1/generation_metadata.jsonl
/home/woojye2020/decs_jupyter_lab/MedCLIP-SAMv2/data/MAS3K/test/PipeFish_2300.png,PipeFish_2300.jpg,no camouflaged animal,33,There is no camouflaged animal present in the scene.,sd15_inpainting_no_object,PipeFish,22,/home/woojye2020/decs_jupyter_lab/MedCLIP-SAMv2/data/MAS3K/extracted/MAS3K/img/PipeFish_2300.jpg,/home/woojye2020/decs_jupyter_lab/MedCLIP-SAMv2/data/MAS3K_medclipsam/test_images_sd15_inpainting_v1/generation_metadata.jsonl
/home/woojye2020/decs_jupyter_lab/MedCLIP-SAMv2/data/MAS3K/test/PipeFish_2301.png,PipeFish_2301.jpg,no camouflaged animal,33,There is no camouflaged animal present in the scene.,sd15_inpainting_no_object,PipeFish,22,/home/woojye2020/decs_jupyter_lab/MedCLIP-SAMv2/data/MAS3K/extracted/MAS3K/img/PipeFish_2301.jpg,/home/woojye2020/decs_jupyter_lab/MedCLIP-SAMv2/data/MAS3K_medclipsam/test_images_sd15_inpainting_v1/generation_metadata.jsonl
/home/woojye2020/decs_jupyter_lab/MedCLIP-SAMv2/data/MAS3K/test/PipeFish_2302.png,PipeFish_2302.jpg,no camouflaged animal,33,There is no camouflaged animal present in the scene.,sd15_inpainting_no_object,PipeFish,22,/home/woojye2020/decs_jupyter_lab/MedCLIP-SAMv2/data/MAS3K/extracted/MAS3K/img/PipeFish_2302.jpg,/home/woojye2020/decs_jupyter_lab/MedCLIP-SAMv2/data/MAS3K_medclipsam/test_images_sd15_inpainting_v1/generation_metadata.jsonl
/home/woojye2020/decs_jupyter_lab/MedCLIP-SAMv2/data/MAS3K/test/PipeFish_2304.png,PipeFish_2304.jpg,no camouflaged animal,33,There is no camouflaged animal present in the scene.,sd15_inpainting_no_object,PipeFish,22,/home/woojye2020/decs_jupyter_lab/MedCLIP-SAMv2/data/MAS3K/extracted/MAS3K/img/PipeFish_2304.jpg,/home/woojye2020/decs_jupyter_lab/MedCLIP-SAMv2/data/MAS3K_medclipsam/test_images_sd15_inpainting_v1/generation_metadata.jsonl
/home/woojye2020/decs_jupyter_lab/MedCLIP-SAMv2/data/MAS3K/test/PipeFish_2320.png,PipeFish_2320.jpg,no camouflaged animal,33,There is no camouflaged animal present in the scene.,sd15_inpainting_no_object,PipeFish,22,/home/woojye2020/decs_jupyter_lab/MedCLIP-SAMv2/data/MAS3K/extracted/MAS3K/img/PipeFish_2320.jpg,/home/woojye2020/decs_jupyter_lab/MedCLIP-SAMv2/data/MAS3K_medclipsam/test_images_sd15_inpainting_v1/generation_metadata.jsonl
/home/woojye2020/decs_jupyter_lab/MedCLIP-SAMv2/data/MAS3K/test/PipeFish_2323.png,PipeFish_2323.jpg,no camouflaged animal,33,There is no camouflaged animal present in the scene.,sd15_inpainting_no_object,PipeFish,22,/home/woojye2020/decs_jupyter_lab/MedCLIP-SAMv2/data/MAS3K/extracted/MAS3K/img/PipeFish_2323.jpg,/home/woojye2020/decs_jupyter_lab/MedCLIP-SAMv2/data/MAS3K_medclipsam/test_images_sd15_inpainting_v1/generation_metadata.jsonl
/home/woojye2020/decs_jupyter_lab/MedCLIP-SAMv2/data/MAS3K/test/PipeFish_2331.png,PipeFish_2331.jpg,no camouflaged animal,33,There is no camouflaged animal present in the scene.,sd15_inpainting_no_object,PipeFish,22,/home/woojye2020/decs_jupyter_lab/MedCLIP-SAMv2/data/MAS3K/extracted/MAS3K/img/PipeFish_2331.jpg,/home/woojye2020/decs_jupyter_lab/MedCLIP-SAMv2/data/MAS3K_medclipsam/test_images_sd15_inpainting_v1/generation_metadata.jsonl
/home/woojye2020/decs_jupyter_lab/MedCLIP-SAMv2/data/MAS3K/test/PipeFish_2340.png,PipeFish_2340.jpg,no camouflaged animal,33,There is no camouflaged animal present in the scene.,sd15_inpainting_no_object,PipeFish,22,/home/woojye2020/decs_jupyter_lab/MedCLIP-SAMv2/data/MAS3K/extracted/MAS3K/img/PipeFish_2340.jpg,/home/woojye2020/decs_jupyter_lab/MedCLIP-SAMv2/data/MAS3K_medclipsam/test_images_sd15_inpainting_v1/generation_metadata.jsonl
/home/woojye2020/decs_jupyter_lab/MedCLIP-SAMv2/data/MAS3K/test/PipeFish_2349.png,PipeFish_2349.jpg,no camouflaged animal,33,There is no camouflaged animal present in the scene.,sd15_inpainting_no_object,PipeFish,22,/home/woojye2020/decs_jupyter_lab/MedCLIP-SAMv2/data/MAS3K/extracted/MAS3K/img/PipeFish_2349.jpg,/home/woojye2020/decs_jupyter_lab/MedCLIP-SAMv2/data/MAS3K_medclipsam/test_images_sd15_inpainting_v1/generation_metadata.jsonl
/home/woojye2020/decs_jupyter_lab/MedCLIP-SAMv2/data/MAS3K/test/PipeFish_2360.png,PipeFish_2360.jpg,no camouflaged animal,33,There is no camouflaged animal present in the scene.,sd15_inpainting_no_object,PipeFish,22,/home/woojye2020/decs_jupyter_lab/MedCLIP-SAMv2/data/MAS3K/extracted/MAS3K/img/PipeFish_2360.jpg,/home/woojye2020/decs_jupyter_lab/MedCLIP-SAMv2/data/MAS3K_medclipsam/test_images_sd15_inpainting_v1/generation_metadata.jsonl
/home/woojye2020/decs_jupyter_lab/MedCLIP-SAMv2/data/MAS3K/test/PipeFish_2364.png,PipeFish_2364.jpg,no camouflaged animal,33,There is no camouflaged animal present in the scene.,sd15_inpainting_no_object,PipeFish,22,/home/woojye2020/decs_jupyter_lab/MedCLIP-SAMv2/data/MAS3K/extracted/MAS3K/img/PipeFish_2364.jpg,/home/woojye2020/decs_jupyter_lab/MedCLIP-SAMv2/data/MAS3K_medclipsam/test_images_sd15_inpainting_v1/generation_metadata.jsonl
/home/woojye2020/decs_jupyter_lab/MedCLIP-SAMv2/data/MAS3K/test/PipeFish_2367.png,PipeFish_2367.jpg,no camouflaged animal,33,There is no camouflaged animal present in the scene.,sd15_inpainting_no_object,PipeFish,22,/home/woojye2020/decs_jupyter_lab/MedCLIP-SAMv2/data/MAS3K/extracted/MAS3K/img/PipeFish_2367.jpg,/home/woojye2020/decs_jupyter_lab/MedCLIP-SAMv2/data/MAS3K_medclipsam/test_images_sd15_inpainting_v1/generation_metadata.jsonl
/home/woojye2020/decs_jupyter_lab/MedCLIP-SAMv2/data/MAS3K/test/PipeFish_2369.png,PipeFish_2369.jpg,no camouflaged animal,33,There is no camouflaged animal present in the scene.,sd15_inpainting_no_object,PipeFish,22,/home/woojye2020/decs_jupyter_lab/MedCLIP-SAMv2/data/MAS3K/extracted/MAS3K/img/PipeFish_2369.jpg,/home/woojye2020/decs_jupyter_lab/MedCLIP-SAMv2/data/MAS3K_medclipsam/test_images_sd15_inpainting_v1/generation_metadata.jsonl
/home/woojye2020/decs_jupyter_lab/MedCLIP-SAMv2/data/MAS3K/test/PipeFish_2371.png,PipeFish_2371.jpg,no camouflaged animal,33,There is no camouflaged animal present in the scene.,sd15_inpainting_no_object,PipeFish,22,/home/woojye2020/decs_jupyter_lab/MedCLIP-SAMv2/data/MAS3K/extracted/MAS3K/img/PipeFish_2371.jpg,/home/woojye2020/decs_jupyter_lab/MedCLIP-SAMv2/data/MAS3K_medclipsam/test_images_sd15_inpainting_v1/generation_metadata.jsonl
/home/woojye2020/decs_jupyter_lab/MedCLIP-SAMv2/data/MAS3K/test/PipeFish_2372.png,PipeFish_2372.jpg,no camouflaged animal,33,There is no camouflaged animal present in the scene.,sd15_inpainting_no_object,PipeFish,22,/home/woojye2020/decs_jupyter_lab/MedCLIP-SAMv2/data/MAS3K/extracted/MAS3K/img/PipeFish_2372.jpg,/home/woojye2020/decs_jupyter_lab/MedCLIP-SAMv2/data/MAS3K_medclipsam/test_images_sd15_inpainting_v1/generation_metadata.jsonl
/home/woojye2020/decs_jupyter_lab/MedCLIP-SAMv2/data/MAS3K/test/PipeFish_2378.png,PipeFish_2378.jpg,no camouflaged animal,33,There is no camouflaged animal present in the scene.,sd15_inpainting_no_object,PipeFish,22,/home/woojye2020/decs_jupyter_lab/MedCLIP-SAMv2/data/MAS3K/extracted/MAS3K/img/PipeFish_2378.jpg,/home/woojye2020/decs_jupyter_lab/MedCLIP-SAMv2/data/MAS3K_medclipsam/test_images_sd15_inpainting_v1/generation_metadata.jsonl
/home/woojye2020/decs_jupyter_lab/MedCLIP-SAMv2/data/MAS3K/test/PipeFish_2386.png,PipeFish_2386.jpg,no camouflaged animal,33,There is no camouflaged animal present in the scene.,sd15_inpainting_no_object,PipeFish,22,/home/woojye2020/decs_jupyter_lab/MedCLIP-SAMv2/data/MAS3K/extracted/MAS3K/img/PipeFish_2386.jpg,/home/woojye2020/decs_jupyter_lab/MedCLIP-SAMv2/data/MAS3K_medclipsam/test_images_sd15_inpainting_v1/generation_metadata.jsonl
/home/woojye2020/decs_jupyter_lab/MedCLIP-SAMv2/data/MAS3K/test/PipeFish_2387.png,PipeFish_2387.jpg,no camouflaged animal,33,There is no camouflaged animal present in the scene.,sd15_inpainting_no_object,PipeFish,22,/home/woojye2020/decs_jupyter_lab/MedCLIP-SAMv2/data/MAS3K/extracted/MAS3K/img/PipeFish_2387.jpg,/home/woojye2020/decs_jupyter_lab/MedCLIP-SAMv2/data/MAS3K_medclipsam/test_images_sd15_inpainting_v1/generation_metadata.jsonl
/home/woojye2020/decs_jupyter_lab/MedCLIP-SAMv2/data/MAS3K/test/PipeFish_2393.png,PipeFish_2393.jpg,no camouflaged animal,33,There is no camouflaged animal present in the scene.,sd15_inpainting_no_object,PipeFish,22,/home/woojye2020/decs_jupyter_lab/MedCLIP-SAMv2/data/MAS3K/extracted/MAS3K/img/PipeFish_2393.jpg,/home/woojye2020/decs_jupyter_lab/MedCLIP-SAMv2/data/MAS3K_medclipsam/test_images_sd15_inpainting_v1/generation_metadata.jsonl
/home/woojye2020/decs_jupyter_lab/MedCLIP-SAMv2/data/MAS3K/test/PipeFish_2397.png,PipeFish_2397.jpg,no camouflaged animal,33,There is no camouflaged animal present in the scene.,sd15_inpainting_no_object,PipeFish,22,/home/woojye2020/decs_jupyter_lab/MedCLIP-SAMv2/data/MAS3K/extracted/MAS3K/img/PipeFish_2397.jpg,/home/woojye2020/decs_jupyter_lab/MedCLIP-SAMv2/data/MAS3K_medclipsam/test_images_sd15_inpainting_v1/generation_metadata.jsonl
/home/woojye2020/decs_jupyter_lab/MedCLIP-SAMv2/data/MAS3K/test/PipeFish_2403.png,PipeFish_2403.jpg,no camouflaged animal,33,There is no camouflaged animal present in the scene.,sd15_inpainting_no_object,PipeFish,22,/home/woojye2020/decs_jupyter_lab/MedCLIP-SAMv2/data/MAS3K/extracted/MAS3K/img/PipeFish_2403.jpg,/home/woojye2020/decs_jupyter_lab/MedCLIP-SAMv2/data/MAS3K_medclipsam/test_images_sd15_inpainting_v1/generation_metadata.jsonl
/home/woojye2020/decs_jupyter_lab/MedCLIP-SAMv2/data/MAS3K/test/PipeFish_2405.png,PipeFish_2405.jpg,no camouflaged animal,33,There is no camouflaged animal present in the scene.,sd15_inpainting_no_object,PipeFish,22,/home/woojye2020/decs_jupyter_lab/MedCLIP-SAMv2/data/MAS3K/extracted/MAS3K/img/PipeFish_2405.jpg,/home/woojye2020/decs_jupyter_lab/MedCLIP-SAMv2/data/MAS3K_medclipsam/test_images_sd15_inpainting_v1/generation_metadata.jsonl
/home/woojye2020/decs_jupyter_lab/MedCLIP-SAMv2/data/MAS3K/test/PipeFish_2409.png,PipeFish_2409.jpg,no camouflaged animal,33,There is no camouflaged animal present in the scene.,sd15_inpainting_no_object,PipeFish,22,/home/woojye2020/decs_jupyter_lab/MedCLIP-SAMv2/data/MAS3K/extracted/MAS3K/img/PipeFish_2409.jpg,/home/woojye2020/decs_jupyter_lab/MedCLIP-SAMv2/data/MAS3K_medclipsam/test_images_sd15_inpainting_v1/generation_metadata.jsonl
/home/woojye2020/decs_jupyter_lab/MedCLIP-SAMv2/data/MAS3K/test/PipeFish_2415.png,PipeFish_2415.jpg,no camouflaged animal,33,There is no camouflaged animal present in the scene.,sd15_inpainting_no_object,PipeFish,22,/home/woojye2020/decs_jupyter_lab/MedCLIP-SAMv2/data/MAS3K/extracted/MAS3K/img/PipeFish_2415.jpg,/home/woojye2020/decs_jupyter_lab/MedCLIP-SAMv2/data/MAS3K_medclipsam/test_images_sd15_inpainting_v1/generation_metadata.jsonl
/home/woojye2020/decs_jupyter_lab/MedCLIP-SAMv2/data/MAS3K/test/PipeFish_2423.png,PipeFish_2423.jpg,no camouflaged animal,33,There is no camouflaged animal present in the scene.,sd15_inpainting_no_object,PipeFish,22,/home/woojye2020/decs_jupyter_lab/MedCLIP-SAMv2/data/MAS3K/extracted/MAS3K/img/PipeFish_2423.jpg,/home/woojye2020/decs_jupyter_lab/MedCLIP-SAMv2/data/MAS3K_medclipsam/test_images_sd15_inpainting_v1/generation_metadata.jsonl
/home/woojye2020/decs_jupyter_lab/MedCLIP-SAMv2/data/MAS3K/test/PipeFish_2425.png,PipeFish_2425.jpg,no camouflaged animal,33,There is no camouflaged animal present in the scene.,sd15_inpainting_no_object,PipeFish,22,/home/woojye2020/decs_jupyter_lab/MedCLIP-SAMv2/data/MAS3K/extracted/MAS3K/img/PipeFish_2425.jpg,/home/woojye2020/decs_jupyter_lab/MedCLIP-SAMv2/data/MAS3K_medclipsam/test_images_sd15_inpainting_v1/generation_metadata.jsonl
/home/woojye2020/decs_jupyter_lab/MedCLIP-SAMv2/data/MAS3K/test/PipeFish_2430.png,PipeFish_2430.jpg,no camouflaged animal,33,There is no camouflaged animal present in the scene.,sd15_inpainting_no_object,PipeFish,22,/home/woojye2020/decs_jupyter_lab/MedCLIP-SAMv2/data/MAS3K/extracted/MAS3K/img/PipeFish_2430.jpg,/home/woojye2020/decs_jupyter_lab/MedCLIP-SAMv2/data/MAS3K_medclipsam/test_images_sd15_inpainting_v1/generation_metadata.jsonl
/home/woojye2020/decs_jupyter_lab/MedCLIP-SAMv2/data/MAS3K/test/PipeFish_2431.png,PipeFish_2431.jpg,no camouflaged animal,33,There is no camouflaged animal present in the scene.,sd15_inpainting_no_object,PipeFish,22,/home/woojye2020/decs_jupyter_lab/MedCLIP-SAMv2/data/MAS3K/extracted/MAS3K/img/PipeFish_2431.jpg,/home/woojye2020/decs_jupyter_lab/MedCLIP-SAMv2/data/MAS3K_medclipsam/test_images_sd15_inpainting_v1/generation_metadata.jsonl
/home/woojye2020/decs_jupyter_lab/MedCLIP-SAMv2/data/MAS3K/test/PipeFish_2434.png,PipeFish_2434.jpg,no camouflaged animal,33,There is no camouflaged animal present in the scene.,sd15_inpainting_no_object,PipeFish,22,/home/woojye2020/decs_jupyter_lab/MedCLIP-SAMv2/data/MAS3K/extracted/MAS3K/img/PipeFish_2434.jpg,/home/woojye2020/decs_jupyter_lab/MedCLIP-SAMv2/data/MAS3K_medclipsam/test_images_sd15_inpainting_v1/generation_metadata.jsonl
/home/woojye2020/decs_jupyter_lab/MedCLIP-SAMv2/data/MAS3K/test/PipeFish_2442.png,PipeFish_2442.jpg,no camouflaged animal,33,There is no camouflaged animal present in the scene.,sd15_inpainting_no_object,PipeFish,22,/home/woojye2020/decs_jupyter_lab/MedCLIP-SAMv2/data/MAS3K/extracted/MAS3K/img/PipeFish_2442.jpg,/home/woojye2020/decs_jupyter_lab/MedCLIP-SAMv2/data/MAS3K_medclipsam/test_images_sd15_inpainting_v1/generation_metadata.jsonl
/home/woojye2020/decs_jupyter_lab/MedCLIP-SAMv2/data/MAS3K/test/PipeFish_2457.png,PipeFish_2457.jpg,no camouflaged animal,33,There is no camouflaged animal present in the scene.,sd15_inpainting_no_object,PipeFish,22,/home/woojye2020/decs_jupyter_lab/MedCLIP-SAMv2/data/MAS3K/extracted/MAS3K/img/PipeFish_2457.jpg,/home/woojye2020/decs_jupyter_lab/MedCLIP-SAMv2/data/MAS3K_medclipsam/test_images_sd15_inpainting_v1/generation_metadata.jsonl
/home/woojye2020/decs_jupyter_lab/MedCLIP-SAMv2/data/MAS3K/test/PipeFish_2458.png,PipeFish_2458.jpg,no camouflaged animal,33,There is no camouflaged animal present in the scene.,sd15_inpainting_no_object,PipeFish,22,/home/woojye2020/decs_jupyter_lab/MedCLIP-SAMv2/data/MAS3K/extracted/MAS3K/img/PipeFish_2458.jpg,/home/woojye2020/decs_jupyter_lab/MedCLIP-SAMv2/data/MAS3K_medclipsam/test_images_sd15_inpainting_v1/generation_metadata.jsonl
/home/woojye2020/decs_jupyter_lab/MedCLIP-SAMv2/data/MAS3K/test/PipeFish_2464.png,PipeFish_2464.jpg,no camouflaged animal,33,There is no camouflaged animal present in the scene.,sd15_inpainting_no_object,PipeFish,22,/home/woojye2020/decs_jupyter_lab/MedCLIP-SAMv2/data/MAS3K/extracted/MAS3K/img/PipeFish_2464.jpg,/home/woojye2020/decs_jupyter_lab/MedCLIP-SAMv2/data/MAS3K_medclipsam/test_images_sd15_inpainting_v1/generation_metadata.jsonl
/home/woojye2020/decs_jupyter_lab/MedCLIP-SAMv2/data/MAS3K/test/PipeFish_2465.png,PipeFish_2465.jpg,no camouflaged animal,33,There is no camouflaged animal present in the scene.,sd15_inpainting_no_object,PipeFish,22,/home/woojye2020/decs_jupyter_lab/MedCLIP-SAMv2/data/MAS3K/extracted/MAS3K/img/PipeFish_2465.jpg,/home/woojye2020/decs_jupyter_lab/MedCLIP-SAMv2/data/MAS3K_medclipsam/test_images_sd15_inpainting_v1/generation_metadata.jsonl
/home/woojye2020/decs_jupyter_lab/MedCLIP-SAMv2/data/MAS3K/test/PipeFish_2467.png,PipeFish_2467.jpg,no camouflaged animal,33,There is no camouflaged animal present in the scene.,sd15_inpainting_no_object,PipeFish,22,/home/woojye2020/decs_jupyter_lab/MedCLIP-SAMv2/data/MAS3K/extracted/MAS3K/img/PipeFish_2467.jpg,/home/woojye2020/decs_jupyter_lab/MedCLIP-SAMv2/data/MAS3K_medclipsam/test_images_sd15_inpainting_v1/generation_metadata.jsonl
/home/woojye2020/decs_jupyter_lab/MedCLIP-SAMv2/data/MAS3K/test/PipeFish_2468.png,PipeFish_2468.jpg,no camouflaged animal,33,There is no camouflaged animal present in the scene.,sd15_inpainting_no_object,PipeFish,22,/home/woojye2020/decs_jupyter_lab/MedCLIP-SAMv2/data/MAS3K/extracted/MAS3K/img/PipeFish_2468.jpg,/home/woojye2020/decs_jupyter_lab/MedCLIP-SAMv2/data/MAS3K_medclipsam/test_images_sd15_inpainting_v1/generation_metadata.jsonl
/home/woojye2020/decs_jupyter_lab/MedCLIP-SAMv2/data/MAS3K/test/PipeFish_2469.png,PipeFish_2469.jpg,no camouflaged animal,33,There is no camouflaged animal present in the scene.,sd15_inpainting_no_object,PipeFish,22,/home/woojye2020/decs_jupyter_lab/MedCLIP-SAMv2/data/MAS3K/extracted/MAS3K/img/PipeFish_2469.jpg,/home/woojye2020/decs_jupyter_lab/MedCLIP-SAMv2/data/MAS3K_medclipsam/test_images_sd15_inpainting_v1/generation_metadata.jsonl
/home/woojye2020/decs_jupyter_lab/MedCLIP-SAMv2/data/MAS3K/test/PipeFish_2470.png,PipeFish_2470.jpg,no camouflaged animal,33,There is no camouflaged animal present in the scene.,sd15_inpainting_no_object,PipeFish,22,/home/woojye2020/decs_jupyter_lab/MedCLIP-SAMv2/data/MAS3K/extracted/MAS3K/img/PipeFish_2470.jpg,/home/woojye2020/decs_jupyter_lab/MedCLIP-SAMv2/data/MAS3K_medclipsam/test_images_sd15_inpainting_v1/generation_metadata.jsonl
/home/woojye2020/decs_jupyter_lab/MedCLIP-SAMv2/data/MAS3K/test/PipeFish_2471.png,PipeFish_2471.jpg,no camouflaged animal,33,There is no camouflaged animal present in the scene.,sd15_inpainting_no_object,PipeFish,22,/home/woojye2020/decs_jupyter_lab/MedCLIP-SAMv2/data/MAS3K/extracted/MAS3K/img/PipeFish_2471.jpg,/home/woojye2020/decs_jupyter_lab/MedCLIP-SAMv2/data/MAS3K_medclipsam/test_images_sd15_inpainting_v1/generation_metadata.jsonl
/home/woojye2020/decs_jupyter_lab/MedCLIP-SAMv2/data/MAS3K/test/Piranha_2909.png,Piranha_2909.jpg,no camouflaged animal,33,There is no camouflaged animal present in the scene.,sd15_inpainting_no_object,Piranha,23,/home/woojye2020/decs_jupyter_lab/MedCLIP-SAMv2/data/MAS3K/extracted/MAS3K/img/Piranha_2909.jpg,/home/woojye2020/decs_jupyter_lab/MedCLIP-SAMv2/data/MAS3K_medclipsam/test_images_sd15_inpainting_v1/generation_metadata.jsonl
/home/woojye2020/decs_jupyter_lab/MedCLIP-SAMv2/data/MAS3K/test/Piranha_2910.png,Piranha_2910.jpg,no camouflaged animal,33,There is no camouflaged animal present in the scene.,sd15_inpainting_no_object,Piranha,23,/home/woojye2020/decs_jupyter_lab/MedCLIP-SAMv2/data/MAS3K/extracted/MAS3K/img/Piranha_2910.jpg,/home/woojye2020/decs_jupyter_lab/MedCLIP-SAMv2/data/MAS3K_medclipsam/test_images_sd15_inpainting_v1/generation_metadata.jsonl
/home/woojye2020/decs_jupyter_lab/MedCLIP-SAMv2/data/MAS3K/test/RatFish_2900.png,RatFish_2900.jpg,no camouflaged animal,33,There is no camouflaged animal present in the scene.,sd15_inpainting_no_object,RatFish,24,/home/woojye2020/decs_jupyter_lab/MedCLIP-SAMv2/data/MAS3K/extracted/MAS3K/img/RatFish_2900.jpg,/home/woojye2020/decs_jupyter_lab/MedCLIP-SAMv2/data/MAS3K_medclipsam/test_images_sd15_inpainting_v1/generation_metadata.jsonl
/home/woojye2020/decs_jupyter_lab/MedCLIP-SAMv2/data/MAS3K/test/ScorpionFish_2479.png,ScorpionFish_2479.jpg,no camouflaged animal,33,There is no camouflaged animal present in the scene.,sd15_inpainting_no_object,ScorpionFish,25,/home/woojye2020/decs_jupyter_lab/MedCLIP-SAMv2/data/MAS3K/extracted/MAS3K/img/ScorpionFish_2479.jpg,/home/woojye2020/decs_jupyter_lab/MedCLIP-SAMv2/data/MAS3K_medclipsam/test_images_sd15_inpainting_v1/generation_metadata.jsonl
/home/woojye2020/decs_jupyter_lab/MedCLIP-SAMv2/data/MAS3K/test/ScorpionFish_2487.png,ScorpionFish_2487.jpg,no camouflaged animal,33,There is no camouflaged animal present in the scene.,sd15_inpainting_no_object,ScorpionFish,25,/home/woojye2020/decs_jupyter_lab/MedCLIP-SAMv2/data/MAS3K/extracted/MAS3K/img/ScorpionFish_2487.jpg,/home/woojye2020/decs_jupyter_lab/MedCLIP-SAMv2/data/MAS3K_medclipsam/test_images_sd15_inpainting_v1/generation_metadata.jsonl
/home/woojye2020/decs_jupyter_lab/MedCLIP-SAMv2/data/MAS3K/test/ScorpionFish_2494.png,ScorpionFish_2494.jpg,no camouflaged animal,33,There is no camouflaged animal present in the scene.,sd15_inpainting_no_object,ScorpionFish,25,/home/woojye2020/decs_jupyter_lab/MedCLIP-SAMv2/data/MAS3K/extracted/MAS3K/img/ScorpionFish_2494.jpg,/home/woojye2020/decs_jupyter_lab/MedCLIP-SAMv2/data/MAS3K_medclipsam/test_images_sd15_inpainting_v1/generation_metadata.jsonl
/home/woojye2020/decs_jupyter_lab/MedCLIP-SAMv2/data/MAS3K/test/ScorpionFish_2504.png,ScorpionFish_2504.jpg,no camouflaged animal,33,There is no camouflaged animal present in the scene.,sd15_inpainting_no_object,ScorpionFish,25,/home/woojye2020/decs_jupyter_lab/MedCLIP-SAMv2/data/MAS3K/extracted/MAS3K/img/ScorpionFish_2504.jpg,/home/woojye2020/decs_jupyter_lab/MedCLIP-SAMv2/data/MAS3K_medclipsam/test_images_sd15_inpainting_v1/generation_metadata.jsonl
/home/woojye2020/decs_jupyter_lab/MedCLIP-SAMv2/data/MAS3K/test/ScorpionFish_2507.png,ScorpionFish_2507.jpg,no camouflaged animal,33,There is no camouflaged animal present in the scene.,sd15_inpainting_no_object,ScorpionFish,25,/home/woojye2020/decs_jupyter_lab/MedCLIP-SAMv2/data/MAS3K/extracted/MAS3K/img/ScorpionFish_2507.jpg,/home/woojye2020/decs_jupyter_lab/MedCLIP-SAMv2/data/MAS3K_medclipsam/test_images_sd15_inpainting_v1/generation_metadata.jsonl
/home/woojye2020/decs_jupyter_lab/MedCLIP-SAMv2/data/MAS3K/test/ScorpionFish_2513.png,ScorpionFish_2513.jpg,no camouflaged animal,33,There is no camouflaged animal present in the scene.,sd15_inpainting_no_object,ScorpionFish,25,/home/woojye2020/decs_jupyter_lab/MedCLIP-SAMv2/data/MAS3K/extracted/MAS3K/img/ScorpionFish_2513.jpg,/home/woojye2020/decs_jupyter_lab/MedCLIP-SAMv2/data/MAS3K_medclipsam/test_images_sd15_inpainting_v1/generation_metadata.jsonl
/home/woojye2020/decs_jupyter_lab/MedCLIP-SAMv2/data/MAS3K/test/ScorpionFish_2515.png,ScorpionFish_2515.jpg,no camouflaged animal,33,There is no camouflaged animal present in the scene.,sd15_inpainting_no_object,ScorpionFish,25,/home/woojye2020/decs_jupyter_lab/MedCLIP-SAMv2/data/MAS3K/extracted/MAS3K/img/ScorpionFish_2515.jpg,/home/woojye2020/decs_jupyter_lab/MedCLIP-SAMv2/data/MAS3K_medclipsam/test_images_sd15_inpainting_v1/generation_metadata.jsonl
/home/woojye2020/decs_jupyter_lab/MedCLIP-SAMv2/data/MAS3K/test/ScorpionFish_2520.png,ScorpionFish_2520.jpg,no camouflaged animal,33,There is no camouflaged animal present in the scene.,sd15_inpainting_no_object,ScorpionFish,25,/home/woojye2020/decs_jupyter_lab/MedCLIP-SAMv2/data/MAS3K/extracted/MAS3K/img/ScorpionFish_2520.jpg,/home/woojye2020/decs_jupyter_lab/MedCLIP-SAMv2/data/MAS3K_medclipsam/test_images_sd15_inpainting_v1/generation_metadata.jsonl
/home/woojye2020/decs_jupyter_lab/MedCLIP-SAMv2/data/MAS3K/test/ScorpionFish_2522.png,ScorpionFish_2522.jpg,no camouflaged animal,33,There is no camouflaged animal present in the scene.,sd15_inpainting_no_object,ScorpionFish,25,/home/woojye2020/decs_jupyter_lab/MedCLIP-SAMv2/data/MAS3K/extracted/MAS3K/img/ScorpionFish_2522.jpg,/home/woojye2020/decs_jupyter_lab/MedCLIP-SAMv2/data/MAS3K_medclipsam/test_images_sd15_inpainting_v1/generation_metadata.jsonl
/home/woojye2020/decs_jupyter_lab/MedCLIP-SAMv2/data/MAS3K/test/ScorpionFish_2525.png,ScorpionFish_2525.jpg,no camouflaged animal,33,There is no camouflaged animal present in the scene.,sd15_inpainting_no_object,ScorpionFish,25,/home/woojye2020/decs_jupyter_lab/MedCLIP-SAMv2/data/MAS3K/extracted/MAS3K/img/ScorpionFish_2525.jpg,/home/woojye2020/decs_jupyter_lab/MedCLIP-SAMv2/data/MAS3K_medclipsam/test_images_sd15_inpainting_v1/generation_metadata.jsonl
/home/woojye2020/decs_jupyter_lab/MedCLIP-SAMv2/data/MAS3K/test/ScorpionFish_2526.png,ScorpionFish_2526.jpg,no camouflaged animal,33,There is no camouflaged animal present in the scene.,sd15_inpainting_no_object,ScorpionFish,25,/home/woojye2020/decs_jupyter_lab/MedCLIP-SAMv2/data/MAS3K/extracted/MAS3K/img/ScorpionFish_2526.jpg,/home/woojye2020/decs_jupyter_lab/MedCLIP-SAMv2/data/MAS3K_medclipsam/test_images_sd15_inpainting_v1/generation_metadata.jsonl
/home/woojye2020/decs_jupyter_lab/MedCLIP-SAMv2/data/MAS3K/test/ScorpionFish_2535.png,ScorpionFish_2535.jpg,no camouflaged animal,33,There is no camouflaged animal present in the scene.,sd15_inpainting_no_object,ScorpionFish,25,/home/woojye2020/decs_jupyter_lab/MedCLIP-SAMv2/data/MAS3K/extracted/MAS3K/img/ScorpionFish_2535.jpg,/home/woojye2020/decs_jupyter_lab/MedCLIP-SAMv2/data/MAS3K_medclipsam/test_images_sd15_inpainting_v1/generation_metadata.jsonl
/home/woojye2020/decs_jupyter_lab/MedCLIP-SAMv2/data/MAS3K/test/ScorpionFish_2541.png,ScorpionFish_2541.jpg,no camouflaged animal,33,There is no camouflaged animal present in the scene.,sd15_inpainting_no_object,ScorpionFish,25,/home/woojye2020/decs_jupyter_lab/MedCLIP-SAMv2/data/MAS3K/extracted/MAS3K/img/ScorpionFish_2541.jpg,/home/woojye2020/decs_jupyter_lab/MedCLIP-SAMv2/data/MAS3K_medclipsam/test_images_sd15_inpainting_v1/generation_metadata.jsonl
/home/woojye2020/decs_jupyter_lab/MedCLIP-SAMv2/data/MAS3K/test/ScorpionFish_2543.png,ScorpionFish_2543.jpg,no camouflaged animal,33,There is no camouflaged animal present in the scene.,sd15_inpainting_no_object,ScorpionFish,25,/home/woojye2020/decs_jupyter_lab/MedCLIP-SAMv2/data/MAS3K/extracted/MAS3K/img/ScorpionFish_2543.jpg,/home/woojye2020/decs_jupyter_lab/MedCLIP-SAMv2/data/MAS3K_medclipsam/test_images_sd15_inpainting_v1/generation_metadata.jsonl
/home/woojye2020/decs_jupyter_lab/MedCLIP-SAMv2/data/MAS3K/test/ScorpionFish_2545.png,ScorpionFish_2545.jpg,no camouflaged animal,33,There is no camouflaged animal present in the scene.,sd15_inpainting_no_object,ScorpionFish,25,/home/woojye2020/decs_jupyter_lab/MedCLIP-SAMv2/data/MAS3K/extracted/MAS3K/img/ScorpionFish_2545.jpg,/home/woojye2020/decs_jupyter_lab/MedCLIP-SAMv2/data/MAS3K_medclipsam/test_images_sd15_inpainting_v1/generation_metadata.jsonl
/home/woojye2020/decs_jupyter_lab/MedCLIP-SAMv2/data/MAS3K/test/ScorpionFish_2551.png,ScorpionFish_2551.jpg,no camouflaged animal,33,There is no camouflaged animal present in the scene.,sd15_inpainting_no_object,ScorpionFish,25,/home/woojye2020/decs_jupyter_lab/MedCLIP-SAMv2/data/MAS3K/extracted/MAS3K/img/ScorpionFish_2551.jpg,/home/woojye2020/decs_jupyter_lab/MedCLIP-SAMv2/data/MAS3K_medclipsam/test_images_sd15_inpainting_v1/generation_metadata.jsonl
/home/woojye2020/decs_jupyter_lab/MedCLIP-SAMv2/data/MAS3K/test/ScorpionFish_2562.png,ScorpionFish_2562.jpg,no camouflaged animal,33,There is no camouflaged animal present in the scene.,sd15_inpainting_no_object,ScorpionFish,25,/home/woojye2020/decs_jupyter_lab/MedCLIP-SAMv2/data/MAS3K/extracted/MAS3K/img/ScorpionFish_2562.jpg,/home/woojye2020/decs_jupyter_lab/MedCLIP-SAMv2/data/MAS3K_medclipsam/test_images_sd15_inpainting_v1/generation_metadata.jsonl
/home/woojye2020/decs_jupyter_lab/MedCLIP-SAMv2/data/MAS3K/test/ScorpionFish_2564.png,ScorpionFish_2564.jpg,no camouflaged animal,33,There is no camouflaged animal present in the scene.,sd15_inpainting_no_object,ScorpionFish,25,/home/woojye2020/decs_jupyter_lab/MedCLIP-SAMv2/data/MAS3K/extracted/MAS3K/img/ScorpionFish_2564.jpg,/home/woojye2020/decs_jupyter_lab/MedCLIP-SAMv2/data/MAS3K_medclipsam/test_images_sd15_inpainting_v1/generation_metadata.jsonl
/home/woojye2020/decs_jupyter_lab/MedCLIP-SAMv2/data/MAS3K/test/ScorpionFish_2569.png,ScorpionFish_2569.jpg,no camouflaged animal,33,There is no camouflaged animal present in the scene.,sd15_inpainting_no_object,ScorpionFish,25,/home/woojye2020/decs_jupyter_lab/MedCLIP-SAMv2/data/MAS3K/extracted/MAS3K/img/ScorpionFish_2569.jpg,/home/woojye2020/decs_jupyter_lab/MedCLIP-SAMv2/data/MAS3K_medclipsam/test_images_sd15_inpainting_v1/generation_metadata.jsonl
/home/woojye2020/decs_jupyter_lab/MedCLIP-SAMv2/data/MAS3K/test/ScorpionFish_2570.png,ScorpionFish_2570.jpg,no camouflaged animal,33,There is no camouflaged animal present in the scene.,sd15_inpainting_no_object,ScorpionFish,25,/home/woojye2020/decs_jupyter_lab/MedCLIP-SAMv2/data/MAS3K/extracted/MAS3K/img/ScorpionFish_2570.jpg,/home/woojye2020/decs_jupyter_lab/MedCLIP-SAMv2/data/MAS3K_medclipsam/test_images_sd15_inpainting_v1/generation_metadata.jsonl
/home/woojye2020/decs_jupyter_lab/MedCLIP-SAMv2/data/MAS3K/test/ScorpionFish_2575.png,ScorpionFish_2575.jpg,no camouflaged animal,33,There is no camouflaged animal present in the scene.,sd15_inpainting_no_object,ScorpionFish,25,/home/woojye2020/decs_jupyter_lab/MedCLIP-SAMv2/data/MAS3K/extracted/MAS3K/img/ScorpionFish_2575.jpg,/home/woojye2020/decs_jupyter_lab/MedCLIP-SAMv2/data/MAS3K_medclipsam/test_images_sd15_inpainting_v1/generation_metadata.jsonl
/home/woojye2020/decs_jupyter_lab/MedCLIP-SAMv2/data/MAS3K/test/ScorpionFish_2577.png,ScorpionFish_2577.jpg,no camouflaged animal,33,There is no camouflaged animal present in the scene.,sd15_inpainting_no_object,ScorpionFish,25,/home/woojye2020/decs_jupyter_lab/MedCLIP-SAMv2/data/MAS3K/extracted/MAS3K/img/ScorpionFish_2577.jpg,/home/woojye2020/decs_jupyter_lab/MedCLIP-SAMv2/data/MAS3K_medclipsam/test_images_sd15_inpainting_v1/generation_metadata.jsonl
/home/woojye2020/decs_jupyter_lab/MedCLIP-SAMv2/data/MAS3K/test/ScorpionFish_2585.png,ScorpionFish_2585.jpg,no camouflaged animal,33,There is no camouflaged animal present in the scene.,sd15_inpainting_no_object,ScorpionFish,25,/home/woojye2020/decs_jupyter_lab/MedCLIP-SAMv2/data/MAS3K/extracted/MAS3K/img/ScorpionFish_2585.jpg,/home/woojye2020/decs_jupyter_lab/MedCLIP-SAMv2/data/MAS3K_medclipsam/test_images_sd15_inpainting_v1/generation_metadata.jsonl
/home/woojye2020/decs_jupyter_lab/MedCLIP-SAMv2/data/MAS3K/test/SeaHorse_2596.png,SeaHorse_2596.jpg,no camouflaged animal,33,There is no camouflaged animal present in the scene.,sd15_inpainting_no_object,SeaHorse,27,/home/woojye2020/decs_jupyter_lab/MedCLIP-SAMv2/data/MAS3K/extracted/MAS3K/img/SeaHorse_2596.jpg,/home/woojye2020/decs_jupyter_lab/MedCLIP-SAMv2/data/MAS3K_medclipsam/test_images_sd15_inpainting_v1/generation_metadata.jsonl
/home/woojye2020/decs_jupyter_lab/MedCLIP-SAMv2/data/MAS3K/test/SeaHorse_2599.png,SeaHorse_2599.jpg,no camouflaged animal,33,There is no camouflaged animal present in the scene.,sd15_inpainting_no_object,SeaHorse,27,/home/woojye2020/decs_jupyter_lab/MedCLIP-SAMv2/data/MAS3K/extracted/MAS3K/img/SeaHorse_2599.jpg,/home/woojye2020/decs_jupyter_lab/MedCLIP-SAMv2/data/MAS3K_medclipsam/test_images_sd15_inpainting_v1/generation_metadata.jsonl
/home/woojye2020/decs_jupyter_lab/MedCLIP-SAMv2/data/MAS3K/test/SeaHorse_2603.png,SeaHorse_2603.jpg,no camouflaged animal,33,There is no camouflaged animal present in the scene.,sd15_inpainting_no_object,SeaHorse,27,/home/woojye2020/decs_jupyter_lab/MedCLIP-SAMv2/data/MAS3K/extracted/MAS3K/img/SeaHorse_2603.jpg,/home/woojye2020/decs_jupyter_lab/MedCLIP-SAMv2/data/MAS3K_medclipsam/test_images_sd15_inpainting_v1/generation_metadata.jsonl
/home/woojye2020/decs_jupyter_lab/MedCLIP-SAMv2/data/MAS3K/test/SeaHorse_2604.png,SeaHorse_2604.jpg,no camouflaged animal,33,There is no camouflaged animal present in the scene.,sd15_inpainting_no_object,SeaHorse,27,/home/woojye2020/decs_jupyter_lab/MedCLIP-SAMv2/data/MAS3K/extracted/MAS3K/img/SeaHorse_2604.jpg,/home/woojye2020/decs_jupyter_lab/MedCLIP-SAMv2/data/MAS3K_medclipsam/test_images_sd15_inpainting_v1/generation_metadata.jsonl
/home/woojye2020/decs_jupyter_lab/MedCLIP-SAMv2/data/MAS3K/test/SeaHorse_2609.png,SeaHorse_2609.jpg,no camouflaged animal,33,There is no camouflaged animal present in the scene.,sd15_inpainting_no_object,SeaHorse,27,/home/woojye2020/decs_jupyter_lab/MedCLIP-SAMv2/data/MAS3K/extracted/MAS3K/img/SeaHorse_2609.jpg,/home/woojye2020/decs_jupyter_lab/MedCLIP-SAMv2/data/MAS3K_medclipsam/test_images_sd15_inpainting_v1/generation_metadata.jsonl
/home/woojye2020/decs_jupyter_lab/MedCLIP-SAMv2/data/MAS3K/test/SeaHorse_2611.png,SeaHorse_2611.jpg,no camouflaged animal,33,There is no camouflaged animal present in the scene.,sd15_inpainting_no_object,SeaHorse,27,/home/woojye2020/decs_jupyter_lab/MedCLIP-SAMv2/data/MAS3K/extracted/MAS3K/img/SeaHorse_2611.jpg,/home/woojye2020/decs_jupyter_lab/MedCLIP-SAMv2/data/MAS3K_medclipsam/test_images_sd15_inpainting_v1/generation_metadata.jsonl
/home/woojye2020/decs_jupyter_lab/MedCLIP-SAMv2/data/MAS3K/test/SeaHorse_2617.png,SeaHorse_2617.jpg,no camouflaged animal,33,There is no camouflaged animal present in the scene.,sd15_inpainting_no_object,SeaHorse,27,/home/woojye2020/decs_jupyter_lab/MedCLIP-SAMv2/data/MAS3K/extracted/MAS3K/img/SeaHorse_2617.jpg,/home/woojye2020/decs_jupyter_lab/MedCLIP-SAMv2/data/MAS3K_medclipsam/test_images_sd15_inpainting_v1/generation_metadata.jsonl
/home/woojye2020/decs_jupyter_lab/MedCLIP-SAMv2/data/MAS3K/test/SeaHorse_2623.png,SeaHorse_2623.jpg,no camouflaged animal,33,There is no camouflaged animal present in the scene.,sd15_inpainting_no_object,SeaHorse,27,/home/woojye2020/decs_jupyter_lab/MedCLIP-SAMv2/data/MAS3K/extracted/MAS3K/img/SeaHorse_2623.jpg,/home/woojye2020/decs_jupyter_lab/MedCLIP-SAMv2/data/MAS3K_medclipsam/test_images_sd15_inpainting_v1/generation_metadata.jsonl
/home/woojye2020/decs_jupyter_lab/MedCLIP-SAMv2/data/MAS3K/test/SeaHorse_2624.png,SeaHorse_2624.jpg,no camouflaged animal,33,There is no camouflaged animal present in the scene.,sd15_inpainting_no_object,SeaHorse,27,/home/woojye2020/decs_jupyter_lab/MedCLIP-SAMv2/data/MAS3K/extracted/MAS3K/img/SeaHorse_2624.jpg,/home/woojye2020/decs_jupyter_lab/MedCLIP-SAMv2/data/MAS3K_medclipsam/test_images_sd15_inpainting_v1/generation_metadata.jsonl
/home/woojye2020/decs_jupyter_lab/MedCLIP-SAMv2/data/MAS3K/test/SeaHorse_2626.png,SeaHorse_2626.jpg,no camouflaged animal,33,There is no camouflaged animal present in the scene.,sd15_inpainting_no_object,SeaHorse,27,/home/woojye2020/decs_jupyter_lab/MedCLIP-SAMv2/data/MAS3K/extracted/MAS3K/img/SeaHorse_2626.jpg,/home/woojye2020/decs_jupyter_lab/MedCLIP-SAMv2/data/MAS3K_medclipsam/test_images_sd15_inpainting_v1/generation_metadata.jsonl
/home/woojye2020/decs_jupyter_lab/MedCLIP-SAMv2/data/MAS3K/test/SeaHorse_2632.png,SeaHorse_2632.jpg,no camouflaged animal,33,There is no camouflaged animal present in the scene.,sd15_inpainting_no_object,SeaHorse,27,/home/woojye2020/decs_jupyter_lab/MedCLIP-SAMv2/data/MAS3K/extracted/MAS3K/img/SeaHorse_2632.jpg,/home/woojye2020/decs_jupyter_lab/MedCLIP-SAMv2/data/MAS3K_medclipsam/test_images_sd15_inpainting_v1/generation_metadata.jsonl
/home/woojye2020/decs_jupyter_lab/MedCLIP-SAMv2/data/MAS3K/test/SeaHorse_2637.png,SeaHorse_2637.jpg,no camouflaged animal,33,There is no camouflaged animal present in the scene.,sd15_inpainting_no_object,SeaHorse,27,/home/woojye2020/decs_jupyter_lab/MedCLIP-SAMv2/data/MAS3K/extracted/MAS3K/img/SeaHorse_2637.jpg,/home/woojye2020/decs_jupyter_lab/MedCLIP-SAMv2/data/MAS3K_medclipsam/test_images_sd15_inpainting_v1/generation_metadata.jsonl
/home/woojye2020/decs_jupyter_lab/MedCLIP-SAMv2/data/MAS3K/test/SeaHorse_2645.png,SeaHorse_2645.jpg,no camouflaged animal,33,There is no camouflaged animal present in the scene.,sd15_inpainting_no_object,SeaHorse,27,/home/woojye2020/decs_jupyter_lab/MedCLIP-SAMv2/data/MAS3K/extracted/MAS3K/img/SeaHorse_2645.jpg,/home/woojye2020/decs_jupyter_lab/MedCLIP-SAMv2/data/MAS3K_medclipsam/test_images_sd15_inpainting_v1/generation_metadata.jsonl
/home/woojye2020/decs_jupyter_lab/MedCLIP-SAMv2/data/MAS3K/test/SeaHorse_2646.png,SeaHorse_2646.jpg,no camouflaged animal,33,There is no camouflaged animal present in the scene.,sd15_inpainting_no_object,SeaHorse,27,/home/woojye2020/decs_jupyter_lab/MedCLIP-SAMv2/data/MAS3K/extracted/MAS3K/img/SeaHorse_2646.jpg,/home/woojye2020/decs_jupyter_lab/MedCLIP-SAMv2/data/MAS3K_medclipsam/test_images_sd15_inpainting_v1/generation_metadata.jsonl
/home/woojye2020/decs_jupyter_lab/MedCLIP-SAMv2/data/MAS3K/test/SeaHorse_2652.png,SeaHorse_2652.jpg,no camouflaged animal,33,There is no camouflaged animal present in the scene.,sd15_inpainting_no_object,SeaHorse,27,/home/woojye2020/decs_jupyter_lab/MedCLIP-SAMv2/data/MAS3K/extracted/MAS3K/img/SeaHorse_2652.jpg,/home/woojye2020/decs_jupyter_lab/MedCLIP-SAMv2/data/MAS3K_medclipsam/test_images_sd15_inpainting_v1/generation_metadata.jsonl
/home/woojye2020/decs_jupyter_lab/MedCLIP-SAMv2/data/MAS3K/test/SeaHorse_2655.png,SeaHorse_2655.jpg,no camouflaged animal,33,There is no camouflaged animal present in the scene.,sd15_inpainting_no_object,SeaHorse,27,/home/woojye2020/decs_jupyter_lab/MedCLIP-SAMv2/data/MAS3K/extracted/MAS3K/img/SeaHorse_2655.jpg,/home/woojye2020/decs_jupyter_lab/MedCLIP-SAMv2/data/MAS3K_medclipsam/test_images_sd15_inpainting_v1/generation_metadata.jsonl
/home/woojye2020/decs_jupyter_lab/MedCLIP-SAMv2/data/MAS3K/test/SeaHorse_2656.png,SeaHorse_2656.jpg,no camouflaged animal,33,There is no camouflaged animal present in the scene.,sd15_inpainting_no_object,SeaHorse,27,/home/woojye2020/decs_jupyter_lab/MedCLIP-SAMv2/data/MAS3K/extracted/MAS3K/img/SeaHorse_2656.jpg,/home/woojye2020/decs_jupyter_lab/MedCLIP-SAMv2/data/MAS3K_medclipsam/test_images_sd15_inpainting_v1/generation_metadata.jsonl
/home/woojye2020/decs_jupyter_lab/MedCLIP-SAMv2/data/MAS3K/test/SeaHorse_2660.png,SeaHorse_2660.jpg,no camouflaged animal,33,There is no camouflaged animal present in the scene.,sd15_inpainting_no_object,SeaHorse,27,/home/woojye2020/decs_jupyter_lab/MedCLIP-SAMv2/data/MAS3K/extracted/MAS3K/img/SeaHorse_2660.jpg,/home/woojye2020/decs_jupyter_lab/MedCLIP-SAMv2/data/MAS3K_medclipsam/test_images_sd15_inpainting_v1/generation_metadata.jsonl
/home/woojye2020/decs_jupyter_lab/MedCLIP-SAMv2/data/MAS3K/test/SeaHorse_2667.png,SeaHorse_2667.jpg,no camouflaged animal,33,There is no camouflaged animal present in the scene.,sd15_inpainting_no_object,SeaHorse,27,/home/woojye2020/decs_jupyter_lab/MedCLIP-SAMv2/data/MAS3K/extracted/MAS3K/img/SeaHorse_2667.jpg,/home/woojye2020/decs_jupyter_lab/MedCLIP-SAMv2/data/MAS3K_medclipsam/test_images_sd15_inpainting_v1/generation_metadata.jsonl
/home/woojye2020/decs_jupyter_lab/MedCLIP-SAMv2/data/MAS3K/test/SeaHorse_2676.png,SeaHorse_2676.jpg,no camouflaged animal,33,There is no camouflaged animal present in the scene.,sd15_inpainting_no_object,SeaHorse,27,/home/woojye2020/decs_jupyter_lab/MedCLIP-SAMv2/data/MAS3K/extracted/MAS3K/img/SeaHorse_2676.jpg,/home/woojye2020/decs_jupyter_lab/MedCLIP-SAMv2/data/MAS3K_medclipsam/test_images_sd15_inpainting_v1/generation_metadata.jsonl
/home/woojye2020/decs_jupyter_lab/MedCLIP-SAMv2/data/MAS3K/test/SeaHorse_2681.png,SeaHorse_2681.jpg,no camouflaged animal,33,There is no camouflaged animal present in the scene.,sd15_inpainting_no_object,SeaHorse,27,/home/woojye2020/decs_jupyter_lab/MedCLIP-SAMv2/data/MAS3K/extracted/MAS3K/img/SeaHorse_2681.jpg,/home/woojye2020/decs_jupyter_lab/MedCLIP-SAMv2/data/MAS3K_medclipsam/test_images_sd15_inpainting_v1/generation_metadata.jsonl
/home/woojye2020/decs_jupyter_lab/MedCLIP-SAMv2/data/MAS3K/test/SeaHorse_2683.png,SeaHorse_2683.jpg,no camouflaged animal,33,There is no camouflaged animal present in the scene.,sd15_inpainting_no_object,SeaHorse,27,/home/woojye2020/decs_jupyter_lab/MedCLIP-SAMv2/data/MAS3K/extracted/MAS3K/img/SeaHorse_2683.jpg,/home/woojye2020/decs_jupyter_lab/MedCLIP-SAMv2/data/MAS3K_medclipsam/test_images_sd15_inpainting_v1/generation_metadata.jsonl
/home/woojye2020/decs_jupyter_lab/MedCLIP-SAMv2/data/MAS3K/test/SeaHorse_2689.png,SeaHorse_2689.jpg,no camouflaged animal,33,There is no camouflaged animal present in the scene.,sd15_inpainting_no_object,SeaHorse,27,/home/woojye2020/decs_jupyter_lab/MedCLIP-SAMv2/data/MAS3K/extracted/MAS3K/img/SeaHorse_2689.jpg,/home/woojye2020/decs_jupyter_lab/MedCLIP-SAMv2/data/MAS3K_medclipsam/test_images_sd15_inpainting_v1/generation_metadata.jsonl
/home/woojye2020/decs_jupyter_lab/MedCLIP-SAMv2/data/MAS3K/test/SeaHorse_2693.png,SeaHorse_2693.jpg,no camouflaged animal,33,There is no camouflaged animal present in the scene.,sd15_inpainting_no_object,SeaHorse,27,/home/woojye2020/decs_jupyter_lab/MedCLIP-SAMv2/data/MAS3K/extracted/MAS3K/img/SeaHorse_2693.jpg,/home/woojye2020/decs_jupyter_lab/MedCLIP-SAMv2/data/MAS3K_medclipsam/test_images_sd15_inpainting_v1/generation_metadata.jsonl
/home/woojye2020/decs_jupyter_lab/MedCLIP-SAMv2/data/MAS3K/test/SeaHorse_2694.png,SeaHorse_2694.jpg,no camouflaged animal,33,There is no camouflaged animal present in the scene.,sd15_inpainting_no_object,SeaHorse,27,/home/woojye2020/decs_jupyter_lab/MedCLIP-SAMv2/data/MAS3K/extracted/MAS3K/img/SeaHorse_2694.jpg,/home/woojye2020/decs_jupyter_lab/MedCLIP-SAMv2/data/MAS3K_medclipsam/test_images_sd15_inpainting_v1/generation_metadata.jsonl
/home/woojye2020/decs_jupyter_lab/MedCLIP-SAMv2/data/MAS3K/test/SeaHorse_2701.png,SeaHorse_2701.jpg,no camouflaged animal,33,There is no camouflaged animal present in the scene.,sd15_inpainting_no_object,SeaHorse,27,/home/woojye2020/decs_jupyter_lab/MedCLIP-SAMv2/data/MAS3K/extracted/MAS3K/img/SeaHorse_2701.jpg,/home/woojye2020/decs_jupyter_lab/MedCLIP-SAMv2/data/MAS3K_medclipsam/test_images_sd15_inpainting_v1/generation_metadata.jsonl
/home/woojye2020/decs_jupyter_lab/MedCLIP-SAMv2/data/MAS3K/test/SeaHorse_2715.png,SeaHorse_2715.jpg,no camouflaged animal,33,There is no camouflaged animal present in the scene.,sd15_inpainting_no_object,SeaHorse,27,/home/woojye2020/decs_jupyter_lab/MedCLIP-SAMv2/data/MAS3K/extracted/MAS3K/img/SeaHorse_2715.jpg,/home/woojye2020/decs_jupyter_lab/MedCLIP-SAMv2/data/MAS3K_medclipsam/test_images_sd15_inpainting_v1/generation_metadata.jsonl
/home/woojye2020/decs_jupyter_lab/MedCLIP-SAMv2/data/MAS3K/test/SeaHorse_2719.png,SeaHorse_2719.jpg,no camouflaged animal,33,There is no camouflaged animal present in the scene.,sd15_inpainting_no_object,SeaHorse,27,/home/woojye2020/decs_jupyter_lab/MedCLIP-SAMv2/data/MAS3K/extracted/MAS3K/img/SeaHorse_2719.jpg,/home/woojye2020/decs_jupyter_lab/MedCLIP-SAMv2/data/MAS3K_medclipsam/test_images_sd15_inpainting_v1/generation_metadata.jsonl
/home/woojye2020/decs_jupyter_lab/MedCLIP-SAMv2/data/MAS3K/test/SeaHorse_2721.png,SeaHorse_2721.jpg,no camouflaged animal,33,There is no camouflaged animal present in the scene.,sd15_inpainting_no_object,SeaHorse,27,/home/woojye2020/decs_jupyter_lab/MedCLIP-SAMv2/data/MAS3K/extracted/MAS3K/img/SeaHorse_2721.jpg,/home/woojye2020/decs_jupyter_lab/MedCLIP-SAMv2/data/MAS3K_medclipsam/test_images_sd15_inpainting_v1/generation_metadata.jsonl
/home/woojye2020/decs_jupyter_lab/MedCLIP-SAMv2/data/MAS3K/test/SeaHorse_2743.png,SeaHorse_2743.jpg,no camouflaged animal,33,There is no camouflaged animal present in the scene.,sd15_inpainting_no_object,SeaHorse,27,/home/woojye2020/decs_jupyter_lab/MedCLIP-SAMv2/data/MAS3K/extracted/MAS3K/img/SeaHorse_2743.jpg,/home/woojye2020/decs_jupyter_lab/MedCLIP-SAMv2/data/MAS3K_medclipsam/test_images_sd15_inpainting_v1/generation_metadata.jsonl
/home/woojye2020/decs_jupyter_lab/MedCLIP-SAMv2/data/MAS3K/test/Seal_805.png,Seal_805.jpg,no camouflaged animal,33,There is no camouflaged animal present in the scene.,sd15_inpainting_no_object,Seal,28,/home/woojye2020/decs_jupyter_lab/MedCLIP-SAMv2/data/MAS3K/extracted/MAS3K/img/Seal_805.jpg,/home/woojye2020/decs_jupyter_lab/MedCLIP-SAMv2/data/MAS3K_medclipsam/test_images_sd15_inpainting_v1/generation_metadata.jsonl
/home/woojye2020/decs_jupyter_lab/MedCLIP-SAMv2/data/MAS3K/test/Seal_816.png,Seal_816.jpg,no camouflaged animal,33,There is no camouflaged animal present in the scene.,sd15_inpainting_no_object,Seal,28,/home/woojye2020/decs_jupyter_lab/MedCLIP-SAMv2/data/MAS3K/extracted/MAS3K/img/Seal_816.jpg,/home/woojye2020/decs_jupyter_lab/MedCLIP-SAMv2/data/MAS3K_medclipsam/test_images_sd15_inpainting_v1/generation_metadata.jsonl
/home/woojye2020/decs_jupyter_lab/MedCLIP-SAMv2/data/MAS3K/test/Seal_829.png,Seal_829.jpg,no camouflaged animal,33,There is no camouflaged animal present in the scene.,sd15_inpainting_no_object,Seal,28,/home/woojye2020/decs_jupyter_lab/MedCLIP-SAMv2/data/MAS3K/extracted/MAS3K/img/Seal_829.jpg,/home/woojye2020/decs_jupyter_lab/MedCLIP-SAMv2/data/MAS3K_medclipsam/test_images_sd15_inpainting_v1/generation_metadata.jsonl
/home/woojye2020/decs_jupyter_lab/MedCLIP-SAMv2/data/MAS3K/test/Seal_833.png,Seal_833.jpg,no camouflaged animal,33,There is no camouflaged animal present in the scene.,sd15_inpainting_no_object,Seal,28,/home/woojye2020/decs_jupyter_lab/MedCLIP-SAMv2/data/MAS3K/extracted/MAS3K/img/Seal_833.jpg,/home/woojye2020/decs_jupyter_lab/MedCLIP-SAMv2/data/MAS3K_medclipsam/test_images_sd15_inpainting_v1/generation_metadata.jsonl
/home/woojye2020/decs_jupyter_lab/MedCLIP-SAMv2/data/MAS3K/test/Seal_845.png,Seal_845.jpg,no camouflaged animal,33,There is no camouflaged animal present in the scene.,sd15_inpainting_no_object,Seal,28,/home/woojye2020/decs_jupyter_lab/MedCLIP-SAMv2/data/MAS3K/extracted/MAS3K/img/Seal_845.jpg,/home/woojye2020/decs_jupyter_lab/MedCLIP-SAMv2/data/MAS3K_medclipsam/test_images_sd15_inpainting_v1/generation_metadata.jsonl
/home/woojye2020/decs_jupyter_lab/MedCLIP-SAMv2/data/MAS3K/test/Seal_847.png,Seal_847.jpg,no camouflaged animal,33,There is no camouflaged animal present in the scene.,sd15_inpainting_no_object,Seal,28,/home/woojye2020/decs_jupyter_lab/MedCLIP-SAMv2/data/MAS3K/extracted/MAS3K/img/Seal_847.jpg,/home/woojye2020/decs_jupyter_lab/MedCLIP-SAMv2/data/MAS3K_medclipsam/test_images_sd15_inpainting_v1/generation_metadata.jsonl
/home/woojye2020/decs_jupyter_lab/MedCLIP-SAMv2/data/MAS3K/test/Seal_856.png,Seal_856.jpg,no camouflaged animal,33,There is no camouflaged animal present in the scene.,sd15_inpainting_no_object,Seal,28,/home/woojye2020/decs_jupyter_lab/MedCLIP-SAMv2/data/MAS3K/extracted/MAS3K/img/Seal_856.jpg,/home/woojye2020/decs_jupyter_lab/MedCLIP-SAMv2/data/MAS3K_medclipsam/test_images_sd15_inpainting_v1/generation_metadata.jsonl
/home/woojye2020/decs_jupyter_lab/MedCLIP-SAMv2/data/MAS3K/test/Shark_872.png,Shark_872.jpg,no camouflaged animal,33,There is no camouflaged animal present in the scene.,sd15_inpainting_no_object,Shark,29,/home/woojye2020/decs_jupyter_lab/MedCLIP-SAMv2/data/MAS3K/extracted/MAS3K/img/Shark_872.jpg,/home/woojye2020/decs_jupyter_lab/MedCLIP-SAMv2/data/MAS3K_medclipsam/test_images_sd15_inpainting_v1/generation_metadata.jsonl
/home/woojye2020/decs_jupyter_lab/MedCLIP-SAMv2/data/MAS3K/test/Shark_873.png,Shark_873.jpg,no camouflaged animal,33,There is no camouflaged animal present in the scene.,sd15_inpainting_no_object,Shark,29,/home/woojye2020/decs_jupyter_lab/MedCLIP-SAMv2/data/MAS3K/extracted/MAS3K/img/Shark_873.jpg,/home/woojye2020/decs_jupyter_lab/MedCLIP-SAMv2/data/MAS3K_medclipsam/test_images_sd15_inpainting_v1/generation_metadata.jsonl
/home/woojye2020/decs_jupyter_lab/MedCLIP-SAMv2/data/MAS3K/test/Shark_879.png,Shark_879.jpg,no camouflaged animal,33,There is no camouflaged animal present in the scene.,sd15_inpainting_no_object,Shark,29,/home/woojye2020/decs_jupyter_lab/MedCLIP-SAMv2/data/MAS3K/extracted/MAS3K/img/Shark_879.jpg,/home/woojye2020/decs_jupyter_lab/MedCLIP-SAMv2/data/MAS3K_medclipsam/test_images_sd15_inpainting_v1/generation_metadata.jsonl
/home/woojye2020/decs_jupyter_lab/MedCLIP-SAMv2/data/MAS3K/test/Shark_898.png,Shark_898.jpg,no camouflaged animal,33,There is no camouflaged animal present in the scene.,sd15_inpainting_no_object,Shark,29,/home/woojye2020/decs_jupyter_lab/MedCLIP-SAMv2/data/MAS3K/extracted/MAS3K/img/Shark_898.jpg,/home/woojye2020/decs_jupyter_lab/MedCLIP-SAMv2/data/MAS3K_medclipsam/test_images_sd15_inpainting_v1/generation_metadata.jsonl
/home/woojye2020/decs_jupyter_lab/MedCLIP-SAMv2/data/MAS3K/test/Shark_902.png,Shark_902.jpg,no camouflaged animal,33,There is no camouflaged animal present in the scene.,sd15_inpainting_no_object,Shark,29,/home/woojye2020/decs_jupyter_lab/MedCLIP-SAMv2/data/MAS3K/extracted/MAS3K/img/Shark_902.jpg,/home/woojye2020/decs_jupyter_lab/MedCLIP-SAMv2/data/MAS3K_medclipsam/test_images_sd15_inpainting_v1/generation_metadata.jsonl
/home/woojye2020/decs_jupyter_lab/MedCLIP-SAMv2/data/MAS3K/test/Shark_910.png,Shark_910.jpg,no camouflaged animal,33,There is no camouflaged animal present in the scene.,sd15_inpainting_no_object,Shark,29,/home/woojye2020/decs_jupyter_lab/MedCLIP-SAMv2/data/MAS3K/extracted/MAS3K/img/Shark_910.jpg,/home/woojye2020/decs_jupyter_lab/MedCLIP-SAMv2/data/MAS3K_medclipsam/test_images_sd15_inpainting_v1/generation_metadata.jsonl
/home/woojye2020/decs_jupyter_lab/MedCLIP-SAMv2/data/MAS3K/test/Shrimp_496.png,Shrimp_496.jpg,no camouflaged animal,33,There is no camouflaged animal present in the scene.,sd15_inpainting_no_object,Shrimp,30,/home/woojye2020/decs_jupyter_lab/MedCLIP-SAMv2/data/MAS3K/extracted/MAS3K/img/Shrimp_496.jpg,/home/woojye2020/decs_jupyter_lab/MedCLIP-SAMv2/data/MAS3K_medclipsam/test_images_sd15_inpainting_v1/generation_metadata.jsonl
/home/woojye2020/decs_jupyter_lab/MedCLIP-SAMv2/data/MAS3K/test/Shrimp_497.png,Shrimp_497.jpg,no camouflaged animal,33,There is no camouflaged animal present in the scene.,sd15_inpainting_no_object,Shrimp,30,/home/woojye2020/decs_jupyter_lab/MedCLIP-SAMv2/data/MAS3K/extracted/MAS3K/img/Shrimp_497.jpg,/home/woojye2020/decs_jupyter_lab/MedCLIP-SAMv2/data/MAS3K_medclipsam/test_images_sd15_inpainting_v1/generation_metadata.jsonl
/home/woojye2020/decs_jupyter_lab/MedCLIP-SAMv2/data/MAS3K/test/Shrimp_500.png,Shrimp_500.jpg,no camouflaged animal,33,There is no camouflaged animal present in the scene.,sd15_inpainting_no_object,Shrimp,30,/home/woojye2020/decs_jupyter_lab/MedCLIP-SAMv2/data/MAS3K/extracted/MAS3K/img/Shrimp_500.jpg,/home/woojye2020/decs_jupyter_lab/MedCLIP-SAMv2/data/MAS3K_medclipsam/test_images_sd15_inpainting_v1/generation_metadata.jsonl
/home/woojye2020/decs_jupyter_lab/MedCLIP-SAMv2/data/MAS3K/test/Shrimp_502.png,Shrimp_502.jpg,no camouflaged animal,33,There is no camouflaged animal present in the scene.,sd15_inpainting_no_object,Shrimp,30,/home/woojye2020/decs_jupyter_lab/MedCLIP-SAMv2/data/MAS3K/extracted/MAS3K/img/Shrimp_502.jpg,/home/woojye2020/decs_jupyter_lab/MedCLIP-SAMv2/data/MAS3K_medclipsam/test_images_sd15_inpainting_v1/generation_metadata.jsonl
/home/woojye2020/decs_jupyter_lab/MedCLIP-SAMv2/data/MAS3K/test/Shrimp_503.png,Shrimp_503.jpg,no camouflaged animal,33,There is no camouflaged animal present in the scene.,sd15_inpainting_no_object,Shrimp,30,/home/woojye2020/decs_jupyter_lab/MedCLIP-SAMv2/data/MAS3K/extracted/MAS3K/img/Shrimp_503.jpg,/home/woojye2020/decs_jupyter_lab/MedCLIP-SAMv2/data/MAS3K_medclipsam/test_images_sd15_inpainting_v1/generation_metadata.jsonl
/home/woojye2020/decs_jupyter_lab/MedCLIP-SAMv2/data/MAS3K/test/Shrimp_507.png,Shrimp_507.jpg,no camouflaged animal,33,There is no camouflaged animal present in the scene.,sd15_inpainting_no_object,Shrimp,30,/home/woojye2020/decs_jupyter_lab/MedCLIP-SAMv2/data/MAS3K/extracted/MAS3K/img/Shrimp_507.jpg,/home/woojye2020/decs_jupyter_lab/MedCLIP-SAMv2/data/MAS3K_medclipsam/test_images_sd15_inpainting_v1/generation_metadata.jsonl
/home/woojye2020/decs_jupyter_lab/MedCLIP-SAMv2/data/MAS3K/test/Shrimp_510.png,Shrimp_510.jpg,no camouflaged animal,33,There is no camouflaged animal present in the scene.,sd15_inpainting_no_object,Shrimp,30,/home/woojye2020/decs_jupyter_lab/MedCLIP-SAMv2/data/MAS3K/extracted/MAS3K/img/Shrimp_510.jpg,/home/woojye2020/decs_jupyter_lab/MedCLIP-SAMv2/data/MAS3K_medclipsam/test_images_sd15_inpainting_v1/generation_metadata.jsonl
/home/woojye2020/decs_jupyter_lab/MedCLIP-SAMv2/data/MAS3K/test/Shrimp_514.png,Shrimp_514.jpg,no camouflaged animal,33,There is no camouflaged animal present in the scene.,sd15_inpainting_no_object,Shrimp,30,/home/woojye2020/decs_jupyter_lab/MedCLIP-SAMv2/data/MAS3K/extracted/MAS3K/img/Shrimp_514.jpg,/home/woojye2020/decs_jupyter_lab/MedCLIP-SAMv2/data/MAS3K_medclipsam/test_images_sd15_inpainting_v1/generation_metadata.jsonl
/home/woojye2020/decs_jupyter_lab/MedCLIP-SAMv2/data/MAS3K/test/Shrimp_516.png,Shrimp_516.jpg,no camouflaged animal,33,There is no camouflaged animal present in the scene.,sd15_inpainting_no_object,Shrimp,30,/home/woojye2020/decs_jupyter_lab/MedCLIP-SAMv2/data/MAS3K/extracted/MAS3K/img/Shrimp_516.jpg,/home/woojye2020/decs_jupyter_lab/MedCLIP-SAMv2/data/MAS3K_medclipsam/test_images_sd15_inpainting_v1/generation_metadata.jsonl
/home/woojye2020/decs_jupyter_lab/MedCLIP-SAMv2/data/MAS3K/test/Shrimp_519.png,Shrimp_519.jpg,no camouflaged animal,33,There is no camouflaged animal present in the scene.,sd15_inpainting_no_object,Shrimp,30,/home/woojye2020/decs_jupyter_lab/MedCLIP-SAMv2/data/MAS3K/extracted/MAS3K/img/Shrimp_519.jpg,/home/woojye2020/decs_jupyter_lab/MedCLIP-SAMv2/data/MAS3K_medclipsam/test_images_sd15_inpainting_v1/generation_metadata.jsonl
/home/woojye2020/decs_jupyter_lab/MedCLIP-SAMv2/data/MAS3K/test/Shrimp_528.png,Shrimp_528.jpg,no camouflaged animal,33,There is no camouflaged animal present in the scene.,sd15_inpainting_no_object,Shrimp,30,/home/woojye2020/decs_jupyter_lab/MedCLIP-SAMv2/data/MAS3K/extracted/MAS3K/img/Shrimp_528.jpg,/home/woojye2020/decs_jupyter_lab/MedCLIP-SAMv2/data/MAS3K_medclipsam/test_images_sd15_inpainting_v1/generation_metadata.jsonl
/home/woojye2020/decs_jupyter_lab/MedCLIP-SAMv2/data/MAS3K/test/Shrimp_529.png,Shrimp_529.jpg,no camouflaged animal,33,There is no camouflaged animal present in the scene.,sd15_inpainting_no_object,Shrimp,30,/home/woojye2020/decs_jupyter_lab/MedCLIP-SAMv2/data/MAS3K/extracted/MAS3K/img/Shrimp_529.jpg,/home/woojye2020/decs_jupyter_lab/MedCLIP-SAMv2/data/MAS3K_medclipsam/test_images_sd15_inpainting_v1/generation_metadata.jsonl
/home/woojye2020/decs_jupyter_lab/MedCLIP-SAMv2/data/MAS3K/test/Shrimp_531.png,Shrimp_531.jpg,no camouflaged animal,33,There is no camouflaged animal present in the scene.,sd15_inpainting_no_object,Shrimp,30,/home/woojye2020/decs_jupyter_lab/MedCLIP-SAMv2/data/MAS3K/extracted/MAS3K/img/Shrimp_531.jpg,/home/woojye2020/decs_jupyter_lab/MedCLIP-SAMv2/data/MAS3K_medclipsam/test_images_sd15_inpainting_v1/generation_metadata.jsonl
/home/woojye2020/decs_jupyter_lab/MedCLIP-SAMv2/data/MAS3K/test/Shrimp_532.png,Shrimp_532.jpg,no camouflaged animal,33,There is no camouflaged animal present in the scene.,sd15_inpainting_no_object,Shrimp,30,/home/woojye2020/decs_jupyter_lab/MedCLIP-SAMv2/data/MAS3K/extracted/MAS3K/img/Shrimp_532.jpg,/home/woojye2020/decs_jupyter_lab/MedCLIP-SAMv2/data/MAS3K_medclipsam/test_images_sd15_inpainting_v1/generation_metadata.jsonl
/home/woojye2020/decs_jupyter_lab/MedCLIP-SAMv2/data/MAS3K/test/Shrimp_533.png,Shrimp_533.jpg,no camouflaged animal,33,There is no camouflaged animal present in the scene.,sd15_inpainting_no_object,Shrimp,30,/home/woojye2020/decs_jupyter_lab/MedCLIP-SAMv2/data/MAS3K/extracted/MAS3K/img/Shrimp_533.jpg,/home/woojye2020/decs_jupyter_lab/MedCLIP-SAMv2/data/MAS3K_medclipsam/test_images_sd15_inpainting_v1/generation_metadata.jsonl
/home/woojye2020/decs_jupyter_lab/MedCLIP-SAMv2/data/MAS3K/test/Shrimp_536.png,Shrimp_536.jpg,no camouflaged animal,33,There is no camouflaged animal present in the scene.,sd15_inpainting_no_object,Shrimp,30,/home/woojye2020/decs_jupyter_lab/MedCLIP-SAMv2/data/MAS3K/extracted/MAS3K/img/Shrimp_536.jpg,/home/woojye2020/decs_jupyter_lab/MedCLIP-SAMv2/data/MAS3K_medclipsam/test_images_sd15_inpainting_v1/generation_metadata.jsonl
/home/woojye2020/decs_jupyter_lab/MedCLIP-SAMv2/data/MAS3K/test/Slug_187.png,Slug_187.jpg,no camouflaged animal,33,There is no camouflaged animal present in the scene.,sd15_inpainting_no_object,Slug,31,/home/woojye2020/decs_jupyter_lab/MedCLIP-SAMv2/data/MAS3K/extracted/MAS3K/img/Slug_187.jpg,/home/woojye2020/decs_jupyter_lab/MedCLIP-SAMv2/data/MAS3K_medclipsam/test_images_sd15_inpainting_v1/generation_metadata.jsonl
/home/woojye2020/decs_jupyter_lab/MedCLIP-SAMv2/data/MAS3K/test/Slug_195.png,Slug_195.jpg,no camouflaged animal,33,There is no camouflaged animal present in the scene.,sd15_inpainting_no_object,Slug,31,/home/woojye2020/decs_jupyter_lab/MedCLIP-SAMv2/data/MAS3K/extracted/MAS3K/img/Slug_195.jpg,/home/woojye2020/decs_jupyter_lab/MedCLIP-SAMv2/data/MAS3K_medclipsam/test_images_sd15_inpainting_v1/generation_metadata.jsonl
/home/woojye2020/decs_jupyter_lab/MedCLIP-SAMv2/data/MAS3K/test/StarFish_218.png,StarFish_218.jpg,no camouflaged animal,33,There is no camouflaged animal present in the scene.,sd15_inpainting_no_object,StarFish,32,/home/woojye2020/decs_jupyter_lab/MedCLIP-SAMv2/data/MAS3K/extracted/MAS3K/img/StarFish_218.jpg,/home/woojye2020/decs_jupyter_lab/MedCLIP-SAMv2/data/MAS3K_medclipsam/test_images_sd15_inpainting_v1/generation_metadata.jsonl
/home/woojye2020/decs_jupyter_lab/MedCLIP-SAMv2/data/MAS3K/test/StarFish_222.png,StarFish_222.jpg,no camouflaged animal,33,There is no camouflaged animal present in the scene.,sd15_inpainting_no_object,StarFish,32,/home/woojye2020/decs_jupyter_lab/MedCLIP-SAMv2/data/MAS3K/extracted/MAS3K/img/StarFish_222.jpg,/home/woojye2020/decs_jupyter_lab/MedCLIP-SAMv2/data/MAS3K_medclipsam/test_images_sd15_inpainting_v1/generation_metadata.jsonl
/home/woojye2020/decs_jupyter_lab/MedCLIP-SAMv2/data/MAS3K/test/StarFish_227.png,StarFish_227.jpg,no camouflaged animal,33,There is no camouflaged animal present in the scene.,sd15_inpainting_no_object,StarFish,32,/home/woojye2020/decs_jupyter_lab/MedCLIP-SAMv2/data/MAS3K/extracted/MAS3K/img/StarFish_227.jpg,/home/woojye2020/decs_jupyter_lab/MedCLIP-SAMv2/data/MAS3K_medclipsam/test_images_sd15_inpainting_v1/generation_metadata.jsonl
/home/woojye2020/decs_jupyter_lab/MedCLIP-SAMv2/data/MAS3K/test/StarFish_229.png,StarFish_229.jpg,no camouflaged animal,33,There is no camouflaged animal present in the scene.,sd15_inpainting_no_object,StarFish,32,/home/woojye2020/decs_jupyter_lab/MedCLIP-SAMv2/data/MAS3K/extracted/MAS3K/img/StarFish_229.jpg,/home/woojye2020/decs_jupyter_lab/MedCLIP-SAMv2/data/MAS3K_medclipsam/test_images_sd15_inpainting_v1/generation_metadata.jsonl
/home/woojye2020/decs_jupyter_lab/MedCLIP-SAMv2/data/MAS3K/test/StarFish_237.png,StarFish_237.jpg,no camouflaged animal,33,There is no camouflaged animal present in the scene.,sd15_inpainting_no_object,StarFish,32,/home/woojye2020/decs_jupyter_lab/MedCLIP-SAMv2/data/MAS3K/extracted/MAS3K/img/StarFish_237.jpg,/home/woojye2020/decs_jupyter_lab/MedCLIP-SAMv2/data/MAS3K_medclipsam/test_images_sd15_inpainting_v1/generation_metadata.jsonl
/home/woojye2020/decs_jupyter_lab/MedCLIP-SAMv2/data/MAS3K/test/StarFish_240.png,StarFish_240.jpg,no camouflaged animal,33,There is no camouflaged animal present in the scene.,sd15_inpainting_no_object,StarFish,32,/home/woojye2020/decs_jupyter_lab/MedCLIP-SAMv2/data/MAS3K/extracted/MAS3K/img/StarFish_240.jpg,/home/woojye2020/decs_jupyter_lab/MedCLIP-SAMv2/data/MAS3K_medclipsam/test_images_sd15_inpainting_v1/generation_metadata.jsonl
/home/woojye2020/decs_jupyter_lab/MedCLIP-SAMv2/data/MAS3K/test/StarFish_243.png,StarFish_243.jpg,no camouflaged animal,33,There is no camouflaged animal present in the scene.,sd15_inpainting_no_object,StarFish,32,/home/woojye2020/decs_jupyter_lab/MedCLIP-SAMv2/data/MAS3K/extracted/MAS3K/img/StarFish_243.jpg,/home/woojye2020/decs_jupyter_lab/MedCLIP-SAMv2/data/MAS3K_medclipsam/test_images_sd15_inpainting_v1/generation_metadata.jsonl
/home/woojye2020/decs_jupyter_lab/MedCLIP-SAMv2/data/MAS3K/test/StarFish_245.png,StarFish_245.jpg,no camouflaged animal,33,There is no camouflaged animal present in the scene.,sd15_inpainting_no_object,StarFish,32,/home/woojye2020/decs_jupyter_lab/MedCLIP-SAMv2/data/MAS3K/extracted/MAS3K/img/StarFish_245.jpg,/home/woojye2020/decs_jupyter_lab/MedCLIP-SAMv2/data/MAS3K_medclipsam/test_images_sd15_inpainting_v1/generation_metadata.jsonl
/home/woojye2020/decs_jupyter_lab/MedCLIP-SAMv2/data/MAS3K/test/StarFish_248.png,StarFish_248.jpg,no camouflaged animal,33,There is no camouflaged animal present in the scene.,sd15_inpainting_no_object,StarFish,32,/home/woojye2020/decs_jupyter_lab/MedCLIP-SAMv2/data/MAS3K/extracted/MAS3K/img/StarFish_248.jpg,/home/woojye2020/decs_jupyter_lab/MedCLIP-SAMv2/data/MAS3K_medclipsam/test_images_sd15_inpainting_v1/generation_metadata.jsonl
/home/woojye2020/decs_jupyter_lab/MedCLIP-SAMv2/data/MAS3K/test/StarFish_250.png,StarFish_250.jpg,no camouflaged animal,33,There is no camouflaged animal present in the scene.,sd15_inpainting_no_object,StarFish,32,/home/woojye2020/decs_jupyter_lab/MedCLIP-SAMv2/data/MAS3K/extracted/MAS3K/img/StarFish_250.jpg,/home/woojye2020/decs_jupyter_lab/MedCLIP-SAMv2/data/MAS3K_medclipsam/test_images_sd15_inpainting_v1/generation_metadata.jsonl
/home/woojye2020/decs_jupyter_lab/MedCLIP-SAMv2/data/MAS3K/test/StarFish_260.png,StarFish_260.jpg,no camouflaged animal,33,There is no camouflaged animal present in the scene.,sd15_inpainting_no_object,StarFish,32,/home/woojye2020/decs_jupyter_lab/MedCLIP-SAMv2/data/MAS3K/extracted/MAS3K/img/StarFish_260.jpg,/home/woojye2020/decs_jupyter_lab/MedCLIP-SAMv2/data/MAS3K_medclipsam/test_images_sd15_inpainting_v1/generation_metadata.jsonl
/home/woojye2020/decs_jupyter_lab/MedCLIP-SAMv2/data/MAS3K/test/StarFish_261.png,StarFish_261.jpg,no camouflaged animal,33,There is no camouflaged animal present in the scene.,sd15_inpainting_no_object,StarFish,32,/home/woojye2020/decs_jupyter_lab/MedCLIP-SAMv2/data/MAS3K/extracted/MAS3K/img/StarFish_261.jpg,/home/woojye2020/decs_jupyter_lab/MedCLIP-SAMv2/data/MAS3K_medclipsam/test_images_sd15_inpainting_v1/generation_metadata.jsonl
/home/woojye2020/decs_jupyter_lab/MedCLIP-SAMv2/data/MAS3K/test/StarFish_262.png,StarFish_262.jpg,no camouflaged animal,33,There is no camouflaged animal present in the scene.,sd15_inpainting_no_object,StarFish,32,/home/woojye2020/decs_jupyter_lab/MedCLIP-SAMv2/data/MAS3K/extracted/MAS3K/img/StarFish_262.jpg,/home/woojye2020/decs_jupyter_lab/MedCLIP-SAMv2/data/MAS3K_medclipsam/test_images_sd15_inpainting_v1/generation_metadata.jsonl
/home/woojye2020/decs_jupyter_lab/MedCLIP-SAMv2/data/MAS3K/test/StarFish_264.png,StarFish_264.jpg,no camouflaged animal,33,There is no camouflaged animal present in the scene.,sd15_inpainting_no_object,StarFish,32,/home/woojye2020/decs_jupyter_lab/MedCLIP-SAMv2/data/MAS3K/extracted/MAS3K/img/StarFish_264.jpg,/home/woojye2020/decs_jupyter_lab/MedCLIP-SAMv2/data/MAS3K_medclipsam/test_images_sd15_inpainting_v1/generation_metadata.jsonl
/home/woojye2020/decs_jupyter_lab/MedCLIP-SAMv2/data/MAS3K/test/StarFish_280.png,StarFish_280.jpg,no camouflaged animal,33,There is no camouflaged animal present in the scene.,sd15_inpainting_no_object,StarFish,32,/home/woojye2020/decs_jupyter_lab/MedCLIP-SAMv2/data/MAS3K/extracted/MAS3K/img/StarFish_280.jpg,/home/woojye2020/decs_jupyter_lab/MedCLIP-SAMv2/data/MAS3K_medclipsam/test_images_sd15_inpainting_v1/generation_metadata.jsonl
/home/woojye2020/decs_jupyter_lab/MedCLIP-SAMv2/data/MAS3K/test/StarFish_282.png,StarFish_282.jpg,no camouflaged animal,33,There is no camouflaged animal present in the scene.,sd15_inpainting_no_object,StarFish,32,/home/woojye2020/decs_jupyter_lab/MedCLIP-SAMv2/data/MAS3K/extracted/MAS3K/img/StarFish_282.jpg,/home/woojye2020/decs_jupyter_lab/MedCLIP-SAMv2/data/MAS3K_medclipsam/test_images_sd15_inpainting_v1/generation_metadata.jsonl
/home/woojye2020/decs_jupyter_lab/MedCLIP-SAMv2/data/MAS3K/test/StarFish_294.png,StarFish_294.jpg,no camouflaged animal,33,There is no camouflaged animal present in the scene.,sd15_inpainting_no_object,StarFish,32,/home/woojye2020/decs_jupyter_lab/MedCLIP-SAMv2/data/MAS3K/extracted/MAS3K/img/StarFish_294.jpg,/home/woojye2020/decs_jupyter_lab/MedCLIP-SAMv2/data/MAS3K_medclipsam/test_images_sd15_inpainting_v1/generation_metadata.jsonl
/home/woojye2020/decs_jupyter_lab/MedCLIP-SAMv2/data/MAS3K/test/StarFish_300.png,StarFish_300.jpg,no camouflaged animal,33,There is no camouflaged animal present in the scene.,sd15_inpainting_no_object,StarFish,32,/home/woojye2020/decs_jupyter_lab/MedCLIP-SAMv2/data/MAS3K/extracted/MAS3K/img/StarFish_300.jpg,/home/woojye2020/decs_jupyter_lab/MedCLIP-SAMv2/data/MAS3K_medclipsam/test_images_sd15_inpainting_v1/generation_metadata.jsonl
/home/woojye2020/decs_jupyter_lab/MedCLIP-SAMv2/data/MAS3K/test/StarFish_301.png,StarFish_301.jpg,no camouflaged animal,33,There is no camouflaged animal present in the scene.,sd15_inpainting_no_object,StarFish,32,/home/woojye2020/decs_jupyter_lab/MedCLIP-SAMv2/data/MAS3K/extracted/MAS3K/img/StarFish_301.jpg,/home/woojye2020/decs_jupyter_lab/MedCLIP-SAMv2/data/MAS3K_medclipsam/test_images_sd15_inpainting_v1/generation_metadata.jsonl
/home/woojye2020/decs_jupyter_lab/MedCLIP-SAMv2/data/MAS3K/test/StarFish_305.png,StarFish_305.jpg,no camouflaged animal,33,There is no camouflaged animal present in the scene.,sd15_inpainting_no_object,StarFish,32,/home/woojye2020/decs_jupyter_lab/MedCLIP-SAMv2/data/MAS3K/extracted/MAS3K/img/StarFish_305.jpg,/home/woojye2020/decs_jupyter_lab/MedCLIP-SAMv2/data/MAS3K_medclipsam/test_images_sd15_inpainting_v1/generation_metadata.jsonl
/home/woojye2020/decs_jupyter_lab/MedCLIP-SAMv2/data/MAS3K/test/Stingaree_2748.png,Stingaree_2748.jpg,no camouflaged animal,33,There is no camouflaged animal present in the scene.,sd15_inpainting_no_object,Stingaree,33,/home/woojye2020/decs_jupyter_lab/MedCLIP-SAMv2/data/MAS3K/extracted/MAS3K/img/Stingaree_2748.jpg,/home/woojye2020/decs_jupyter_lab/MedCLIP-SAMv2/data/MAS3K_medclipsam/test_images_sd15_inpainting_v1/generation_metadata.jsonl
/home/woojye2020/decs_jupyter_lab/MedCLIP-SAMv2/data/MAS3K/test/Stingaree_2751.png,Stingaree_2751.jpg,no camouflaged animal,33,There is no camouflaged animal present in the scene.,sd15_inpainting_no_object,Stingaree,33,/home/woojye2020/decs_jupyter_lab/MedCLIP-SAMv2/data/MAS3K/extracted/MAS3K/img/Stingaree_2751.jpg,/home/woojye2020/decs_jupyter_lab/MedCLIP-SAMv2/data/MAS3K_medclipsam/test_images_sd15_inpainting_v1/generation_metadata.jsonl
/home/woojye2020/decs_jupyter_lab/MedCLIP-SAMv2/data/MAS3K/test/Stingaree_2753.png,Stingaree_2753.jpg,no camouflaged animal,33,There is no camouflaged animal present in the scene.,sd15_inpainting_no_object,Stingaree,33,/home/woojye2020/decs_jupyter_lab/MedCLIP-SAMv2/data/MAS3K/extracted/MAS3K/img/Stingaree_2753.jpg,/home/woojye2020/decs_jupyter_lab/MedCLIP-SAMv2/data/MAS3K_medclipsam/test_images_sd15_inpainting_v1/generation_metadata.jsonl
/home/woojye2020/decs_jupyter_lab/MedCLIP-SAMv2/data/MAS3K/test/Stingaree_2755.png,Stingaree_2755.jpg,no camouflaged animal,33,There is no camouflaged animal present in the scene.,sd15_inpainting_no_object,Stingaree,33,/home/woojye2020/decs_jupyter_lab/MedCLIP-SAMv2/data/MAS3K/extracted/MAS3K/img/Stingaree_2755.jpg,/home/woojye2020/decs_jupyter_lab/MedCLIP-SAMv2/data/MAS3K_medclipsam/test_images_sd15_inpainting_v1/generation_metadata.jsonl
/home/woojye2020/decs_jupyter_lab/MedCLIP-SAMv2/data/MAS3K/test/Stingaree_2759.png,Stingaree_2759.jpg,no camouflaged animal,33,There is no camouflaged animal present in the scene.,sd15_inpainting_no_object,Stingaree,33,/home/woojye2020/decs_jupyter_lab/MedCLIP-SAMv2/data/MAS3K/extracted/MAS3K/img/Stingaree_2759.jpg,/home/woojye2020/decs_jupyter_lab/MedCLIP-SAMv2/data/MAS3K_medclipsam/test_images_sd15_inpainting_v1/generation_metadata.jsonl
/home/woojye2020/decs_jupyter_lab/MedCLIP-SAMv2/data/MAS3K/test/Stingaree_2764.png,Stingaree_2764.jpg,no camouflaged animal,33,There is no camouflaged animal present in the scene.,sd15_inpainting_no_object,Stingaree,33,/home/woojye2020/decs_jupyter_lab/MedCLIP-SAMv2/data/MAS3K/extracted/MAS3K/img/Stingaree_2764.jpg,/home/woojye2020/decs_jupyter_lab/MedCLIP-SAMv2/data/MAS3K_medclipsam/test_images_sd15_inpainting_v1/generation_metadata.jsonl
/home/woojye2020/decs_jupyter_lab/MedCLIP-SAMv2/data/MAS3K/test/Stingaree_2777.png,Stingaree_2777.jpg,no camouflaged animal,33,There is no camouflaged animal present in the scene.,sd15_inpainting_no_object,Stingaree,33,/home/woojye2020/decs_jupyter_lab/MedCLIP-SAMv2/data/MAS3K/extracted/MAS3K/img/Stingaree_2777.jpg,/home/woojye2020/decs_jupyter_lab/MedCLIP-SAMv2/data/MAS3K_medclipsam/test_images_sd15_inpainting_v1/generation_metadata.jsonl
/home/woojye2020/decs_jupyter_lab/MedCLIP-SAMv2/data/MAS3K/test/Stingaree_2779.png,Stingaree_2779.jpg,no camouflaged animal,33,There is no camouflaged animal present in the scene.,sd15_inpainting_no_object,Stingaree,33,/home/woojye2020/decs_jupyter_lab/MedCLIP-SAMv2/data/MAS3K/extracted/MAS3K/img/Stingaree_2779.jpg,/home/woojye2020/decs_jupyter_lab/MedCLIP-SAMv2/data/MAS3K_medclipsam/test_images_sd15_inpainting_v1/generation_metadata.jsonl
/home/woojye2020/decs_jupyter_lab/MedCLIP-SAMv2/data/MAS3K/test/Stingaree_2780.png,Stingaree_2780.jpg,no camouflaged animal,33,There is no camouflaged animal present in the scene.,sd15_inpainting_no_object,Stingaree,33,/home/woojye2020/decs_jupyter_lab/MedCLIP-SAMv2/data/MAS3K/extracted/MAS3K/img/Stingaree_2780.jpg,/home/woojye2020/decs_jupyter_lab/MedCLIP-SAMv2/data/MAS3K_medclipsam/test_images_sd15_inpainting_v1/generation_metadata.jsonl
/home/woojye2020/decs_jupyter_lab/MedCLIP-SAMv2/data/MAS3K/test/Stingaree_2788.png,Stingaree_2788.jpg,no camouflaged animal,33,There is no camouflaged animal present in the scene.,sd15_inpainting_no_object,Stingaree,33,/home/woojye2020/decs_jupyter_lab/MedCLIP-SAMv2/data/MAS3K/extracted/MAS3K/img/Stingaree_2788.jpg,/home/woojye2020/decs_jupyter_lab/MedCLIP-SAMv2/data/MAS3K_medclipsam/test_images_sd15_inpainting_v1/generation_metadata.jsonl
/home/woojye2020/decs_jupyter_lab/MedCLIP-SAMv2/data/MAS3K/test/Stingaree_2795.png,Stingaree_2795.jpg,no camouflaged animal,33,There is no camouflaged animal present in the scene.,sd15_inpainting_no_object,Stingaree,33,/home/woojye2020/decs_jupyter_lab/MedCLIP-SAMv2/data/MAS3K/extracted/MAS3K/img/Stingaree_2795.jpg,/home/woojye2020/decs_jupyter_lab/MedCLIP-SAMv2/data/MAS3K_medclipsam/test_images_sd15_inpainting_v1/generation_metadata.jsonl
/home/woojye2020/decs_jupyter_lab/MedCLIP-SAMv2/data/MAS3K/test/SurgeonFish_1945.png,SurgeonFish_1945.jpg,no camouflaged animal,33,There is no camouflaged animal present in the scene.,sd15_inpainting_no_object,SurgeonFish,34,/home/woojye2020/decs_jupyter_lab/MedCLIP-SAMv2/data/MAS3K/extracted/MAS3K/img/SurgeonFish_1945.jpg,/home/woojye2020/decs_jupyter_lab/MedCLIP-SAMv2/data/MAS3K_medclipsam/test_images_sd15_inpainting_v1/generation_metadata.jsonl
/home/woojye2020/decs_jupyter_lab/MedCLIP-SAMv2/data/MAS3K/test/SurgeonFish_1946.png,SurgeonFish_1946.jpg,no camouflaged animal,33,There is no camouflaged animal present in the scene.,sd15_inpainting_no_object,SurgeonFish,34,/home/woojye2020/decs_jupyter_lab/MedCLIP-SAMv2/data/MAS3K/extracted/MAS3K/img/SurgeonFish_1946.jpg,/home/woojye2020/decs_jupyter_lab/MedCLIP-SAMv2/data/MAS3K_medclipsam/test_images_sd15_inpainting_v1/generation_metadata.jsonl
/home/woojye2020/decs_jupyter_lab/MedCLIP-SAMv2/data/MAS3K/test/SurgeonFish_1948.png,SurgeonFish_1948.jpg,no camouflaged animal,33,There is no camouflaged animal present in the scene.,sd15_inpainting_no_object,SurgeonFish,34,/home/woojye2020/decs_jupyter_lab/MedCLIP-SAMv2/data/MAS3K/extracted/MAS3K/img/SurgeonFish_1948.jpg,/home/woojye2020/decs_jupyter_lab/MedCLIP-SAMv2/data/MAS3K_medclipsam/test_images_sd15_inpainting_v1/generation_metadata.jsonl
/home/woojye2020/decs_jupyter_lab/MedCLIP-SAMv2/data/MAS3K/test/SurgeonFish_1953.png,SurgeonFish_1953.jpg,no camouflaged animal,33,There is no camouflaged animal present in the scene.,sd15_inpainting_no_object,SurgeonFish,34,/home/woojye2020/decs_jupyter_lab/MedCLIP-SAMv2/data/MAS3K/extracted/MAS3K/img/SurgeonFish_1953.jpg,/home/woojye2020/decs_jupyter_lab/MedCLIP-SAMv2/data/MAS3K_medclipsam/test_images_sd15_inpainting_v1/generation_metadata.jsonl
/home/woojye2020/decs_jupyter_lab/MedCLIP-SAMv2/data/MAS3K/test/SurgeonFish_1960.png,SurgeonFish_1960.jpg,no camouflaged animal,33,There is no camouflaged animal present in the scene.,sd15_inpainting_no_object,SurgeonFish,34,/home/woojye2020/decs_jupyter_lab/MedCLIP-SAMv2/data/MAS3K/extracted/MAS3K/img/SurgeonFish_1960.jpg,/home/woojye2020/decs_jupyter_lab/MedCLIP-SAMv2/data/MAS3K_medclipsam/test_images_sd15_inpainting_v1/generation_metadata.jsonl
/home/woojye2020/decs_jupyter_lab/MedCLIP-SAMv2/data/MAS3K/test/SurgeonFish_1969.png,SurgeonFish_1969.jpg,no camouflaged animal,33,There is no camouflaged animal present in the scene.,sd15_inpainting_no_object,SurgeonFish,34,/home/woojye2020/decs_jupyter_lab/MedCLIP-SAMv2/data/MAS3K/extracted/MAS3K/img/SurgeonFish_1969.jpg,/home/woojye2020/decs_jupyter_lab/MedCLIP-SAMv2/data/MAS3K_medclipsam/test_images_sd15_inpainting_v1/generation_metadata.jsonl
/home/woojye2020/decs_jupyter_lab/MedCLIP-SAMv2/data/MAS3K/test/SurgeonFish_1970.png,SurgeonFish_1970.jpg,no camouflaged animal,33,There is no camouflaged animal present in the scene.,sd15_inpainting_no_object,SurgeonFish,34,/home/woojye2020/decs_jupyter_lab/MedCLIP-SAMv2/data/MAS3K/extracted/MAS3K/img/SurgeonFish_1970.jpg,/home/woojye2020/decs_jupyter_lab/MedCLIP-SAMv2/data/MAS3K_medclipsam/test_images_sd15_inpainting_v1/generation_metadata.jsonl
/home/woojye2020/decs_jupyter_lab/MedCLIP-SAMv2/data/MAS3K/test/Turtle_547.png,Turtle_547.jpg,no camouflaged animal,33,There is no camouflaged animal present in the scene.,sd15_inpainting_no_object,Turtle,36,/home/woojye2020/decs_jupyter_lab/MedCLIP-SAMv2/data/MAS3K/extracted/MAS3K/img/Turtle_547.jpg,/home/woojye2020/decs_jupyter_lab/MedCLIP-SAMv2/data/MAS3K_medclipsam/test_images_sd15_inpainting_v1/generation_metadata.jsonl
/home/woojye2020/decs_jupyter_lab/MedCLIP-SAMv2/data/MAS3K/test/Turtle_549.png,Turtle_549.jpg,no camouflaged animal,33,There is no camouflaged animal present in the scene.,sd15_inpainting_no_object,Turtle,36,/home/woojye2020/decs_jupyter_lab/MedCLIP-SAMv2/data/MAS3K/extracted/MAS3K/img/Turtle_549.jpg,/home/woojye2020/decs_jupyter_lab/MedCLIP-SAMv2/data/MAS3K_medclipsam/test_images_sd15_inpainting_v1/generation_metadata.jsonl
/home/woojye2020/decs_jupyter_lab/MedCLIP-SAMv2/data/MAS3K/test/Turtle_552.png,Turtle_552.jpg,no camouflaged animal,33,There is no camouflaged animal present in the scene.,sd15_inpainting_no_object,Turtle,36,/home/woojye2020/decs_jupyter_lab/MedCLIP-SAMv2/data/MAS3K/extracted/MAS3K/img/Turtle_552.jpg,/home/woojye2020/decs_jupyter_lab/MedCLIP-SAMv2/data/MAS3K_medclipsam/test_images_sd15_inpainting_v1/generation_metadata.jsonl
/home/woojye2020/decs_jupyter_lab/MedCLIP-SAMv2/data/MAS3K/test/Turtle_557.png,Turtle_557.jpg,no camouflaged animal,33,There is no camouflaged animal present in the scene.,sd15_inpainting_no_object,Turtle,36,/home/woojye2020/decs_jupyter_lab/MedCLIP-SAMv2/data/MAS3K/extracted/MAS3K/img/Turtle_557.jpg,/home/woojye2020/decs_jupyter_lab/MedCLIP-SAMv2/data/MAS3K_medclipsam/test_images_sd15_inpainting_v1/generation_metadata.jsonl
/home/woojye2020/decs_jupyter_lab/MedCLIP-SAMv2/data/MAS3K/test/Turtle_559.png,Turtle_559.jpg,no camouflaged animal,33,There is no camouflaged animal present in the scene.,sd15_inpainting_no_object,Turtle,36,/home/woojye2020/decs_jupyter_lab/MedCLIP-SAMv2/data/MAS3K/extracted/MAS3K/img/Turtle_559.jpg,/home/woojye2020/decs_jupyter_lab/MedCLIP-SAMv2/data/MAS3K_medclipsam/test_images_sd15_inpainting_v1/generation_metadata.jsonl
/home/woojye2020/decs_jupyter_lab/MedCLIP-SAMv2/data/MAS3K/test/Turtle_560.png,Turtle_560.jpg,no camouflaged animal,33,There is no camouflaged animal present in the scene.,sd15_inpainting_no_object,Turtle,36,/home/woojye2020/decs_jupyter_lab/MedCLIP-SAMv2/data/MAS3K/extracted/MAS3K/img/Turtle_560.jpg,/home/woojye2020/decs_jupyter_lab/MedCLIP-SAMv2/data/MAS3K_medclipsam/test_images_sd15_inpainting_v1/generation_metadata.jsonl
/home/woojye2020/decs_jupyter_lab/MedCLIP-SAMv2/data/MAS3K/test/Turtle_570.png,Turtle_570.jpg,no camouflaged animal,33,There is no camouflaged animal present in the scene.,sd15_inpainting_no_object,Turtle,36,/home/woojye2020/decs_jupyter_lab/MedCLIP-SAMv2/data/MAS3K/extracted/MAS3K/img/Turtle_570.jpg,/home/woojye2020/decs_jupyter_lab/MedCLIP-SAMv2/data/MAS3K_medclipsam/test_images_sd15_inpainting_v1/generation_metadata.jsonl
/home/woojye2020/decs_jupyter_lab/MedCLIP-SAMv2/data/MAS3K/test/Turtle_577.png,Turtle_577.jpg,no camouflaged animal,33,There is no camouflaged animal present in the scene.,sd15_inpainting_no_object,Turtle,36,/home/woojye2020/decs_jupyter_lab/MedCLIP-SAMv2/data/MAS3K/extracted/MAS3K/img/Turtle_577.jpg,/home/woojye2020/decs_jupyter_lab/MedCLIP-SAMv2/data/MAS3K_medclipsam/test_images_sd15_inpainting_v1/generation_metadata.jsonl
/home/woojye2020/decs_jupyter_lab/MedCLIP-SAMv2/data/MAS3K/test/Turtle_579.png,Turtle_579.jpg,no camouflaged animal,33,There is no camouflaged animal present in the scene.,sd15_inpainting_no_object,Turtle,36,/home/woojye2020/decs_jupyter_lab/MedCLIP-SAMv2/data/MAS3K/extracted/MAS3K/img/Turtle_579.jpg,/home/woojye2020/decs_jupyter_lab/MedCLIP-SAMv2/data/MAS3K_medclipsam/test_images_sd15_inpainting_v1/generation_metadata.jsonl
/home/woojye2020/decs_jupyter_lab/MedCLIP-SAMv2/data/MAS3K/test/Turtle_583.png,Turtle_583.jpg,no camouflaged animal,33,There is no camouflaged animal present in the scene.,sd15_inpainting_no_object,Turtle,36,/home/woojye2020/decs_jupyter_lab/MedCLIP-SAMv2/data/MAS3K/extracted/MAS3K/img/Turtle_583.jpg,/home/woojye2020/decs_jupyter_lab/MedCLIP-SAMv2/data/MAS3K_medclipsam/test_images_sd15_inpainting_v1/generation_metadata.jsonl
/home/woojye2020/decs_jupyter_lab/MedCLIP-SAMv2/data/MAS3K/test/Turtle_596.png,Turtle_596.jpg,no camouflaged animal,33,There is no camouflaged animal present in the scene.,sd15_inpainting_no_object,Turtle,36,/home/woojye2020/decs_jupyter_lab/MedCLIP-SAMv2/data/MAS3K/extracted/MAS3K/img/Turtle_596.jpg,/home/woojye2020/decs_jupyter_lab/MedCLIP-SAMv2/data/MAS3K_medclipsam/test_images_sd15_inpainting_v1/generation_metadata.jsonl
/home/woojye2020/decs_jupyter_lab/MedCLIP-SAMv2/data/MAS3K/test/Turtle_597.png,Turtle_597.jpg,no camouflaged animal,33,There is no camouflaged animal present in the scene.,sd15_inpainting_no_object,Turtle,36,/home/woojye2020/decs_jupyter_lab/MedCLIP-SAMv2/data/MAS3K/extracted/MAS3K/img/Turtle_597.jpg,/home/woojye2020/decs_jupyter_lab/MedCLIP-SAMv2/data/MAS3K_medclipsam/test_images_sd15_inpainting_v1/generation_metadata.jsonl
/home/woojye2020/decs_jupyter_lab/MedCLIP-SAMv2/data/MAS3K/test/Turtle_600.png,Turtle_600.jpg,no camouflaged animal,33,There is no camouflaged animal present in the scene.,sd15_inpainting_no_object,Turtle,36,/home/woojye2020/decs_jupyter_lab/MedCLIP-SAMv2/data/MAS3K/extracted/MAS3K/img/Turtle_600.jpg,/home/woojye2020/decs_jupyter_lab/MedCLIP-SAMv2/data/MAS3K_medclipsam/test_images_sd15_inpainting_v1/generation_metadata.jsonl
/home/woojye2020/decs_jupyter_lab/MedCLIP-SAMv2/data/MAS3K/test/Turtle_602.png,Turtle_602.jpg,no camouflaged animal,33,There is no camouflaged animal present in the scene.,sd15_inpainting_no_object,Turtle,36,/home/woojye2020/decs_jupyter_lab/MedCLIP-SAMv2/data/MAS3K/extracted/MAS3K/img/Turtle_602.jpg,/home/woojye2020/decs_jupyter_lab/MedCLIP-SAMv2/data/MAS3K_medclipsam/test_images_sd15_inpainting_v1/generation_metadata.jsonl
/home/woojye2020/decs_jupyter_lab/MedCLIP-SAMv2/data/MAS3K/test/Turtle_608.png,Turtle_608.jpg,no camouflaged animal,33,There is no camouflaged animal present in the scene.,sd15_inpainting_no_object,Turtle,36,/home/woojye2020/decs_jupyter_lab/MedCLIP-SAMv2/data/MAS3K/extracted/MAS3K/img/Turtle_608.jpg,/home/woojye2020/decs_jupyter_lab/MedCLIP-SAMv2/data/MAS3K_medclipsam/test_images_sd15_inpainting_v1/generation_metadata.jsonl
/home/woojye2020/decs_jupyter_lab/MedCLIP-SAMv2/data/MAS3K/test/Turtle_614.png,Turtle_614.jpg,no camouflaged animal,33,There is no camouflaged animal present in the scene.,sd15_inpainting_no_object,Turtle,36,/home/woojye2020/decs_jupyter_lab/MedCLIP-SAMv2/data/MAS3K/extracted/MAS3K/img/Turtle_614.jpg,/home/woojye2020/decs_jupyter_lab/MedCLIP-SAMv2/data/MAS3K_medclipsam/test_images_sd15_inpainting_v1/generation_metadata.jsonl
/home/woojye2020/decs_jupyter_lab/MedCLIP-SAMv2/data/MAS3K/test/Turtle_620.png,Turtle_620.jpg,no camouflaged animal,33,There is no camouflaged animal present in the scene.,sd15_inpainting_no_object,Turtle,36,/home/woojye2020/decs_jupyter_lab/MedCLIP-SAMv2/data/MAS3K/extracted/MAS3K/img/Turtle_620.jpg,/home/woojye2020/decs_jupyter_lab/MedCLIP-SAMv2/data/MAS3K_medclipsam/test_images_sd15_inpainting_v1/generation_metadata.jsonl
/home/woojye2020/decs_jupyter_lab/MedCLIP-SAMv2/data/MAS3K/test/Turtle_627.png,Turtle_627.jpg,no camouflaged animal,33,There is no camouflaged animal present in the scene.,sd15_inpainting_no_object,Turtle,36,/home/woojye2020/decs_jupyter_lab/MedCLIP-SAMv2/data/MAS3K/extracted/MAS3K/img/Turtle_627.jpg,/home/woojye2020/decs_jupyter_lab/MedCLIP-SAMv2/data/MAS3K_medclipsam/test_images_sd15_inpainting_v1/generation_metadata.jsonl
/home/woojye2020/decs_jupyter_lab/MedCLIP-SAMv2/data/MAS3K/test/Turtle_632.png,Turtle_632.jpg,no camouflaged animal,33,There is no camouflaged animal present in the scene.,sd15_inpainting_no_object,Turtle,36,/home/woojye2020/decs_jupyter_lab/MedCLIP-SAMv2/data/MAS3K/extracted/MAS3K/img/Turtle_632.jpg,/home/woojye2020/decs_jupyter_lab/MedCLIP-SAMv2/data/MAS3K_medclipsam/test_images_sd15_inpainting_v1/generation_metadata.jsonl
/home/woojye2020/decs_jupyter_lab/MedCLIP-SAMv2/data/MAS3K/test/Turtle_634.png,Turtle_634.jpg,no camouflaged animal,33,There is no camouflaged animal present in the scene.,sd15_inpainting_no_object,Turtle,36,/home/woojye2020/decs_jupyter_lab/MedCLIP-SAMv2/data/MAS3K/extracted/MAS3K/img/Turtle_634.jpg,/home/woojye2020/decs_jupyter_lab/MedCLIP-SAMv2/data/MAS3K_medclipsam/test_images_sd15_inpainting_v1/generation_metadata.jsonl
/home/woojye2020/decs_jupyter_lab/MedCLIP-SAMv2/data/MAS3K/test/Turtle_646.png,Turtle_646.jpg,no camouflaged animal,33,There is no camouflaged animal present in the scene.,sd15_inpainting_no_object,Turtle,36,/home/woojye2020/decs_jupyter_lab/MedCLIP-SAMv2/data/MAS3K/extracted/MAS3K/img/Turtle_646.jpg,/home/woojye2020/decs_jupyter_lab/MedCLIP-SAMv2/data/MAS3K_medclipsam/test_images_sd15_inpainting_v1/generation_metadata.jsonl
/home/woojye2020/decs_jupyter_lab/MedCLIP-SAMv2/data/MAS3K/test/Turtle_654.png,Turtle_654.jpg,no camouflaged animal,33,There is no camouflaged animal present in the scene.,sd15_inpainting_no_object,Turtle,36,/home/woojye2020/decs_jupyter_lab/MedCLIP-SAMv2/data/MAS3K/extracted/MAS3K/img/Turtle_654.jpg,/home/woojye2020/decs_jupyter_lab/MedCLIP-SAMv2/data/MAS3K_medclipsam/test_images_sd15_inpainting_v1/generation_metadata.jsonl
/home/woojye2020/decs_jupyter_lab/MedCLIP-SAMv2/data/MAS3K/test/Turtle_655.png,Turtle_655.jpg,no camouflaged animal,33,There is no camouflaged animal present in the scene.,sd15_inpainting_no_object,Turtle,36,/home/woojye2020/decs_jupyter_lab/MedCLIP-SAMv2/data/MAS3K/extracted/MAS3K/img/Turtle_655.jpg,/home/woojye2020/decs_jupyter_lab/MedCLIP-SAMv2/data/MAS3K_medclipsam/test_images_sd15_inpainting_v1/generation_metadata.jsonl
/home/woojye2020/decs_jupyter_lab/MedCLIP-SAMv2/data/MAS3K/test/Turtle_658.png,Turtle_658.jpg,no camouflaged animal,33,There is no camouflaged animal present in the scene.,sd15_inpainting_no_object,Turtle,36,/home/woojye2020/decs_jupyter_lab/MedCLIP-SAMv2/data/MAS3K/extracted/MAS3K/img/Turtle_658.jpg,/home/woojye2020/decs_jupyter_lab/MedCLIP-SAMv2/data/MAS3K_medclipsam/test_images_sd15_inpainting_v1/generation_metadata.jsonl
/home/woojye2020/decs_jupyter_lab/MedCLIP-SAMv2/data/MAS3K/test/Turtle_659.png,Turtle_659.jpg,no camouflaged animal,33,There is no camouflaged animal present in the scene.,sd15_inpainting_no_object,Turtle,36,/home/woojye2020/decs_jupyter_lab/MedCLIP-SAMv2/data/MAS3K/extracted/MAS3K/img/Turtle_659.jpg,/home/woojye2020/decs_jupyter_lab/MedCLIP-SAMv2/data/MAS3K_medclipsam/test_images_sd15_inpainting_v1/generation_metadata.jsonl
/home/woojye2020/decs_jupyter_lab/MedCLIP-SAMv2/data/MAS3K/test/Turtle_667.png,Turtle_667.jpg,no camouflaged animal,33,There is no camouflaged animal present in the scene.,sd15_inpainting_no_object,Turtle,36,/home/woojye2020/decs_jupyter_lab/MedCLIP-SAMv2/data/MAS3K/extracted/MAS3K/img/Turtle_667.jpg,/home/woojye2020/decs_jupyter_lab/MedCLIP-SAMv2/data/MAS3K_medclipsam/test_images_sd15_inpainting_v1/generation_metadata.jsonl
/home/woojye2020/decs_jupyter_lab/MedCLIP-SAMv2/data/MAS3K/test/Turtle_669.png,Turtle_669.jpg,no camouflaged animal,33,There is no camouflaged animal present in the scene.,sd15_inpainting_no_object,Turtle,36,/home/woojye2020/decs_jupyter_lab/MedCLIP-SAMv2/data/MAS3K/extracted/MAS3K/img/Turtle_669.jpg,/home/woojye2020/decs_jupyter_lab/MedCLIP-SAMv2/data/MAS3K_medclipsam/test_images_sd15_inpainting_v1/generation_metadata.jsonl
/home/woojye2020/decs_jupyter_lab/MedCLIP-SAMv2/data/MAS3K/test/Turtle_682.png,Turtle_682.jpg,no camouflaged animal,33,There is no camouflaged animal present in the scene.,sd15_inpainting_no_object,Turtle,36,/home/woojye2020/decs_jupyter_lab/MedCLIP-SAMv2/data/MAS3K/extracted/MAS3K/img/Turtle_682.jpg,/home/woojye2020/decs_jupyter_lab/MedCLIP-SAMv2/data/MAS3K_medclipsam/test_images_sd15_inpainting_v1/generation_metadata.jsonl
/home/woojye2020/decs_jupyter_lab/MedCLIP-SAMv2/data/MAS3K/test/Turtle_695.png,Turtle_695.jpg,no camouflaged animal,33,There is no camouflaged animal present in the scene.,sd15_inpainting_no_object,Turtle,36,/home/woojye2020/decs_jupyter_lab/MedCLIP-SAMv2/data/MAS3K/extracted/MAS3K/img/Turtle_695.jpg,/home/woojye2020/decs_jupyter_lab/MedCLIP-SAMv2/data/MAS3K_medclipsam/test_images_sd15_inpainting_v1/generation_metadata.jsonl
/home/woojye2020/decs_jupyter_lab/MedCLIP-SAMv2/data/MAS3K/test/Turtle_706.png,Turtle_706.jpg,no camouflaged animal,33,There is no camouflaged animal present in the scene.,sd15_inpainting_no_object,Turtle,36,/home/woojye2020/decs_jupyter_lab/MedCLIP-SAMv2/data/MAS3K/extracted/MAS3K/img/Turtle_706.jpg,/home/woojye2020/decs_jupyter_lab/MedCLIP-SAMv2/data/MAS3K_medclipsam/test_images_sd15_inpainting_v1/generation_metadata.jsonl
/home/woojye2020/decs_jupyter_lab/MedCLIP-SAMv2/data/MAS3K/test/Turtle_714.png,Turtle_714.jpg,no camouflaged animal,33,There is no camouflaged animal present in the scene.,sd15_inpainting_no_object,Turtle,36,/home/woojye2020/decs_jupyter_lab/MedCLIP-SAMv2/data/MAS3K/extracted/MAS3K/img/Turtle_714.jpg,/home/woojye2020/decs_jupyter_lab/MedCLIP-SAMv2/data/MAS3K_medclipsam/test_images_sd15_inpainting_v1/generation_metadata.jsonl
/home/woojye2020/decs_jupyter_lab/MedCLIP-SAMv2/data/MAS3K/test/Turtle_715.png,Turtle_715.jpg,no camouflaged animal,33,There is no camouflaged animal present in the scene.,sd15_inpainting_no_object,Turtle,36,/home/woojye2020/decs_jupyter_lab/MedCLIP-SAMv2/data/MAS3K/extracted/MAS3K/img/Turtle_715.jpg,/home/woojye2020/decs_jupyter_lab/MedCLIP-SAMv2/data/MAS3K_medclipsam/test_images_sd15_inpainting_v1/generation_metadata.jsonl
/home/woojye2020/decs_jupyter_lab/MedCLIP-SAMv2/data/MAS3K/test/Turtle_723.png,Turtle_723.jpg,no camouflaged animal,33,There is no camouflaged animal present in the scene.,sd15_inpainting_no_object,Turtle,36,/home/woojye2020/decs_jupyter_lab/MedCLIP-SAMv2/data/MAS3K/extracted/MAS3K/img/Turtle_723.jpg,/home/woojye2020/decs_jupyter_lab/MedCLIP-SAMv2/data/MAS3K_medclipsam/test_images_sd15_inpainting_v1/generation_metadata.jsonl
/home/woojye2020/decs_jupyter_lab/MedCLIP-SAMv2/data/MAS3K/test/Turtle_725.png,Turtle_725.jpg,no camouflaged animal,33,There is no camouflaged animal present in the scene.,sd15_inpainting_no_object,Turtle,36,/home/woojye2020/decs_jupyter_lab/MedCLIP-SAMv2/data/MAS3K/extracted/MAS3K/img/Turtle_725.jpg,/home/woojye2020/decs_jupyter_lab/MedCLIP-SAMv2/data/MAS3K_medclipsam/test_images_sd15_inpainting_v1/generation_metadata.jsonl
/home/woojye2020/decs_jupyter_lab/MedCLIP-SAMv2/data/MAS3K/test/Turtle_726.png,Turtle_726.jpg,no camouflaged animal,33,There is no camouflaged animal present in the scene.,sd15_inpainting_no_object,Turtle,36,/home/woojye2020/decs_jupyter_lab/MedCLIP-SAMv2/data/MAS3K/extracted/MAS3K/img/Turtle_726.jpg,/home/woojye2020/decs_jupyter_lab/MedCLIP-SAMv2/data/MAS3K_medclipsam/test_images_sd15_inpainting_v1/generation_metadata.jsonl
/home/woojye2020/decs_jupyter_lab/MedCLIP-SAMv2/data/MAS3K/test/Turtle_733.png,Turtle_733.jpg,no camouflaged animal,33,There is no camouflaged animal present in the scene.,sd15_inpainting_no_object,Turtle,36,/home/woojye2020/decs_jupyter_lab/MedCLIP-SAMv2/data/MAS3K/extracted/MAS3K/img/Turtle_733.jpg,/home/woojye2020/decs_jupyter_lab/MedCLIP-SAMv2/data/MAS3K_medclipsam/test_images_sd15_inpainting_v1/generation_metadata.jsonl
/home/woojye2020/decs_jupyter_lab/MedCLIP-SAMv2/data/MAS3K/test/Turtle_736.png,Turtle_736.jpg,no camouflaged animal,33,There is no camouflaged animal present in the scene.,sd15_inpainting_no_object,Turtle,36,/home/woojye2020/decs_jupyter_lab/MedCLIP-SAMv2/data/MAS3K/extracted/MAS3K/img/Turtle_736.jpg,/home/woojye2020/decs_jupyter_lab/MedCLIP-SAMv2/data/MAS3K_medclipsam/test_images_sd15_inpainting_v1/generation_metadata.jsonl
/home/woojye2020/decs_jupyter_lab/MedCLIP-SAMv2/data/MAS3K/test/Turtle_739.png,Turtle_739.jpg,no camouflaged animal,33,There is no camouflaged animal present in the scene.,sd15_inpainting_no_object,Turtle,36,/home/woojye2020/decs_jupyter_lab/MedCLIP-SAMv2/data/MAS3K/extracted/MAS3K/img/Turtle_739.jpg,/home/woojye2020/decs_jupyter_lab/MedCLIP-SAMv2/data/MAS3K_medclipsam/test_images_sd15_inpainting_v1/generation_metadata.jsonl
/home/woojye2020/decs_jupyter_lab/MedCLIP-SAMv2/data/MAS3K/test/Turtle_740.png,Turtle_740.jpg,no camouflaged animal,33,There is no camouflaged animal present in the scene.,sd15_inpainting_no_object,Turtle,36,/home/woojye2020/decs_jupyter_lab/MedCLIP-SAMv2/data/MAS3K/extracted/MAS3K/img/Turtle_740.jpg,/home/woojye2020/decs_jupyter_lab/MedCLIP-SAMv2/data/MAS3K_medclipsam/test_images_sd15_inpainting_v1/generation_metadata.jsonl
/home/woojye2020/decs_jupyter_lab/MedCLIP-SAMv2/data/MAS3K/test/Turtle_743.png,Turtle_743.jpg,no camouflaged animal,33,There is no camouflaged animal present in the scene.,sd15_inpainting_no_object,Turtle,36,/home/woojye2020/decs_jupyter_lab/MedCLIP-SAMv2/data/MAS3K/extracted/MAS3K/img/Turtle_743.jpg,/home/woojye2020/decs_jupyter_lab/MedCLIP-SAMv2/data/MAS3K_medclipsam/test_images_sd15_inpainting_v1/generation_metadata.jsonl
