filename,filename_neg,Caption,Caption_neg
/home/woojye2020/decs_jupyter_lab/MedCLIP-SAMv2/UDIATnBUSI/train_images/udiat_benign_000084.png,/home/woojye2020/decs_jupyter_lab/MedCLIP-SAMv2/generated_neg_output/udiat_clip_image2prompt_closedform/udiat_benign_000084.png,"A breast imaging study showing a homogenous, well-circumscribed mass indicative of a benign tumor.",A medical mammogram displaying well-organized breast tissue with no evidence of abnormalities.
/home/woojye2020/decs_jupyter_lab/MedCLIP-SAMv2/UDIATnBUSI/train_images/udiat_benign_000127.png,/home/woojye2020/decs_jupyter_lab/MedCLIP-SAMv2/generated_neg_output/udiat_clip_image2prompt_closedform/udiat_benign_000127.png,"A breast imaging scan showing a well-circumscribed, smooth mass indicative of a benign breast tumor.","A breast imaging study showing clear, homogeneous breast tissue with no signs of pathology."
/home/woojye2020/decs_jupyter_lab/MedCLIP-SAMv2/UDIATnBUSI/train_images/udiat_benign_000128.png,/home/woojye2020/decs_jupyter_lab/MedCLIP-SAMv2/generated_neg_output/udiat_clip_image2prompt_closedform/udiat_benign_000128.png,A mammogram displaying a smoothly contoured mass suggestive of a benign breast tumor.,"A breast imaging study showing clear, homogeneous breast tissue with no signs of pathology."
/home/woojye2020/decs_jupyter_lab/MedCLIP-SAMv2/UDIATnBUSI/train_images/udiat_benign_000065.png,/home/woojye2020/decs_jupyter_lab/MedCLIP-SAMv2/generated_neg_output/udiat_clip_image2prompt_closedform/udiat_benign_000065.png,"A medical mammogram revealing a well-defined, non-irregular mass suggestive of a benign breast tumor.","A medical breast mammogram showing clear breast tissue with no visible abnormalities, indicating a normal scan."
/home/woojye2020/decs_jupyter_lab/MedCLIP-SAMv2/UDIATnBUSI/train_images/udiat_malignant_000146.png,/home/woojye2020/decs_jupyter_lab/MedCLIP-SAMv2/generated_neg_output/udiat_clip_image2prompt_closedform/udiat_malignant_000146.png,"A mammogram displaying a poorly defined, lobulated mass indicative of a malignant breast tumor.","A breast imaging scan displaying normal, well-distributed breast tissue with no evidence of masses or tumors."
/home/woojye2020/decs_jupyter_lab/MedCLIP-SAMv2/UDIATnBUSI/train_images/udiat_malignant_000057.png,/home/woojye2020/decs_jupyter_lab/MedCLIP-SAMv2/generated_neg_output/udiat_clip_image2prompt_closedform/udiat_malignant_000057.png,"A breast imaging scan showing a spiculated, invasive mass indicative of a malignant breast tumor.","A mammogram revealing normal breast tissue with no visible masses, calcifications, or distortions."
/home/woojye2020/decs_jupyter_lab/MedCLIP-SAMv2/UDIATnBUSI/train_images/udiat_benign_000111.png,/home/woojye2020/decs_jupyter_lab/MedCLIP-SAMv2/generated_neg_output/udiat_clip_image2prompt_closedform/udiat_benign_000111.png,"A breast imaging scan showing a well-circumscribed, smooth mass indicative of a benign breast tumor.","A breast imaging scan displaying normal, well-distributed breast tissue with no evidence of masses or tumors."
/home/woojye2020/decs_jupyter_lab/MedCLIP-SAMv2/UDIATnBUSI/train_images/udiat_benign_000012.png,/home/woojye2020/decs_jupyter_lab/MedCLIP-SAMv2/generated_neg_output/udiat_clip_image2prompt_closedform/udiat_benign_000012.png,"A medical breast mammogram detecting a non-aggressive, well-defined mass characteristic of a benign tumor.",A medical breast mammogram showing healthy breast parenchyma with no suspicious findings.
/home/woojye2020/decs_jupyter_lab/MedCLIP-SAMv2/UDIATnBUSI/train_images/udiat_malignant_000138.png,/home/woojye2020/decs_jupyter_lab/MedCLIP-SAMv2/generated_neg_output/udiat_clip_image2prompt_closedform/udiat_malignant_000138.png,"A breast imaging study showing a poorly marginated, irregular mass indicative of a malignant tumor.",A medical mammogram displaying well-organized breast tissue with no evidence of abnormalities.
/home/woojye2020/decs_jupyter_lab/MedCLIP-SAMv2/UDIATnBUSI/train_images/udiat_benign_000089.png,/home/woojye2020/decs_jupyter_lab/MedCLIP-SAMv2/generated_neg_output/udiat_clip_image2prompt_closedform/udiat_benign_000089.png,"A mammogram displaying a non-spiculated, round mass suggestive of a benign breast tumor.",A medical breast mammogram showing healthy breast parenchyma with no suspicious findings.
/home/woojye2020/decs_jupyter_lab/MedCLIP-SAMv2/UDIATnBUSI/train_images/udiat_benign_000040.png,/home/woojye2020/decs_jupyter_lab/MedCLIP-SAMv2/generated_neg_output/udiat_clip_image2prompt_closedform/udiat_benign_000040.png,"A breast mammogram identifying a well-encapsulated, smooth mass consistent with a benign tumor.",A medical mammogram displaying well-organized breast tissue with no evidence of abnormalities.
/home/woojye2020/decs_jupyter_lab/MedCLIP-SAMv2/UDIATnBUSI/train_images/udiat_malignant_000048.png,/home/woojye2020/decs_jupyter_lab/MedCLIP-SAMv2/generated_neg_output/udiat_clip_image2prompt_closedform/udiat_malignant_000048.png,"A medical mammogram detecting a poorly defined, lobulated mass characteristic of a malignant breast tumor.",A medical breast mammogram showing healthy breast parenchyma with no suspicious findings.
/home/woojye2020/decs_jupyter_lab/MedCLIP-SAMv2/UDIATnBUSI/train_images/udiat_malignant_000302.png,/home/woojye2020/decs_jupyter_lab/MedCLIP-SAMv2/generated_neg_output/udiat_clip_image2prompt_closedform/udiat_malignant_000302.png,"A medical mammogram revealing a spiculated, invasive mass suggestive of a malignant breast tumor.","A breast imaging scan displaying normal, well-distributed breast tissue with no evidence of masses or tumors."
/home/woojye2020/decs_jupyter_lab/MedCLIP-SAMv2/UDIATnBUSI/train_images/udiat_benign_000020.png,/home/woojye2020/decs_jupyter_lab/MedCLIP-SAMv2/generated_neg_output/udiat_clip_image2prompt_closedform/udiat_benign_000020.png,"A breast imaging study showing a well-margined, round mass suggestive of a benign breast tumor.","A breast imaging scan displaying normal, well-distributed breast tissue with no evidence of masses or tumors."
/home/woojye2020/decs_jupyter_lab/MedCLIP-SAMv2/UDIATnBUSI/train_images/udiat_malignant_000053.png,/home/woojye2020/decs_jupyter_lab/MedCLIP-SAMv2/generated_neg_output/udiat_clip_image2prompt_closedform/udiat_malignant_000053.png,"A breast imaging scan showing a spiculated, invasive mass indicative of a malignant breast tumor.",A breast mammogram displaying normal breast structures with no signs of disease or masses.
/home/woojye2020/decs_jupyter_lab/MedCLIP-SAMv2/UDIATnBUSI/train_images/udiat_malignant_000045.png,/home/woojye2020/decs_jupyter_lab/MedCLIP-SAMv2/generated_neg_output/udiat_clip_image2prompt_closedform/udiat_malignant_000045.png,"A medical breast mammogram displaying a heterogeneous, irregular mass consistent with a malignant tumor.",A medical breast mammogram showing healthy breast parenchyma with no suspicious findings.
/home/woojye2020/decs_jupyter_lab/MedCLIP-SAMv2/UDIATnBUSI/train_images/udiat_benign_000001.png,/home/woojye2020/decs_jupyter_lab/MedCLIP-SAMv2/generated_neg_output/udiat_clip_image2prompt_closedform/udiat_benign_000001.png,"A breast imaging study revealing a well-defined, encapsulated mass likely representing a benign breast tumor.",A medical mammogram displaying well-organized breast tissue with no evidence of abnormalities.
/home/woojye2020/decs_jupyter_lab/MedCLIP-SAMv2/UDIATnBUSI/train_images/udiat_benign_000019.png,/home/woojye2020/decs_jupyter_lab/MedCLIP-SAMv2/generated_neg_output/udiat_clip_image2prompt_closedform/udiat_benign_000019.png,"A breast scan identifying a well-defined, oval mass suggestive of a benign breast tumor.","A mammogram showing no abnormalities in the breast tissue, suggestive of a normal, healthy breast."
/home/woojye2020/decs_jupyter_lab/MedCLIP-SAMv2/UDIATnBUSI/train_images/udiat_benign_000075.png,/home/woojye2020/decs_jupyter_lab/MedCLIP-SAMv2/generated_neg_output/udiat_clip_image2prompt_closedform/udiat_benign_000075.png,"A medical breast mammogram displaying a lobulated, non-aggressive mass consistent with a benign tumor.","A breast imaging study showing clear, homogeneous breast tissue with no signs of pathology."
/home/woojye2020/decs_jupyter_lab/MedCLIP-SAMv2/UDIATnBUSI/train_images/udiat_malignant_000047.png,/home/woojye2020/decs_jupyter_lab/MedCLIP-SAMv2/generated_neg_output/udiat_clip_image2prompt_closedform/udiat_malignant_000047.png,"A mammogram revealing an ill-defined, irregular mass likely representing a malignant breast tumor.","A breast mammogram showing unremarkable findings consistent with normal, healthy breast tissue."
/home/woojye2020/decs_jupyter_lab/MedCLIP-SAMv2/UDIATnBUSI/train_images/udiat_benign_000061.png,/home/woojye2020/decs_jupyter_lab/MedCLIP-SAMv2/generated_neg_output/udiat_clip_image2prompt_closedform/udiat_benign_000061.png,"A mammogram displaying a non-spiculated, round mass suggestive of a benign breast tumor.","A breast mammogram showing unremarkable findings consistent with normal, healthy breast tissue."
/home/woojye2020/decs_jupyter_lab/MedCLIP-SAMv2/UDIATnBUSI/train_images/udiat_benign_000095.png,/home/woojye2020/decs_jupyter_lab/MedCLIP-SAMv2/generated_neg_output/udiat_clip_image2prompt_closedform/udiat_benign_000095.png,"A breast imaging study showing a well-margined, round mass suggestive of a benign breast tumor.",A breast mammogram displaying normal breast structures with no signs of disease or masses.
/home/woojye2020/decs_jupyter_lab/MedCLIP-SAMv2/UDIATnBUSI/train_images/udiat_malignant_000133.png,/home/woojye2020/decs_jupyter_lab/MedCLIP-SAMv2/generated_neg_output/udiat_clip_image2prompt_closedform/udiat_malignant_000133.png,"A medical breast mammogram displaying a heterogeneous, irregular mass consistent with a malignant tumor.","A breast imaging scan displaying normal, well-distributed breast tissue with no evidence of masses or tumors."
/home/woojye2020/decs_jupyter_lab/MedCLIP-SAMv2/UDIATnBUSI/train_images/udiat_benign_000118.png,/home/woojye2020/decs_jupyter_lab/MedCLIP-SAMv2/generated_neg_output/udiat_clip_image2prompt_closedform/udiat_benign_000118.png,"A breast imaging scan showing a well-circumscribed, smooth mass indicative of a benign breast tumor.",A medical breast mammogram showing healthy breast parenchyma with no suspicious findings.
/home/woojye2020/decs_jupyter_lab/MedCLIP-SAMv2/UDIATnBUSI/train_images/udiat_benign_000003.png,/home/woojye2020/decs_jupyter_lab/MedCLIP-SAMv2/generated_neg_output/udiat_clip_image2prompt_closedform/udiat_benign_000003.png,"A breast scan identifying a well-defined, oval mass suggestive of a benign breast tumor.","A breast imaging scan displaying normal, well-distributed breast tissue with no evidence of masses or tumors."
/home/woojye2020/decs_jupyter_lab/MedCLIP-SAMv2/UDIATnBUSI/train_images/udiat_benign_000021.png,/home/woojye2020/decs_jupyter_lab/MedCLIP-SAMv2/generated_neg_output/udiat_clip_image2prompt_closedform/udiat_benign_000021.png,"A medical breast mammogram showing a well-defined, round mass suggestive of a benign breast tumor.",A medical mammogram displaying well-organized breast tissue with no evidence of abnormalities.
/home/woojye2020/decs_jupyter_lab/MedCLIP-SAMv2/UDIATnBUSI/train_images/udiat_benign_000099.png,/home/woojye2020/decs_jupyter_lab/MedCLIP-SAMv2/generated_neg_output/udiat_clip_image2prompt_closedform/udiat_benign_000099.png,"A mammogram showing a sharply marginated, round mass suggestive of a benign breast tumor.","A breast imaging scan displaying normal, well-distributed breast tissue with no evidence of masses or tumors."
/home/woojye2020/decs_jupyter_lab/MedCLIP-SAMv2/UDIATnBUSI/train_images/udiat_malignant_000018.png,/home/woojye2020/decs_jupyter_lab/MedCLIP-SAMv2/generated_neg_output/udiat_clip_image2prompt_closedform/udiat_malignant_000018.png,"A medical breast mammogram showing an irregular, spiculated mass suggestive of a malignant breast tumor.","A medical breast mammogram showing clear breast tissue with no visible abnormalities, indicating a normal scan."
/home/woojye2020/decs_jupyter_lab/MedCLIP-SAMv2/UDIATnBUSI/train_images/udiat_benign_000090.png,/home/woojye2020/decs_jupyter_lab/MedCLIP-SAMv2/generated_neg_output/udiat_clip_image2prompt_closedform/udiat_benign_000090.png,"A breast scan showing a smooth, encapsulated mass likely representing a benign breast tumor.","A breast imaging scan displaying normal, well-distributed breast tissue with no evidence of masses or tumors."
/home/woojye2020/decs_jupyter_lab/MedCLIP-SAMv2/UDIATnBUSI/train_images/udiat_malignant_000307.png,/home/woojye2020/decs_jupyter_lab/MedCLIP-SAMv2/generated_neg_output/udiat_clip_image2prompt_closedform/udiat_malignant_000307.png,"A mammogram showing a dense, spiculated mass suggestive of a malignant breast tumor.","A breast imaging study showing clear, homogeneous breast tissue with no signs of pathology."
/home/woojye2020/decs_jupyter_lab/MedCLIP-SAMv2/UDIATnBUSI/train_images/udiat_malignant_000306.png,/home/woojye2020/decs_jupyter_lab/MedCLIP-SAMv2/generated_neg_output/udiat_clip_image2prompt_closedform/udiat_malignant_000306.png,"A breast imaging study revealing an irregularly shaped, invasive mass likely representing a malignant breast tumor.","A medical breast mammogram showing clear breast tissue with no visible abnormalities, indicating a normal scan."
/home/woojye2020/decs_jupyter_lab/MedCLIP-SAMv2/UDIATnBUSI/train_images/udiat_malignant_000145.png,/home/woojye2020/decs_jupyter_lab/MedCLIP-SAMv2/generated_neg_output/udiat_clip_image2prompt_closedform/udiat_malignant_000145.png,"A medical breast mammogram detecting a spiculated, irregular mass characteristic of a malignant tumor.","A breast imaging scan displaying normal, well-distributed breast tissue with no evidence of masses or tumors."
/home/woojye2020/decs_jupyter_lab/MedCLIP-SAMv2/UDIATnBUSI/train_images/udiat_malignant_000025.png,/home/woojye2020/decs_jupyter_lab/MedCLIP-SAMv2/generated_neg_output/udiat_clip_image2prompt_closedform/udiat_malignant_000025.png,"A breast imaging study showing a poorly marginated, irregular mass indicative of a malignant tumor.","A breast imaging study showing clear, homogeneous breast tissue with no signs of pathology."
/home/woojye2020/decs_jupyter_lab/MedCLIP-SAMv2/UDIATnBUSI/train_images/udiat_benign_000004.png,/home/woojye2020/decs_jupyter_lab/MedCLIP-SAMv2/generated_neg_output/udiat_clip_image2prompt_closedform/udiat_benign_000004.png,"A medical mammogram revealing a well-defined, non-irregular mass suggestive of a benign breast tumor.",A medical breast mammogram showing healthy breast parenchyma with no suspicious findings.
/home/woojye2020/decs_jupyter_lab/MedCLIP-SAMv2/UDIATnBUSI/train_images/udiat_benign_000125.png,/home/woojye2020/decs_jupyter_lab/MedCLIP-SAMv2/generated_neg_output/udiat_clip_image2prompt_closedform/udiat_benign_000125.png,"A breast scan identifying a well-defined, oval mass suggestive of a benign breast tumor.","A medical breast mammogram showing clear breast tissue with no visible abnormalities, indicating a normal scan."
/home/woojye2020/decs_jupyter_lab/MedCLIP-SAMv2/UDIATnBUSI/train_images/udiat_benign_000077.png,/home/woojye2020/decs_jupyter_lab/MedCLIP-SAMv2/generated_neg_output/udiat_clip_image2prompt_closedform/udiat_benign_000077.png,"A mammogram revealing a low-density, well-delineated mass likely representing a benign breast tumor.","A breast imaging study showing clear, homogeneous breast tissue with no signs of pathology."
/home/woojye2020/decs_jupyter_lab/MedCLIP-SAMv2/UDIATnBUSI/train_images/udiat_benign_000051.png,/home/woojye2020/decs_jupyter_lab/MedCLIP-SAMv2/generated_neg_output/udiat_clip_image2prompt_closedform/udiat_benign_000051.png,"A breast imaging study revealing a well-defined, encapsulated mass likely representing a benign breast tumor.",A breast mammogram displaying normal breast structures with no signs of disease or masses.
/home/woojye2020/decs_jupyter_lab/MedCLIP-SAMv2/UDIATnBUSI/train_images/udiat_benign_000098.png,/home/woojye2020/decs_jupyter_lab/MedCLIP-SAMv2/generated_neg_output/udiat_clip_image2prompt_closedform/udiat_benign_000098.png,"A breast scan showing a well-contained, round mass likely indicating a benign breast tumor.","A breast imaging study showing clear, homogeneous breast tissue with no signs of pathology."
/home/woojye2020/decs_jupyter_lab/MedCLIP-SAMv2/UDIATnBUSI/train_images/udiat_benign_000015.png,/home/woojye2020/decs_jupyter_lab/MedCLIP-SAMv2/generated_neg_output/udiat_clip_image2prompt_closedform/udiat_benign_000015.png,"A mammogram displaying a round, homogeneous mass indicative of a benign breast tumor.","A breast mammogram showing unremarkable findings consistent with normal, healthy breast tissue."
/home/woojye2020/decs_jupyter_lab/MedCLIP-SAMv2/UDIATnBUSI/train_images/udiat_malignant_000054.png,/home/woojye2020/decs_jupyter_lab/MedCLIP-SAMv2/generated_neg_output/udiat_clip_image2prompt_closedform/udiat_malignant_000054.png,"A mammogram displaying an irregular, invasive mass suggestive of a malignant breast tumor.","A medical breast mammogram showing clear breast tissue with no visible abnormalities, indicating a normal scan."
/home/woojye2020/decs_jupyter_lab/MedCLIP-SAMv2/UDIATnBUSI/train_images/udiat_benign_000076.png,/home/woojye2020/decs_jupyter_lab/MedCLIP-SAMv2/generated_neg_output/udiat_clip_image2prompt_closedform/udiat_benign_000076.png,"A mammogram showing a sharply marginated, round mass suggestive of a benign breast tumor.","A medical breast imaging study revealing clear, unremarkable breast tissue consistent with a healthy scan."
/home/woojye2020/decs_jupyter_lab/MedCLIP-SAMv2/UDIATnBUSI/train_images/udiat_benign_000066.png,/home/woojye2020/decs_jupyter_lab/MedCLIP-SAMv2/generated_neg_output/udiat_clip_image2prompt_closedform/udiat_benign_000066.png,"A medical breast mammogram detecting a non-aggressive, well-defined mass characteristic of a benign tumor.","A breast imaging scan displaying normal, well-distributed breast tissue with no evidence of masses or tumors."
/home/woojye2020/decs_jupyter_lab/MedCLIP-SAMv2/UDIATnBUSI/train_images/udiat_benign_000086.png,/home/woojye2020/decs_jupyter_lab/MedCLIP-SAMv2/generated_neg_output/udiat_clip_image2prompt_closedform/udiat_benign_000086.png,"A mammogram displaying a round, homogeneous mass indicative of a benign breast tumor.","A mammogram showing no abnormalities in the breast tissue, suggestive of a normal, healthy breast."
/home/woojye2020/decs_jupyter_lab/MedCLIP-SAMv2/UDIATnBUSI/train_images/udiat_benign_000122.png,/home/woojye2020/decs_jupyter_lab/MedCLIP-SAMv2/generated_neg_output/udiat_clip_image2prompt_closedform/udiat_benign_000122.png,"A breast imaging study revealing a well-defined, encapsulated mass likely representing a benign breast tumor.",A medical mammogram displaying well-organized breast tissue with no evidence of abnormalities.
/home/woojye2020/decs_jupyter_lab/MedCLIP-SAMv2/UDIATnBUSI/train_images/udiat_benign_000072.png,/home/woojye2020/decs_jupyter_lab/MedCLIP-SAMv2/generated_neg_output/udiat_clip_image2prompt_closedform/udiat_benign_000072.png,"A breast mammogram identifying a well-encapsulated, smooth mass consistent with a benign tumor.","A breast mammogram showing unremarkable findings consistent with normal, healthy breast tissue."
/home/woojye2020/decs_jupyter_lab/MedCLIP-SAMv2/UDIATnBUSI/train_images/udiat_benign_000088.png,/home/woojye2020/decs_jupyter_lab/MedCLIP-SAMv2/generated_neg_output/udiat_clip_image2prompt_closedform/udiat_benign_000088.png,"A breast imaging study revealing a well-marginated, round mass indicative of a benign breast tumor.","A breast mammogram showing unremarkable findings consistent with normal, healthy breast tissue."
/home/woojye2020/decs_jupyter_lab/MedCLIP-SAMv2/UDIATnBUSI/train_images/udiat_malignant_000041.png,/home/woojye2020/decs_jupyter_lab/MedCLIP-SAMv2/generated_neg_output/udiat_clip_image2prompt_closedform/udiat_malignant_000041.png,"A breast imaging scan showing a spiculated, invasive mass indicative of a malignant breast tumor.",A medical mammogram displaying well-organized breast tissue with no evidence of abnormalities.
/home/woojye2020/decs_jupyter_lab/MedCLIP-SAMv2/UDIATnBUSI/train_images/udiat_malignant_000029.png,/home/woojye2020/decs_jupyter_lab/MedCLIP-SAMv2/generated_neg_output/udiat_clip_image2prompt_closedform/udiat_malignant_000029.png,"A breast scan showing a spiculated, invasive mass likely indicating a malignant breast tumor.","A breast imaging study showing clear, homogeneous breast tissue with no signs of pathology."
/home/woojye2020/decs_jupyter_lab/MedCLIP-SAMv2/UDIATnBUSI/train_images/udiat_benign_000087.png,/home/woojye2020/decs_jupyter_lab/MedCLIP-SAMv2/generated_neg_output/udiat_clip_image2prompt_closedform/udiat_benign_000087.png,"A medical mammogram revealing a well-defined, non-irregular mass suggestive of a benign breast tumor.","A breast imaging scan displaying normal, well-distributed breast tissue with no evidence of masses or tumors."
/home/woojye2020/decs_jupyter_lab/MedCLIP-SAMv2/UDIATnBUSI/train_images/udiat_benign_000017.png,/home/woojye2020/decs_jupyter_lab/MedCLIP-SAMv2/generated_neg_output/udiat_clip_image2prompt_closedform/udiat_benign_000017.png,"A medical breast mammogram detecting a non-aggressive, well-defined mass characteristic of a benign tumor.","A mammogram revealing normal breast tissue with no visible masses, calcifications, or distortions."
/home/woojye2020/decs_jupyter_lab/MedCLIP-SAMv2/UDIATnBUSI/train_images/udiat_benign_000106.png,/home/woojye2020/decs_jupyter_lab/MedCLIP-SAMv2/generated_neg_output/udiat_clip_image2prompt_closedform/udiat_benign_000106.png,"A breast imaging study showing a well-margined, round mass suggestive of a benign breast tumor.","A breast mammogram showing unremarkable findings consistent with normal, healthy breast tissue."
/home/woojye2020/decs_jupyter_lab/MedCLIP-SAMv2/UDIATnBUSI/train_images/udiat_benign_000092.png,/home/woojye2020/decs_jupyter_lab/MedCLIP-SAMv2/generated_neg_output/udiat_clip_image2prompt_closedform/udiat_benign_000092.png,"A breast imaging study revealing a well-marginated, round mass indicative of a benign breast tumor.","A medical breast mammogram showing clear breast tissue with no visible abnormalities, indicating a normal scan."
/home/woojye2020/decs_jupyter_lab/MedCLIP-SAMv2/UDIATnBUSI/train_images/udiat_malignant_000132.png,/home/woojye2020/decs_jupyter_lab/MedCLIP-SAMv2/generated_neg_output/udiat_clip_image2prompt_closedform/udiat_malignant_000132.png,"A breast imaging study revealing a poorly circumscribed, irregular mass indicative of a malignant breast tumor.",A breast mammogram displaying normal breast structures with no signs of disease or masses.
/home/woojye2020/decs_jupyter_lab/MedCLIP-SAMv2/UDIATnBUSI/train_images/udiat_benign_000035.png,/home/woojye2020/decs_jupyter_lab/MedCLIP-SAMv2/generated_neg_output/udiat_clip_image2prompt_closedform/udiat_benign_000035.png,"A medical breast mammogram displaying a lobulated, non-aggressive mass consistent with a benign tumor.","A mammogram showing no abnormalities in the breast tissue, suggestive of a normal, healthy breast."
/home/woojye2020/decs_jupyter_lab/MedCLIP-SAMv2/UDIATnBUSI/train_images/udiat_benign_000101.png,/home/woojye2020/decs_jupyter_lab/MedCLIP-SAMv2/generated_neg_output/udiat_clip_image2prompt_closedform/udiat_benign_000101.png,"A mammogram revealing a low-density, well-delineated mass likely representing a benign breast tumor.",A breast mammogram displaying normal breast structures with no signs of disease or masses.
/home/woojye2020/decs_jupyter_lab/MedCLIP-SAMv2/UDIATnBUSI/train_images/udiat_malignant_000023.png,/home/woojye2020/decs_jupyter_lab/MedCLIP-SAMv2/generated_neg_output/udiat_clip_image2prompt_closedform/udiat_malignant_000023.png,"A breast scan identifying a poorly circumscribed, irregular mass suggestive of a malignant breast tumor.","A mammogram showing no abnormalities in the breast tissue, suggestive of a normal, healthy breast."
/home/woojye2020/decs_jupyter_lab/MedCLIP-SAMv2/UDIATnBUSI/train_images/udiat_benign_000014.png,/home/woojye2020/decs_jupyter_lab/MedCLIP-SAMv2/generated_neg_output/udiat_clip_image2prompt_closedform/udiat_benign_000014.png,"A breast scan identifying a well-defined, oval mass suggestive of a benign breast tumor.",A medical mammogram displaying well-organized breast tissue with no evidence of abnormalities.
/home/woojye2020/decs_jupyter_lab/MedCLIP-SAMv2/UDIATnBUSI/train_images/udiat_benign_000114.png,/home/woojye2020/decs_jupyter_lab/MedCLIP-SAMv2/generated_neg_output/udiat_clip_image2prompt_closedform/udiat_benign_000114.png,"A mammogram displaying a round, homogeneous mass indicative of a benign breast tumor.","A medical breast imaging study revealing clear, unremarkable breast tissue consistent with a healthy scan."
/home/woojye2020/decs_jupyter_lab/MedCLIP-SAMv2/UDIATnBUSI/train_images/udiat_malignant_000135.png,/home/woojye2020/decs_jupyter_lab/MedCLIP-SAMv2/generated_neg_output/udiat_clip_image2prompt_closedform/udiat_malignant_000135.png,"A medical breast mammogram showing an irregularly shaped, spiculated mass suggestive of a malignant breast tumor.","A mammogram revealing normal breast tissue with no visible masses, calcifications, or distortions."
/home/woojye2020/decs_jupyter_lab/MedCLIP-SAMv2/UDIATnBUSI/train_images/udiat_malignant_000141.png,/home/woojye2020/decs_jupyter_lab/MedCLIP-SAMv2/generated_neg_output/udiat_clip_image2prompt_closedform/udiat_malignant_000141.png,"A medical mammogram revealing a spiculated, invasive mass suggestive of a malignant breast tumor.","A breast mammogram showing unremarkable findings consistent with normal, healthy breast tissue."
/home/woojye2020/decs_jupyter_lab/MedCLIP-SAMv2/UDIATnBUSI/train_images/udiat_benign_000059.png,/home/woojye2020/decs_jupyter_lab/MedCLIP-SAMv2/generated_neg_output/udiat_clip_image2prompt_closedform/udiat_benign_000059.png,"A breast imaging study showing a homogenous, well-circumscribed mass indicative of a benign tumor.","A breast imaging scan displaying normal, well-distributed breast tissue with no evidence of masses or tumors."
/home/woojye2020/decs_jupyter_lab/MedCLIP-SAMv2/UDIATnBUSI/train_images/udiat_benign_000083.png,/home/woojye2020/decs_jupyter_lab/MedCLIP-SAMv2/generated_neg_output/udiat_clip_image2prompt_closedform/udiat_benign_000083.png,"A medical breast mammogram showing a smooth, well-circumscribed mass suggestive of a benign breast tumor.","A mammogram showing no abnormalities in the breast tissue, suggestive of a normal, healthy breast."
/home/woojye2020/decs_jupyter_lab/MedCLIP-SAMv2/UDIATnBUSI/train_images/udiat_benign_000115.png,/home/woojye2020/decs_jupyter_lab/MedCLIP-SAMv2/generated_neg_output/udiat_clip_image2prompt_closedform/udiat_benign_000115.png,"A breast imaging study showing a well-margined, round mass suggestive of a benign breast tumor.","A breast imaging scan displaying normal, well-distributed breast tissue with no evidence of masses or tumors."
/home/woojye2020/decs_jupyter_lab/MedCLIP-SAMv2/UDIATnBUSI/train_images/udiat_benign_000037.png,/home/woojye2020/decs_jupyter_lab/MedCLIP-SAMv2/generated_neg_output/udiat_clip_image2prompt_closedform/udiat_benign_000037.png,"A medical mammogram revealing a well-defined, non-irregular mass suggestive of a benign breast tumor.",A breast mammogram displaying normal breast structures with no signs of disease or masses.
/home/woojye2020/decs_jupyter_lab/MedCLIP-SAMv2/UDIATnBUSI/train_images/udiat_malignant_000044.png,/home/woojye2020/decs_jupyter_lab/MedCLIP-SAMv2/generated_neg_output/udiat_clip_image2prompt_closedform/udiat_malignant_000044.png,"A breast imaging scan showing a spiculated, invasive mass indicative of a malignant breast tumor.","A breast imaging scan displaying normal, well-distributed breast tissue with no evidence of masses or tumors."
/home/woojye2020/decs_jupyter_lab/MedCLIP-SAMv2/UDIATnBUSI/train_images/udiat_benign_000097.png,/home/woojye2020/decs_jupyter_lab/MedCLIP-SAMv2/generated_neg_output/udiat_clip_image2prompt_closedform/udiat_benign_000097.png,A mammogram displaying a smoothly contoured mass suggestive of a benign breast tumor.,"A breast mammogram showing unremarkable findings consistent with normal, healthy breast tissue."
/home/woojye2020/decs_jupyter_lab/MedCLIP-SAMv2/UDIATnBUSI/train_images/udiat_benign_000074.png,/home/woojye2020/decs_jupyter_lab/MedCLIP-SAMv2/generated_neg_output/udiat_clip_image2prompt_closedform/udiat_benign_000074.png,"A medical breast mammogram displaying a lobulated, non-aggressive mass consistent with a benign tumor.","A mammogram revealing normal breast tissue with no visible masses, calcifications, or distortions."
/home/woojye2020/decs_jupyter_lab/MedCLIP-SAMv2/UDIATnBUSI/train_images/udiat_malignant_000137.png,/home/woojye2020/decs_jupyter_lab/MedCLIP-SAMv2/generated_neg_output/udiat_clip_image2prompt_closedform/udiat_malignant_000137.png,"A breast imaging study revealing an irregularly shaped, invasive mass likely representing a malignant breast tumor.",A medical mammogram displaying well-organized breast tissue with no evidence of abnormalities.
/home/woojye2020/decs_jupyter_lab/MedCLIP-SAMv2/UDIATnBUSI/train_images/udiat_benign_000005.png,/home/woojye2020/decs_jupyter_lab/MedCLIP-SAMv2/generated_neg_output/udiat_clip_image2prompt_closedform/udiat_benign_000005.png,"A breast imaging scan showing a well-circumscribed, smooth mass indicative of a benign breast tumor.","A medical breast imaging study revealing clear, unremarkable breast tissue consistent with a healthy scan."
/home/woojye2020/decs_jupyter_lab/MedCLIP-SAMv2/UDIATnBUSI/train_images/udiat_benign_000119.png,/home/woojye2020/decs_jupyter_lab/MedCLIP-SAMv2/generated_neg_output/udiat_clip_image2prompt_closedform/udiat_benign_000119.png,"A mammogram revealing a low-density, well-delineated mass likely representing a benign breast tumor.","A medical breast imaging study revealing clear, unremarkable breast tissue consistent with a healthy scan."
/home/woojye2020/decs_jupyter_lab/MedCLIP-SAMv2/UDIATnBUSI/train_images/udiat_malignant_000298.png,/home/woojye2020/decs_jupyter_lab/MedCLIP-SAMv2/generated_neg_output/udiat_clip_image2prompt_closedform/udiat_malignant_000298.png,"A mammogram displaying a poorly defined, lobulated mass indicative of a malignant breast tumor.","A medical breast mammogram showing clear breast tissue with no visible abnormalities, indicating a normal scan."
/home/woojye2020/decs_jupyter_lab/MedCLIP-SAMv2/UDIATnBUSI/train_images/udiat_benign_000064.png,/home/woojye2020/decs_jupyter_lab/MedCLIP-SAMv2/generated_neg_output/udiat_clip_image2prompt_closedform/udiat_benign_000064.png,"A breast scan identifying a well-defined, oval mass suggestive of a benign breast tumor.","A breast imaging scan displaying normal, well-distributed breast tissue with no evidence of masses or tumors."
/home/woojye2020/decs_jupyter_lab/MedCLIP-SAMv2/UDIATnBUSI/train_images/udiat_malignant_000310.png,/home/woojye2020/decs_jupyter_lab/MedCLIP-SAMv2/generated_neg_output/udiat_clip_image2prompt_closedform/udiat_malignant_000310.png,"A breast imaging study revealing a poorly circumscribed, irregular mass indicative of a malignant breast tumor.","A breast mammogram showing unremarkable findings consistent with normal, healthy breast tissue."
/home/woojye2020/decs_jupyter_lab/MedCLIP-SAMv2/UDIATnBUSI/train_images/udiat_malignant_000134.png,/home/woojye2020/decs_jupyter_lab/MedCLIP-SAMv2/generated_neg_output/udiat_clip_image2prompt_closedform/udiat_malignant_000134.png,"A breast imaging study showing an irregular, spiculated mass suggestive of a malignant breast tumor.","A breast imaging study showing clear, homogeneous breast tissue with no signs of pathology."
/home/woojye2020/decs_jupyter_lab/MedCLIP-SAMv2/UDIATnBUSI/train_images/udiat_benign_000124.png,/home/woojye2020/decs_jupyter_lab/MedCLIP-SAMv2/generated_neg_output/udiat_clip_image2prompt_closedform/udiat_benign_000124.png,"A breast imaging study revealing a well-defined, encapsulated mass likely representing a benign breast tumor.","A breast imaging study showing clear, homogeneous breast tissue with no signs of pathology."
/home/woojye2020/decs_jupyter_lab/MedCLIP-SAMv2/UDIATnBUSI/train_images/udiat_benign_000117.png,/home/woojye2020/decs_jupyter_lab/MedCLIP-SAMv2/generated_neg_output/udiat_clip_image2prompt_closedform/udiat_benign_000117.png,"A breast imaging study showing a well-margined, round mass suggestive of a benign breast tumor.","A mammogram revealing normal breast tissue with no visible masses, calcifications, or distortions."
/home/woojye2020/decs_jupyter_lab/MedCLIP-SAMv2/UDIATnBUSI/train_images/udiat_malignant_000295.png,/home/woojye2020/decs_jupyter_lab/MedCLIP-SAMv2/generated_neg_output/udiat_clip_image2prompt_closedform/udiat_malignant_000295.png,"A mammogram revealing an ill-defined, irregular mass likely representing a malignant breast tumor.",A medical mammogram displaying well-organized breast tissue with no evidence of abnormalities.
/home/woojye2020/decs_jupyter_lab/MedCLIP-SAMv2/UDIATnBUSI/train_images/udiat_benign_000112.png,/home/woojye2020/decs_jupyter_lab/MedCLIP-SAMv2/generated_neg_output/udiat_clip_image2prompt_closedform/udiat_benign_000112.png,"A breast scan showing a smooth, encapsulated mass likely representing a benign breast tumor.","A breast imaging study showing clear, homogeneous breast tissue with no signs of pathology."
/home/woojye2020/decs_jupyter_lab/MedCLIP-SAMv2/UDIATnBUSI/train_images/udiat_benign_000042.png,/home/woojye2020/decs_jupyter_lab/MedCLIP-SAMv2/generated_neg_output/udiat_clip_image2prompt_closedform/udiat_benign_000042.png,"A medical mammogram revealing a well-defined, non-irregular mass suggestive of a benign breast tumor.",A breast mammogram displaying normal breast structures with no signs of disease or masses.
/home/woojye2020/decs_jupyter_lab/MedCLIP-SAMv2/UDIATnBUSI/train_images/udiat_malignant_000030.png,/home/woojye2020/decs_jupyter_lab/MedCLIP-SAMv2/generated_neg_output/udiat_clip_image2prompt_closedform/udiat_malignant_000030.png,"A breast imaging study revealing a poorly circumscribed, irregular mass indicative of a malignant breast tumor.","A medical breast mammogram showing clear breast tissue with no visible abnormalities, indicating a normal scan."
/home/woojye2020/decs_jupyter_lab/MedCLIP-SAMv2/UDIATnBUSI/train_images/udiat_benign_000026.png,/home/woojye2020/decs_jupyter_lab/MedCLIP-SAMv2/generated_neg_output/udiat_clip_image2prompt_closedform/udiat_benign_000026.png,"A breast mammogram identifying a well-encapsulated, smooth mass consistent with a benign tumor.",A medical breast mammogram showing healthy breast parenchyma with no suspicious findings.
/home/woojye2020/decs_jupyter_lab/MedCLIP-SAMv2/UDIATnBUSI/train_images/udiat_malignant_000046.png,/home/woojye2020/decs_jupyter_lab/MedCLIP-SAMv2/generated_neg_output/udiat_clip_image2prompt_closedform/udiat_malignant_000046.png,"A breast imaging study revealing a poorly circumscribed, irregular mass indicative of a malignant breast tumor.","A breast imaging scan displaying normal, well-distributed breast tissue with no evidence of masses or tumors."
/home/woojye2020/decs_jupyter_lab/MedCLIP-SAMv2/UDIATnBUSI/train_images/udiat_benign_000010.png,/home/woojye2020/decs_jupyter_lab/MedCLIP-SAMv2/generated_neg_output/udiat_clip_image2prompt_closedform/udiat_benign_000010.png,"A medical breast mammogram showing a well-defined, round mass suggestive of a benign breast tumor.",A breast mammogram displaying normal breast structures with no signs of disease or masses.
/home/woojye2020/decs_jupyter_lab/MedCLIP-SAMv2/UDIATnBUSI/train_images/udiat_benign_000105.png,/home/woojye2020/decs_jupyter_lab/MedCLIP-SAMv2/generated_neg_output/udiat_clip_image2prompt_closedform/udiat_benign_000105.png,"A breast imaging scan showing a well-circumscribed, smooth mass indicative of a benign breast tumor.","A breast mammogram showing unremarkable findings consistent with normal, healthy breast tissue."
/home/woojye2020/decs_jupyter_lab/MedCLIP-SAMv2/UDIATnBUSI/train_images/udiat_benign_000056.png,/home/woojye2020/decs_jupyter_lab/MedCLIP-SAMv2/generated_neg_output/udiat_clip_image2prompt_closedform/udiat_benign_000056.png,"A medical breast mammogram detecting a non-aggressive, well-defined mass characteristic of a benign tumor.","A medical breast mammogram showing clear breast tissue with no visible abnormalities, indicating a normal scan."
/home/woojye2020/decs_jupyter_lab/MedCLIP-SAMv2/UDIATnBUSI/train_images/udiat_benign_000108.png,/home/woojye2020/decs_jupyter_lab/MedCLIP-SAMv2/generated_neg_output/udiat_clip_image2prompt_closedform/udiat_benign_000108.png,"A mammogram revealing a low-density, well-delineated mass likely representing a benign breast tumor.","A breast mammogram showing unremarkable findings consistent with normal, healthy breast tissue."
/home/woojye2020/decs_jupyter_lab/MedCLIP-SAMv2/UDIATnBUSI/train_images/udiat_malignant_000147.png,/home/woojye2020/decs_jupyter_lab/MedCLIP-SAMv2/generated_neg_output/udiat_clip_image2prompt_closedform/udiat_malignant_000147.png,"A medical breast mammogram showing an irregular, spiculated mass suggestive of a malignant breast tumor.","A medical breast imaging study revealing clear, unremarkable breast tissue consistent with a healthy scan."
/home/woojye2020/decs_jupyter_lab/MedCLIP-SAMv2/UDIATnBUSI/train_images/udiat_malignant_000049.png,/home/woojye2020/decs_jupyter_lab/MedCLIP-SAMv2/generated_neg_output/udiat_clip_image2prompt_closedform/udiat_malignant_000049.png,"A breast imaging study showing a poorly marginated, irregular mass indicative of a malignant tumor.",A medical mammogram displaying well-organized breast tissue with no evidence of abnormalities.
/home/woojye2020/decs_jupyter_lab/MedCLIP-SAMv2/UDIATnBUSI/train_images/udiat_benign_000070.png,/home/woojye2020/decs_jupyter_lab/MedCLIP-SAMv2/generated_neg_output/udiat_clip_image2prompt_closedform/udiat_benign_000070.png,A mammogram displaying a smoothly contoured mass suggestive of a benign breast tumor.,"A breast imaging study showing clear, homogeneous breast tissue with no signs of pathology."
/home/woojye2020/decs_jupyter_lab/MedCLIP-SAMv2/UDIATnBUSI/train_images/udiat_benign_000022.png,/home/woojye2020/decs_jupyter_lab/MedCLIP-SAMv2/generated_neg_output/udiat_clip_image2prompt_closedform/udiat_benign_000022.png,"A mammogram revealing a low-density, well-delineated mass likely representing a benign breast tumor.","A medical breast imaging study revealing clear, unremarkable breast tissue consistent with a healthy scan."
/home/woojye2020/decs_jupyter_lab/MedCLIP-SAMv2/UDIATnBUSI/train_images/udiat_malignant_000142.png,/home/woojye2020/decs_jupyter_lab/MedCLIP-SAMv2/generated_neg_output/udiat_clip_image2prompt_closedform/udiat_malignant_000142.png,"A medical breast mammogram detecting a spiculated, irregular mass characteristic of a malignant tumor.","A mammogram revealing normal breast tissue with no visible masses, calcifications, or distortions."
/home/woojye2020/decs_jupyter_lab/MedCLIP-SAMv2/UDIATnBUSI/train_images/udiat_benign_000104.png,/home/woojye2020/decs_jupyter_lab/MedCLIP-SAMv2/generated_neg_output/udiat_clip_image2prompt_closedform/udiat_benign_000104.png,A mammogram displaying a smoothly contoured mass suggestive of a benign breast tumor.,"A breast imaging study showing clear, homogeneous breast tissue with no signs of pathology."
/home/woojye2020/decs_jupyter_lab/MedCLIP-SAMv2/UDIATnBUSI/train_images/udiat_malignant_000031.png,/home/woojye2020/decs_jupyter_lab/MedCLIP-SAMv2/generated_neg_output/udiat_clip_image2prompt_closedform/udiat_malignant_000031.png,"A mammogram displaying a poorly defined, lobulated mass indicative of a malignant breast tumor.","A breast imaging study showing clear, homogeneous breast tissue with no signs of pathology."
/home/woojye2020/decs_jupyter_lab/MedCLIP-SAMv2/UDIATnBUSI/train_images/udiat_malignant_000305.png,/home/woojye2020/decs_jupyter_lab/MedCLIP-SAMv2/generated_neg_output/udiat_clip_image2prompt_closedform/udiat_malignant_000305.png,"A mammogram displaying an irregular, non-homogeneous mass suggestive of a malignant breast tumor.","A mammogram revealing normal breast tissue with no visible masses, calcifications, or distortions."
/home/woojye2020/decs_jupyter_lab/MedCLIP-SAMv2/UDIATnBUSI/train_images/udiat_malignant_000143.png,/home/woojye2020/decs_jupyter_lab/MedCLIP-SAMv2/generated_neg_output/udiat_clip_image2prompt_closedform/udiat_malignant_000143.png,"A medical mammogram detecting a poorly defined, lobulated mass characteristic of a malignant breast tumor.",A medical breast mammogram showing healthy breast parenchyma with no suspicious findings.
/home/woojye2020/decs_jupyter_lab/MedCLIP-SAMv2/UDIATnBUSI/train_images/udiat_malignant_000050.png,/home/woojye2020/decs_jupyter_lab/MedCLIP-SAMv2/generated_neg_output/udiat_clip_image2prompt_closedform/udiat_malignant_000050.png,"A breast imaging study revealing an irregularly shaped, invasive mass likely representing a malignant breast tumor.","A medical breast imaging study revealing clear, unremarkable breast tissue consistent with a healthy scan."
/home/woojye2020/decs_jupyter_lab/MedCLIP-SAMv2/UDIATnBUSI/train_images/udiat_benign_000123.png,/home/woojye2020/decs_jupyter_lab/MedCLIP-SAMv2/generated_neg_output/udiat_clip_image2prompt_closedform/udiat_benign_000123.png,"A medical mammogram detecting a smooth, well-defined mass characteristic of a benign breast tumor.","A mammogram revealing normal breast tissue with no visible masses, calcifications, or distortions."
/home/woojye2020/decs_jupyter_lab/MedCLIP-SAMv2/UDIATnBUSI/train_images/udiat_malignant_000027.png,/home/woojye2020/decs_jupyter_lab/MedCLIP-SAMv2/generated_neg_output/udiat_clip_image2prompt_closedform/udiat_malignant_000027.png,"A breast imaging study showing a poorly marginated, irregular mass indicative of a malignant tumor.","A breast imaging scan displaying normal, well-distributed breast tissue with no evidence of masses or tumors."
/home/woojye2020/decs_jupyter_lab/MedCLIP-SAMv2/UDIATnBUSI/train_images/udiat_malignant_000024.png,/home/woojye2020/decs_jupyter_lab/MedCLIP-SAMv2/generated_neg_output/udiat_clip_image2prompt_closedform/udiat_malignant_000024.png,"A breast scan showing a spiculated, invasive mass likely indicating a malignant breast tumor.",A medical mammogram displaying well-organized breast tissue with no evidence of abnormalities.
/home/woojye2020/decs_jupyter_lab/MedCLIP-SAMv2/UDIATnBUSI/train_images/udiat_benign_000121.png,/home/woojye2020/decs_jupyter_lab/MedCLIP-SAMv2/generated_neg_output/udiat_clip_image2prompt_closedform/udiat_benign_000121.png,"A medical breast mammogram showing a smooth, well-circumscribed mass suggestive of a benign breast tumor.","A breast imaging study showing clear, homogeneous breast tissue with no signs of pathology."
/home/woojye2020/decs_jupyter_lab/MedCLIP-SAMv2/UDIATnBUSI/train_images/udiat_benign_000039.png,/home/woojye2020/decs_jupyter_lab/MedCLIP-SAMv2/generated_neg_output/udiat_clip_image2prompt_closedform/udiat_benign_000039.png,"A mammogram displaying a round, homogeneous mass indicative of a benign breast tumor.",A medical breast mammogram showing healthy breast parenchyma with no suspicious findings.
/home/woojye2020/decs_jupyter_lab/MedCLIP-SAMv2/UDIATnBUSI/train_images/udiat_benign_000107.png,/home/woojye2020/decs_jupyter_lab/MedCLIP-SAMv2/generated_neg_output/udiat_clip_image2prompt_closedform/udiat_benign_000107.png,"A mammogram revealing a low-density, well-delineated mass likely representing a benign breast tumor.",A medical breast mammogram showing healthy breast parenchyma with no suspicious findings.
/home/woojye2020/decs_jupyter_lab/MedCLIP-SAMv2/UDIATnBUSI/train_images/udiat_malignant_000043.png,/home/woojye2020/decs_jupyter_lab/MedCLIP-SAMv2/generated_neg_output/udiat_clip_image2prompt_closedform/udiat_malignant_000043.png,"A breast imaging study revealing an irregularly shaped, invasive mass likely representing a malignant breast tumor.","A mammogram revealing normal breast tissue with no visible masses, calcifications, or distortions."
/home/woojye2020/decs_jupyter_lab/MedCLIP-SAMv2/UDIATnBUSI/train_images/udiat_malignant_000301.png,/home/woojye2020/decs_jupyter_lab/MedCLIP-SAMv2/generated_neg_output/udiat_clip_image2prompt_closedform/udiat_malignant_000301.png,"A mammogram displaying an irregularly shaped, spiculated mass suggestive of a malignant breast tumor.","A medical breast mammogram showing clear breast tissue with no visible abnormalities, indicating a normal scan."
/home/woojye2020/decs_jupyter_lab/MedCLIP-SAMv2/UDIATnBUSI/train_images/udiat_benign_000113.png,/home/woojye2020/decs_jupyter_lab/MedCLIP-SAMv2/generated_neg_output/udiat_clip_image2prompt_closedform/udiat_benign_000113.png,"A breast scan showing a smooth, encapsulated mass likely representing a benign breast tumor.","A breast imaging study showing clear, homogeneous breast tissue with no signs of pathology."
/home/woojye2020/decs_jupyter_lab/MedCLIP-SAMv2/UDIATnBUSI/train_images/udiat_benign_000034.png,/home/woojye2020/decs_jupyter_lab/MedCLIP-SAMv2/generated_neg_output/udiat_clip_image2prompt_closedform/udiat_benign_000034.png,"A breast mammogram identifying a well-encapsulated, smooth mass consistent with a benign tumor.","A medical breast mammogram showing clear breast tissue with no visible abnormalities, indicating a normal scan."
/home/woojye2020/decs_jupyter_lab/MedCLIP-SAMv2/UDIATnBUSI/train_images/udiat_benign_000096.png,/home/woojye2020/decs_jupyter_lab/MedCLIP-SAMv2/generated_neg_output/udiat_clip_image2prompt_closedform/udiat_benign_000096.png,"A medical breast mammogram displaying a lobulated, non-aggressive mass consistent with a benign tumor.",A medical mammogram displaying well-organized breast tissue with no evidence of abnormalities.
/home/woojye2020/decs_jupyter_lab/MedCLIP-SAMv2/UDIATnBUSI/train_images/udiat_benign_000069.png,/home/woojye2020/decs_jupyter_lab/MedCLIP-SAMv2/generated_neg_output/udiat_clip_image2prompt_closedform/udiat_benign_000069.png,"A mammogram displaying a non-invasive, well-defined mass suggestive of a benign breast tumor.","A breast mammogram showing unremarkable findings consistent with normal, healthy breast tissue."
/home/woojye2020/decs_jupyter_lab/MedCLIP-SAMv2/UDIATnBUSI/train_images/udiat_benign_000102.png,/home/woojye2020/decs_jupyter_lab/MedCLIP-SAMv2/generated_neg_output/udiat_clip_image2prompt_closedform/udiat_benign_000102.png,"A breast imaging study showing a homogenous, well-circumscribed mass indicative of a benign tumor.","A breast imaging study showing clear, homogeneous breast tissue with no signs of pathology."
/home/woojye2020/decs_jupyter_lab/MedCLIP-SAMv2/UDIATnBUSI/train_images/udiat_benign_000103.png,/home/woojye2020/decs_jupyter_lab/MedCLIP-SAMv2/generated_neg_output/udiat_clip_image2prompt_closedform/udiat_benign_000103.png,"A medical breast mammogram showing a smooth, well-circumscribed mass suggestive of a benign breast tumor.","A mammogram showing no abnormalities in the breast tissue, suggestive of a normal, healthy breast."
/home/woojye2020/decs_jupyter_lab/MedCLIP-SAMv2/UDIATnBUSI/train_images/udiat_benign_000129.png,/home/woojye2020/decs_jupyter_lab/MedCLIP-SAMv2/generated_neg_output/udiat_clip_image2prompt_closedform/udiat_benign_000129.png,"A mammogram revealing a low-density, well-delineated mass likely representing a benign breast tumor.",A medical mammogram displaying well-organized breast tissue with no evidence of abnormalities.
/home/woojye2020/decs_jupyter_lab/MedCLIP-SAMv2/UDIATnBUSI/train_images/udiat_benign_000060.png,/home/woojye2020/decs_jupyter_lab/MedCLIP-SAMv2/generated_neg_output/udiat_clip_image2prompt_closedform/udiat_benign_000060.png,"A mammogram showing a sharply marginated, round mass suggestive of a benign breast tumor.","A breast imaging scan displaying normal, well-distributed breast tissue with no evidence of masses or tumors."
/home/woojye2020/decs_jupyter_lab/MedCLIP-SAMv2/UDIATnBUSI/train_images/udiat_malignant_000308.png,/home/woojye2020/decs_jupyter_lab/MedCLIP-SAMv2/generated_neg_output/udiat_clip_image2prompt_closedform/udiat_malignant_000308.png,"A medical mammogram revealing a spiculated, invasive mass suggestive of a malignant breast tumor.","A breast imaging study showing clear, homogeneous breast tissue with no signs of pathology."
/home/woojye2020/decs_jupyter_lab/MedCLIP-SAMv2/UDIATnBUSI/train_images/udiat_benign_000011.png,/home/woojye2020/decs_jupyter_lab/MedCLIP-SAMv2/generated_neg_output/udiat_clip_image2prompt_closedform/udiat_benign_000011.png,"A breast imaging study revealing a well-defined, encapsulated mass likely representing a benign breast tumor.","A medical breast mammogram showing clear breast tissue with no visible abnormalities, indicating a normal scan."
/home/woojye2020/decs_jupyter_lab/MedCLIP-SAMv2/UDIATnBUSI/train_images/busi_benign_benign (140).png,/home/woojye2020/decs_jupyter_lab/MedCLIP-SAMv2/generated_neg_output/busi_clip_image2prompt_closedformv0/busi_benign_benign (140).png,A mammogram displaying a smoothly contoured mass suggestive of a benign breast tumor.,"A breast mammogram showing unremarkable findings consistent with normal, healthy breast tissue."
/home/woojye2020/decs_jupyter_lab/MedCLIP-SAMv2/UDIATnBUSI/train_images/busi_benign_benign (83).png,/home/woojye2020/decs_jupyter_lab/MedCLIP-SAMv2/generated_neg_output/busi_clip_image2prompt_closedformv0/busi_benign_benign (83).png,"A breast imaging scan showing a well-circumscribed, smooth mass indicative of a benign breast tumor.","A medical breast imaging study revealing clear, unremarkable breast tissue consistent with a healthy scan."
/home/woojye2020/decs_jupyter_lab/MedCLIP-SAMv2/UDIATnBUSI/train_images/busi_benign_benign (307).png,/home/woojye2020/decs_jupyter_lab/MedCLIP-SAMv2/generated_neg_output/busi_clip_image2prompt_closedformv0/busi_benign_benign (307).png,"A breast imaging study showing a well-margined, round mass suggestive of a benign breast tumor.",A medical mammogram displaying well-organized breast tissue with no evidence of abnormalities.
/home/woojye2020/decs_jupyter_lab/MedCLIP-SAMv2/UDIATnBUSI/train_images/busi_malignant_malignant (74).png,/home/woojye2020/decs_jupyter_lab/MedCLIP-SAMv2/generated_neg_output/busi_clip_image2prompt_closedformv0/busi_malignant_malignant (74).png,"A medical breast mammogram showing an irregularly shaped, spiculated mass suggestive of a malignant breast tumor.",A medical mammogram displaying well-organized breast tissue with no evidence of abnormalities.
/home/woojye2020/decs_jupyter_lab/MedCLIP-SAMv2/UDIATnBUSI/train_images/busi_malignant_malignant (7).png,/home/woojye2020/decs_jupyter_lab/MedCLIP-SAMv2/generated_neg_output/busi_clip_image2prompt_closedformv0/busi_malignant_malignant (7).png,"A breast mammogram identifying an irregular, dense mass consistent with a malignant tumor.",A breast mammogram displaying normal breast structures with no signs of disease or masses.
/home/woojye2020/decs_jupyter_lab/MedCLIP-SAMv2/UDIATnBUSI/train_images/busi_malignant_malignant (142).png,/home/woojye2020/decs_jupyter_lab/MedCLIP-SAMv2/generated_neg_output/busi_clip_image2prompt_closedformv0/busi_malignant_malignant (142).png,"A breast imaging scan showing a spiculated, invasive mass indicative of a malignant breast tumor.",A breast mammogram displaying normal breast structures with no signs of disease or masses.
/home/woojye2020/decs_jupyter_lab/MedCLIP-SAMv2/UDIATnBUSI/train_images/busi_malignant_malignant (84).png,/home/woojye2020/decs_jupyter_lab/MedCLIP-SAMv2/generated_neg_output/busi_clip_image2prompt_closedformv0/busi_malignant_malignant (84).png,"A medical mammogram revealing a spiculated, invasive mass suggestive of a malignant breast tumor.",A breast mammogram displaying normal breast structures with no signs of disease or masses.
/home/woojye2020/decs_jupyter_lab/MedCLIP-SAMv2/UDIATnBUSI/train_images/busi_benign_benign (42).png,/home/woojye2020/decs_jupyter_lab/MedCLIP-SAMv2/generated_neg_output/busi_clip_image2prompt_closedformv0/busi_benign_benign (42).png,A mammogram displaying a smoothly contoured mass suggestive of a benign breast tumor.,"A medical breast imaging study revealing clear, unremarkable breast tissue consistent with a healthy scan."
/home/woojye2020/decs_jupyter_lab/MedCLIP-SAMv2/UDIATnBUSI/train_images/busi_malignant_malignant (120).png,/home/woojye2020/decs_jupyter_lab/MedCLIP-SAMv2/generated_neg_output/busi_clip_image2prompt_closedformv0/busi_malignant_malignant (120).png,"A breast imaging study showing a poorly marginated, irregular mass indicative of a malignant tumor.","A breast imaging scan displaying normal, well-distributed breast tissue with no evidence of masses or tumors."
/home/woojye2020/decs_jupyter_lab/MedCLIP-SAMv2/UDIATnBUSI/train_images/busi_benign_benign (163).png,/home/woojye2020/decs_jupyter_lab/MedCLIP-SAMv2/generated_neg_output/busi_clip_image2prompt_closedformv0/busi_benign_benign (163).png,"A mammogram displaying a non-spiculated, round mass suggestive of a benign breast tumor.","A breast imaging scan displaying normal, well-distributed breast tissue with no evidence of masses or tumors."
/home/woojye2020/decs_jupyter_lab/MedCLIP-SAMv2/UDIATnBUSI/train_images/busi_malignant_malignant (56).png,/home/woojye2020/decs_jupyter_lab/MedCLIP-SAMv2/generated_neg_output/busi_clip_image2prompt_closedformv0/busi_malignant_malignant (56).png,"A breast mammogram identifying an irregular, dense mass consistent with a malignant tumor.","A breast imaging study showing clear, homogeneous breast tissue with no signs of pathology."
/home/woojye2020/decs_jupyter_lab/MedCLIP-SAMv2/UDIATnBUSI/train_images/busi_benign_benign (76).png,/home/woojye2020/decs_jupyter_lab/MedCLIP-SAMv2/generated_neg_output/busi_clip_image2prompt_closedformv0/busi_benign_benign (76).png,"A breast imaging study showing a homogenous, well-circumscribed mass indicative of a benign tumor.","A mammogram showing no abnormalities in the breast tissue, suggestive of a normal, healthy breast."
/home/woojye2020/decs_jupyter_lab/MedCLIP-SAMv2/UDIATnBUSI/train_images/busi_benign_benign (37).png,/home/woojye2020/decs_jupyter_lab/MedCLIP-SAMv2/generated_neg_output/busi_clip_image2prompt_closedformv0/busi_benign_benign (37).png,"A medical mammogram revealing a well-defined, non-irregular mass suggestive of a benign breast tumor.",A medical mammogram displaying well-organized breast tissue with no evidence of abnormalities.
/home/woojye2020/decs_jupyter_lab/MedCLIP-SAMv2/UDIATnBUSI/train_images/busi_benign_benign (71).png,/home/woojye2020/decs_jupyter_lab/MedCLIP-SAMv2/generated_neg_output/busi_clip_image2prompt_closedformv0/busi_benign_benign (71).png,"A mammogram showing a sharply marginated, round mass suggestive of a benign breast tumor.","A mammogram revealing normal breast tissue with no visible masses, calcifications, or distortions."
/home/woojye2020/decs_jupyter_lab/MedCLIP-SAMv2/UDIATnBUSI/train_images/busi_benign_benign (120).png,/home/woojye2020/decs_jupyter_lab/MedCLIP-SAMv2/generated_neg_output/busi_clip_image2prompt_closedformv0/busi_benign_benign (120).png,"A medical breast mammogram displaying a lobulated, non-aggressive mass consistent with a benign tumor.","A breast mammogram showing unremarkable findings consistent with normal, healthy breast tissue."
/home/woojye2020/decs_jupyter_lab/MedCLIP-SAMv2/UDIATnBUSI/train_images/busi_malignant_malignant (183).png,/home/woojye2020/decs_jupyter_lab/MedCLIP-SAMv2/generated_neg_output/busi_clip_image2prompt_closedformv0/busi_malignant_malignant (183).png,"A mammogram displaying an irregularly shaped, spiculated mass suggestive of a malignant breast tumor.","A medical breast imaging study revealing clear, unremarkable breast tissue consistent with a healthy scan."
/home/woojye2020/decs_jupyter_lab/MedCLIP-SAMv2/UDIATnBUSI/train_images/busi_malignant_malignant (105).png,/home/woojye2020/decs_jupyter_lab/MedCLIP-SAMv2/generated_neg_output/busi_clip_image2prompt_closedformv0/busi_malignant_malignant (105).png,"A mammogram displaying a poorly defined, lobulated mass indicative of a malignant breast tumor.","A breast imaging scan displaying normal, well-distributed breast tissue with no evidence of masses or tumors."
/home/woojye2020/decs_jupyter_lab/MedCLIP-SAMv2/UDIATnBUSI/train_images/busi_benign_benign (271).png,/home/woojye2020/decs_jupyter_lab/MedCLIP-SAMv2/generated_neg_output/busi_clip_image2prompt_closedformv0/busi_benign_benign (271).png,"A breast mammogram identifying a well-encapsulated, smooth mass consistent with a benign tumor.",A medical breast mammogram showing healthy breast parenchyma with no suspicious findings.
/home/woojye2020/decs_jupyter_lab/MedCLIP-SAMv2/UDIATnBUSI/train_images/busi_benign_benign (340).png,/home/woojye2020/decs_jupyter_lab/MedCLIP-SAMv2/generated_neg_output/busi_clip_image2prompt_closedformv0/busi_benign_benign (340).png,"A mammogram displaying a non-spiculated, round mass suggestive of a benign breast tumor.","A breast imaging scan displaying normal, well-distributed breast tissue with no evidence of masses or tumors."
/home/woojye2020/decs_jupyter_lab/MedCLIP-SAMv2/UDIATnBUSI/train_images/busi_benign_benign (232).png,/home/woojye2020/decs_jupyter_lab/MedCLIP-SAMv2/generated_neg_output/busi_clip_image2prompt_closedformv0/busi_benign_benign (232).png,"A medical breast mammogram showing a well-defined, round mass suggestive of a benign breast tumor.","A breast imaging scan displaying normal, well-distributed breast tissue with no evidence of masses or tumors."
/home/woojye2020/decs_jupyter_lab/MedCLIP-SAMv2/UDIATnBUSI/train_images/busi_malignant_malignant (209).png,/home/woojye2020/decs_jupyter_lab/MedCLIP-SAMv2/generated_neg_output/busi_clip_image2prompt_closedformv0/busi_malignant_malignant (209).png,"A breast imaging study showing an irregular, spiculated mass suggestive of a malignant breast tumor.","A breast mammogram showing unremarkable findings consistent with normal, healthy breast tissue."
/home/woojye2020/decs_jupyter_lab/MedCLIP-SAMv2/UDIATnBUSI/train_images/busi_malignant_malignant (59).png,/home/woojye2020/decs_jupyter_lab/MedCLIP-SAMv2/generated_neg_output/busi_clip_image2prompt_closedformv0/busi_malignant_malignant (59).png,"A medical breast mammogram detecting a spiculated, irregular mass characteristic of a malignant tumor.","A breast imaging study showing clear, homogeneous breast tissue with no signs of pathology."
/home/woojye2020/decs_jupyter_lab/MedCLIP-SAMv2/UDIATnBUSI/train_images/busi_malignant_malignant (32).png,/home/woojye2020/decs_jupyter_lab/MedCLIP-SAMv2/generated_neg_output/busi_clip_image2prompt_closedformv0/busi_malignant_malignant (32).png,"A mammogram showing a dense, spiculated mass suggestive of a malignant breast tumor.","A breast imaging study showing clear, homogeneous breast tissue with no signs of pathology."
/home/woojye2020/decs_jupyter_lab/MedCLIP-SAMv2/UDIATnBUSI/train_images/busi_benign_benign (93).png,/home/woojye2020/decs_jupyter_lab/MedCLIP-SAMv2/generated_neg_output/busi_clip_image2prompt_closedformv0/busi_benign_benign (93).png,"A breast scan showing a smooth, encapsulated mass likely representing a benign breast tumor.","A breast imaging study showing clear, homogeneous breast tissue with no signs of pathology."
/home/woojye2020/decs_jupyter_lab/MedCLIP-SAMv2/UDIATnBUSI/train_images/busi_benign_benign (266).png,/home/woojye2020/decs_jupyter_lab/MedCLIP-SAMv2/generated_neg_output/busi_clip_image2prompt_closedformv0/busi_benign_benign (266).png,"A mammogram displaying a non-invasive, well-defined mass suggestive of a benign breast tumor.",A medical breast mammogram showing healthy breast parenchyma with no suspicious findings.
/home/woojye2020/decs_jupyter_lab/MedCLIP-SAMv2/UDIATnBUSI/train_images/busi_benign_benign (234).png,/home/woojye2020/decs_jupyter_lab/MedCLIP-SAMv2/generated_neg_output/busi_clip_image2prompt_closedformv0/busi_benign_benign (234).png,"A breast scan showing a smooth, encapsulated mass likely representing a benign breast tumor.",A medical mammogram displaying well-organized breast tissue with no evidence of abnormalities.
/home/woojye2020/decs_jupyter_lab/MedCLIP-SAMv2/UDIATnBUSI/train_images/busi_benign_benign (396).png,/home/woojye2020/decs_jupyter_lab/MedCLIP-SAMv2/generated_neg_output/busi_clip_image2prompt_closedformv0/busi_benign_benign (396).png,"A breast scan showing a well-contained, round mass likely indicating a benign breast tumor.","A breast imaging study showing clear, homogeneous breast tissue with no signs of pathology."
/home/woojye2020/decs_jupyter_lab/MedCLIP-SAMv2/UDIATnBUSI/train_images/busi_benign_benign (259).png,/home/woojye2020/decs_jupyter_lab/MedCLIP-SAMv2/generated_neg_output/busi_clip_image2prompt_closedformv0/busi_benign_benign (259).png,"A medical mammogram detecting a smooth, well-defined mass characteristic of a benign breast tumor.","A mammogram showing no abnormalities in the breast tissue, suggestive of a normal, healthy breast."
/home/woojye2020/decs_jupyter_lab/MedCLIP-SAMv2/UDIATnBUSI/train_images/busi_benign_benign (280).png,/home/woojye2020/decs_jupyter_lab/MedCLIP-SAMv2/generated_neg_output/busi_clip_image2prompt_closedformv0/busi_benign_benign (280).png,"A breast imaging scan showing a well-circumscribed, smooth mass indicative of a benign breast tumor.","A breast mammogram showing unremarkable findings consistent with normal, healthy breast tissue."
/home/woojye2020/decs_jupyter_lab/MedCLIP-SAMv2/UDIATnBUSI/train_images/busi_benign_benign (349).png,/home/woojye2020/decs_jupyter_lab/MedCLIP-SAMv2/generated_neg_output/busi_clip_image2prompt_closedformv0/busi_benign_benign (349).png,"A breast scan showing a well-contained, round mass likely indicating a benign breast tumor.","A mammogram showing no abnormalities in the breast tissue, suggestive of a normal, healthy breast."
/home/woojye2020/decs_jupyter_lab/MedCLIP-SAMv2/UDIATnBUSI/train_images/busi_benign_benign (157).png,/home/woojye2020/decs_jupyter_lab/MedCLIP-SAMv2/generated_neg_output/busi_clip_image2prompt_closedformv0/busi_benign_benign (157).png,"A breast mammogram identifying a well-encapsulated, smooth mass consistent with a benign tumor.","A medical breast mammogram showing clear breast tissue with no visible abnormalities, indicating a normal scan."
/home/woojye2020/decs_jupyter_lab/MedCLIP-SAMv2/UDIATnBUSI/train_images/busi_benign_benign (330).png,/home/woojye2020/decs_jupyter_lab/MedCLIP-SAMv2/generated_neg_output/busi_clip_image2prompt_closedformv0/busi_benign_benign (330).png,"A medical mammogram detecting a smooth, well-defined mass characteristic of a benign breast tumor.","A breast imaging study showing clear, homogeneous breast tissue with no signs of pathology."
/home/woojye2020/decs_jupyter_lab/MedCLIP-SAMv2/UDIATnBUSI/train_images/busi_malignant_malignant (158).png,/home/woojye2020/decs_jupyter_lab/MedCLIP-SAMv2/generated_neg_output/busi_clip_image2prompt_closedformv0/busi_malignant_malignant (158).png,"A breast scan showing a spiculated, invasive mass likely indicating a malignant breast tumor.","A mammogram revealing normal breast tissue with no visible masses, calcifications, or distortions."
/home/woojye2020/decs_jupyter_lab/MedCLIP-SAMv2/UDIATnBUSI/train_images/busi_benign_benign (291).png,/home/woojye2020/decs_jupyter_lab/MedCLIP-SAMv2/generated_neg_output/busi_clip_image2prompt_closedformv0/busi_benign_benign (291).png,A mammogram displaying a smoothly contoured mass suggestive of a benign breast tumor.,"A medical breast imaging study revealing clear, unremarkable breast tissue consistent with a healthy scan."
/home/woojye2020/decs_jupyter_lab/MedCLIP-SAMv2/UDIATnBUSI/train_images/busi_malignant_malignant (60).png,/home/woojye2020/decs_jupyter_lab/MedCLIP-SAMv2/generated_neg_output/busi_clip_image2prompt_closedformv0/busi_malignant_malignant (60).png,"A breast imaging study showing a poorly marginated, irregular mass indicative of a malignant tumor.","A medical breast mammogram showing clear breast tissue with no visible abnormalities, indicating a normal scan."
/home/woojye2020/decs_jupyter_lab/MedCLIP-SAMv2/UDIATnBUSI/train_images/busi_benign_benign (179).png,/home/woojye2020/decs_jupyter_lab/MedCLIP-SAMv2/generated_neg_output/busi_clip_image2prompt_closedformv0/busi_benign_benign (179).png,"A mammogram showing a sharply marginated, round mass suggestive of a benign breast tumor.",A medical mammogram displaying well-organized breast tissue with no evidence of abnormalities.
/home/woojye2020/decs_jupyter_lab/MedCLIP-SAMv2/UDIATnBUSI/train_images/busi_benign_benign (57).png,/home/woojye2020/decs_jupyter_lab/MedCLIP-SAMv2/generated_neg_output/busi_clip_image2prompt_closedformv0/busi_benign_benign (57).png,"A medical breast mammogram detecting a non-aggressive, well-defined mass characteristic of a benign tumor.",A medical breast mammogram showing healthy breast parenchyma with no suspicious findings.
/home/woojye2020/decs_jupyter_lab/MedCLIP-SAMv2/UDIATnBUSI/train_images/busi_benign_benign (114).png,/home/woojye2020/decs_jupyter_lab/MedCLIP-SAMv2/generated_neg_output/busi_clip_image2prompt_closedformv0/busi_benign_benign (114).png,"A breast imaging study revealing a well-defined, encapsulated mass likely representing a benign breast tumor.","A breast imaging study showing clear, homogeneous breast tissue with no signs of pathology."
/home/woojye2020/decs_jupyter_lab/MedCLIP-SAMv2/UDIATnBUSI/train_images/busi_benign_benign (364).png,/home/woojye2020/decs_jupyter_lab/MedCLIP-SAMv2/generated_neg_output/busi_clip_image2prompt_closedformv0/busi_benign_benign (364).png,"A breast imaging study revealing a well-defined, encapsulated mass likely representing a benign breast tumor.",A medical mammogram displaying well-organized breast tissue with no evidence of abnormalities.
/home/woojye2020/decs_jupyter_lab/MedCLIP-SAMv2/UDIATnBUSI/train_images/busi_benign_benign (109).png,/home/woojye2020/decs_jupyter_lab/MedCLIP-SAMv2/generated_neg_output/busi_clip_image2prompt_closedformv0/busi_benign_benign (109).png,"A medical mammogram revealing a well-defined, non-irregular mass suggestive of a benign breast tumor.","A medical breast mammogram showing clear breast tissue with no visible abnormalities, indicating a normal scan."
/home/woojye2020/decs_jupyter_lab/MedCLIP-SAMv2/UDIATnBUSI/train_images/busi_benign_benign (428).png,/home/woojye2020/decs_jupyter_lab/MedCLIP-SAMv2/generated_neg_output/busi_clip_image2prompt_closedformv0/busi_benign_benign (428).png,"A mammogram showing a sharply marginated, round mass suggestive of a benign breast tumor.","A mammogram revealing normal breast tissue with no visible masses, calcifications, or distortions."
/home/woojye2020/decs_jupyter_lab/MedCLIP-SAMv2/UDIATnBUSI/train_images/busi_malignant_malignant (152).png,/home/woojye2020/decs_jupyter_lab/MedCLIP-SAMv2/generated_neg_output/busi_clip_image2prompt_closedformv0/busi_malignant_malignant (152).png,"A mammogram displaying an irregular, invasive mass suggestive of a malignant breast tumor.","A medical breast imaging study revealing clear, unremarkable breast tissue consistent with a healthy scan."
/home/woojye2020/decs_jupyter_lab/MedCLIP-SAMv2/UDIATnBUSI/train_images/busi_benign_benign (125).png,/home/woojye2020/decs_jupyter_lab/MedCLIP-SAMv2/generated_neg_output/busi_clip_image2prompt_closedformv0/busi_benign_benign (125).png,"A mammogram displaying a round, homogeneous mass indicative of a benign breast tumor.","A breast imaging study showing clear, homogeneous breast tissue with no signs of pathology."
/home/woojye2020/decs_jupyter_lab/MedCLIP-SAMv2/UDIATnBUSI/train_images/busi_benign_benign (323).png,/home/woojye2020/decs_jupyter_lab/MedCLIP-SAMv2/generated_neg_output/busi_clip_image2prompt_closedformv0/busi_benign_benign (323).png,"A mammogram revealing a low-density, well-delineated mass likely representing a benign breast tumor.",A medical breast mammogram showing healthy breast parenchyma with no suspicious findings.
/home/woojye2020/decs_jupyter_lab/MedCLIP-SAMv2/UDIATnBUSI/train_images/busi_benign_benign (39).png,/home/woojye2020/decs_jupyter_lab/MedCLIP-SAMv2/generated_neg_output/busi_clip_image2prompt_closedformv0/busi_benign_benign (39).png,"A breast imaging study revealing a well-marginated, round mass indicative of a benign breast tumor.","A mammogram revealing normal breast tissue with no visible masses, calcifications, or distortions."
/home/woojye2020/decs_jupyter_lab/MedCLIP-SAMv2/UDIATnBUSI/train_images/busi_benign_benign (351).png,/home/woojye2020/decs_jupyter_lab/MedCLIP-SAMv2/generated_neg_output/busi_clip_image2prompt_closedformv0/busi_benign_benign (351).png,A mammogram displaying a smoothly contoured mass suggestive of a benign breast tumor.,A breast mammogram displaying normal breast structures with no signs of disease or masses.
/home/woojye2020/decs_jupyter_lab/MedCLIP-SAMv2/UDIATnBUSI/train_images/busi_malignant_malignant (101).png,/home/woojye2020/decs_jupyter_lab/MedCLIP-SAMv2/generated_neg_output/busi_clip_image2prompt_closedformv0/busi_malignant_malignant (101).png,"A medical mammogram detecting a poorly defined, lobulated mass characteristic of a malignant breast tumor.",A medical mammogram displaying well-organized breast tissue with no evidence of abnormalities.
/home/woojye2020/decs_jupyter_lab/MedCLIP-SAMv2/UDIATnBUSI/train_images/busi_malignant_malignant (53).png,/home/woojye2020/decs_jupyter_lab/MedCLIP-SAMv2/generated_neg_output/busi_clip_image2prompt_closedformv0/busi_malignant_malignant (53).png,"A breast scan showing a spiculated, invasive mass likely indicating a malignant breast tumor.",A medical breast mammogram showing healthy breast parenchyma with no suspicious findings.
/home/woojye2020/decs_jupyter_lab/MedCLIP-SAMv2/UDIATnBUSI/train_images/busi_malignant_malignant (186).png,/home/woojye2020/decs_jupyter_lab/MedCLIP-SAMv2/generated_neg_output/busi_clip_image2prompt_closedformv0/busi_malignant_malignant (186).png,"A mammogram displaying an irregular, invasive mass suggestive of a malignant breast tumor.","A breast imaging study showing clear, homogeneous breast tissue with no signs of pathology."
/home/woojye2020/decs_jupyter_lab/MedCLIP-SAMv2/UDIATnBUSI/train_images/busi_benign_benign (53).png,/home/woojye2020/decs_jupyter_lab/MedCLIP-SAMv2/generated_neg_output/busi_clip_image2prompt_closedformv0/busi_benign_benign (53).png,"A breast scan showing a smooth, encapsulated mass likely representing a benign breast tumor.","A medical breast mammogram showing clear breast tissue with no visible abnormalities, indicating a normal scan."
/home/woojye2020/decs_jupyter_lab/MedCLIP-SAMv2/UDIATnBUSI/train_images/busi_benign_benign (17).png,/home/woojye2020/decs_jupyter_lab/MedCLIP-SAMv2/generated_neg_output/busi_clip_image2prompt_closedformv0/busi_benign_benign (17).png,"A breast imaging study revealing a well-marginated, round mass indicative of a benign breast tumor.",A breast mammogram displaying normal breast structures with no signs of disease or masses.
/home/woojye2020/decs_jupyter_lab/MedCLIP-SAMv2/UDIATnBUSI/train_images/busi_benign_benign (204).png,/home/woojye2020/decs_jupyter_lab/MedCLIP-SAMv2/generated_neg_output/busi_clip_image2prompt_closedformv0/busi_benign_benign (204).png,"A breast imaging scan showing a well-circumscribed, smooth mass indicative of a benign breast tumor.","A breast imaging scan displaying normal, well-distributed breast tissue with no evidence of masses or tumors."
/home/woojye2020/decs_jupyter_lab/MedCLIP-SAMv2/UDIATnBUSI/train_images/busi_malignant_malignant (108).png,/home/woojye2020/decs_jupyter_lab/MedCLIP-SAMv2/generated_neg_output/busi_clip_image2prompt_closedformv0/busi_malignant_malignant (108).png,"A breast imaging scan showing a spiculated, invasive mass indicative of a malignant breast tumor.",A breast mammogram displaying normal breast structures with no signs of disease or masses.
/home/woojye2020/decs_jupyter_lab/MedCLIP-SAMv2/UDIATnBUSI/train_images/busi_benign_benign (58).png,/home/woojye2020/decs_jupyter_lab/MedCLIP-SAMv2/generated_neg_output/busi_clip_image2prompt_closedformv0/busi_benign_benign (58).png,"A breast mammogram identifying a well-encapsulated, smooth mass consistent with a benign tumor.",A breast mammogram displaying normal breast structures with no signs of disease or masses.
/home/woojye2020/decs_jupyter_lab/MedCLIP-SAMv2/UDIATnBUSI/train_images/busi_benign_benign (278).png,/home/woojye2020/decs_jupyter_lab/MedCLIP-SAMv2/generated_neg_output/busi_clip_image2prompt_closedformv0/busi_benign_benign (278).png,A mammogram displaying a smoothly contoured mass suggestive of a benign breast tumor.,A breast mammogram displaying normal breast structures with no signs of disease or masses.
/home/woojye2020/decs_jupyter_lab/MedCLIP-SAMv2/UDIATnBUSI/train_images/busi_malignant_malignant (189).png,/home/woojye2020/decs_jupyter_lab/MedCLIP-SAMv2/generated_neg_output/busi_clip_image2prompt_closedformv0/busi_malignant_malignant (189).png,"A medical mammogram revealing a spiculated, invasive mass suggestive of a malignant breast tumor.","A medical breast imaging study revealing clear, unremarkable breast tissue consistent with a healthy scan."
/home/woojye2020/decs_jupyter_lab/MedCLIP-SAMv2/UDIATnBUSI/train_images/busi_benign_benign (64).png,/home/woojye2020/decs_jupyter_lab/MedCLIP-SAMv2/generated_neg_output/busi_clip_image2prompt_closedformv0/busi_benign_benign (64).png,"A breast imaging study showing a well-margined, round mass suggestive of a benign breast tumor.","A medical breast mammogram showing clear breast tissue with no visible abnormalities, indicating a normal scan."
/home/woojye2020/decs_jupyter_lab/MedCLIP-SAMv2/UDIATnBUSI/train_images/busi_benign_benign (418).png,/home/woojye2020/decs_jupyter_lab/MedCLIP-SAMv2/generated_neg_output/busi_clip_image2prompt_closedformv0/busi_benign_benign (418).png,"A medical breast mammogram showing a smooth, well-circumscribed mass suggestive of a benign breast tumor.",A medical breast mammogram showing healthy breast parenchyma with no suspicious findings.
/home/woojye2020/decs_jupyter_lab/MedCLIP-SAMv2/UDIATnBUSI/train_images/busi_benign_benign (375).png,/home/woojye2020/decs_jupyter_lab/MedCLIP-SAMv2/generated_neg_output/busi_clip_image2prompt_closedformv0/busi_benign_benign (375).png,"A medical breast mammogram showing a smooth, well-circumscribed mass suggestive of a benign breast tumor.","A breast imaging scan displaying normal, well-distributed breast tissue with no evidence of masses or tumors."
/home/woojye2020/decs_jupyter_lab/MedCLIP-SAMv2/UDIATnBUSI/train_images/busi_benign_benign (390).png,/home/woojye2020/decs_jupyter_lab/MedCLIP-SAMv2/generated_neg_output/busi_clip_image2prompt_closedformv0/busi_benign_benign (390).png,"A mammogram displaying a non-invasive, well-defined mass suggestive of a benign breast tumor.",A medical breast mammogram showing healthy breast parenchyma with no suspicious findings.
/home/woojye2020/decs_jupyter_lab/MedCLIP-SAMv2/UDIATnBUSI/train_images/busi_benign_benign (311).png,/home/woojye2020/decs_jupyter_lab/MedCLIP-SAMv2/generated_neg_output/busi_clip_image2prompt_closedformv0/busi_benign_benign (311).png,"A breast mammogram identifying a well-encapsulated, smooth mass consistent with a benign tumor.","A medical breast imaging study revealing clear, unremarkable breast tissue consistent with a healthy scan."
/home/woojye2020/decs_jupyter_lab/MedCLIP-SAMv2/UDIATnBUSI/train_images/busi_benign_benign (131).png,/home/woojye2020/decs_jupyter_lab/MedCLIP-SAMv2/generated_neg_output/busi_clip_image2prompt_closedformv0/busi_benign_benign (131).png,"A breast imaging scan showing a well-circumscribed, smooth mass indicative of a benign breast tumor.",A medical mammogram displaying well-organized breast tissue with no evidence of abnormalities.
/home/woojye2020/decs_jupyter_lab/MedCLIP-SAMv2/UDIATnBUSI/train_images/busi_benign_benign (312).png,/home/woojye2020/decs_jupyter_lab/MedCLIP-SAMv2/generated_neg_output/busi_clip_image2prompt_closedformv0/busi_benign_benign (312).png,"A breast mammogram identifying a well-encapsulated, smooth mass consistent with a benign tumor.","A breast mammogram showing unremarkable findings consistent with normal, healthy breast tissue."
/home/woojye2020/decs_jupyter_lab/MedCLIP-SAMv2/UDIATnBUSI/train_images/busi_benign_benign (319).png,/home/woojye2020/decs_jupyter_lab/MedCLIP-SAMv2/generated_neg_output/busi_clip_image2prompt_closedformv0/busi_benign_benign (319).png,"A breast scan identifying a well-defined, oval mass suggestive of a benign breast tumor.","A medical breast imaging study revealing clear, unremarkable breast tissue consistent with a healthy scan."
/home/woojye2020/decs_jupyter_lab/MedCLIP-SAMv2/UDIATnBUSI/train_images/busi_benign_benign (255).png,/home/woojye2020/decs_jupyter_lab/MedCLIP-SAMv2/generated_neg_output/busi_clip_image2prompt_closedformv0/busi_benign_benign (255).png,"A breast scan identifying a well-defined, oval mass suggestive of a benign breast tumor.",A breast mammogram displaying normal breast structures with no signs of disease or masses.
/home/woojye2020/decs_jupyter_lab/MedCLIP-SAMv2/UDIATnBUSI/train_images/busi_benign_benign (430).png,/home/woojye2020/decs_jupyter_lab/MedCLIP-SAMv2/generated_neg_output/busi_clip_image2prompt_closedformv0/busi_benign_benign (430).png,"A breast imaging study revealing a well-marginated, round mass indicative of a benign breast tumor.","A mammogram revealing normal breast tissue with no visible masses, calcifications, or distortions."
/home/woojye2020/decs_jupyter_lab/MedCLIP-SAMv2/UDIATnBUSI/train_images/busi_benign_benign (183).png,/home/woojye2020/decs_jupyter_lab/MedCLIP-SAMv2/generated_neg_output/busi_clip_image2prompt_closedformv0/busi_benign_benign (183).png,"A breast imaging study revealing a well-marginated, round mass indicative of a benign breast tumor.","A mammogram showing no abnormalities in the breast tissue, suggestive of a normal, healthy breast."
/home/woojye2020/decs_jupyter_lab/MedCLIP-SAMv2/UDIATnBUSI/train_images/busi_benign_benign (107).png,/home/woojye2020/decs_jupyter_lab/MedCLIP-SAMv2/generated_neg_output/busi_clip_image2prompt_closedformv0/busi_benign_benign (107).png,"A breast imaging study showing a homogenous, well-circumscribed mass indicative of a benign tumor.","A breast mammogram showing unremarkable findings consistent with normal, healthy breast tissue."
/home/woojye2020/decs_jupyter_lab/MedCLIP-SAMv2/UDIATnBUSI/train_images/busi_benign_benign (182).png,/home/woojye2020/decs_jupyter_lab/MedCLIP-SAMv2/generated_neg_output/busi_clip_image2prompt_closedformv0/busi_benign_benign (182).png,"A mammogram showing a sharply marginated, round mass suggestive of a benign breast tumor.","A mammogram showing no abnormalities in the breast tissue, suggestive of a normal, healthy breast."
/home/woojye2020/decs_jupyter_lab/MedCLIP-SAMv2/UDIATnBUSI/train_images/busi_benign_benign (144).png,/home/woojye2020/decs_jupyter_lab/MedCLIP-SAMv2/generated_neg_output/busi_clip_image2prompt_closedformv0/busi_benign_benign (144).png,"A medical mammogram revealing a well-defined, non-irregular mass suggestive of a benign breast tumor.","A breast imaging scan displaying normal, well-distributed breast tissue with no evidence of masses or tumors."
/home/woojye2020/decs_jupyter_lab/MedCLIP-SAMv2/UDIATnBUSI/train_images/busi_malignant_malignant (91).png,/home/woojye2020/decs_jupyter_lab/MedCLIP-SAMv2/generated_neg_output/busi_clip_image2prompt_closedformv0/busi_malignant_malignant (91).png,"A medical mammogram revealing a spiculated, invasive mass suggestive of a malignant breast tumor.","A breast imaging scan displaying normal, well-distributed breast tissue with no evidence of masses or tumors."
/home/woojye2020/decs_jupyter_lab/MedCLIP-SAMv2/UDIATnBUSI/train_images/busi_benign_benign (166).png,/home/woojye2020/decs_jupyter_lab/MedCLIP-SAMv2/generated_neg_output/busi_clip_image2prompt_closedformv0/busi_benign_benign (166).png,"A medical breast mammogram showing a well-defined, round mass suggestive of a benign breast tumor.","A breast imaging study showing clear, homogeneous breast tissue with no signs of pathology."
/home/woojye2020/decs_jupyter_lab/MedCLIP-SAMv2/UDIATnBUSI/train_images/busi_benign_benign (184).png,/home/woojye2020/decs_jupyter_lab/MedCLIP-SAMv2/generated_neg_output/busi_clip_image2prompt_closedformv0/busi_benign_benign (184).png,"A breast imaging study showing a well-margined, round mass suggestive of a benign breast tumor.",A medical mammogram displaying well-organized breast tissue with no evidence of abnormalities.
/home/woojye2020/decs_jupyter_lab/MedCLIP-SAMv2/UDIATnBUSI/train_images/busi_benign_benign (110).png,/home/woojye2020/decs_jupyter_lab/MedCLIP-SAMv2/generated_neg_output/busi_clip_image2prompt_closedformv0/busi_benign_benign (110).png,"A breast scan identifying a well-defined, oval mass suggestive of a benign breast tumor.",A breast mammogram displaying normal breast structures with no signs of disease or masses.
/home/woojye2020/decs_jupyter_lab/MedCLIP-SAMv2/UDIATnBUSI/train_images/busi_malignant_malignant (151).png,/home/woojye2020/decs_jupyter_lab/MedCLIP-SAMv2/generated_neg_output/busi_clip_image2prompt_closedformv0/busi_malignant_malignant (151).png,"A medical mammogram revealing a spiculated, invasive mass suggestive of a malignant breast tumor.",A medical breast mammogram showing healthy breast parenchyma with no suspicious findings.
/home/woojye2020/decs_jupyter_lab/MedCLIP-SAMv2/UDIATnBUSI/train_images/busi_malignant_malignant (162).png,/home/woojye2020/decs_jupyter_lab/MedCLIP-SAMv2/generated_neg_output/busi_clip_image2prompt_closedformv0/busi_malignant_malignant (162).png,"A medical breast mammogram detecting a spiculated, irregular mass characteristic of a malignant tumor.","A breast imaging scan displaying normal, well-distributed breast tissue with no evidence of masses or tumors."
/home/woojye2020/decs_jupyter_lab/MedCLIP-SAMv2/UDIATnBUSI/train_images/busi_malignant_malignant (89).png,/home/woojye2020/decs_jupyter_lab/MedCLIP-SAMv2/generated_neg_output/busi_clip_image2prompt_closedformv0/busi_malignant_malignant (89).png,"A mammogram displaying an irregular, invasive mass suggestive of a malignant breast tumor.","A mammogram revealing normal breast tissue with no visible masses, calcifications, or distortions."
/home/woojye2020/decs_jupyter_lab/MedCLIP-SAMv2/UDIATnBUSI/train_images/busi_malignant_malignant (71).png,/home/woojye2020/decs_jupyter_lab/MedCLIP-SAMv2/generated_neg_output/busi_clip_image2prompt_closedformv0/busi_malignant_malignant (71).png,"A mammogram revealing an ill-defined, irregular mass likely representing a malignant breast tumor.","A breast imaging study showing clear, homogeneous breast tissue with no signs of pathology."
/home/woojye2020/decs_jupyter_lab/MedCLIP-SAMv2/UDIATnBUSI/train_images/busi_benign_benign (28).png,/home/woojye2020/decs_jupyter_lab/MedCLIP-SAMv2/generated_neg_output/busi_clip_image2prompt_closedformv0/busi_benign_benign (28).png,"A breast imaging study showing a well-margined, round mass suggestive of a benign breast tumor.","A mammogram showing no abnormalities in the breast tissue, suggestive of a normal, healthy breast."
/home/woojye2020/decs_jupyter_lab/MedCLIP-SAMv2/UDIATnBUSI/train_images/busi_benign_benign (335).png,/home/woojye2020/decs_jupyter_lab/MedCLIP-SAMv2/generated_neg_output/busi_clip_image2prompt_closedformv0/busi_benign_benign (335).png,"A breast scan showing a well-contained, round mass likely indicating a benign breast tumor.","A breast imaging study showing clear, homogeneous breast tissue with no signs of pathology."
/home/woojye2020/decs_jupyter_lab/MedCLIP-SAMv2/UDIATnBUSI/train_images/busi_malignant_malignant (107).png,/home/woojye2020/decs_jupyter_lab/MedCLIP-SAMv2/generated_neg_output/busi_clip_image2prompt_closedformv0/busi_malignant_malignant (107).png,"A breast imaging study revealing an irregularly shaped, invasive mass likely representing a malignant breast tumor.","A mammogram showing no abnormalities in the breast tissue, suggestive of a normal, healthy breast."
/home/woojye2020/decs_jupyter_lab/MedCLIP-SAMv2/UDIATnBUSI/train_images/busi_malignant_malignant (196).png,/home/woojye2020/decs_jupyter_lab/MedCLIP-SAMv2/generated_neg_output/busi_clip_image2prompt_closedformv0/busi_malignant_malignant (196).png,"A breast scan showing a spiculated, invasive mass likely indicating a malignant breast tumor.","A breast mammogram showing unremarkable findings consistent with normal, healthy breast tissue."
/home/woojye2020/decs_jupyter_lab/MedCLIP-SAMv2/UDIATnBUSI/train_images/busi_malignant_malignant (181).png,/home/woojye2020/decs_jupyter_lab/MedCLIP-SAMv2/generated_neg_output/busi_clip_image2prompt_closedformv0/busi_malignant_malignant (181).png,"A mammogram displaying an irregular, non-homogeneous mass suggestive of a malignant breast tumor.","A breast mammogram showing unremarkable findings consistent with normal, healthy breast tissue."
/home/woojye2020/decs_jupyter_lab/MedCLIP-SAMv2/UDIATnBUSI/train_images/busi_malignant_malignant (40).png,/home/woojye2020/decs_jupyter_lab/MedCLIP-SAMv2/generated_neg_output/busi_clip_image2prompt_closedformv0/busi_malignant_malignant (40).png,"A breast imaging study showing an irregular, spiculated mass suggestive of a malignant breast tumor.","A breast imaging scan displaying normal, well-distributed breast tissue with no evidence of masses or tumors."
/home/woojye2020/decs_jupyter_lab/MedCLIP-SAMv2/UDIATnBUSI/train_images/busi_benign_benign (66).png,/home/woojye2020/decs_jupyter_lab/MedCLIP-SAMv2/generated_neg_output/busi_clip_image2prompt_closedformv0/busi_benign_benign (66).png,"A medical breast mammogram showing a well-defined, round mass suggestive of a benign breast tumor.","A mammogram revealing normal breast tissue with no visible masses, calcifications, or distortions."
/home/woojye2020/decs_jupyter_lab/MedCLIP-SAMv2/UDIATnBUSI/train_images/busi_benign_benign (305).png,/home/woojye2020/decs_jupyter_lab/MedCLIP-SAMv2/generated_neg_output/busi_clip_image2prompt_closedformv0/busi_benign_benign (305).png,"A mammogram revealing a low-density, well-delineated mass likely representing a benign breast tumor.","A medical breast mammogram showing clear breast tissue with no visible abnormalities, indicating a normal scan."
/home/woojye2020/decs_jupyter_lab/MedCLIP-SAMv2/UDIATnBUSI/train_images/busi_benign_benign (194).png,/home/woojye2020/decs_jupyter_lab/MedCLIP-SAMv2/generated_neg_output/busi_clip_image2prompt_closedformv0/busi_benign_benign (194).png,"A medical breast mammogram detecting a non-aggressive, well-defined mass characteristic of a benign tumor.","A medical breast mammogram showing clear breast tissue with no visible abnormalities, indicating a normal scan."
/home/woojye2020/decs_jupyter_lab/MedCLIP-SAMv2/UDIATnBUSI/train_images/busi_malignant_malignant (144).png,/home/woojye2020/decs_jupyter_lab/MedCLIP-SAMv2/generated_neg_output/busi_clip_image2prompt_closedformv0/busi_malignant_malignant (144).png,"A breast imaging study revealing a poorly circumscribed, irregular mass indicative of a malignant breast tumor.","A breast imaging study showing clear, homogeneous breast tissue with no signs of pathology."
/home/woojye2020/decs_jupyter_lab/MedCLIP-SAMv2/UDIATnBUSI/train_images/busi_benign_benign (126).png,/home/woojye2020/decs_jupyter_lab/MedCLIP-SAMv2/generated_neg_output/busi_clip_image2prompt_closedformv0/busi_benign_benign (126).png,"A breast imaging study showing a well-margined, round mass suggestive of a benign breast tumor.","A mammogram showing no abnormalities in the breast tissue, suggestive of a normal, healthy breast."
/home/woojye2020/decs_jupyter_lab/MedCLIP-SAMv2/UDIATnBUSI/train_images/busi_malignant_malignant (98).png,/home/woojye2020/decs_jupyter_lab/MedCLIP-SAMv2/generated_neg_output/busi_clip_image2prompt_closedformv0/busi_malignant_malignant (98).png,"A breast imaging study revealing a poorly circumscribed, irregular mass indicative of a malignant breast tumor.",A medical breast mammogram showing healthy breast parenchyma with no suspicious findings.
/home/woojye2020/decs_jupyter_lab/MedCLIP-SAMv2/UDIATnBUSI/train_images/busi_benign_benign (427).png,/home/woojye2020/decs_jupyter_lab/MedCLIP-SAMv2/generated_neg_output/busi_clip_image2prompt_closedformv0/busi_benign_benign (427).png,"A breast imaging scan showing a well-circumscribed, smooth mass indicative of a benign breast tumor.","A mammogram showing no abnormalities in the breast tissue, suggestive of a normal, healthy breast."
/home/woojye2020/decs_jupyter_lab/MedCLIP-SAMv2/UDIATnBUSI/train_images/busi_benign_benign (249).png,/home/woojye2020/decs_jupyter_lab/MedCLIP-SAMv2/generated_neg_output/busi_clip_image2prompt_closedformv0/busi_benign_benign (249).png,"A breast imaging study revealing a well-marginated, round mass indicative of a benign breast tumor.","A breast imaging scan displaying normal, well-distributed breast tissue with no evidence of masses or tumors."
/home/woojye2020/decs_jupyter_lab/MedCLIP-SAMv2/UDIATnBUSI/train_images/busi_benign_benign (121).png,/home/woojye2020/decs_jupyter_lab/MedCLIP-SAMv2/generated_neg_output/busi_clip_image2prompt_closedformv0/busi_benign_benign (121).png,"A mammogram showing a sharply marginated, round mass suggestive of a benign breast tumor.",A breast mammogram displaying normal breast structures with no signs of disease or masses.
/home/woojye2020/decs_jupyter_lab/MedCLIP-SAMv2/UDIATnBUSI/train_images/busi_malignant_malignant (168).png,/home/woojye2020/decs_jupyter_lab/MedCLIP-SAMv2/generated_neg_output/busi_clip_image2prompt_closedformv0/busi_malignant_malignant (168).png,"A mammogram displaying an irregular, invasive mass suggestive of a malignant breast tumor.","A medical breast mammogram showing clear breast tissue with no visible abnormalities, indicating a normal scan."
/home/woojye2020/decs_jupyter_lab/MedCLIP-SAMv2/UDIATnBUSI/train_images/busi_benign_benign (101).png,/home/woojye2020/decs_jupyter_lab/MedCLIP-SAMv2/generated_neg_output/busi_clip_image2prompt_closedformv0/busi_benign_benign (101).png,"A breast imaging study showing a well-margined, round mass suggestive of a benign breast tumor.","A breast imaging study showing clear, homogeneous breast tissue with no signs of pathology."
/home/woojye2020/decs_jupyter_lab/MedCLIP-SAMv2/UDIATnBUSI/train_images/busi_malignant_malignant (132).png,/home/woojye2020/decs_jupyter_lab/MedCLIP-SAMv2/generated_neg_output/busi_clip_image2prompt_closedformv0/busi_malignant_malignant (132).png,"A medical breast mammogram showing an irregular, spiculated mass suggestive of a malignant breast tumor.","A breast mammogram showing unremarkable findings consistent with normal, healthy breast tissue."
/home/woojye2020/decs_jupyter_lab/MedCLIP-SAMv2/UDIATnBUSI/train_images/busi_benign_benign (337).png,/home/woojye2020/decs_jupyter_lab/MedCLIP-SAMv2/generated_neg_output/busi_clip_image2prompt_closedformv0/busi_benign_benign (337).png,"A mammogram displaying a non-invasive, well-defined mass suggestive of a benign breast tumor.","A medical breast imaging study revealing clear, unremarkable breast tissue consistent with a healthy scan."
/home/woojye2020/decs_jupyter_lab/MedCLIP-SAMv2/UDIATnBUSI/train_images/busi_benign_benign (106).png,/home/woojye2020/decs_jupyter_lab/MedCLIP-SAMv2/generated_neg_output/busi_clip_image2prompt_closedformv0/busi_benign_benign (106).png,"A mammogram displaying a round, homogeneous mass indicative of a benign breast tumor.","A breast imaging scan displaying normal, well-distributed breast tissue with no evidence of masses or tumors."
/home/woojye2020/decs_jupyter_lab/MedCLIP-SAMv2/UDIATnBUSI/train_images/busi_malignant_malignant (26).png,/home/woojye2020/decs_jupyter_lab/MedCLIP-SAMv2/generated_neg_output/busi_clip_image2prompt_closedformv0/busi_malignant_malignant (26).png,"A medical mammogram detecting a poorly defined, lobulated mass characteristic of a malignant breast tumor.","A mammogram revealing normal breast tissue with no visible masses, calcifications, or distortions."
/home/woojye2020/decs_jupyter_lab/MedCLIP-SAMv2/UDIATnBUSI/train_images/busi_benign_benign (124).png,/home/woojye2020/decs_jupyter_lab/MedCLIP-SAMv2/generated_neg_output/busi_clip_image2prompt_closedformv0/busi_benign_benign (124).png,"A breast scan identifying a well-defined, oval mass suggestive of a benign breast tumor.","A mammogram showing no abnormalities in the breast tissue, suggestive of a normal, healthy breast."
/home/woojye2020/decs_jupyter_lab/MedCLIP-SAMv2/UDIATnBUSI/train_images/busi_benign_benign (139).png,/home/woojye2020/decs_jupyter_lab/MedCLIP-SAMv2/generated_neg_output/busi_clip_image2prompt_closedformv0/busi_benign_benign (139).png,"A mammogram showing a sharply marginated, round mass suggestive of a benign breast tumor.",A medical mammogram displaying well-organized breast tissue with no evidence of abnormalities.
/home/woojye2020/decs_jupyter_lab/MedCLIP-SAMv2/UDIATnBUSI/train_images/busi_malignant_malignant (55).png,/home/woojye2020/decs_jupyter_lab/MedCLIP-SAMv2/generated_neg_output/busi_clip_image2prompt_closedformv0/busi_malignant_malignant (55).png,"A mammogram displaying an irregular, non-homogeneous mass suggestive of a malignant breast tumor.",A medical mammogram displaying well-organized breast tissue with no evidence of abnormalities.
/home/woojye2020/decs_jupyter_lab/MedCLIP-SAMv2/UDIATnBUSI/train_images/busi_benign_benign (72).png,/home/woojye2020/decs_jupyter_lab/MedCLIP-SAMv2/generated_neg_output/busi_clip_image2prompt_closedformv0/busi_benign_benign (72).png,"A mammogram displaying a non-spiculated, round mass suggestive of a benign breast tumor.","A breast imaging scan displaying normal, well-distributed breast tissue with no evidence of masses or tumors."
/home/woojye2020/decs_jupyter_lab/MedCLIP-SAMv2/UDIATnBUSI/train_images/busi_malignant_malignant (161).png,/home/woojye2020/decs_jupyter_lab/MedCLIP-SAMv2/generated_neg_output/busi_clip_image2prompt_closedformv0/busi_malignant_malignant (161).png,"A breast scan identifying a poorly circumscribed, irregular mass suggestive of a malignant breast tumor.","A breast imaging scan displaying normal, well-distributed breast tissue with no evidence of masses or tumors."
/home/woojye2020/decs_jupyter_lab/MedCLIP-SAMv2/UDIATnBUSI/train_images/busi_malignant_malignant (57).png,/home/woojye2020/decs_jupyter_lab/MedCLIP-SAMv2/generated_neg_output/busi_clip_image2prompt_closedformv0/busi_malignant_malignant (57).png,"A breast imaging study showing a poorly marginated, irregular mass indicative of a malignant tumor.","A breast imaging scan displaying normal, well-distributed breast tissue with no evidence of masses or tumors."
/home/woojye2020/decs_jupyter_lab/MedCLIP-SAMv2/UDIATnBUSI/train_images/busi_benign_benign (261).png,/home/woojye2020/decs_jupyter_lab/MedCLIP-SAMv2/generated_neg_output/busi_clip_image2prompt_closedformv0/busi_benign_benign (261).png,"A medical mammogram detecting a smooth, well-defined mass characteristic of a benign breast tumor.",A breast mammogram displaying normal breast structures with no signs of disease or masses.
/home/woojye2020/decs_jupyter_lab/MedCLIP-SAMv2/UDIATnBUSI/train_images/busi_benign_benign (108).png,/home/woojye2020/decs_jupyter_lab/MedCLIP-SAMv2/generated_neg_output/busi_clip_image2prompt_closedformv0/busi_benign_benign (108).png,"A medical mammogram revealing a well-defined, non-irregular mass suggestive of a benign breast tumor.",A breast mammogram displaying normal breast structures with no signs of disease or masses.
/home/woojye2020/decs_jupyter_lab/MedCLIP-SAMv2/UDIATnBUSI/train_images/busi_benign_benign (345).png,/home/woojye2020/decs_jupyter_lab/MedCLIP-SAMv2/generated_neg_output/busi_clip_image2prompt_closedformv0/busi_benign_benign (345).png,"A mammogram showing a sharply marginated, round mass suggestive of a benign breast tumor.","A mammogram showing no abnormalities in the breast tissue, suggestive of a normal, healthy breast."
/home/woojye2020/decs_jupyter_lab/MedCLIP-SAMv2/UDIATnBUSI/train_images/busi_benign_benign (269).png,/home/woojye2020/decs_jupyter_lab/MedCLIP-SAMv2/generated_neg_output/busi_clip_image2prompt_closedformv0/busi_benign_benign (269).png,"A breast scan showing a well-contained, round mass likely indicating a benign breast tumor.",A medical mammogram displaying well-organized breast tissue with no evidence of abnormalities.
/home/woojye2020/decs_jupyter_lab/MedCLIP-SAMv2/UDIATnBUSI/train_images/busi_benign_benign (94).png,/home/woojye2020/decs_jupyter_lab/MedCLIP-SAMv2/generated_neg_output/busi_clip_image2prompt_closedformv0/busi_benign_benign (94).png,"A mammogram displaying a non-invasive, well-defined mass suggestive of a benign breast tumor.",A breast mammogram displaying normal breast structures with no signs of disease or masses.
/home/woojye2020/decs_jupyter_lab/MedCLIP-SAMv2/UDIATnBUSI/train_images/busi_benign_benign (245).png,/home/woojye2020/decs_jupyter_lab/MedCLIP-SAMv2/generated_neg_output/busi_clip_image2prompt_closedformv0/busi_benign_benign (245).png,"A breast scan showing a well-contained, round mass likely indicating a benign breast tumor.","A medical breast mammogram showing clear breast tissue with no visible abnormalities, indicating a normal scan."
/home/woojye2020/decs_jupyter_lab/MedCLIP-SAMv2/UDIATnBUSI/train_images/busi_malignant_malignant (29).png,/home/woojye2020/decs_jupyter_lab/MedCLIP-SAMv2/generated_neg_output/busi_clip_image2prompt_closedformv0/busi_malignant_malignant (29).png,"A mammogram revealing an ill-defined, irregular mass likely representing a malignant breast tumor.",A medical mammogram displaying well-organized breast tissue with no evidence of abnormalities.
/home/woojye2020/decs_jupyter_lab/MedCLIP-SAMv2/UDIATnBUSI/train_images/busi_benign_benign (256).png,/home/woojye2020/decs_jupyter_lab/MedCLIP-SAMv2/generated_neg_output/busi_clip_image2prompt_closedformv0/busi_benign_benign (256).png,"A breast imaging study revealing a well-defined, encapsulated mass likely representing a benign breast tumor.","A breast imaging study showing clear, homogeneous breast tissue with no signs of pathology."
/home/woojye2020/decs_jupyter_lab/MedCLIP-SAMv2/UDIATnBUSI/train_images/busi_benign_benign (59).png,/home/woojye2020/decs_jupyter_lab/MedCLIP-SAMv2/generated_neg_output/busi_clip_image2prompt_closedformv0/busi_benign_benign (59).png,"A mammogram displaying a non-invasive, well-defined mass suggestive of a benign breast tumor.","A breast imaging scan displaying normal, well-distributed breast tissue with no evidence of masses or tumors."
/home/woojye2020/decs_jupyter_lab/MedCLIP-SAMv2/UDIATnBUSI/train_images/busi_benign_benign (316).png,/home/woojye2020/decs_jupyter_lab/MedCLIP-SAMv2/generated_neg_output/busi_clip_image2prompt_closedformv0/busi_benign_benign (316).png,"A medical breast mammogram detecting a non-aggressive, well-defined mass characteristic of a benign tumor.","A mammogram revealing normal breast tissue with no visible masses, calcifications, or distortions."
/home/woojye2020/decs_jupyter_lab/MedCLIP-SAMv2/UDIATnBUSI/train_images/busi_benign_benign (352).png,/home/woojye2020/decs_jupyter_lab/MedCLIP-SAMv2/generated_neg_output/busi_clip_image2prompt_closedformv0/busi_benign_benign (352).png,A mammogram displaying a smoothly contoured mass suggestive of a benign breast tumor.,A medical breast mammogram showing healthy breast parenchyma with no suspicious findings.
/home/woojye2020/decs_jupyter_lab/MedCLIP-SAMv2/UDIATnBUSI/train_images/busi_malignant_malignant (174).png,/home/woojye2020/decs_jupyter_lab/MedCLIP-SAMv2/generated_neg_output/busi_clip_image2prompt_closedformv0/busi_malignant_malignant (174).png,"A breast imaging study revealing an irregularly shaped, invasive mass likely representing a malignant breast tumor.","A mammogram showing no abnormalities in the breast tissue, suggestive of a normal, healthy breast."
/home/woojye2020/decs_jupyter_lab/MedCLIP-SAMv2/UDIATnBUSI/train_images/busi_benign_benign (341).png,/home/woojye2020/decs_jupyter_lab/MedCLIP-SAMv2/generated_neg_output/busi_clip_image2prompt_closedformv0/busi_benign_benign (341).png,"A breast imaging study showing a homogenous, well-circumscribed mass indicative of a benign tumor.","A medical breast mammogram showing clear breast tissue with no visible abnormalities, indicating a normal scan."
/home/woojye2020/decs_jupyter_lab/MedCLIP-SAMv2/UDIATnBUSI/train_images/busi_malignant_malignant (166).png,/home/woojye2020/decs_jupyter_lab/MedCLIP-SAMv2/generated_neg_output/busi_clip_image2prompt_closedformv0/busi_malignant_malignant (166).png,"A breast imaging study revealing a poorly circumscribed, irregular mass indicative of a malignant breast tumor.",A medical mammogram displaying well-organized breast tissue with no evidence of abnormalities.
/home/woojye2020/decs_jupyter_lab/MedCLIP-SAMv2/UDIATnBUSI/train_images/busi_benign_benign (303).png,/home/woojye2020/decs_jupyter_lab/MedCLIP-SAMv2/generated_neg_output/busi_clip_image2prompt_closedformv0/busi_benign_benign (303).png,"A medical mammogram detecting a smooth, well-defined mass characteristic of a benign breast tumor.","A breast mammogram showing unremarkable findings consistent with normal, healthy breast tissue."
/home/woojye2020/decs_jupyter_lab/MedCLIP-SAMv2/UDIATnBUSI/train_images/busi_malignant_malignant (146).png,/home/woojye2020/decs_jupyter_lab/MedCLIP-SAMv2/generated_neg_output/busi_clip_image2prompt_closedformv0/busi_malignant_malignant (146).png,"A breast imaging scan showing a spiculated, invasive mass indicative of a malignant breast tumor.",A breast mammogram displaying normal breast structures with no signs of disease or masses.
/home/woojye2020/decs_jupyter_lab/MedCLIP-SAMv2/UDIATnBUSI/train_images/busi_benign_benign (142).png,/home/woojye2020/decs_jupyter_lab/MedCLIP-SAMv2/generated_neg_output/busi_clip_image2prompt_closedformv0/busi_benign_benign (142).png,A mammogram displaying a smoothly contoured mass suggestive of a benign breast tumor.,"A breast imaging study showing clear, homogeneous breast tissue with no signs of pathology."
/home/woojye2020/decs_jupyter_lab/MedCLIP-SAMv2/UDIATnBUSI/train_images/busi_benign_benign (129).png,/home/woojye2020/decs_jupyter_lab/MedCLIP-SAMv2/generated_neg_output/busi_clip_image2prompt_closedformv0/busi_benign_benign (129).png,"A breast imaging study showing a well-margined, round mass suggestive of a benign breast tumor.","A mammogram revealing normal breast tissue with no visible masses, calcifications, or distortions."
/home/woojye2020/decs_jupyter_lab/MedCLIP-SAMv2/UDIATnBUSI/train_images/busi_benign_benign (376).png,/home/woojye2020/decs_jupyter_lab/MedCLIP-SAMv2/generated_neg_output/busi_clip_image2prompt_closedformv0/busi_benign_benign (376).png,"A breast imaging study revealing a well-defined, encapsulated mass likely representing a benign breast tumor.","A medical breast imaging study revealing clear, unremarkable breast tissue consistent with a healthy scan."
/home/woojye2020/decs_jupyter_lab/MedCLIP-SAMv2/UDIATnBUSI/train_images/busi_malignant_malignant (198).png,/home/woojye2020/decs_jupyter_lab/MedCLIP-SAMv2/generated_neg_output/busi_clip_image2prompt_closedformv0/busi_malignant_malignant (198).png,"A medical breast mammogram showing an irregular, spiculated mass suggestive of a malignant breast tumor.","A medical breast mammogram showing clear breast tissue with no visible abnormalities, indicating a normal scan."
/home/woojye2020/decs_jupyter_lab/MedCLIP-SAMv2/UDIATnBUSI/train_images/busi_benign_benign (254).png,/home/woojye2020/decs_jupyter_lab/MedCLIP-SAMv2/generated_neg_output/busi_clip_image2prompt_closedformv0/busi_benign_benign (254).png,"A breast imaging study showing a well-margined, round mass suggestive of a benign breast tumor.","A breast imaging study showing clear, homogeneous breast tissue with no signs of pathology."
/home/woojye2020/decs_jupyter_lab/MedCLIP-SAMv2/UDIATnBUSI/train_images/busi_benign_benign (199).png,/home/woojye2020/decs_jupyter_lab/MedCLIP-SAMv2/generated_neg_output/busi_clip_image2prompt_closedformv0/busi_benign_benign (199).png,"A breast imaging study revealing a well-defined, encapsulated mass likely representing a benign breast tumor.",A breast mammogram displaying normal breast structures with no signs of disease or masses.
/home/woojye2020/decs_jupyter_lab/MedCLIP-SAMv2/UDIATnBUSI/train_images/busi_benign_benign (290).png,/home/woojye2020/decs_jupyter_lab/MedCLIP-SAMv2/generated_neg_output/busi_clip_image2prompt_closedformv0/busi_benign_benign (290).png,"A breast imaging scan showing a well-circumscribed, smooth mass indicative of a benign breast tumor.",A medical mammogram displaying well-organized breast tissue with no evidence of abnormalities.
/home/woojye2020/decs_jupyter_lab/MedCLIP-SAMv2/UDIATnBUSI/train_images/busi_malignant_malignant (48).png,/home/woojye2020/decs_jupyter_lab/MedCLIP-SAMv2/generated_neg_output/busi_clip_image2prompt_closedformv0/busi_malignant_malignant (48).png,"A mammogram showing a dense, spiculated mass suggestive of a malignant breast tumor.","A mammogram revealing normal breast tissue with no visible masses, calcifications, or distortions."
/home/woojye2020/decs_jupyter_lab/MedCLIP-SAMv2/UDIATnBUSI/train_images/busi_benign_benign (46).png,/home/woojye2020/decs_jupyter_lab/MedCLIP-SAMv2/generated_neg_output/busi_clip_image2prompt_closedformv0/busi_benign_benign (46).png,"A medical mammogram revealing a well-defined, non-irregular mass suggestive of a benign breast tumor.",A medical breast mammogram showing healthy breast parenchyma with no suspicious findings.
/home/woojye2020/decs_jupyter_lab/MedCLIP-SAMv2/UDIATnBUSI/train_images/busi_malignant_malignant (36).png,/home/woojye2020/decs_jupyter_lab/MedCLIP-SAMv2/generated_neg_output/busi_clip_image2prompt_closedformv0/busi_malignant_malignant (36).png,"A breast scan showing an ill-defined, invasive mass likely representing a malignant breast tumor.","A mammogram revealing normal breast tissue with no visible masses, calcifications, or distortions."
/home/woojye2020/decs_jupyter_lab/MedCLIP-SAMv2/UDIATnBUSI/train_images/busi_benign_benign (370).png,/home/woojye2020/decs_jupyter_lab/MedCLIP-SAMv2/generated_neg_output/busi_clip_image2prompt_closedformv0/busi_benign_benign (370).png,"A medical breast mammogram detecting a non-aggressive, well-defined mass characteristic of a benign tumor.","A medical breast imaging study revealing clear, unremarkable breast tissue consistent with a healthy scan."
/home/woojye2020/decs_jupyter_lab/MedCLIP-SAMv2/UDIATnBUSI/train_images/busi_benign_benign (104).png,/home/woojye2020/decs_jupyter_lab/MedCLIP-SAMv2/generated_neg_output/busi_clip_image2prompt_closedformv0/busi_benign_benign (104).png,"A breast mammogram identifying a well-encapsulated, smooth mass consistent with a benign tumor.",A breast mammogram displaying normal breast structures with no signs of disease or masses.
/home/woojye2020/decs_jupyter_lab/MedCLIP-SAMv2/UDIATnBUSI/train_images/busi_malignant_malignant (42).png,/home/woojye2020/decs_jupyter_lab/MedCLIP-SAMv2/generated_neg_output/busi_clip_image2prompt_closedformv0/busi_malignant_malignant (42).png,"A breast imaging study showing a poorly marginated, irregular mass indicative of a malignant tumor.","A breast mammogram showing unremarkable findings consistent with normal, healthy breast tissue."
/home/woojye2020/decs_jupyter_lab/MedCLIP-SAMv2/UDIATnBUSI/train_images/busi_benign_benign (414).png,/home/woojye2020/decs_jupyter_lab/MedCLIP-SAMv2/generated_neg_output/busi_clip_image2prompt_closedformv0/busi_benign_benign (414).png,"A breast mammogram identifying a well-encapsulated, smooth mass consistent with a benign tumor.","A breast imaging scan displaying normal, well-distributed breast tissue with no evidence of masses or tumors."
/home/woojye2020/decs_jupyter_lab/MedCLIP-SAMv2/UDIATnBUSI/train_images/busi_benign_benign (137).png,/home/woojye2020/decs_jupyter_lab/MedCLIP-SAMv2/generated_neg_output/busi_clip_image2prompt_closedformv0/busi_benign_benign (137).png,"A medical breast mammogram showing a smooth, well-circumscribed mass suggestive of a benign breast tumor.",A medical breast mammogram showing healthy breast parenchyma with no suspicious findings.
/home/woojye2020/decs_jupyter_lab/MedCLIP-SAMv2/UDIATnBUSI/train_images/busi_benign_benign (192).png,/home/woojye2020/decs_jupyter_lab/MedCLIP-SAMv2/generated_neg_output/busi_clip_image2prompt_closedformv0/busi_benign_benign (192).png,"A medical breast mammogram displaying a lobulated, non-aggressive mass consistent with a benign tumor.","A breast imaging study showing clear, homogeneous breast tissue with no signs of pathology."
/home/woojye2020/decs_jupyter_lab/MedCLIP-SAMv2/UDIATnBUSI/train_images/busi_malignant_malignant (31).png,/home/woojye2020/decs_jupyter_lab/MedCLIP-SAMv2/generated_neg_output/busi_clip_image2prompt_closedformv0/busi_malignant_malignant (31).png,"A medical mammogram revealing a spiculated, invasive mass suggestive of a malignant breast tumor.","A mammogram showing no abnormalities in the breast tissue, suggestive of a normal, healthy breast."
/home/woojye2020/decs_jupyter_lab/MedCLIP-SAMv2/UDIATnBUSI/train_images/busi_benign_benign (45).png,/home/woojye2020/decs_jupyter_lab/MedCLIP-SAMv2/generated_neg_output/busi_clip_image2prompt_closedformv0/busi_benign_benign (45).png,"A mammogram displaying a non-invasive, well-defined mass suggestive of a benign breast tumor.",A breast mammogram displaying normal breast structures with no signs of disease or masses.
/home/woojye2020/decs_jupyter_lab/MedCLIP-SAMv2/UDIATnBUSI/train_images/busi_malignant_malignant (47).png,/home/woojye2020/decs_jupyter_lab/MedCLIP-SAMv2/generated_neg_output/busi_clip_image2prompt_closedformv0/busi_malignant_malignant (47).png,"A mammogram displaying an irregular, non-homogeneous mass suggestive of a malignant breast tumor.",A medical mammogram displaying well-organized breast tissue with no evidence of abnormalities.
/home/woojye2020/decs_jupyter_lab/MedCLIP-SAMv2/UDIATnBUSI/train_images/busi_benign_benign (86).png,/home/woojye2020/decs_jupyter_lab/MedCLIP-SAMv2/generated_neg_output/busi_clip_image2prompt_closedformv0/busi_benign_benign (86).png,A mammogram displaying a smoothly contoured mass suggestive of a benign breast tumor.,A medical breast mammogram showing healthy breast parenchyma with no suspicious findings.
/home/woojye2020/decs_jupyter_lab/MedCLIP-SAMv2/UDIATnBUSI/train_images/busi_malignant_malignant (207).png,/home/woojye2020/decs_jupyter_lab/MedCLIP-SAMv2/generated_neg_output/busi_clip_image2prompt_closedformv0/busi_malignant_malignant (207).png,"A medical breast mammogram showing an irregular, spiculated mass suggestive of a malignant breast tumor.","A mammogram revealing normal breast tissue with no visible masses, calcifications, or distortions."
/home/woojye2020/decs_jupyter_lab/MedCLIP-SAMv2/UDIATnBUSI/train_images/busi_benign_benign (399).png,/home/woojye2020/decs_jupyter_lab/MedCLIP-SAMv2/generated_neg_output/busi_clip_image2prompt_closedformv0/busi_benign_benign (399).png,"A mammogram revealing a low-density, well-delineated mass likely representing a benign breast tumor.","A mammogram showing no abnormalities in the breast tissue, suggestive of a normal, healthy breast."
/home/woojye2020/decs_jupyter_lab/MedCLIP-SAMv2/UDIATnBUSI/train_images/busi_benign_benign (338).png,/home/woojye2020/decs_jupyter_lab/MedCLIP-SAMv2/generated_neg_output/busi_clip_image2prompt_closedformv0/busi_benign_benign (338).png,"A breast imaging study revealing a well-defined, encapsulated mass likely representing a benign breast tumor.","A breast imaging study showing clear, homogeneous breast tissue with no signs of pathology."
/home/woojye2020/decs_jupyter_lab/MedCLIP-SAMv2/UDIATnBUSI/train_images/busi_malignant_malignant (203).png,/home/woojye2020/decs_jupyter_lab/MedCLIP-SAMv2/generated_neg_output/busi_clip_image2prompt_closedformv0/busi_malignant_malignant (203).png,"A mammogram displaying a poorly defined, lobulated mass indicative of a malignant breast tumor.","A mammogram showing no abnormalities in the breast tissue, suggestive of a normal, healthy breast."
/home/woojye2020/decs_jupyter_lab/MedCLIP-SAMv2/UDIATnBUSI/train_images/busi_malignant_malignant (122).png,/home/woojye2020/decs_jupyter_lab/MedCLIP-SAMv2/generated_neg_output/busi_clip_image2prompt_closedformv0/busi_malignant_malignant (122).png,"A mammogram displaying an irregular, invasive mass suggestive of a malignant breast tumor.","A breast mammogram showing unremarkable findings consistent with normal, healthy breast tissue."
/home/woojye2020/decs_jupyter_lab/MedCLIP-SAMv2/UDIATnBUSI/train_images/busi_benign_benign (87).png,/home/woojye2020/decs_jupyter_lab/MedCLIP-SAMv2/generated_neg_output/busi_clip_image2prompt_closedformv0/busi_benign_benign (87).png,"A medical breast mammogram showing a well-defined, round mass suggestive of a benign breast tumor.","A medical breast mammogram showing clear breast tissue with no visible abnormalities, indicating a normal scan."
/home/woojye2020/decs_jupyter_lab/MedCLIP-SAMv2/UDIATnBUSI/train_images/busi_benign_benign (222).png,/home/woojye2020/decs_jupyter_lab/MedCLIP-SAMv2/generated_neg_output/busi_clip_image2prompt_closedformv0/busi_benign_benign (222).png,"A medical mammogram detecting a smooth, well-defined mass characteristic of a benign breast tumor.","A mammogram showing no abnormalities in the breast tissue, suggestive of a normal, healthy breast."
/home/woojye2020/decs_jupyter_lab/MedCLIP-SAMv2/UDIATnBUSI/train_images/busi_benign_benign (242).png,/home/woojye2020/decs_jupyter_lab/MedCLIP-SAMv2/generated_neg_output/busi_clip_image2prompt_closedformv0/busi_benign_benign (242).png,"A mammogram showing a sharply marginated, round mass suggestive of a benign breast tumor.","A breast mammogram showing unremarkable findings consistent with normal, healthy breast tissue."
/home/woojye2020/decs_jupyter_lab/MedCLIP-SAMv2/UDIATnBUSI/train_images/busi_malignant_malignant (13).png,/home/woojye2020/decs_jupyter_lab/MedCLIP-SAMv2/generated_neg_output/busi_clip_image2prompt_closedformv0/busi_malignant_malignant (13).png,"A medical breast mammogram displaying a heterogeneous, irregular mass consistent with a malignant tumor.",A breast mammogram displaying normal breast structures with no signs of disease or masses.
/home/woojye2020/decs_jupyter_lab/MedCLIP-SAMv2/UDIATnBUSI/train_images/busi_benign_benign (54).png,/home/woojye2020/decs_jupyter_lab/MedCLIP-SAMv2/generated_neg_output/busi_clip_image2prompt_closedformv0/busi_benign_benign (54).png,"A breast scan showing a smooth, encapsulated mass likely representing a benign breast tumor.","A mammogram showing no abnormalities in the breast tissue, suggestive of a normal, healthy breast."
/home/woojye2020/decs_jupyter_lab/MedCLIP-SAMv2/UDIATnBUSI/train_images/busi_benign_benign (68).png,/home/woojye2020/decs_jupyter_lab/MedCLIP-SAMv2/generated_neg_output/busi_clip_image2prompt_closedformv0/busi_benign_benign (68).png,"A medical breast mammogram detecting a non-aggressive, well-defined mass characteristic of a benign tumor.","A mammogram showing no abnormalities in the breast tissue, suggestive of a normal, healthy breast."
/home/woojye2020/decs_jupyter_lab/MedCLIP-SAMv2/UDIATnBUSI/train_images/busi_benign_benign (308).png,/home/woojye2020/decs_jupyter_lab/MedCLIP-SAMv2/generated_neg_output/busi_clip_image2prompt_closedformv0/busi_benign_benign (308).png,"A breast imaging scan showing a well-circumscribed, smooth mass indicative of a benign breast tumor.",A medical breast mammogram showing healthy breast parenchyma with no suspicious findings.
/home/woojye2020/decs_jupyter_lab/MedCLIP-SAMv2/UDIATnBUSI/train_images/busi_malignant_malignant (134).png,/home/woojye2020/decs_jupyter_lab/MedCLIP-SAMv2/generated_neg_output/busi_clip_image2prompt_closedformv0/busi_malignant_malignant (134).png,"A mammogram showing a dense, spiculated mass suggestive of a malignant breast tumor.","A breast mammogram showing unremarkable findings consistent with normal, healthy breast tissue."
/home/woojye2020/decs_jupyter_lab/MedCLIP-SAMv2/UDIATnBUSI/train_images/busi_benign_benign (377).png,/home/woojye2020/decs_jupyter_lab/MedCLIP-SAMv2/generated_neg_output/busi_clip_image2prompt_closedformv0/busi_benign_benign (377).png,"A medical breast mammogram showing a well-defined, round mass suggestive of a benign breast tumor.","A breast imaging scan displaying normal, well-distributed breast tissue with no evidence of masses or tumors."
/home/woojye2020/decs_jupyter_lab/MedCLIP-SAMv2/UDIATnBUSI/train_images/busi_malignant_malignant (76).png,/home/woojye2020/decs_jupyter_lab/MedCLIP-SAMv2/generated_neg_output/busi_clip_image2prompt_closedformv0/busi_malignant_malignant (76).png,"A mammogram showing a dense, spiculated mass suggestive of a malignant breast tumor.","A medical breast imaging study revealing clear, unremarkable breast tissue consistent with a healthy scan."
/home/woojye2020/decs_jupyter_lab/MedCLIP-SAMv2/UDIATnBUSI/train_images/busi_benign_benign (103).png,/home/woojye2020/decs_jupyter_lab/MedCLIP-SAMv2/generated_neg_output/busi_clip_image2prompt_closedformv0/busi_benign_benign (103).png,"A breast scan showing a smooth, encapsulated mass likely representing a benign breast tumor.","A breast imaging scan displaying normal, well-distributed breast tissue with no evidence of masses or tumors."
/home/woojye2020/decs_jupyter_lab/MedCLIP-SAMv2/UDIATnBUSI/train_images/busi_benign_benign (233).png,/home/woojye2020/decs_jupyter_lab/MedCLIP-SAMv2/generated_neg_output/busi_clip_image2prompt_closedformv0/busi_benign_benign (233).png,"A breast scan identifying a well-defined, oval mass suggestive of a benign breast tumor.",A breast mammogram displaying normal breast structures with no signs of disease or masses.
/home/woojye2020/decs_jupyter_lab/MedCLIP-SAMv2/UDIATnBUSI/train_images/busi_malignant_malignant (28).png,/home/woojye2020/decs_jupyter_lab/MedCLIP-SAMv2/generated_neg_output/busi_clip_image2prompt_closedformv0/busi_malignant_malignant (28).png,"A medical breast mammogram showing an irregularly shaped, spiculated mass suggestive of a malignant breast tumor.","A medical breast imaging study revealing clear, unremarkable breast tissue consistent with a healthy scan."
/home/woojye2020/decs_jupyter_lab/MedCLIP-SAMv2/UDIATnBUSI/train_images/busi_benign_benign (348).png,/home/woojye2020/decs_jupyter_lab/MedCLIP-SAMv2/generated_neg_output/busi_clip_image2prompt_closedformv0/busi_benign_benign (348).png,"A medical breast mammogram showing a well-defined, round mass suggestive of a benign breast tumor.",A medical breast mammogram showing healthy breast parenchyma with no suspicious findings.
/home/woojye2020/decs_jupyter_lab/MedCLIP-SAMv2/UDIATnBUSI/train_images/busi_benign_benign (431).png,/home/woojye2020/decs_jupyter_lab/MedCLIP-SAMv2/generated_neg_output/busi_clip_image2prompt_closedformv0/busi_benign_benign (431).png,"A breast imaging scan showing a well-circumscribed, smooth mass indicative of a benign breast tumor.","A breast mammogram showing unremarkable findings consistent with normal, healthy breast tissue."
/home/woojye2020/decs_jupyter_lab/MedCLIP-SAMv2/UDIATnBUSI/train_images/busi_malignant_malignant (193).png,/home/woojye2020/decs_jupyter_lab/MedCLIP-SAMv2/generated_neg_output/busi_clip_image2prompt_closedformv0/busi_malignant_malignant (193).png,"A medical mammogram detecting a poorly defined, lobulated mass characteristic of a malignant breast tumor.","A medical breast mammogram showing clear breast tissue with no visible abnormalities, indicating a normal scan."
/home/woojye2020/decs_jupyter_lab/MedCLIP-SAMv2/UDIATnBUSI/train_images/busi_malignant_malignant (123).png,/home/woojye2020/decs_jupyter_lab/MedCLIP-SAMv2/generated_neg_output/busi_clip_image2prompt_closedformv0/busi_malignant_malignant (123).png,"A breast scan identifying a poorly circumscribed, irregular mass suggestive of a malignant breast tumor.","A breast imaging scan displaying normal, well-distributed breast tissue with no evidence of masses or tumors."
/home/woojye2020/decs_jupyter_lab/MedCLIP-SAMv2/UDIATnBUSI/train_images/busi_benign_benign (206).png,/home/woojye2020/decs_jupyter_lab/MedCLIP-SAMv2/generated_neg_output/busi_clip_image2prompt_closedformv0/busi_benign_benign (206).png,"A medical breast mammogram showing a smooth, well-circumscribed mass suggestive of a benign breast tumor.","A medical breast imaging study revealing clear, unremarkable breast tissue consistent with a healthy scan."
/home/woojye2020/decs_jupyter_lab/MedCLIP-SAMv2/UDIATnBUSI/train_images/busi_benign_benign (309).png,/home/woojye2020/decs_jupyter_lab/MedCLIP-SAMv2/generated_neg_output/busi_clip_image2prompt_closedformv0/busi_benign_benign (309).png,"A breast mammogram identifying a well-encapsulated, smooth mass consistent with a benign tumor.",A medical mammogram displaying well-organized breast tissue with no evidence of abnormalities.
/home/woojye2020/decs_jupyter_lab/MedCLIP-SAMv2/UDIATnBUSI/train_images/busi_benign_benign (175).png,/home/woojye2020/decs_jupyter_lab/MedCLIP-SAMv2/generated_neg_output/busi_clip_image2prompt_closedformv0/busi_benign_benign (175).png,"A breast imaging study revealing a well-defined, encapsulated mass likely representing a benign breast tumor.",A breast mammogram displaying normal breast structures with no signs of disease or masses.
/home/woojye2020/decs_jupyter_lab/MedCLIP-SAMv2/UDIATnBUSI/train_images/busi_benign_benign (81).png,/home/woojye2020/decs_jupyter_lab/MedCLIP-SAMv2/generated_neg_output/busi_clip_image2prompt_closedformv0/busi_benign_benign (81).png,"A breast imaging study showing a homogenous, well-circumscribed mass indicative of a benign tumor.","A breast imaging study showing clear, homogeneous breast tissue with no signs of pathology."
/home/woojye2020/decs_jupyter_lab/MedCLIP-SAMv2/UDIATnBUSI/train_images/busi_malignant_malignant (77).png,/home/woojye2020/decs_jupyter_lab/MedCLIP-SAMv2/generated_neg_output/busi_clip_image2prompt_closedformv0/busi_malignant_malignant (77).png,"A mammogram displaying an irregular, non-homogeneous mass suggestive of a malignant breast tumor.",A medical mammogram displaying well-organized breast tissue with no evidence of abnormalities.
/home/woojye2020/decs_jupyter_lab/MedCLIP-SAMv2/UDIATnBUSI/train_images/busi_benign_benign (113).png,/home/woojye2020/decs_jupyter_lab/MedCLIP-SAMv2/generated_neg_output/busi_clip_image2prompt_closedformv0/busi_benign_benign (113).png,"A medical breast mammogram detecting a non-aggressive, well-defined mass characteristic of a benign tumor.",A breast mammogram displaying normal breast structures with no signs of disease or masses.
/home/woojye2020/decs_jupyter_lab/MedCLIP-SAMv2/UDIATnBUSI/train_images/busi_benign_benign (90).png,/home/woojye2020/decs_jupyter_lab/MedCLIP-SAMv2/generated_neg_output/busi_clip_image2prompt_closedformv0/busi_benign_benign (90).png,"A medical mammogram revealing a well-defined, non-irregular mass suggestive of a benign breast tumor.",A medical mammogram displaying well-organized breast tissue with no evidence of abnormalities.
/home/woojye2020/decs_jupyter_lab/MedCLIP-SAMv2/UDIATnBUSI/train_images/busi_benign_benign (134).png,/home/woojye2020/decs_jupyter_lab/MedCLIP-SAMv2/generated_neg_output/busi_clip_image2prompt_closedformv0/busi_benign_benign (134).png,"A breast imaging scan showing a well-circumscribed, smooth mass indicative of a benign breast tumor.","A breast mammogram showing unremarkable findings consistent with normal, healthy breast tissue."
/home/woojye2020/decs_jupyter_lab/MedCLIP-SAMv2/UDIATnBUSI/train_images/busi_benign_benign (314).png,/home/woojye2020/decs_jupyter_lab/MedCLIP-SAMv2/generated_neg_output/busi_clip_image2prompt_closedformv0/busi_benign_benign (314).png,"A medical breast mammogram showing a smooth, well-circumscribed mass suggestive of a benign breast tumor.",A medical mammogram displaying well-organized breast tissue with no evidence of abnormalities.
/home/woojye2020/decs_jupyter_lab/MedCLIP-SAMv2/UDIATnBUSI/train_images/busi_benign_benign (38).png,/home/woojye2020/decs_jupyter_lab/MedCLIP-SAMv2/generated_neg_output/busi_clip_image2prompt_closedformv0/busi_benign_benign (38).png,"A breast imaging study showing a well-margined, round mass suggestive of a benign breast tumor.","A breast imaging study showing clear, homogeneous breast tissue with no signs of pathology."
/home/woojye2020/decs_jupyter_lab/MedCLIP-SAMv2/UDIATnBUSI/train_images/busi_benign_benign (56).png,/home/woojye2020/decs_jupyter_lab/MedCLIP-SAMv2/generated_neg_output/busi_clip_image2prompt_closedformv0/busi_benign_benign (56).png,A mammogram displaying a smoothly contoured mass suggestive of a benign breast tumor.,"A medical breast mammogram showing clear breast tissue with no visible abnormalities, indicating a normal scan."
/home/woojye2020/decs_jupyter_lab/MedCLIP-SAMv2/UDIATnBUSI/train_images/busi_benign_benign (50).png,/home/woojye2020/decs_jupyter_lab/MedCLIP-SAMv2/generated_neg_output/busi_clip_image2prompt_closedformv0/busi_benign_benign (50).png,"A medical breast mammogram showing a smooth, well-circumscribed mass suggestive of a benign breast tumor.","A breast imaging study showing clear, homogeneous breast tissue with no signs of pathology."
/home/woojye2020/decs_jupyter_lab/MedCLIP-SAMv2/UDIATnBUSI/train_images/busi_benign_benign (437).png,/home/woojye2020/decs_jupyter_lab/MedCLIP-SAMv2/generated_neg_output/busi_clip_image2prompt_closedformv0/busi_benign_benign (437).png,"A breast scan showing a well-contained, round mass likely indicating a benign breast tumor.","A mammogram revealing normal breast tissue with no visible masses, calcifications, or distortions."
/home/woojye2020/decs_jupyter_lab/MedCLIP-SAMv2/UDIATnBUSI/train_images/busi_benign_benign (223).png,/home/woojye2020/decs_jupyter_lab/MedCLIP-SAMv2/generated_neg_output/busi_clip_image2prompt_closedformv0/busi_benign_benign (223).png,"A breast imaging study revealing a well-defined, encapsulated mass likely representing a benign breast tumor.","A breast imaging study showing clear, homogeneous breast tissue with no signs of pathology."
/home/woojye2020/decs_jupyter_lab/MedCLIP-SAMv2/UDIATnBUSI/train_images/busi_malignant_malignant (104).png,/home/woojye2020/decs_jupyter_lab/MedCLIP-SAMv2/generated_neg_output/busi_clip_image2prompt_closedformv0/busi_malignant_malignant (104).png,"A medical mammogram revealing a spiculated, invasive mass suggestive of a malignant breast tumor.",A breast mammogram displaying normal breast structures with no signs of disease or masses.
/home/woojye2020/decs_jupyter_lab/MedCLIP-SAMv2/UDIATnBUSI/train_images/busi_benign_benign (176).png,/home/woojye2020/decs_jupyter_lab/MedCLIP-SAMv2/generated_neg_output/busi_clip_image2prompt_closedformv0/busi_benign_benign (176).png,"A mammogram displaying a round, homogeneous mass indicative of a benign breast tumor.",A medical breast mammogram showing healthy breast parenchyma with no suspicious findings.
/home/woojye2020/decs_jupyter_lab/MedCLIP-SAMv2/UDIATnBUSI/train_images/busi_malignant_malignant (43).png,/home/woojye2020/decs_jupyter_lab/MedCLIP-SAMv2/generated_neg_output/busi_clip_image2prompt_closedformv0/busi_malignant_malignant (43).png,"A breast imaging study revealing a poorly circumscribed, irregular mass indicative of a malignant breast tumor.","A medical breast imaging study revealing clear, unremarkable breast tissue consistent with a healthy scan."
/home/woojye2020/decs_jupyter_lab/MedCLIP-SAMv2/UDIATnBUSI/train_images/busi_malignant_malignant (185).png,/home/woojye2020/decs_jupyter_lab/MedCLIP-SAMv2/generated_neg_output/busi_clip_image2prompt_closedformv0/busi_malignant_malignant (185).png,"A mammogram displaying a poorly defined, lobulated mass indicative of a malignant breast tumor.","A medical breast imaging study revealing clear, unremarkable breast tissue consistent with a healthy scan."
/home/woojye2020/decs_jupyter_lab/MedCLIP-SAMv2/UDIATnBUSI/train_images/busi_benign_benign (165).png,/home/woojye2020/decs_jupyter_lab/MedCLIP-SAMv2/generated_neg_output/busi_clip_image2prompt_closedformv0/busi_benign_benign (165).png,"A mammogram revealing a low-density, well-delineated mass likely representing a benign breast tumor.","A breast mammogram showing unremarkable findings consistent with normal, healthy breast tissue."
/home/woojye2020/decs_jupyter_lab/MedCLIP-SAMv2/UDIATnBUSI/train_images/busi_benign_benign (388).png,/home/woojye2020/decs_jupyter_lab/MedCLIP-SAMv2/generated_neg_output/busi_clip_image2prompt_closedformv0/busi_benign_benign (388).png,A mammogram displaying a smoothly contoured mass suggestive of a benign breast tumor.,"A breast mammogram showing unremarkable findings consistent with normal, healthy breast tissue."
/home/woojye2020/decs_jupyter_lab/MedCLIP-SAMv2/UDIATnBUSI/train_images/busi_benign_benign (20).png,/home/woojye2020/decs_jupyter_lab/MedCLIP-SAMv2/generated_neg_output/busi_clip_image2prompt_closedformv0/busi_benign_benign (20).png,"A breast scan showing a smooth, encapsulated mass likely representing a benign breast tumor.",A medical breast mammogram showing healthy breast parenchyma with no suspicious findings.
/home/woojye2020/decs_jupyter_lab/MedCLIP-SAMv2/UDIATnBUSI/train_images/busi_malignant_malignant (126).png,/home/woojye2020/decs_jupyter_lab/MedCLIP-SAMv2/generated_neg_output/busi_clip_image2prompt_closedformv0/busi_malignant_malignant (126).png,"A breast scan showing a spiculated, invasive mass likely indicating a malignant breast tumor.","A breast mammogram showing unremarkable findings consistent with normal, healthy breast tissue."
/home/woojye2020/decs_jupyter_lab/MedCLIP-SAMv2/UDIATnBUSI/train_images/busi_malignant_malignant (177).png,/home/woojye2020/decs_jupyter_lab/MedCLIP-SAMv2/generated_neg_output/busi_clip_image2prompt_closedformv0/busi_malignant_malignant (177).png,"A mammogram displaying an irregularly shaped, spiculated mass suggestive of a malignant breast tumor.","A breast imaging scan displaying normal, well-distributed breast tissue with no evidence of masses or tumors."
/home/woojye2020/decs_jupyter_lab/MedCLIP-SAMv2/UDIATnBUSI/train_images/busi_malignant_malignant (15).png,/home/woojye2020/decs_jupyter_lab/MedCLIP-SAMv2/generated_neg_output/busi_clip_image2prompt_closedformv0/busi_malignant_malignant (15).png,"A medical mammogram revealing a spiculated, invasive mass suggestive of a malignant breast tumor.",A medical mammogram displaying well-organized breast tissue with no evidence of abnormalities.
/home/woojye2020/decs_jupyter_lab/MedCLIP-SAMv2/UDIATnBUSI/train_images/busi_benign_benign (210).png,/home/woojye2020/decs_jupyter_lab/MedCLIP-SAMv2/generated_neg_output/busi_clip_image2prompt_closedformv0/busi_benign_benign (210).png,"A breast imaging study revealing a well-marginated, round mass indicative of a benign breast tumor.","A mammogram revealing normal breast tissue with no visible masses, calcifications, or distortions."
/home/woojye2020/decs_jupyter_lab/MedCLIP-SAMv2/UDIATnBUSI/train_images/busi_malignant_malignant (6).png,/home/woojye2020/decs_jupyter_lab/MedCLIP-SAMv2/generated_neg_output/busi_clip_image2prompt_closedformv0/busi_malignant_malignant (6).png,"A breast imaging study revealing an irregularly shaped, invasive mass likely representing a malignant breast tumor.",A breast mammogram displaying normal breast structures with no signs of disease or masses.
/home/woojye2020/decs_jupyter_lab/MedCLIP-SAMv2/UDIATnBUSI/train_images/busi_malignant_malignant (72).png,/home/woojye2020/decs_jupyter_lab/MedCLIP-SAMv2/generated_neg_output/busi_clip_image2prompt_closedformv0/busi_malignant_malignant (72).png,"A mammogram displaying an irregular, invasive mass suggestive of a malignant breast tumor.",A medical mammogram displaying well-organized breast tissue with no evidence of abnormalities.
/home/woojye2020/decs_jupyter_lab/MedCLIP-SAMv2/UDIATnBUSI/train_images/busi_benign_benign (246).png,/home/woojye2020/decs_jupyter_lab/MedCLIP-SAMv2/generated_neg_output/busi_clip_image2prompt_closedformv0/busi_benign_benign (246).png,"A medical breast mammogram displaying a lobulated, non-aggressive mass consistent with a benign tumor.","A mammogram revealing normal breast tissue with no visible masses, calcifications, or distortions."
/home/woojye2020/decs_jupyter_lab/MedCLIP-SAMv2/UDIATnBUSI/train_images/busi_benign_benign (355).png,/home/woojye2020/decs_jupyter_lab/MedCLIP-SAMv2/generated_neg_output/busi_clip_image2prompt_closedformv0/busi_benign_benign (355).png,"A medical mammogram revealing a well-defined, non-irregular mass suggestive of a benign breast tumor.","A mammogram showing no abnormalities in the breast tissue, suggestive of a normal, healthy breast."
/home/woojye2020/decs_jupyter_lab/MedCLIP-SAMv2/UDIATnBUSI/train_images/busi_benign_benign (67).png,/home/woojye2020/decs_jupyter_lab/MedCLIP-SAMv2/generated_neg_output/busi_clip_image2prompt_closedformv0/busi_benign_benign (67).png,"A breast mammogram identifying a well-encapsulated, smooth mass consistent with a benign tumor.",A medical breast mammogram showing healthy breast parenchyma with no suspicious findings.
/home/woojye2020/decs_jupyter_lab/MedCLIP-SAMv2/UDIATnBUSI/train_images/busi_benign_benign (363).png,/home/woojye2020/decs_jupyter_lab/MedCLIP-SAMv2/generated_neg_output/busi_clip_image2prompt_closedformv0/busi_benign_benign (363).png,"A medical mammogram revealing a well-defined, non-irregular mass suggestive of a benign breast tumor.","A mammogram revealing normal breast tissue with no visible masses, calcifications, or distortions."
/home/woojye2020/decs_jupyter_lab/MedCLIP-SAMv2/UDIATnBUSI/train_images/busi_benign_benign (326).png,/home/woojye2020/decs_jupyter_lab/MedCLIP-SAMv2/generated_neg_output/busi_clip_image2prompt_closedformv0/busi_benign_benign (326).png,"A breast mammogram identifying a well-encapsulated, smooth mass consistent with a benign tumor.",A breast mammogram displaying normal breast structures with no signs of disease or masses.
/home/woojye2020/decs_jupyter_lab/MedCLIP-SAMv2/UDIATnBUSI/train_images/busi_benign_benign (270).png,/home/woojye2020/decs_jupyter_lab/MedCLIP-SAMv2/generated_neg_output/busi_clip_image2prompt_closedformv0/busi_benign_benign (270).png,"A medical mammogram detecting a smooth, well-defined mass characteristic of a benign breast tumor.","A mammogram revealing normal breast tissue with no visible masses, calcifications, or distortions."
/home/woojye2020/decs_jupyter_lab/MedCLIP-SAMv2/UDIATnBUSI/train_images/busi_benign_benign (135).png,/home/woojye2020/decs_jupyter_lab/MedCLIP-SAMv2/generated_neg_output/busi_clip_image2prompt_closedformv0/busi_benign_benign (135).png,"A medical mammogram detecting a smooth, well-defined mass characteristic of a benign breast tumor.","A breast imaging scan displaying normal, well-distributed breast tissue with no evidence of masses or tumors."
/home/woojye2020/decs_jupyter_lab/MedCLIP-SAMv2/UDIATnBUSI/train_images/busi_benign_benign (432).png,/home/woojye2020/decs_jupyter_lab/MedCLIP-SAMv2/generated_neg_output/busi_clip_image2prompt_closedformv0/busi_benign_benign (432).png,"A mammogram displaying a non-invasive, well-defined mass suggestive of a benign breast tumor.","A medical breast imaging study revealing clear, unremarkable breast tissue consistent with a healthy scan."
/home/woojye2020/decs_jupyter_lab/MedCLIP-SAMv2/UDIATnBUSI/train_images/busi_benign_benign (225).png,/home/woojye2020/decs_jupyter_lab/MedCLIP-SAMv2/generated_neg_output/busi_clip_image2prompt_closedformv0/busi_benign_benign (225).png,"A breast imaging study showing a homogenous, well-circumscribed mass indicative of a benign tumor.",A breast mammogram displaying normal breast structures with no signs of disease or masses.
/home/woojye2020/decs_jupyter_lab/MedCLIP-SAMv2/UDIATnBUSI/train_images/busi_malignant_malignant (10).png,/home/woojye2020/decs_jupyter_lab/MedCLIP-SAMv2/generated_neg_output/busi_clip_image2prompt_closedformv0/busi_malignant_malignant (10).png,"A mammogram displaying a poorly defined, lobulated mass indicative of a malignant breast tumor.",A breast mammogram displaying normal breast structures with no signs of disease or masses.
/home/woojye2020/decs_jupyter_lab/MedCLIP-SAMv2/UDIATnBUSI/train_images/busi_benign_benign (215).png,/home/woojye2020/decs_jupyter_lab/MedCLIP-SAMv2/generated_neg_output/busi_clip_image2prompt_closedformv0/busi_benign_benign (215).png,"A mammogram displaying a round, homogeneous mass indicative of a benign breast tumor.","A mammogram revealing normal breast tissue with no visible masses, calcifications, or distortions."
/home/woojye2020/decs_jupyter_lab/MedCLIP-SAMv2/UDIATnBUSI/train_images/busi_benign_benign (265).png,/home/woojye2020/decs_jupyter_lab/MedCLIP-SAMv2/generated_neg_output/busi_clip_image2prompt_closedformv0/busi_benign_benign (265).png,"A breast imaging study revealing a well-defined, encapsulated mass likely representing a benign breast tumor.",A medical breast mammogram showing healthy breast parenchyma with no suspicious findings.
/home/woojye2020/decs_jupyter_lab/MedCLIP-SAMv2/UDIATnBUSI/train_images/busi_malignant_malignant (54).png,/home/woojye2020/decs_jupyter_lab/MedCLIP-SAMv2/generated_neg_output/busi_clip_image2prompt_closedformv0/busi_malignant_malignant (54).png,"A mammogram showing a dense, spiculated mass suggestive of a malignant breast tumor.",A medical mammogram displaying well-organized breast tissue with no evidence of abnormalities.
/home/woojye2020/decs_jupyter_lab/MedCLIP-SAMv2/UDIATnBUSI/train_images/busi_malignant_malignant (208).png,/home/woojye2020/decs_jupyter_lab/MedCLIP-SAMv2/generated_neg_output/busi_clip_image2prompt_closedformv0/busi_malignant_malignant (208).png,"A medical breast mammogram showing an irregular, spiculated mass suggestive of a malignant breast tumor.","A breast mammogram showing unremarkable findings consistent with normal, healthy breast tissue."
/home/woojye2020/decs_jupyter_lab/MedCLIP-SAMv2/UDIATnBUSI/train_images/busi_benign_benign (273).png,/home/woojye2020/decs_jupyter_lab/MedCLIP-SAMv2/generated_neg_output/busi_clip_image2prompt_closedformv0/busi_benign_benign (273).png,"A breast scan showing a smooth, encapsulated mass likely representing a benign breast tumor.",A medical mammogram displaying well-organized breast tissue with no evidence of abnormalities.
/home/woojye2020/decs_jupyter_lab/MedCLIP-SAMv2/UDIATnBUSI/train_images/busi_benign_benign (416).png,/home/woojye2020/decs_jupyter_lab/MedCLIP-SAMv2/generated_neg_output/busi_clip_image2prompt_closedformv0/busi_benign_benign (416).png,"A medical mammogram detecting a smooth, well-defined mass characteristic of a benign breast tumor.",A breast mammogram displaying normal breast structures with no signs of disease or masses.
/home/woojye2020/decs_jupyter_lab/MedCLIP-SAMv2/UDIATnBUSI/train_images/busi_benign_benign (236).png,/home/woojye2020/decs_jupyter_lab/MedCLIP-SAMv2/generated_neg_output/busi_clip_image2prompt_closedformv0/busi_benign_benign (236).png,"A breast mammogram identifying a well-encapsulated, smooth mass consistent with a benign tumor.",A medical breast mammogram showing healthy breast parenchyma with no suspicious findings.
/home/woojye2020/decs_jupyter_lab/MedCLIP-SAMv2/UDIATnBUSI/train_images/busi_malignant_malignant (201).png,/home/woojye2020/decs_jupyter_lab/MedCLIP-SAMv2/generated_neg_output/busi_clip_image2prompt_closedformv0/busi_malignant_malignant (201).png,"A breast mammogram identifying an irregular, dense mass consistent with a malignant tumor.","A medical breast mammogram showing clear breast tissue with no visible abnormalities, indicating a normal scan."
/home/woojye2020/decs_jupyter_lab/MedCLIP-SAMv2/UDIATnBUSI/train_images/busi_malignant_malignant (170).png,/home/woojye2020/decs_jupyter_lab/MedCLIP-SAMv2/generated_neg_output/busi_clip_image2prompt_closedformv0/busi_malignant_malignant (170).png,"A breast imaging study showing an irregular, spiculated mass suggestive of a malignant breast tumor.","A breast mammogram showing unremarkable findings consistent with normal, healthy breast tissue."
/home/woojye2020/decs_jupyter_lab/MedCLIP-SAMv2/UDIATnBUSI/train_images/busi_benign_benign (420).png,/home/woojye2020/decs_jupyter_lab/MedCLIP-SAMv2/generated_neg_output/busi_clip_image2prompt_closedformv0/busi_benign_benign (420).png,"A breast imaging study showing a well-margined, round mass suggestive of a benign breast tumor.",A medical breast mammogram showing healthy breast parenchyma with no suspicious findings.
/home/woojye2020/decs_jupyter_lab/MedCLIP-SAMv2/UDIATnBUSI/train_images/busi_benign_benign (6).png,/home/woojye2020/decs_jupyter_lab/MedCLIP-SAMv2/generated_neg_output/busi_clip_image2prompt_closedformv0/busi_benign_benign (6).png,"A breast imaging study revealing a well-defined, encapsulated mass likely representing a benign breast tumor.","A breast mammogram showing unremarkable findings consistent with normal, healthy breast tissue."
/home/woojye2020/decs_jupyter_lab/MedCLIP-SAMv2/UDIATnBUSI/train_images/busi_benign_benign (299).png,/home/woojye2020/decs_jupyter_lab/MedCLIP-SAMv2/generated_neg_output/busi_clip_image2prompt_closedformv0/busi_benign_benign (299).png,"A mammogram displaying a non-spiculated, round mass suggestive of a benign breast tumor.","A mammogram showing no abnormalities in the breast tissue, suggestive of a normal, healthy breast."
/home/woojye2020/decs_jupyter_lab/MedCLIP-SAMv2/UDIATnBUSI/train_images/busi_malignant_malignant (159).png,/home/woojye2020/decs_jupyter_lab/MedCLIP-SAMv2/generated_neg_output/busi_clip_image2prompt_closedformv0/busi_malignant_malignant (159).png,"A mammogram showing a dense, spiculated mass suggestive of a malignant breast tumor.","A breast imaging study showing clear, homogeneous breast tissue with no signs of pathology."
/home/woojye2020/decs_jupyter_lab/MedCLIP-SAMv2/UDIATnBUSI/train_images/busi_benign_benign (321).png,/home/woojye2020/decs_jupyter_lab/MedCLIP-SAMv2/generated_neg_output/busi_clip_image2prompt_closedformv0/busi_benign_benign (321).png,"A breast imaging scan showing a well-circumscribed, smooth mass indicative of a benign breast tumor.",A breast mammogram displaying normal breast structures with no signs of disease or masses.
/home/woojye2020/decs_jupyter_lab/MedCLIP-SAMv2/UDIATnBUSI/train_images/busi_benign_benign (127).png,/home/woojye2020/decs_jupyter_lab/MedCLIP-SAMv2/generated_neg_output/busi_clip_image2prompt_closedformv0/busi_benign_benign (127).png,"A mammogram displaying a non-invasive, well-defined mass suggestive of a benign breast tumor.",A medical mammogram displaying well-organized breast tissue with no evidence of abnormalities.
/home/woojye2020/decs_jupyter_lab/MedCLIP-SAMv2/UDIATnBUSI/train_images/busi_benign_benign (85).png,/home/woojye2020/decs_jupyter_lab/MedCLIP-SAMv2/generated_neg_output/busi_clip_image2prompt_closedformv0/busi_benign_benign (85).png,"A mammogram displaying a non-invasive, well-defined mass suggestive of a benign breast tumor.",A breast mammogram displaying normal breast structures with no signs of disease or masses.
/home/woojye2020/decs_jupyter_lab/MedCLIP-SAMv2/UDIATnBUSI/train_images/busi_benign_benign (4).png,/home/woojye2020/decs_jupyter_lab/MedCLIP-SAMv2/generated_neg_output/busi_clip_image2prompt_closedformv0/busi_benign_benign (4).png,"A mammogram revealing a low-density, well-delineated mass likely representing a benign breast tumor.","A breast mammogram showing unremarkable findings consistent with normal, healthy breast tissue."
/home/woojye2020/decs_jupyter_lab/MedCLIP-SAMv2/UDIATnBUSI/train_images/busi_benign_benign (33).png,/home/woojye2020/decs_jupyter_lab/MedCLIP-SAMv2/generated_neg_output/busi_clip_image2prompt_closedformv0/busi_benign_benign (33).png,"A breast imaging scan showing a well-circumscribed, smooth mass indicative of a benign breast tumor.","A mammogram revealing normal breast tissue with no visible masses, calcifications, or distortions."
/home/woojye2020/decs_jupyter_lab/MedCLIP-SAMv2/UDIATnBUSI/train_images/busi_benign_benign (205).png,/home/woojye2020/decs_jupyter_lab/MedCLIP-SAMv2/generated_neg_output/busi_clip_image2prompt_closedformv0/busi_benign_benign (205).png,"A breast scan showing a smooth, encapsulated mass likely representing a benign breast tumor.","A breast mammogram showing unremarkable findings consistent with normal, healthy breast tissue."
/home/woojye2020/decs_jupyter_lab/MedCLIP-SAMv2/UDIATnBUSI/train_images/busi_benign_benign (218).png,/home/woojye2020/decs_jupyter_lab/MedCLIP-SAMv2/generated_neg_output/busi_clip_image2prompt_closedformv0/busi_benign_benign (218).png,"A breast imaging study revealing a well-marginated, round mass indicative of a benign breast tumor.",A medical mammogram displaying well-organized breast tissue with no evidence of abnormalities.
/home/woojye2020/decs_jupyter_lab/MedCLIP-SAMv2/UDIATnBUSI/train_images/busi_benign_benign (412).png,/home/woojye2020/decs_jupyter_lab/MedCLIP-SAMv2/generated_neg_output/busi_clip_image2prompt_closedformv0/busi_benign_benign (412).png,"A medical breast mammogram showing a well-defined, round mass suggestive of a benign breast tumor.","A breast mammogram showing unremarkable findings consistent with normal, healthy breast tissue."
/home/woojye2020/decs_jupyter_lab/MedCLIP-SAMv2/UDIATnBUSI/train_images/busi_malignant_malignant (61).png,/home/woojye2020/decs_jupyter_lab/MedCLIP-SAMv2/generated_neg_output/busi_clip_image2prompt_closedformv0/busi_malignant_malignant (61).png,"A mammogram revealing an ill-defined, irregular mass likely representing a malignant breast tumor.","A medical breast mammogram showing clear breast tissue with no visible abnormalities, indicating a normal scan."
/home/woojye2020/decs_jupyter_lab/MedCLIP-SAMv2/UDIATnBUSI/train_images/busi_benign_benign (14).png,/home/woojye2020/decs_jupyter_lab/MedCLIP-SAMv2/generated_neg_output/busi_clip_image2prompt_closedformv0/busi_benign_benign (14).png,"A breast scan identifying a well-defined, oval mass suggestive of a benign breast tumor.","A breast imaging scan displaying normal, well-distributed breast tissue with no evidence of masses or tumors."
/home/woojye2020/decs_jupyter_lab/MedCLIP-SAMv2/UDIATnBUSI/train_images/busi_benign_benign (15).png,/home/woojye2020/decs_jupyter_lab/MedCLIP-SAMv2/generated_neg_output/busi_clip_image2prompt_closedformv0/busi_benign_benign (15).png,"A breast imaging study showing a well-margined, round mass suggestive of a benign breast tumor.",A medical breast mammogram showing healthy breast parenchyma with no suspicious findings.
/home/woojye2020/decs_jupyter_lab/MedCLIP-SAMv2/UDIATnBUSI/train_images/busi_malignant_malignant (96).png,/home/woojye2020/decs_jupyter_lab/MedCLIP-SAMv2/generated_neg_output/busi_clip_image2prompt_closedformv0/busi_malignant_malignant (96).png,"A mammogram displaying an irregular, non-homogeneous mass suggestive of a malignant breast tumor.","A medical breast mammogram showing clear breast tissue with no visible abnormalities, indicating a normal scan."
/home/woojye2020/decs_jupyter_lab/MedCLIP-SAMv2/UDIATnBUSI/train_images/busi_benign_benign (279).png,/home/woojye2020/decs_jupyter_lab/MedCLIP-SAMv2/generated_neg_output/busi_clip_image2prompt_closedformv0/busi_benign_benign (279).png,"A breast scan identifying a well-defined, oval mass suggestive of a benign breast tumor.","A medical breast imaging study revealing clear, unremarkable breast tissue consistent with a healthy scan."
/home/woojye2020/decs_jupyter_lab/MedCLIP-SAMv2/UDIATnBUSI/train_images/busi_benign_benign (123).png,/home/woojye2020/decs_jupyter_lab/MedCLIP-SAMv2/generated_neg_output/busi_clip_image2prompt_closedformv0/busi_benign_benign (123).png,"A medical breast mammogram detecting a non-aggressive, well-defined mass characteristic of a benign tumor.","A mammogram revealing normal breast tissue with no visible masses, calcifications, or distortions."
/home/woojye2020/decs_jupyter_lab/MedCLIP-SAMv2/UDIATnBUSI/train_images/busi_malignant_malignant (79).png,/home/woojye2020/decs_jupyter_lab/MedCLIP-SAMv2/generated_neg_output/busi_clip_image2prompt_closedformv0/busi_malignant_malignant (79).png,"A mammogram displaying a poorly defined, lobulated mass indicative of a malignant breast tumor.","A medical breast imaging study revealing clear, unremarkable breast tissue consistent with a healthy scan."
/home/woojye2020/decs_jupyter_lab/MedCLIP-SAMv2/UDIATnBUSI/train_images/busi_malignant_malignant (157).png,/home/woojye2020/decs_jupyter_lab/MedCLIP-SAMv2/generated_neg_output/busi_clip_image2prompt_closedformv0/busi_malignant_malignant (157).png,"A mammogram displaying an irregular, invasive mass suggestive of a malignant breast tumor.","A medical breast mammogram showing clear breast tissue with no visible abnormalities, indicating a normal scan."
/home/woojye2020/decs_jupyter_lab/MedCLIP-SAMv2/UDIATnBUSI/train_images/busi_benign_benign (371).png,/home/woojye2020/decs_jupyter_lab/MedCLIP-SAMv2/generated_neg_output/busi_clip_image2prompt_closedformv0/busi_benign_benign (371).png,"A mammogram displaying a round, homogeneous mass indicative of a benign breast tumor.",A medical mammogram displaying well-organized breast tissue with no evidence of abnormalities.
/home/woojye2020/decs_jupyter_lab/MedCLIP-SAMv2/UDIATnBUSI/train_images/busi_benign_benign (272).png,/home/woojye2020/decs_jupyter_lab/MedCLIP-SAMv2/generated_neg_output/busi_clip_image2prompt_closedformv0/busi_benign_benign (272).png,"A medical breast mammogram displaying a lobulated, non-aggressive mass consistent with a benign tumor.","A mammogram revealing normal breast tissue with no visible masses, calcifications, or distortions."
/home/woojye2020/decs_jupyter_lab/MedCLIP-SAMv2/UDIATnBUSI/train_images/busi_benign_benign (304).png,/home/woojye2020/decs_jupyter_lab/MedCLIP-SAMv2/generated_neg_output/busi_clip_image2prompt_closedformv0/busi_benign_benign (304).png,"A breast mammogram identifying a well-encapsulated, smooth mass consistent with a benign tumor.","A breast imaging study showing clear, homogeneous breast tissue with no signs of pathology."
/home/woojye2020/decs_jupyter_lab/MedCLIP-SAMv2/UDIATnBUSI/train_images/busi_benign_benign (7).png,/home/woojye2020/decs_jupyter_lab/MedCLIP-SAMv2/generated_neg_output/busi_clip_image2prompt_closedformv0/busi_benign_benign (7).png,"A medical mammogram detecting a smooth, well-defined mass characteristic of a benign breast tumor.","A medical breast imaging study revealing clear, unremarkable breast tissue consistent with a healthy scan."
/home/woojye2020/decs_jupyter_lab/MedCLIP-SAMv2/UDIATnBUSI/train_images/busi_benign_benign (384).png,/home/woojye2020/decs_jupyter_lab/MedCLIP-SAMv2/generated_neg_output/busi_clip_image2prompt_closedformv0/busi_benign_benign (384).png,"A mammogram displaying a non-invasive, well-defined mass suggestive of a benign breast tumor.","A breast imaging scan displaying normal, well-distributed breast tissue with no evidence of masses or tumors."
/home/woojye2020/decs_jupyter_lab/MedCLIP-SAMv2/UDIATnBUSI/train_images/busi_benign_benign (360).png,/home/woojye2020/decs_jupyter_lab/MedCLIP-SAMv2/generated_neg_output/busi_clip_image2prompt_closedformv0/busi_benign_benign (360).png,"A medical mammogram detecting a smooth, well-defined mass characteristic of a benign breast tumor.","A breast mammogram showing unremarkable findings consistent with normal, healthy breast tissue."
/home/woojye2020/decs_jupyter_lab/MedCLIP-SAMv2/UDIATnBUSI/train_images/busi_malignant_malignant (12).png,/home/woojye2020/decs_jupyter_lab/MedCLIP-SAMv2/generated_neg_output/busi_clip_image2prompt_closedformv0/busi_malignant_malignant (12).png,"A breast imaging study revealing a poorly circumscribed, irregular mass indicative of a malignant breast tumor.",A breast mammogram displaying normal breast structures with no signs of disease or masses.
/home/woojye2020/decs_jupyter_lab/MedCLIP-SAMv2/UDIATnBUSI/train_images/busi_malignant_malignant (206).png,/home/woojye2020/decs_jupyter_lab/MedCLIP-SAMv2/generated_neg_output/busi_clip_image2prompt_closedformv0/busi_malignant_malignant (206).png,"A medical breast mammogram showing an irregular, spiculated mass suggestive of a malignant breast tumor.","A medical breast imaging study revealing clear, unremarkable breast tissue consistent with a healthy scan."
/home/woojye2020/decs_jupyter_lab/MedCLIP-SAMv2/UDIATnBUSI/train_images/busi_malignant_malignant (51).png,/home/woojye2020/decs_jupyter_lab/MedCLIP-SAMv2/generated_neg_output/busi_clip_image2prompt_closedformv0/busi_malignant_malignant (51).png,"A breast scan identifying a poorly circumscribed, irregular mass suggestive of a malignant breast tumor.","A breast mammogram showing unremarkable findings consistent with normal, healthy breast tissue."
/home/woojye2020/decs_jupyter_lab/MedCLIP-SAMv2/UDIATnBUSI/train_images/busi_malignant_malignant (150).png,/home/woojye2020/decs_jupyter_lab/MedCLIP-SAMv2/generated_neg_output/busi_clip_image2prompt_closedformv0/busi_malignant_malignant (150).png,"A medical breast mammogram showing an irregular, spiculated mass suggestive of a malignant breast tumor.",A breast mammogram displaying normal breast structures with no signs of disease or masses.
/home/woojye2020/decs_jupyter_lab/MedCLIP-SAMv2/UDIATnBUSI/train_images/busi_malignant_malignant (2).png,/home/woojye2020/decs_jupyter_lab/MedCLIP-SAMv2/generated_neg_output/busi_clip_image2prompt_closedformv0/busi_malignant_malignant (2).png,"A mammogram revealing an ill-defined, irregular mass likely representing a malignant breast tumor.","A breast imaging study showing clear, homogeneous breast tissue with no signs of pathology."
/home/woojye2020/decs_jupyter_lab/MedCLIP-SAMv2/UDIATnBUSI/train_images/busi_malignant_malignant (114).png,/home/woojye2020/decs_jupyter_lab/MedCLIP-SAMv2/generated_neg_output/busi_clip_image2prompt_closedformv0/busi_malignant_malignant (114).png,"A breast mammogram identifying an irregular, dense mass consistent with a malignant tumor.","A breast imaging study showing clear, homogeneous breast tissue with no signs of pathology."
/home/woojye2020/decs_jupyter_lab/MedCLIP-SAMv2/UDIATnBUSI/train_images/busi_benign_benign (436).png,/home/woojye2020/decs_jupyter_lab/MedCLIP-SAMv2/generated_neg_output/busi_clip_image2prompt_closedformv0/busi_benign_benign (436).png,"A breast imaging study revealing a well-marginated, round mass indicative of a benign breast tumor.","A breast imaging study showing clear, homogeneous breast tissue with no signs of pathology."
/home/woojye2020/decs_jupyter_lab/MedCLIP-SAMv2/UDIATnBUSI/train_images/busi_benign_benign (143).png,/home/woojye2020/decs_jupyter_lab/MedCLIP-SAMv2/generated_neg_output/busi_clip_image2prompt_closedformv0/busi_benign_benign (143).png,"A breast mammogram identifying a well-encapsulated, smooth mass consistent with a benign tumor.","A breast imaging scan displaying normal, well-distributed breast tissue with no evidence of masses or tumors."
/home/woojye2020/decs_jupyter_lab/MedCLIP-SAMv2/UDIATnBUSI/train_images/busi_benign_benign (231).png,/home/woojye2020/decs_jupyter_lab/MedCLIP-SAMv2/generated_neg_output/busi_clip_image2prompt_closedformv0/busi_benign_benign (231).png,"A medical breast mammogram displaying a lobulated, non-aggressive mass consistent with a benign tumor.",A medical mammogram displaying well-organized breast tissue with no evidence of abnormalities.
/home/woojye2020/decs_jupyter_lab/MedCLIP-SAMv2/UDIATnBUSI/train_images/busi_malignant_malignant (127).png,/home/woojye2020/decs_jupyter_lab/MedCLIP-SAMv2/generated_neg_output/busi_clip_image2prompt_closedformv0/busi_malignant_malignant (127).png,"A breast imaging study revealing an irregularly shaped, invasive mass likely representing a malignant breast tumor.",A medical breast mammogram showing healthy breast parenchyma with no suspicious findings.
/home/woojye2020/decs_jupyter_lab/MedCLIP-SAMv2/UDIATnBUSI/train_images/busi_malignant_malignant (180).png,/home/woojye2020/decs_jupyter_lab/MedCLIP-SAMv2/generated_neg_output/busi_clip_image2prompt_closedformv0/busi_malignant_malignant (180).png,"A breast mammogram identifying an irregular, dense mass consistent with a malignant tumor.",A breast mammogram displaying normal breast structures with no signs of disease or masses.
/home/woojye2020/decs_jupyter_lab/MedCLIP-SAMv2/UDIATnBUSI/train_images/busi_benign_benign (195).png,/home/woojye2020/decs_jupyter_lab/MedCLIP-SAMv2/generated_neg_output/busi_clip_image2prompt_closedformv0/busi_benign_benign (195).png,"A breast imaging study showing a well-margined, round mass suggestive of a benign breast tumor.","A breast mammogram showing unremarkable findings consistent with normal, healthy breast tissue."
/home/woojye2020/decs_jupyter_lab/MedCLIP-SAMv2/UDIATnBUSI/train_images/busi_benign_benign (419).png,/home/woojye2020/decs_jupyter_lab/MedCLIP-SAMv2/generated_neg_output/busi_clip_image2prompt_closedformv0/busi_benign_benign (419).png,"A breast imaging study showing a homogenous, well-circumscribed mass indicative of a benign tumor.",A medical mammogram displaying well-organized breast tissue with no evidence of abnormalities.
/home/woojye2020/decs_jupyter_lab/MedCLIP-SAMv2/UDIATnBUSI/train_images/busi_benign_benign (52).png,/home/woojye2020/decs_jupyter_lab/MedCLIP-SAMv2/generated_neg_output/busi_clip_image2prompt_closedformv0/busi_benign_benign (52).png,"A breast imaging study showing a well-margined, round mass suggestive of a benign breast tumor.","A medical breast mammogram showing clear breast tissue with no visible abnormalities, indicating a normal scan."
/home/woojye2020/decs_jupyter_lab/MedCLIP-SAMv2/UDIATnBUSI/train_images/busi_malignant_malignant (205).png,/home/woojye2020/decs_jupyter_lab/MedCLIP-SAMv2/generated_neg_output/busi_clip_image2prompt_closedformv0/busi_malignant_malignant (205).png,"A breast imaging scan showing a spiculated, invasive mass indicative of a malignant breast tumor.","A mammogram revealing normal breast tissue with no visible masses, calcifications, or distortions."
/home/woojye2020/decs_jupyter_lab/MedCLIP-SAMv2/UDIATnBUSI/train_images/busi_benign_benign (295).png,/home/woojye2020/decs_jupyter_lab/MedCLIP-SAMv2/generated_neg_output/busi_clip_image2prompt_closedformv0/busi_benign_benign (295).png,"A breast imaging study revealing a well-marginated, round mass indicative of a benign breast tumor.","A medical breast mammogram showing clear breast tissue with no visible abnormalities, indicating a normal scan."
/home/woojye2020/decs_jupyter_lab/MedCLIP-SAMv2/UDIATnBUSI/train_images/busi_malignant_malignant (130).png,/home/woojye2020/decs_jupyter_lab/MedCLIP-SAMv2/generated_neg_output/busi_clip_image2prompt_closedformv0/busi_malignant_malignant (130).png,"A medical breast mammogram showing an irregularly shaped, spiculated mass suggestive of a malignant breast tumor.","A mammogram showing no abnormalities in the breast tissue, suggestive of a normal, healthy breast."
/home/woojye2020/decs_jupyter_lab/MedCLIP-SAMv2/UDIATnBUSI/train_images/busi_benign_benign (426).png,/home/woojye2020/decs_jupyter_lab/MedCLIP-SAMv2/generated_neg_output/busi_clip_image2prompt_closedformv0/busi_benign_benign (426).png,"A breast imaging study showing a well-margined, round mass suggestive of a benign breast tumor.","A mammogram showing no abnormalities in the breast tissue, suggestive of a normal, healthy breast."
/home/woojye2020/decs_jupyter_lab/MedCLIP-SAMv2/UDIATnBUSI/train_images/busi_benign_benign (325).png,/home/woojye2020/decs_jupyter_lab/MedCLIP-SAMv2/generated_neg_output/busi_clip_image2prompt_closedformv0/busi_benign_benign (325).png,"A mammogram showing a sharply marginated, round mass suggestive of a benign breast tumor.","A breast imaging scan displaying normal, well-distributed breast tissue with no evidence of masses or tumors."
/home/woojye2020/decs_jupyter_lab/MedCLIP-SAMv2/UDIATnBUSI/train_images/busi_malignant_malignant (171).png,/home/woojye2020/decs_jupyter_lab/MedCLIP-SAMv2/generated_neg_output/busi_clip_image2prompt_closedformv0/busi_malignant_malignant (171).png,"A breast imaging study showing an irregular, spiculated mass suggestive of a malignant breast tumor.",A medical breast mammogram showing healthy breast parenchyma with no suspicious findings.
/home/woojye2020/decs_jupyter_lab/MedCLIP-SAMv2/UDIATnBUSI/train_images/busi_benign_benign (12).png,/home/woojye2020/decs_jupyter_lab/MedCLIP-SAMv2/generated_neg_output/busi_clip_image2prompt_closedformv0/busi_benign_benign (12).png,"A breast imaging study revealing a well-defined, encapsulated mass likely representing a benign breast tumor.","A medical breast mammogram showing clear breast tissue with no visible abnormalities, indicating a normal scan."
/home/woojye2020/decs_jupyter_lab/MedCLIP-SAMv2/UDIATnBUSI/train_images/busi_benign_benign (405).png,/home/woojye2020/decs_jupyter_lab/MedCLIP-SAMv2/generated_neg_output/busi_clip_image2prompt_closedformv0/busi_benign_benign (405).png,"A breast imaging study showing a homogenous, well-circumscribed mass indicative of a benign tumor.","A mammogram revealing normal breast tissue with no visible masses, calcifications, or distortions."
/home/woojye2020/decs_jupyter_lab/MedCLIP-SAMv2/UDIATnBUSI/train_images/busi_benign_benign (49).png,/home/woojye2020/decs_jupyter_lab/MedCLIP-SAMv2/generated_neg_output/busi_clip_image2prompt_closedformv0/busi_benign_benign (49).png,"A breast scan identifying a well-defined, oval mass suggestive of a benign breast tumor.","A medical breast imaging study revealing clear, unremarkable breast tissue consistent with a healthy scan."
/home/woojye2020/decs_jupyter_lab/MedCLIP-SAMv2/UDIATnBUSI/train_images/busi_benign_benign (190).png,/home/woojye2020/decs_jupyter_lab/MedCLIP-SAMv2/generated_neg_output/busi_clip_image2prompt_closedformv0/busi_benign_benign (190).png,"A breast scan showing a well-contained, round mass likely indicating a benign breast tumor.",A medical mammogram displaying well-organized breast tissue with no evidence of abnormalities.
/home/woojye2020/decs_jupyter_lab/MedCLIP-SAMv2/UDIATnBUSI/train_images/busi_benign_benign (202).png,/home/woojye2020/decs_jupyter_lab/MedCLIP-SAMv2/generated_neg_output/busi_clip_image2prompt_closedformv0/busi_benign_benign (202).png,"A breast imaging scan showing a well-circumscribed, smooth mass indicative of a benign breast tumor.",A medical mammogram displaying well-organized breast tissue with no evidence of abnormalities.
/home/woojye2020/decs_jupyter_lab/MedCLIP-SAMv2/UDIATnBUSI/train_images/busi_malignant_malignant (179).png,/home/woojye2020/decs_jupyter_lab/MedCLIP-SAMv2/generated_neg_output/busi_clip_image2prompt_closedformv0/busi_malignant_malignant (179).png,"A breast scan showing an ill-defined, invasive mass likely representing a malignant breast tumor.",A medical breast mammogram showing healthy breast parenchyma with no suspicious findings.
/home/woojye2020/decs_jupyter_lab/MedCLIP-SAMv2/UDIATnBUSI/train_images/busi_malignant_malignant (83).png,/home/woojye2020/decs_jupyter_lab/MedCLIP-SAMv2/generated_neg_output/busi_clip_image2prompt_closedformv0/busi_malignant_malignant (83).png,"A mammogram displaying a poorly defined, lobulated mass indicative of a malignant breast tumor.","A mammogram revealing normal breast tissue with no visible masses, calcifications, or distortions."
/home/woojye2020/decs_jupyter_lab/MedCLIP-SAMv2/UDIATnBUSI/train_images/busi_benign_benign (74).png,/home/woojye2020/decs_jupyter_lab/MedCLIP-SAMv2/generated_neg_output/busi_clip_image2prompt_closedformv0/busi_benign_benign (74).png,"A medical breast mammogram showing a smooth, well-circumscribed mass suggestive of a benign breast tumor.","A mammogram revealing normal breast tissue with no visible masses, calcifications, or distortions."
/home/woojye2020/decs_jupyter_lab/MedCLIP-SAMv2/UDIATnBUSI/train_images/busi_benign_benign (253).png,/home/woojye2020/decs_jupyter_lab/MedCLIP-SAMv2/generated_neg_output/busi_clip_image2prompt_closedformv0/busi_benign_benign (253).png,"A medical breast mammogram showing a well-defined, round mass suggestive of a benign breast tumor.","A breast imaging study showing clear, homogeneous breast tissue with no signs of pathology."
/home/woojye2020/decs_jupyter_lab/MedCLIP-SAMv2/UDIATnBUSI/train_images/busi_benign_benign (336).png,/home/woojye2020/decs_jupyter_lab/MedCLIP-SAMv2/generated_neg_output/busi_clip_image2prompt_closedformv0/busi_benign_benign (336).png,"A mammogram displaying a round, homogeneous mass indicative of a benign breast tumor.",A medical breast mammogram showing healthy breast parenchyma with no suspicious findings.
/home/woojye2020/decs_jupyter_lab/MedCLIP-SAMv2/UDIATnBUSI/train_images/busi_malignant_malignant (58).png,/home/woojye2020/decs_jupyter_lab/MedCLIP-SAMv2/generated_neg_output/busi_clip_image2prompt_closedformv0/busi_malignant_malignant (58).png,"A medical breast mammogram detecting a spiculated, irregular mass characteristic of a malignant tumor.","A mammogram revealing normal breast tissue with no visible masses, calcifications, or distortions."
/home/woojye2020/decs_jupyter_lab/MedCLIP-SAMv2/UDIATnBUSI/train_images/busi_benign_benign (138).png,/home/woojye2020/decs_jupyter_lab/MedCLIP-SAMv2/generated_neg_output/busi_clip_image2prompt_closedformv0/busi_benign_benign (138).png,"A medical breast mammogram detecting a non-aggressive, well-defined mass characteristic of a benign tumor.","A mammogram revealing normal breast tissue with no visible masses, calcifications, or distortions."
/home/woojye2020/decs_jupyter_lab/MedCLIP-SAMv2/UDIATnBUSI/train_images/busi_benign_benign (177).png,/home/woojye2020/decs_jupyter_lab/MedCLIP-SAMv2/generated_neg_output/busi_clip_image2prompt_closedformv0/busi_benign_benign (177).png,A mammogram displaying a smoothly contoured mass suggestive of a benign breast tumor.,"A mammogram revealing normal breast tissue with no visible masses, calcifications, or distortions."
/home/woojye2020/decs_jupyter_lab/MedCLIP-SAMv2/UDIATnBUSI/train_images/busi_malignant_malignant (191).png,/home/woojye2020/decs_jupyter_lab/MedCLIP-SAMv2/generated_neg_output/busi_clip_image2prompt_closedformv0/busi_malignant_malignant (191).png,"A breast imaging study showing an irregular, spiculated mass suggestive of a malignant breast tumor.",A breast mammogram displaying normal breast structures with no signs of disease or masses.
/home/woojye2020/decs_jupyter_lab/MedCLIP-SAMv2/UDIATnBUSI/train_images/busi_benign_benign (380).png,/home/woojye2020/decs_jupyter_lab/MedCLIP-SAMv2/generated_neg_output/busi_clip_image2prompt_closedformv0/busi_benign_benign (380).png,"A breast scan showing a well-contained, round mass likely indicating a benign breast tumor.","A medical breast mammogram showing clear breast tissue with no visible abnormalities, indicating a normal scan."
/home/woojye2020/decs_jupyter_lab/MedCLIP-SAMv2/UDIATnBUSI/train_images/busi_malignant_malignant (118).png,/home/woojye2020/decs_jupyter_lab/MedCLIP-SAMv2/generated_neg_output/busi_clip_image2prompt_closedformv0/busi_malignant_malignant (118).png,"A medical mammogram detecting a poorly defined, lobulated mass characteristic of a malignant breast tumor.","A medical breast imaging study revealing clear, unremarkable breast tissue consistent with a healthy scan."
/home/woojye2020/decs_jupyter_lab/MedCLIP-SAMv2/UDIATnBUSI/train_images/busi_benign_benign (344).png,/home/woojye2020/decs_jupyter_lab/MedCLIP-SAMv2/generated_neg_output/busi_clip_image2prompt_closedformv0/busi_benign_benign (344).png,"A breast imaging study revealing a well-marginated, round mass indicative of a benign breast tumor.","A breast imaging study showing clear, homogeneous breast tissue with no signs of pathology."
/home/woojye2020/decs_jupyter_lab/MedCLIP-SAMv2/UDIATnBUSI/train_images/busi_benign_benign (62).png,/home/woojye2020/decs_jupyter_lab/MedCLIP-SAMv2/generated_neg_output/busi_clip_image2prompt_closedformv0/busi_benign_benign (62).png,"A mammogram displaying a non-invasive, well-defined mass suggestive of a benign breast tumor.",A breast mammogram displaying normal breast structures with no signs of disease or masses.
/home/woojye2020/decs_jupyter_lab/MedCLIP-SAMv2/UDIATnBUSI/train_images/busi_benign_benign (313).png,/home/woojye2020/decs_jupyter_lab/MedCLIP-SAMv2/generated_neg_output/busi_clip_image2prompt_closedformv0/busi_benign_benign (313).png,"A breast mammogram identifying a well-encapsulated, smooth mass consistent with a benign tumor.",A breast mammogram displaying normal breast structures with no signs of disease or masses.
/home/woojye2020/decs_jupyter_lab/MedCLIP-SAMv2/UDIATnBUSI/train_images/busi_benign_benign (247).png,/home/woojye2020/decs_jupyter_lab/MedCLIP-SAMv2/generated_neg_output/busi_clip_image2prompt_closedformv0/busi_benign_benign (247).png,"A breast imaging scan showing a well-circumscribed, smooth mass indicative of a benign breast tumor.","A mammogram revealing normal breast tissue with no visible masses, calcifications, or distortions."
/home/woojye2020/decs_jupyter_lab/MedCLIP-SAMv2/UDIATnBUSI/train_images/busi_benign_benign (369).png,/home/woojye2020/decs_jupyter_lab/MedCLIP-SAMv2/generated_neg_output/busi_clip_image2prompt_closedformv0/busi_benign_benign (369).png,"A medical breast mammogram detecting a non-aggressive, well-defined mass characteristic of a benign tumor.","A mammogram revealing normal breast tissue with no visible masses, calcifications, or distortions."
/home/woojye2020/decs_jupyter_lab/MedCLIP-SAMv2/UDIATnBUSI/train_images/busi_benign_benign (435).png,/home/woojye2020/decs_jupyter_lab/MedCLIP-SAMv2/generated_neg_output/busi_clip_image2prompt_closedformv0/busi_benign_benign (435).png,"A mammogram displaying a non-spiculated, round mass suggestive of a benign breast tumor.",A breast mammogram displaying normal breast structures with no signs of disease or masses.
/home/woojye2020/decs_jupyter_lab/MedCLIP-SAMv2/UDIATnBUSI/train_images/busi_benign_benign (230).png,/home/woojye2020/decs_jupyter_lab/MedCLIP-SAMv2/generated_neg_output/busi_clip_image2prompt_closedformv0/busi_benign_benign (230).png,"A breast scan showing a well-contained, round mass likely indicating a benign breast tumor.","A breast imaging scan displaying normal, well-distributed breast tissue with no evidence of masses or tumors."
/home/woojye2020/decs_jupyter_lab/MedCLIP-SAMv2/UDIATnBUSI/train_images/busi_benign_benign (239).png,/home/woojye2020/decs_jupyter_lab/MedCLIP-SAMv2/generated_neg_output/busi_clip_image2prompt_closedformv0/busi_benign_benign (239).png,"A medical mammogram detecting a smooth, well-defined mass characteristic of a benign breast tumor.","A mammogram showing no abnormalities in the breast tissue, suggestive of a normal, healthy breast."
/home/woojye2020/decs_jupyter_lab/MedCLIP-SAMv2/UDIATnBUSI/train_images/busi_malignant_malignant (188).png,/home/woojye2020/decs_jupyter_lab/MedCLIP-SAMv2/generated_neg_output/busi_clip_image2prompt_closedformv0/busi_malignant_malignant (188).png,"A medical mammogram detecting a poorly defined, lobulated mass characteristic of a malignant breast tumor.","A medical breast imaging study revealing clear, unremarkable breast tissue consistent with a healthy scan."
/home/woojye2020/decs_jupyter_lab/MedCLIP-SAMv2/UDIATnBUSI/train_images/busi_benign_benign (286).png,/home/woojye2020/decs_jupyter_lab/MedCLIP-SAMv2/generated_neg_output/busi_clip_image2prompt_closedformv0/busi_benign_benign (286).png,"A mammogram displaying a round, homogeneous mass indicative of a benign breast tumor.",A medical mammogram displaying well-organized breast tissue with no evidence of abnormalities.
/home/woojye2020/decs_jupyter_lab/MedCLIP-SAMv2/UDIATnBUSI/train_images/busi_malignant_malignant (103).png,/home/woojye2020/decs_jupyter_lab/MedCLIP-SAMv2/generated_neg_output/busi_clip_image2prompt_closedformv0/busi_malignant_malignant (103).png,"A mammogram displaying an irregular, invasive mass suggestive of a malignant breast tumor.",A breast mammogram displaying normal breast structures with no signs of disease or masses.
/home/woojye2020/decs_jupyter_lab/MedCLIP-SAMv2/UDIATnBUSI/train_images/busi_benign_benign (18).png,/home/woojye2020/decs_jupyter_lab/MedCLIP-SAMv2/generated_neg_output/busi_clip_image2prompt_closedformv0/busi_benign_benign (18).png,"A mammogram displaying a non-spiculated, round mass suggestive of a benign breast tumor.",A medical mammogram displaying well-organized breast tissue with no evidence of abnormalities.
/home/woojye2020/decs_jupyter_lab/MedCLIP-SAMv2/UDIATnBUSI/train_images/busi_malignant_malignant (175).png,/home/woojye2020/decs_jupyter_lab/MedCLIP-SAMv2/generated_neg_output/busi_clip_image2prompt_closedformv0/busi_malignant_malignant (175).png,"A medical breast mammogram displaying a heterogeneous, irregular mass consistent with a malignant tumor.",A medical breast mammogram showing healthy breast parenchyma with no suspicious findings.
/home/woojye2020/decs_jupyter_lab/MedCLIP-SAMv2/UDIATnBUSI/train_images/busi_benign_benign (293).png,/home/woojye2020/decs_jupyter_lab/MedCLIP-SAMv2/generated_neg_output/busi_clip_image2prompt_closedformv0/busi_benign_benign (293).png,"A mammogram displaying a non-invasive, well-defined mass suggestive of a benign breast tumor.","A medical breast imaging study revealing clear, unremarkable breast tissue consistent with a healthy scan."
/home/woojye2020/decs_jupyter_lab/MedCLIP-SAMv2/UDIATnBUSI/train_images/busi_malignant_malignant (41).png,/home/woojye2020/decs_jupyter_lab/MedCLIP-SAMv2/generated_neg_output/busi_clip_image2prompt_closedformv0/busi_malignant_malignant (41).png,"A breast imaging scan showing a spiculated, invasive mass indicative of a malignant breast tumor.",A breast mammogram displaying normal breast structures with no signs of disease or masses.
/home/woojye2020/decs_jupyter_lab/MedCLIP-SAMv2/UDIATnBUSI/train_images/busi_benign_benign (63).png,/home/woojye2020/decs_jupyter_lab/MedCLIP-SAMv2/generated_neg_output/busi_clip_image2prompt_closedformv0/busi_benign_benign (63).png,"A mammogram showing a sharply marginated, round mass suggestive of a benign breast tumor.","A breast imaging scan displaying normal, well-distributed breast tissue with no evidence of masses or tumors."
/home/woojye2020/decs_jupyter_lab/MedCLIP-SAMv2/UDIATnBUSI/train_images/busi_benign_benign (89).png,/home/woojye2020/decs_jupyter_lab/MedCLIP-SAMv2/generated_neg_output/busi_clip_image2prompt_closedformv0/busi_benign_benign (89).png,"A medical breast mammogram displaying a lobulated, non-aggressive mass consistent with a benign tumor.","A medical breast imaging study revealing clear, unremarkable breast tissue consistent with a healthy scan."
/home/woojye2020/decs_jupyter_lab/MedCLIP-SAMv2/UDIATnBUSI/train_images/busi_benign_benign (235).png,/home/woojye2020/decs_jupyter_lab/MedCLIP-SAMv2/generated_neg_output/busi_clip_image2prompt_closedformv0/busi_benign_benign (235).png,"A breast imaging study revealing a well-marginated, round mass indicative of a benign breast tumor.","A medical breast imaging study revealing clear, unremarkable breast tissue consistent with a healthy scan."
/home/woojye2020/decs_jupyter_lab/MedCLIP-SAMv2/UDIATnBUSI/train_images/busi_malignant_malignant (155).png,/home/woojye2020/decs_jupyter_lab/MedCLIP-SAMv2/generated_neg_output/busi_clip_image2prompt_closedformv0/busi_malignant_malignant (155).png,"A mammogram displaying an irregular, invasive mass suggestive of a malignant breast tumor.",A breast mammogram displaying normal breast structures with no signs of disease or masses.
/home/woojye2020/decs_jupyter_lab/MedCLIP-SAMv2/UDIATnBUSI/train_images/busi_benign_benign (25).png,/home/woojye2020/decs_jupyter_lab/MedCLIP-SAMv2/generated_neg_output/busi_clip_image2prompt_closedformv0/busi_benign_benign (25).png,"A breast scan identifying a well-defined, oval mass suggestive of a benign breast tumor.","A breast imaging study showing clear, homogeneous breast tissue with no signs of pathology."
/home/woojye2020/decs_jupyter_lab/MedCLIP-SAMv2/UDIATnBUSI/train_images/busi_benign_benign (288).png,/home/woojye2020/decs_jupyter_lab/MedCLIP-SAMv2/generated_neg_output/busi_clip_image2prompt_closedformv0/busi_benign_benign (288).png,"A medical mammogram revealing a well-defined, non-irregular mass suggestive of a benign breast tumor.","A breast mammogram showing unremarkable findings consistent with normal, healthy breast tissue."
/home/woojye2020/decs_jupyter_lab/MedCLIP-SAMv2/UDIATnBUSI/train_images/busi_malignant_malignant (176).png,/home/woojye2020/decs_jupyter_lab/MedCLIP-SAMv2/generated_neg_output/busi_clip_image2prompt_closedformv0/busi_malignant_malignant (176).png,"A medical breast mammogram detecting a spiculated, irregular mass characteristic of a malignant tumor.","A breast imaging study showing clear, homogeneous breast tissue with no signs of pathology."
/home/woojye2020/decs_jupyter_lab/MedCLIP-SAMv2/UDIATnBUSI/train_images/busi_malignant_malignant (117).png,/home/woojye2020/decs_jupyter_lab/MedCLIP-SAMv2/generated_neg_output/busi_clip_image2prompt_closedformv0/busi_malignant_malignant (117).png,"A medical breast mammogram detecting a spiculated, irregular mass characteristic of a malignant tumor.","A breast mammogram showing unremarkable findings consistent with normal, healthy breast tissue."
/home/woojye2020/decs_jupyter_lab/MedCLIP-SAMv2/UDIATnBUSI/train_images/busi_malignant_malignant (178).png,/home/woojye2020/decs_jupyter_lab/MedCLIP-SAMv2/generated_neg_output/busi_clip_image2prompt_closedformv0/busi_malignant_malignant (178).png,"A medical mammogram detecting a poorly defined, lobulated mass characteristic of a malignant breast tumor.",A medical breast mammogram showing healthy breast parenchyma with no suspicious findings.
/home/woojye2020/decs_jupyter_lab/MedCLIP-SAMv2/UDIATnBUSI/train_images/busi_benign_benign (156).png,/home/woojye2020/decs_jupyter_lab/MedCLIP-SAMv2/generated_neg_output/busi_clip_image2prompt_closedformv0/busi_benign_benign (156).png,"A mammogram showing a sharply marginated, round mass suggestive of a benign breast tumor.","A breast imaging study showing clear, homogeneous breast tissue with no signs of pathology."
/home/woojye2020/decs_jupyter_lab/MedCLIP-SAMv2/UDIATnBUSI/train_images/busi_benign_benign (383).png,/home/woojye2020/decs_jupyter_lab/MedCLIP-SAMv2/generated_neg_output/busi_clip_image2prompt_closedformv0/busi_benign_benign (383).png,"A mammogram displaying a round, homogeneous mass indicative of a benign breast tumor.","A breast imaging study showing clear, homogeneous breast tissue with no signs of pathology."
/home/woojye2020/decs_jupyter_lab/MedCLIP-SAMv2/UDIATnBUSI/train_images/busi_benign_benign (394).png,/home/woojye2020/decs_jupyter_lab/MedCLIP-SAMv2/generated_neg_output/busi_clip_image2prompt_closedformv0/busi_benign_benign (394).png,"A medical mammogram revealing a well-defined, non-irregular mass suggestive of a benign breast tumor.","A breast imaging scan displaying normal, well-distributed breast tissue with no evidence of masses or tumors."
/home/woojye2020/decs_jupyter_lab/MedCLIP-SAMv2/UDIATnBUSI/train_images/busi_malignant_malignant (100).png,/home/woojye2020/decs_jupyter_lab/MedCLIP-SAMv2/generated_neg_output/busi_clip_image2prompt_closedformv0/busi_malignant_malignant (100).png,"A mammogram revealing an ill-defined, irregular mass likely representing a malignant breast tumor.","A breast mammogram showing unremarkable findings consistent with normal, healthy breast tissue."
/home/woojye2020/decs_jupyter_lab/MedCLIP-SAMv2/UDIATnBUSI/train_images/busi_malignant_malignant (106).png,/home/woojye2020/decs_jupyter_lab/MedCLIP-SAMv2/generated_neg_output/busi_clip_image2prompt_closedformv0/busi_malignant_malignant (106).png,"A medical breast mammogram showing an irregular, spiculated mass suggestive of a malignant breast tumor.",A medical breast mammogram showing healthy breast parenchyma with no suspicious findings.
/home/woojye2020/decs_jupyter_lab/MedCLIP-SAMv2/UDIATnBUSI/train_images/busi_benign_benign (44).png,/home/woojye2020/decs_jupyter_lab/MedCLIP-SAMv2/generated_neg_output/busi_clip_image2prompt_closedformv0/busi_benign_benign (44).png,"A mammogram displaying a non-spiculated, round mass suggestive of a benign breast tumor.",A breast mammogram displaying normal breast structures with no signs of disease or masses.
/home/woojye2020/decs_jupyter_lab/MedCLIP-SAMv2/UDIATnBUSI/train_images/busi_malignant_malignant (87).png,/home/woojye2020/decs_jupyter_lab/MedCLIP-SAMv2/generated_neg_output/busi_clip_image2prompt_closedformv0/busi_malignant_malignant (87).png,"A breast imaging study showing an irregular, spiculated mass suggestive of a malignant breast tumor.","A breast imaging study showing clear, homogeneous breast tissue with no signs of pathology."
/home/woojye2020/decs_jupyter_lab/MedCLIP-SAMv2/UDIATnBUSI/train_images/busi_malignant_malignant (35).png,/home/woojye2020/decs_jupyter_lab/MedCLIP-SAMv2/generated_neg_output/busi_clip_image2prompt_closedformv0/busi_malignant_malignant (35).png,"A medical mammogram revealing a spiculated, invasive mass suggestive of a malignant breast tumor.","A medical breast mammogram showing clear breast tissue with no visible abnormalities, indicating a normal scan."
/home/woojye2020/decs_jupyter_lab/MedCLIP-SAMv2/UDIATnBUSI/train_images/busi_benign_benign (339).png,/home/woojye2020/decs_jupyter_lab/MedCLIP-SAMv2/generated_neg_output/busi_clip_image2prompt_closedformv0/busi_benign_benign (339).png,"A medical breast mammogram showing a smooth, well-circumscribed mass suggestive of a benign breast tumor.",A medical breast mammogram showing healthy breast parenchyma with no suspicious findings.
/home/woojye2020/decs_jupyter_lab/MedCLIP-SAMv2/UDIATnBUSI/train_images/busi_malignant_malignant (86).png,/home/woojye2020/decs_jupyter_lab/MedCLIP-SAMv2/generated_neg_output/busi_clip_image2prompt_closedformv0/busi_malignant_malignant (86).png,"A breast imaging study showing an irregular, spiculated mass suggestive of a malignant breast tumor.",A breast mammogram displaying normal breast structures with no signs of disease or masses.
/home/woojye2020/decs_jupyter_lab/MedCLIP-SAMv2/UDIATnBUSI/train_images/busi_malignant_malignant (8).png,/home/woojye2020/decs_jupyter_lab/MedCLIP-SAMv2/generated_neg_output/busi_clip_image2prompt_closedformv0/busi_malignant_malignant (8).png,"A mammogram displaying an irregular, invasive mass suggestive of a malignant breast tumor.",A breast mammogram displaying normal breast structures with no signs of disease or masses.
/home/woojye2020/decs_jupyter_lab/MedCLIP-SAMv2/UDIATnBUSI/train_images/busi_benign_benign (70).png,/home/woojye2020/decs_jupyter_lab/MedCLIP-SAMv2/generated_neg_output/busi_clip_image2prompt_closedformv0/busi_benign_benign (70).png,"A breast imaging study revealing a well-marginated, round mass indicative of a benign breast tumor.","A breast mammogram showing unremarkable findings consistent with normal, healthy breast tissue."
/home/woojye2020/decs_jupyter_lab/MedCLIP-SAMv2/UDIATnBUSI/train_images/busi_benign_benign (216).png,/home/woojye2020/decs_jupyter_lab/MedCLIP-SAMv2/generated_neg_output/busi_clip_image2prompt_closedformv0/busi_benign_benign (216).png,"A mammogram displaying a non-spiculated, round mass suggestive of a benign breast tumor.","A mammogram revealing normal breast tissue with no visible masses, calcifications, or distortions."
/home/woojye2020/decs_jupyter_lab/MedCLIP-SAMv2/UDIATnBUSI/train_images/busi_benign_benign (187).png,/home/woojye2020/decs_jupyter_lab/MedCLIP-SAMv2/generated_neg_output/busi_clip_image2prompt_closedformv0/busi_benign_benign (187).png,"A medical mammogram revealing a well-defined, non-irregular mass suggestive of a benign breast tumor.","A breast mammogram showing unremarkable findings consistent with normal, healthy breast tissue."
/home/woojye2020/decs_jupyter_lab/MedCLIP-SAMv2/UDIATnBUSI/train_images/busi_benign_benign (365).png,/home/woojye2020/decs_jupyter_lab/MedCLIP-SAMv2/generated_neg_output/busi_clip_image2prompt_closedformv0/busi_benign_benign (365).png,"A breast scan showing a smooth, encapsulated mass likely representing a benign breast tumor.","A medical breast mammogram showing clear breast tissue with no visible abnormalities, indicating a normal scan."
/home/woojye2020/decs_jupyter_lab/MedCLIP-SAMv2/UDIATnBUSI/train_images/busi_benign_benign (277).png,/home/woojye2020/decs_jupyter_lab/MedCLIP-SAMv2/generated_neg_output/busi_clip_image2prompt_closedformv0/busi_benign_benign (277).png,"A medical mammogram revealing a well-defined, non-irregular mass suggestive of a benign breast tumor.","A breast mammogram showing unremarkable findings consistent with normal, healthy breast tissue."
/home/woojye2020/decs_jupyter_lab/MedCLIP-SAMv2/UDIATnBUSI/train_images/busi_benign_benign (392).png,/home/woojye2020/decs_jupyter_lab/MedCLIP-SAMv2/generated_neg_output/busi_clip_image2prompt_closedformv0/busi_benign_benign (392).png,A mammogram displaying a smoothly contoured mass suggestive of a benign breast tumor.,"A mammogram showing no abnormalities in the breast tissue, suggestive of a normal, healthy breast."
/home/woojye2020/decs_jupyter_lab/MedCLIP-SAMv2/UDIATnBUSI/train_images/busi_benign_benign (334).png,/home/woojye2020/decs_jupyter_lab/MedCLIP-SAMv2/generated_neg_output/busi_clip_image2prompt_closedformv0/busi_benign_benign (334).png,"A medical mammogram detecting a smooth, well-defined mass characteristic of a benign breast tumor.","A breast mammogram showing unremarkable findings consistent with normal, healthy breast tissue."
/home/woojye2020/decs_jupyter_lab/MedCLIP-SAMv2/UDIATnBUSI/train_images/busi_benign_benign (379).png,/home/woojye2020/decs_jupyter_lab/MedCLIP-SAMv2/generated_neg_output/busi_clip_image2prompt_closedformv0/busi_benign_benign (379).png,"A breast imaging study showing a homogenous, well-circumscribed mass indicative of a benign tumor.",A medical mammogram displaying well-organized breast tissue with no evidence of abnormalities.
/home/woojye2020/decs_jupyter_lab/MedCLIP-SAMv2/UDIATnBUSI/train_images/busi_benign_benign (30).png,/home/woojye2020/decs_jupyter_lab/MedCLIP-SAMv2/generated_neg_output/busi_clip_image2prompt_closedformv0/busi_benign_benign (30).png,"A mammogram showing a sharply marginated, round mass suggestive of a benign breast tumor.","A medical breast mammogram showing clear breast tissue with no visible abnormalities, indicating a normal scan."
/home/woojye2020/decs_jupyter_lab/MedCLIP-SAMv2/UDIATnBUSI/train_images/busi_malignant_malignant (135).png,/home/woojye2020/decs_jupyter_lab/MedCLIP-SAMv2/generated_neg_output/busi_clip_image2prompt_closedformv0/busi_malignant_malignant (135).png,"A medical mammogram revealing a spiculated, invasive mass suggestive of a malignant breast tumor.",A breast mammogram displaying normal breast structures with no signs of disease or masses.
/home/woojye2020/decs_jupyter_lab/MedCLIP-SAMv2/UDIATnBUSI/train_images/busi_benign_benign (258).png,/home/woojye2020/decs_jupyter_lab/MedCLIP-SAMv2/generated_neg_output/busi_clip_image2prompt_closedformv0/busi_benign_benign (258).png,"A medical mammogram detecting a smooth, well-defined mass characteristic of a benign breast tumor.",A breast mammogram displaying normal breast structures with no signs of disease or masses.
/home/woojye2020/decs_jupyter_lab/MedCLIP-SAMv2/UDIATnBUSI/train_images/busi_malignant_malignant (95).png,/home/woojye2020/decs_jupyter_lab/MedCLIP-SAMv2/generated_neg_output/busi_clip_image2prompt_closedformv0/busi_malignant_malignant (95).png,"A mammogram displaying an irregularly shaped, spiculated mass suggestive of a malignant breast tumor.","A medical breast imaging study revealing clear, unremarkable breast tissue consistent with a healthy scan."
/home/woojye2020/decs_jupyter_lab/MedCLIP-SAMv2/UDIATnBUSI/train_images/busi_malignant_malignant (94).png,/home/woojye2020/decs_jupyter_lab/MedCLIP-SAMv2/generated_neg_output/busi_clip_image2prompt_closedformv0/busi_malignant_malignant (94).png,"A medical breast mammogram showing an irregular, spiculated mass suggestive of a malignant breast tumor.","A mammogram showing no abnormalities in the breast tissue, suggestive of a normal, healthy breast."
/home/woojye2020/decs_jupyter_lab/MedCLIP-SAMv2/UDIATnBUSI/train_images/busi_malignant_malignant (19).png,/home/woojye2020/decs_jupyter_lab/MedCLIP-SAMv2/generated_neg_output/busi_clip_image2prompt_closedformv0/busi_malignant_malignant (19).png,"A medical mammogram revealing a spiculated, invasive mass suggestive of a malignant breast tumor.","A breast imaging study showing clear, homogeneous breast tissue with no signs of pathology."
/home/woojye2020/decs_jupyter_lab/MedCLIP-SAMv2/UDIATnBUSI/train_images/busi_benign_benign (434).png,/home/woojye2020/decs_jupyter_lab/MedCLIP-SAMv2/generated_neg_output/busi_clip_image2prompt_closedformv0/busi_benign_benign (434).png,"A mammogram displaying a non-spiculated, round mass suggestive of a benign breast tumor.",A medical mammogram displaying well-organized breast tissue with no evidence of abnormalities.
/home/woojye2020/decs_jupyter_lab/MedCLIP-SAMv2/UDIATnBUSI/train_images/busi_benign_benign (79).png,/home/woojye2020/decs_jupyter_lab/MedCLIP-SAMv2/generated_neg_output/busi_clip_image2prompt_closedformv0/busi_benign_benign (79).png,"A breast imaging study revealing a well-marginated, round mass indicative of a benign breast tumor.","A medical breast imaging study revealing clear, unremarkable breast tissue consistent with a healthy scan."
/home/woojye2020/decs_jupyter_lab/MedCLIP-SAMv2/UDIATnBUSI/train_images/busi_benign_benign (367).png,/home/woojye2020/decs_jupyter_lab/MedCLIP-SAMv2/generated_neg_output/busi_clip_image2prompt_closedformv0/busi_benign_benign (367).png,"A mammogram displaying a non-invasive, well-defined mass suggestive of a benign breast tumor.",A medical breast mammogram showing healthy breast parenchyma with no suspicious findings.
/home/woojye2020/decs_jupyter_lab/MedCLIP-SAMv2/UDIATnBUSI/train_images/busi_benign_benign (421).png,/home/woojye2020/decs_jupyter_lab/MedCLIP-SAMv2/generated_neg_output/busi_clip_image2prompt_closedformv0/busi_benign_benign (421).png,"A breast imaging study showing a well-margined, round mass suggestive of a benign breast tumor.","A mammogram revealing normal breast tissue with no visible masses, calcifications, or distortions."
/home/woojye2020/decs_jupyter_lab/MedCLIP-SAMv2/UDIATnBUSI/train_images/busi_malignant_malignant (139).png,/home/woojye2020/decs_jupyter_lab/MedCLIP-SAMv2/generated_neg_output/busi_clip_image2prompt_closedformv0/busi_malignant_malignant (139).png,"A breast mammogram identifying an irregular, dense mass consistent with a malignant tumor.",A medical breast mammogram showing healthy breast parenchyma with no suspicious findings.
/home/woojye2020/decs_jupyter_lab/MedCLIP-SAMv2/UDIATnBUSI/train_images/busi_benign_benign (91).png,/home/woojye2020/decs_jupyter_lab/MedCLIP-SAMv2/generated_neg_output/busi_clip_image2prompt_closedformv0/busi_benign_benign (91).png,"A breast imaging study revealing a well-marginated, round mass indicative of a benign breast tumor.","A medical breast mammogram showing clear breast tissue with no visible abnormalities, indicating a normal scan."
/home/woojye2020/decs_jupyter_lab/MedCLIP-SAMv2/UDIATnBUSI/train_images/busi_benign_benign (111).png,/home/woojye2020/decs_jupyter_lab/MedCLIP-SAMv2/generated_neg_output/busi_clip_image2prompt_closedformv0/busi_benign_benign (111).png,A mammogram displaying a smoothly contoured mass suggestive of a benign breast tumor.,A medical breast mammogram showing healthy breast parenchyma with no suspicious findings.
/home/woojye2020/decs_jupyter_lab/MedCLIP-SAMv2/UDIATnBUSI/train_images/busi_malignant_malignant (67).png,/home/woojye2020/decs_jupyter_lab/MedCLIP-SAMv2/generated_neg_output/busi_clip_image2prompt_closedformv0/busi_malignant_malignant (67).png,"A mammogram displaying a poorly defined, lobulated mass indicative of a malignant breast tumor.",A medical breast mammogram showing healthy breast parenchyma with no suspicious findings.
/home/woojye2020/decs_jupyter_lab/MedCLIP-SAMv2/UDIATnBUSI/train_images/busi_benign_benign (346).png,/home/woojye2020/decs_jupyter_lab/MedCLIP-SAMv2/generated_neg_output/busi_clip_image2prompt_closedformv0/busi_benign_benign (346).png,"A breast imaging study revealing a well-defined, encapsulated mass likely representing a benign breast tumor.",A medical mammogram displaying well-organized breast tissue with no evidence of abnormalities.
/home/woojye2020/decs_jupyter_lab/MedCLIP-SAMv2/UDIATnBUSI/train_images/busi_malignant_malignant (200).png,/home/woojye2020/decs_jupyter_lab/MedCLIP-SAMv2/generated_neg_output/busi_clip_image2prompt_closedformv0/busi_malignant_malignant (200).png,"A breast scan showing a spiculated, invasive mass likely indicating a malignant breast tumor.","A breast imaging scan displaying normal, well-distributed breast tissue with no evidence of masses or tumors."
/home/woojye2020/decs_jupyter_lab/MedCLIP-SAMv2/UDIATnBUSI/train_images/busi_malignant_malignant (164).png,/home/woojye2020/decs_jupyter_lab/MedCLIP-SAMv2/generated_neg_output/busi_clip_image2prompt_closedformv0/busi_malignant_malignant (164).png,"A mammogram revealing an ill-defined, irregular mass likely representing a malignant breast tumor.","A breast mammogram showing unremarkable findings consistent with normal, healthy breast tissue."
/home/woojye2020/decs_jupyter_lab/MedCLIP-SAMv2/UDIATnBUSI/train_images/busi_benign_benign (395).png,/home/woojye2020/decs_jupyter_lab/MedCLIP-SAMv2/generated_neg_output/busi_clip_image2prompt_closedformv0/busi_benign_benign (395).png,"A mammogram showing a sharply marginated, round mass suggestive of a benign breast tumor.",A medical breast mammogram showing healthy breast parenchyma with no suspicious findings.
/home/woojye2020/decs_jupyter_lab/MedCLIP-SAMv2/UDIATnBUSI/train_images/busi_benign_benign (409).png,/home/woojye2020/decs_jupyter_lab/MedCLIP-SAMv2/generated_neg_output/busi_clip_image2prompt_closedformv0/busi_benign_benign (409).png,"A mammogram displaying a round, homogeneous mass indicative of a benign breast tumor.","A breast mammogram showing unremarkable findings consistent with normal, healthy breast tissue."
/home/woojye2020/decs_jupyter_lab/MedCLIP-SAMv2/UDIATnBUSI/train_images/busi_benign_benign (400).png,/home/woojye2020/decs_jupyter_lab/MedCLIP-SAMv2/generated_neg_output/busi_clip_image2prompt_closedformv0/busi_benign_benign (400).png,"A mammogram showing a sharply marginated, round mass suggestive of a benign breast tumor.",A medical breast mammogram showing healthy breast parenchyma with no suspicious findings.
/home/woojye2020/decs_jupyter_lab/MedCLIP-SAMv2/UDIATnBUSI/train_images/busi_malignant_malignant (112).png,/home/woojye2020/decs_jupyter_lab/MedCLIP-SAMv2/generated_neg_output/busi_clip_image2prompt_closedformv0/busi_malignant_malignant (112).png,"A breast imaging study showing an irregular, spiculated mass suggestive of a malignant breast tumor.","A mammogram revealing normal breast tissue with no visible masses, calcifications, or distortions."
/home/woojye2020/decs_jupyter_lab/MedCLIP-SAMv2/UDIATnBUSI/train_images/busi_benign_benign (227).png,/home/woojye2020/decs_jupyter_lab/MedCLIP-SAMv2/generated_neg_output/busi_clip_image2prompt_closedformv0/busi_benign_benign (227).png,"A mammogram showing a sharply marginated, round mass suggestive of a benign breast tumor.","A breast mammogram showing unremarkable findings consistent with normal, healthy breast tissue."
/home/woojye2020/decs_jupyter_lab/MedCLIP-SAMv2/UDIATnBUSI/train_images/busi_malignant_malignant (184).png,/home/woojye2020/decs_jupyter_lab/MedCLIP-SAMv2/generated_neg_output/busi_clip_image2prompt_closedformv0/busi_malignant_malignant (184).png,"A mammogram displaying a poorly defined, lobulated mass indicative of a malignant breast tumor.","A breast imaging scan displaying normal, well-distributed breast tissue with no evidence of masses or tumors."
/home/woojye2020/decs_jupyter_lab/MedCLIP-SAMv2/UDIATnBUSI/train_images/busi_benign_benign (283).png,/home/woojye2020/decs_jupyter_lab/MedCLIP-SAMv2/generated_neg_output/busi_clip_image2prompt_closedformv0/busi_benign_benign (283).png,"A breast scan showing a smooth, encapsulated mass likely representing a benign breast tumor.","A mammogram revealing normal breast tissue with no visible masses, calcifications, or distortions."
/home/woojye2020/decs_jupyter_lab/MedCLIP-SAMv2/UDIATnBUSI/train_images/busi_benign_benign (188).png,/home/woojye2020/decs_jupyter_lab/MedCLIP-SAMv2/generated_neg_output/busi_clip_image2prompt_closedformv0/busi_benign_benign (188).png,A mammogram displaying a smoothly contoured mass suggestive of a benign breast tumor.,A medical breast mammogram showing healthy breast parenchyma with no suspicious findings.
/home/woojye2020/decs_jupyter_lab/MedCLIP-SAMv2/UDIATnBUSI/train_images/busi_benign_benign (402).png,/home/woojye2020/decs_jupyter_lab/MedCLIP-SAMv2/generated_neg_output/busi_clip_image2prompt_closedformv0/busi_benign_benign (402).png,"A mammogram showing a sharply marginated, round mass suggestive of a benign breast tumor.",A medical mammogram displaying well-organized breast tissue with no evidence of abnormalities.
/home/woojye2020/decs_jupyter_lab/MedCLIP-SAMv2/UDIATnBUSI/train_images/busi_benign_benign (422).png,/home/woojye2020/decs_jupyter_lab/MedCLIP-SAMv2/generated_neg_output/busi_clip_image2prompt_closedformv0/busi_benign_benign (422).png,"A mammogram displaying a round, homogeneous mass indicative of a benign breast tumor.","A mammogram revealing normal breast tissue with no visible masses, calcifications, or distortions."
/home/woojye2020/decs_jupyter_lab/MedCLIP-SAMv2/UDIATnBUSI/train_images/busi_malignant_malignant (81).png,/home/woojye2020/decs_jupyter_lab/MedCLIP-SAMv2/generated_neg_output/busi_clip_image2prompt_closedformv0/busi_malignant_malignant (81).png,"A mammogram displaying an irregularly shaped, spiculated mass suggestive of a malignant breast tumor.",A medical breast mammogram showing healthy breast parenchyma with no suspicious findings.
/home/woojye2020/decs_jupyter_lab/MedCLIP-SAMv2/UDIATnBUSI/train_images/busi_benign_benign (203).png,/home/woojye2020/decs_jupyter_lab/MedCLIP-SAMv2/generated_neg_output/busi_clip_image2prompt_closedformv0/busi_benign_benign (203).png,"A medical breast mammogram showing a well-defined, round mass suggestive of a benign breast tumor.",A medical breast mammogram showing healthy breast parenchyma with no suspicious findings.
/home/woojye2020/decs_jupyter_lab/MedCLIP-SAMv2/UDIATnBUSI/train_images/busi_malignant_malignant (90).png,/home/woojye2020/decs_jupyter_lab/MedCLIP-SAMv2/generated_neg_output/busi_clip_image2prompt_closedformv0/busi_malignant_malignant (90).png,"A breast imaging study showing an irregular, spiculated mass suggestive of a malignant breast tumor.","A medical breast imaging study revealing clear, unremarkable breast tissue consistent with a healthy scan."
/home/woojye2020/decs_jupyter_lab/MedCLIP-SAMv2/UDIATnBUSI/train_images/busi_benign_benign (260).png,/home/woojye2020/decs_jupyter_lab/MedCLIP-SAMv2/generated_neg_output/busi_clip_image2prompt_closedformv0/busi_benign_benign (260).png,"A medical breast mammogram displaying a lobulated, non-aggressive mass consistent with a benign tumor.",A medical breast mammogram showing healthy breast parenchyma with no suspicious findings.
/home/woojye2020/decs_jupyter_lab/MedCLIP-SAMv2/UDIATnBUSI/train_images/busi_malignant_malignant (49).png,/home/woojye2020/decs_jupyter_lab/MedCLIP-SAMv2/generated_neg_output/busi_clip_image2prompt_closedformv0/busi_malignant_malignant (49).png,"A breast imaging study showing a poorly marginated, irregular mass indicative of a malignant tumor.","A mammogram showing no abnormalities in the breast tissue, suggestive of a normal, healthy breast."
/home/woojye2020/decs_jupyter_lab/MedCLIP-SAMv2/UDIATnBUSI/train_images/busi_benign_benign (191).png,/home/woojye2020/decs_jupyter_lab/MedCLIP-SAMv2/generated_neg_output/busi_clip_image2prompt_closedformv0/busi_benign_benign (191).png,"A breast imaging scan showing a well-circumscribed, smooth mass indicative of a benign breast tumor.","A medical breast imaging study revealing clear, unremarkable breast tissue consistent with a healthy scan."
/home/woojye2020/decs_jupyter_lab/MedCLIP-SAMv2/UDIATnBUSI/train_images/busi_benign_benign (200).png,/home/woojye2020/decs_jupyter_lab/MedCLIP-SAMv2/generated_neg_output/busi_clip_image2prompt_closedformv0/busi_benign_benign (200).png,"A mammogram showing a sharply marginated, round mass suggestive of a benign breast tumor.",A breast mammogram displaying normal breast structures with no signs of disease or masses.
/home/woojye2020/decs_jupyter_lab/MedCLIP-SAMv2/UDIATnBUSI/train_images/busi_benign_benign (315).png,/home/woojye2020/decs_jupyter_lab/MedCLIP-SAMv2/generated_neg_output/busi_clip_image2prompt_closedformv0/busi_benign_benign (315).png,"A breast imaging study showing a well-margined, round mass suggestive of a benign breast tumor.",A breast mammogram displaying normal breast structures with no signs of disease or masses.
/home/woojye2020/decs_jupyter_lab/MedCLIP-SAMv2/UDIATnBUSI/train_images/busi_malignant_malignant (82).png,/home/woojye2020/decs_jupyter_lab/MedCLIP-SAMv2/generated_neg_output/busi_clip_image2prompt_closedformv0/busi_malignant_malignant (82).png,"A mammogram displaying an irregularly shaped, spiculated mass suggestive of a malignant breast tumor.",A medical mammogram displaying well-organized breast tissue with no evidence of abnormalities.
/home/woojye2020/decs_jupyter_lab/MedCLIP-SAMv2/UDIATnBUSI/train_images/busi_benign_benign (275).png,/home/woojye2020/decs_jupyter_lab/MedCLIP-SAMv2/generated_neg_output/busi_clip_image2prompt_closedformv0/busi_benign_benign (275).png,"A mammogram displaying a non-spiculated, round mass suggestive of a benign breast tumor.","A medical breast mammogram showing clear breast tissue with no visible abnormalities, indicating a normal scan."
/home/woojye2020/decs_jupyter_lab/MedCLIP-SAMv2/UDIATnBUSI/train_images/busi_malignant_malignant (68).png,/home/woojye2020/decs_jupyter_lab/MedCLIP-SAMv2/generated_neg_output/busi_clip_image2prompt_closedformv0/busi_malignant_malignant (68).png,"A medical mammogram detecting a poorly defined, lobulated mass characteristic of a malignant breast tumor.","A breast mammogram showing unremarkable findings consistent with normal, healthy breast tissue."
/home/woojye2020/decs_jupyter_lab/MedCLIP-SAMv2/UDIATnBUSI/train_images/busi_benign_benign (172).png,/home/woojye2020/decs_jupyter_lab/MedCLIP-SAMv2/generated_neg_output/busi_clip_image2prompt_closedformv0/busi_benign_benign (172).png,"A mammogram showing a sharply marginated, round mass suggestive of a benign breast tumor.","A breast mammogram showing unremarkable findings consistent with normal, healthy breast tissue."
/home/woojye2020/decs_jupyter_lab/MedCLIP-SAMv2/UDIATnBUSI/train_images/busi_benign_benign (221).png,/home/woojye2020/decs_jupyter_lab/MedCLIP-SAMv2/generated_neg_output/busi_clip_image2prompt_closedformv0/busi_benign_benign (221).png,"A breast scan showing a well-contained, round mass likely indicating a benign breast tumor.","A medical breast imaging study revealing clear, unremarkable breast tissue consistent with a healthy scan."
/home/woojye2020/decs_jupyter_lab/MedCLIP-SAMv2/UDIATnBUSI/train_images/busi_malignant_malignant (80).png,/home/woojye2020/decs_jupyter_lab/MedCLIP-SAMv2/generated_neg_output/busi_clip_image2prompt_closedformv0/busi_malignant_malignant (80).png,"A breast scan identifying a poorly circumscribed, irregular mass suggestive of a malignant breast tumor.","A medical breast imaging study revealing clear, unremarkable breast tissue consistent with a healthy scan."
/home/woojye2020/decs_jupyter_lab/MedCLIP-SAMv2/UDIATnBUSI/train_images/busi_malignant_malignant (137).png,/home/woojye2020/decs_jupyter_lab/MedCLIP-SAMv2/generated_neg_output/busi_clip_image2prompt_closedformv0/busi_malignant_malignant (137).png,"A breast imaging study revealing a poorly circumscribed, irregular mass indicative of a malignant breast tumor.","A medical breast imaging study revealing clear, unremarkable breast tissue consistent with a healthy scan."
/home/woojye2020/decs_jupyter_lab/MedCLIP-SAMv2/UDIATnBUSI/train_images/busi_benign_benign (289).png,/home/woojye2020/decs_jupyter_lab/MedCLIP-SAMv2/generated_neg_output/busi_clip_image2prompt_closedformv0/busi_benign_benign (289).png,"A medical mammogram revealing a well-defined, non-irregular mass suggestive of a benign breast tumor.","A medical breast mammogram showing clear breast tissue with no visible abnormalities, indicating a normal scan."
/home/woojye2020/decs_jupyter_lab/MedCLIP-SAMv2/UDIATnBUSI/train_images/busi_benign_benign (69).png,/home/woojye2020/decs_jupyter_lab/MedCLIP-SAMv2/generated_neg_output/busi_clip_image2prompt_closedformv0/busi_benign_benign (69).png,"A breast mammogram identifying a well-encapsulated, smooth mass consistent with a benign tumor.",A medical breast mammogram showing healthy breast parenchyma with no suspicious findings.
/home/woojye2020/decs_jupyter_lab/MedCLIP-SAMv2/UDIATnBUSI/train_images/busi_benign_benign (181).png,/home/woojye2020/decs_jupyter_lab/MedCLIP-SAMv2/generated_neg_output/busi_clip_image2prompt_closedformv0/busi_benign_benign (181).png,"A breast imaging scan showing a well-circumscribed, smooth mass indicative of a benign breast tumor.","A breast imaging study showing clear, homogeneous breast tissue with no signs of pathology."
/home/woojye2020/decs_jupyter_lab/MedCLIP-SAMv2/UDIATnBUSI/train_images/busi_benign_benign (11).png,/home/woojye2020/decs_jupyter_lab/MedCLIP-SAMv2/generated_neg_output/busi_clip_image2prompt_closedformv0/busi_benign_benign (11).png,"A breast imaging study revealing a well-marginated, round mass indicative of a benign breast tumor.","A breast imaging scan displaying normal, well-distributed breast tissue with no evidence of masses or tumors."
/home/woojye2020/decs_jupyter_lab/MedCLIP-SAMv2/UDIATnBUSI/train_images/busi_benign_benign (29).png,/home/woojye2020/decs_jupyter_lab/MedCLIP-SAMv2/generated_neg_output/busi_clip_image2prompt_closedformv0/busi_benign_benign (29).png,"A medical mammogram revealing a well-defined, non-irregular mass suggestive of a benign breast tumor.","A mammogram showing no abnormalities in the breast tissue, suggestive of a normal, healthy breast."
/home/woojye2020/decs_jupyter_lab/MedCLIP-SAMv2/UDIATnBUSI/train_images/busi_benign_benign (180).png,/home/woojye2020/decs_jupyter_lab/MedCLIP-SAMv2/generated_neg_output/busi_clip_image2prompt_closedformv0/busi_benign_benign (180).png,"A breast scan showing a smooth, encapsulated mass likely representing a benign breast tumor.","A mammogram showing no abnormalities in the breast tissue, suggestive of a normal, healthy breast."
/home/woojye2020/decs_jupyter_lab/MedCLIP-SAMv2/UDIATnBUSI/train_images/busi_benign_benign (174).png,/home/woojye2020/decs_jupyter_lab/MedCLIP-SAMv2/generated_neg_output/busi_clip_image2prompt_closedformv0/busi_benign_benign (174).png,"A breast imaging study showing a well-margined, round mass suggestive of a benign breast tumor.","A breast imaging study showing clear, homogeneous breast tissue with no signs of pathology."
/home/woojye2020/decs_jupyter_lab/MedCLIP-SAMv2/UDIATnBUSI/train_images/busi_benign_benign (208).png,/home/woojye2020/decs_jupyter_lab/MedCLIP-SAMv2/generated_neg_output/busi_clip_image2prompt_closedformv0/busi_benign_benign (208).png,"A medical breast mammogram displaying a lobulated, non-aggressive mass consistent with a benign tumor.",A medical breast mammogram showing healthy breast parenchyma with no suspicious findings.
/home/woojye2020/decs_jupyter_lab/MedCLIP-SAMv2/UDIATnBUSI/train_images/busi_benign_benign (88).png,/home/woojye2020/decs_jupyter_lab/MedCLIP-SAMv2/generated_neg_output/busi_clip_image2prompt_closedformv0/busi_benign_benign (88).png,"A medical breast mammogram detecting a non-aggressive, well-defined mass characteristic of a benign tumor.","A breast imaging study showing clear, homogeneous breast tissue with no signs of pathology."
/home/woojye2020/decs_jupyter_lab/MedCLIP-SAMv2/UDIATnBUSI/train_images/busi_malignant_malignant (147).png,/home/woojye2020/decs_jupyter_lab/MedCLIP-SAMv2/generated_neg_output/busi_clip_image2prompt_closedformv0/busi_malignant_malignant (147).png,"A medical mammogram revealing a spiculated, invasive mass suggestive of a malignant breast tumor.","A breast imaging scan displaying normal, well-distributed breast tissue with no evidence of masses or tumors."
/home/woojye2020/decs_jupyter_lab/MedCLIP-SAMv2/UDIATnBUSI/train_images/busi_benign_benign (287).png,/home/woojye2020/decs_jupyter_lab/MedCLIP-SAMv2/generated_neg_output/busi_clip_image2prompt_closedformv0/busi_benign_benign (287).png,"A breast scan showing a well-contained, round mass likely indicating a benign breast tumor.",A medical mammogram displaying well-organized breast tissue with no evidence of abnormalities.
/home/woojye2020/decs_jupyter_lab/MedCLIP-SAMv2/UDIATnBUSI/train_images/busi_benign_benign (357).png,/home/woojye2020/decs_jupyter_lab/MedCLIP-SAMv2/generated_neg_output/busi_clip_image2prompt_closedformv0/busi_benign_benign (357).png,"A mammogram displaying a non-spiculated, round mass suggestive of a benign breast tumor.","A mammogram revealing normal breast tissue with no visible masses, calcifications, or distortions."
/home/woojye2020/decs_jupyter_lab/MedCLIP-SAMv2/UDIATnBUSI/train_images/busi_benign_benign (262).png,/home/woojye2020/decs_jupyter_lab/MedCLIP-SAMv2/generated_neg_output/busi_clip_image2prompt_closedformv0/busi_benign_benign (262).png,"A breast scan identifying a well-defined, oval mass suggestive of a benign breast tumor.","A mammogram showing no abnormalities in the breast tissue, suggestive of a normal, healthy breast."
/home/woojye2020/decs_jupyter_lab/MedCLIP-SAMv2/UDIATnBUSI/train_images/busi_benign_benign (146).png,/home/woojye2020/decs_jupyter_lab/MedCLIP-SAMv2/generated_neg_output/busi_clip_image2prompt_closedformv0/busi_benign_benign (146).png,"A breast imaging study revealing a well-marginated, round mass indicative of a benign breast tumor.","A medical breast imaging study revealing clear, unremarkable breast tissue consistent with a healthy scan."
/home/woojye2020/decs_jupyter_lab/MedCLIP-SAMv2/UDIATnBUSI/train_images/busi_benign_benign (99).png,/home/woojye2020/decs_jupyter_lab/MedCLIP-SAMv2/generated_neg_output/busi_clip_image2prompt_closedformv0/busi_benign_benign (99).png,"A mammogram revealing a low-density, well-delineated mass likely representing a benign breast tumor.","A medical breast mammogram showing clear breast tissue with no visible abnormalities, indicating a normal scan."
/home/woojye2020/decs_jupyter_lab/MedCLIP-SAMv2/UDIATnBUSI/train_images/busi_benign_benign (213).png,/home/woojye2020/decs_jupyter_lab/MedCLIP-SAMv2/generated_neg_output/busi_clip_image2prompt_closedformv0/busi_benign_benign (213).png,A mammogram displaying a smoothly contoured mass suggestive of a benign breast tumor.,"A breast imaging study showing clear, homogeneous breast tissue with no signs of pathology."
/home/woojye2020/decs_jupyter_lab/MedCLIP-SAMv2/UDIATnBUSI/train_images/busi_benign_benign (413).png,/home/woojye2020/decs_jupyter_lab/MedCLIP-SAMv2/generated_neg_output/busi_clip_image2prompt_closedformv0/busi_benign_benign (413).png,"A mammogram displaying a non-invasive, well-defined mass suggestive of a benign breast tumor.",A medical mammogram displaying well-organized breast tissue with no evidence of abnormalities.
/home/woojye2020/decs_jupyter_lab/MedCLIP-SAMv2/UDIATnBUSI/train_images/busi_malignant_malignant (24).png,/home/woojye2020/decs_jupyter_lab/MedCLIP-SAMv2/generated_neg_output/busi_clip_image2prompt_closedformv0/busi_malignant_malignant (24).png,"A breast imaging study revealing an irregularly shaped, invasive mass likely representing a malignant breast tumor.",A medical mammogram displaying well-organized breast tissue with no evidence of abnormalities.
/home/woojye2020/decs_jupyter_lab/MedCLIP-SAMv2/UDIATnBUSI/train_images/busi_benign_benign (264).png,/home/woojye2020/decs_jupyter_lab/MedCLIP-SAMv2/generated_neg_output/busi_clip_image2prompt_closedformv0/busi_benign_benign (264).png,"A breast imaging study revealing a well-defined, encapsulated mass likely representing a benign breast tumor.","A breast imaging scan displaying normal, well-distributed breast tissue with no evidence of masses or tumors."
/home/woojye2020/decs_jupyter_lab/MedCLIP-SAMv2/UDIATnBUSI/train_images/busi_malignant_malignant (165).png,/home/woojye2020/decs_jupyter_lab/MedCLIP-SAMv2/generated_neg_output/busi_clip_image2prompt_closedformv0/busi_malignant_malignant (165).png,"A mammogram displaying a poorly defined, lobulated mass indicative of a malignant breast tumor.","A medical breast imaging study revealing clear, unremarkable breast tissue consistent with a healthy scan."
/home/woojye2020/decs_jupyter_lab/MedCLIP-SAMv2/UDIATnBUSI/train_images/busi_benign_benign (267).png,/home/woojye2020/decs_jupyter_lab/MedCLIP-SAMv2/generated_neg_output/busi_clip_image2prompt_closedformv0/busi_benign_benign (267).png,"A mammogram revealing a low-density, well-delineated mass likely representing a benign breast tumor.","A breast imaging study showing clear, homogeneous breast tissue with no signs of pathology."
/home/woojye2020/decs_jupyter_lab/MedCLIP-SAMv2/UDIATnBUSI/train_images/busi_benign_benign (240).png,/home/woojye2020/decs_jupyter_lab/MedCLIP-SAMv2/generated_neg_output/busi_clip_image2prompt_closedformv0/busi_benign_benign (240).png,"A mammogram displaying a non-spiculated, round mass suggestive of a benign breast tumor.","A medical breast imaging study revealing clear, unremarkable breast tissue consistent with a healthy scan."
/home/woojye2020/decs_jupyter_lab/MedCLIP-SAMv2/UDIATnBUSI/train_images/busi_malignant_malignant (50).png,/home/woojye2020/decs_jupyter_lab/MedCLIP-SAMv2/generated_neg_output/busi_clip_image2prompt_closedformv0/busi_malignant_malignant (50).png,"A breast mammogram identifying an irregular, dense mass consistent with a malignant tumor.",A breast mammogram displaying normal breast structures with no signs of disease or masses.
/home/woojye2020/decs_jupyter_lab/MedCLIP-SAMv2/UDIATnBUSI/train_images/busi_malignant_malignant (52).png,/home/woojye2020/decs_jupyter_lab/MedCLIP-SAMv2/generated_neg_output/busi_clip_image2prompt_closedformv0/busi_malignant_malignant (52).png,"A breast imaging scan showing a spiculated, invasive mass indicative of a malignant breast tumor.","A breast imaging study showing clear, homogeneous breast tissue with no signs of pathology."
/home/woojye2020/decs_jupyter_lab/MedCLIP-SAMv2/UDIATnBUSI/train_images/busi_benign_benign (298).png,/home/woojye2020/decs_jupyter_lab/MedCLIP-SAMv2/generated_neg_output/busi_clip_image2prompt_closedformv0/busi_benign_benign (298).png,"A mammogram displaying a non-invasive, well-defined mass suggestive of a benign breast tumor.","A medical breast mammogram showing clear breast tissue with no visible abnormalities, indicating a normal scan."
/home/woojye2020/decs_jupyter_lab/MedCLIP-SAMv2/UDIATnBUSI/train_images/busi_benign_benign (167).png,/home/woojye2020/decs_jupyter_lab/MedCLIP-SAMv2/generated_neg_output/busi_clip_image2prompt_closedformv0/busi_benign_benign (167).png,"A breast mammogram identifying a well-encapsulated, smooth mass consistent with a benign tumor.","A medical breast mammogram showing clear breast tissue with no visible abnormalities, indicating a normal scan."
/home/woojye2020/decs_jupyter_lab/MedCLIP-SAMv2/UDIATnBUSI/train_images/busi_benign_benign (61).png,/home/woojye2020/decs_jupyter_lab/MedCLIP-SAMv2/generated_neg_output/busi_clip_image2prompt_closedformv0/busi_benign_benign (61).png,"A breast scan showing a well-contained, round mass likely indicating a benign breast tumor.",A medical mammogram displaying well-organized breast tissue with no evidence of abnormalities.
/home/woojye2020/decs_jupyter_lab/MedCLIP-SAMv2/UDIATnBUSI/train_images/busi_malignant_malignant (85).png,/home/woojye2020/decs_jupyter_lab/MedCLIP-SAMv2/generated_neg_output/busi_clip_image2prompt_closedformv0/busi_malignant_malignant (85).png,"A mammogram displaying an irregular, non-homogeneous mass suggestive of a malignant breast tumor.","A mammogram showing no abnormalities in the breast tissue, suggestive of a normal, healthy breast."
/home/woojye2020/decs_jupyter_lab/MedCLIP-SAMv2/UDIATnBUSI/train_images/busi_malignant_malignant (11).png,/home/woojye2020/decs_jupyter_lab/MedCLIP-SAMv2/generated_neg_output/busi_clip_image2prompt_closedformv0/busi_malignant_malignant (11).png,"A breast scan showing a spiculated, invasive mass likely indicating a malignant breast tumor.",A breast mammogram displaying normal breast structures with no signs of disease or masses.
/home/woojye2020/decs_jupyter_lab/MedCLIP-SAMv2/UDIATnBUSI/train_images/busi_benign_benign (115).png,/home/woojye2020/decs_jupyter_lab/MedCLIP-SAMv2/generated_neg_output/busi_clip_image2prompt_closedformv0/busi_benign_benign (115).png,"A mammogram displaying a non-invasive, well-defined mass suggestive of a benign breast tumor.","A mammogram showing no abnormalities in the breast tissue, suggestive of a normal, healthy breast."
/home/woojye2020/decs_jupyter_lab/MedCLIP-SAMv2/UDIATnBUSI/train_images/busi_benign_benign (350).png,/home/woojye2020/decs_jupyter_lab/MedCLIP-SAMv2/generated_neg_output/busi_clip_image2prompt_closedformv0/busi_benign_benign (350).png,"A medical breast mammogram showing a well-defined, round mass suggestive of a benign breast tumor.",A medical breast mammogram showing healthy breast parenchyma with no suspicious findings.
/home/woojye2020/decs_jupyter_lab/MedCLIP-SAMv2/UDIATnBUSI/train_images/busi_benign_benign (168).png,/home/woojye2020/decs_jupyter_lab/MedCLIP-SAMv2/generated_neg_output/busi_clip_image2prompt_closedformv0/busi_benign_benign (168).png,"A breast imaging study revealing a well-defined, encapsulated mass likely representing a benign breast tumor.",A medical breast mammogram showing healthy breast parenchyma with no suspicious findings.
/home/woojye2020/decs_jupyter_lab/MedCLIP-SAMv2/UDIATnBUSI/train_images/busi_benign_benign (417).png,/home/woojye2020/decs_jupyter_lab/MedCLIP-SAMv2/generated_neg_output/busi_clip_image2prompt_closedformv0/busi_benign_benign (417).png,"A mammogram showing a sharply marginated, round mass suggestive of a benign breast tumor.","A medical breast imaging study revealing clear, unremarkable breast tissue consistent with a healthy scan."
/home/woojye2020/decs_jupyter_lab/MedCLIP-SAMv2/UDIATnBUSI/train_images/busi_benign_benign (133).png,/home/woojye2020/decs_jupyter_lab/MedCLIP-SAMv2/generated_neg_output/busi_clip_image2prompt_closedformv0/busi_benign_benign (133).png,"A medical breast mammogram showing a smooth, well-circumscribed mass suggestive of a benign breast tumor.","A breast imaging scan displaying normal, well-distributed breast tissue with no evidence of masses or tumors."
/home/woojye2020/decs_jupyter_lab/MedCLIP-SAMv2/UDIATnBUSI/train_images/busi_benign_benign (150).png,/home/woojye2020/decs_jupyter_lab/MedCLIP-SAMv2/generated_neg_output/busi_clip_image2prompt_closedformv0/busi_benign_benign (150).png,"A breast imaging study showing a homogenous, well-circumscribed mass indicative of a benign tumor.","A medical breast imaging study revealing clear, unremarkable breast tissue consistent with a healthy scan."
/home/woojye2020/decs_jupyter_lab/MedCLIP-SAMv2/UDIATnBUSI/train_images/busi_malignant_malignant (1).png,/home/woojye2020/decs_jupyter_lab/MedCLIP-SAMv2/generated_neg_output/busi_clip_image2prompt_closedformv0/busi_malignant_malignant (1).png,"A breast imaging study showing a poorly marginated, irregular mass indicative of a malignant tumor.","A breast imaging study showing clear, homogeneous breast tissue with no signs of pathology."
/home/woojye2020/decs_jupyter_lab/MedCLIP-SAMv2/UDIATnBUSI/train_images/busi_benign_benign (358).png,/home/woojye2020/decs_jupyter_lab/MedCLIP-SAMv2/generated_neg_output/busi_clip_image2prompt_closedformv0/busi_benign_benign (358).png,"A breast imaging study revealing a well-marginated, round mass indicative of a benign breast tumor.","A medical breast mammogram showing clear breast tissue with no visible abnormalities, indicating a normal scan."
/home/woojye2020/decs_jupyter_lab/MedCLIP-SAMv2/UDIATnBUSI/train_images/busi_malignant_malignant (187).png,/home/woojye2020/decs_jupyter_lab/MedCLIP-SAMv2/generated_neg_output/busi_clip_image2prompt_closedformv0/busi_malignant_malignant (187).png,"A mammogram displaying a poorly defined, lobulated mass indicative of a malignant breast tumor.","A medical breast mammogram showing clear breast tissue with no visible abnormalities, indicating a normal scan."
/home/woojye2020/decs_jupyter_lab/MedCLIP-SAMv2/UDIATnBUSI/train_images/busi_benign_benign (424).png,/home/woojye2020/decs_jupyter_lab/MedCLIP-SAMv2/generated_neg_output/busi_clip_image2prompt_closedformv0/busi_benign_benign (424).png,"A mammogram revealing a low-density, well-delineated mass likely representing a benign breast tumor.","A mammogram showing no abnormalities in the breast tissue, suggestive of a normal, healthy breast."
/home/woojye2020/decs_jupyter_lab/MedCLIP-SAMv2/UDIATnBUSI/train_images/busi_benign_benign (353).png,/home/woojye2020/decs_jupyter_lab/MedCLIP-SAMv2/generated_neg_output/busi_clip_image2prompt_closedformv0/busi_benign_benign (353).png,"A mammogram showing a sharply marginated, round mass suggestive of a benign breast tumor.",A medical mammogram displaying well-organized breast tissue with no evidence of abnormalities.
/home/woojye2020/decs_jupyter_lab/MedCLIP-SAMv2/UDIATnBUSI/train_images/busi_benign_benign (302).png,/home/woojye2020/decs_jupyter_lab/MedCLIP-SAMv2/generated_neg_output/busi_clip_image2prompt_closedformv0/busi_benign_benign (302).png,"A breast imaging study revealing a well-marginated, round mass indicative of a benign breast tumor.",A medical mammogram displaying well-organized breast tissue with no evidence of abnormalities.
/home/woojye2020/decs_jupyter_lab/MedCLIP-SAMv2/UDIATnBUSI/train_images/busi_benign_benign (47).png,/home/woojye2020/decs_jupyter_lab/MedCLIP-SAMv2/generated_neg_output/busi_clip_image2prompt_closedformv0/busi_benign_benign (47).png,"A breast mammogram identifying a well-encapsulated, smooth mass consistent with a benign tumor.",A breast mammogram displaying normal breast structures with no signs of disease or masses.
/home/woojye2020/decs_jupyter_lab/MedCLIP-SAMv2/UDIATnBUSI/train_images/busi_benign_benign (173).png,/home/woojye2020/decs_jupyter_lab/MedCLIP-SAMv2/generated_neg_output/busi_clip_image2prompt_closedformv0/busi_benign_benign (173).png,"A breast imaging study showing a well-margined, round mass suggestive of a benign breast tumor.","A mammogram showing no abnormalities in the breast tissue, suggestive of a normal, healthy breast."
/home/woojye2020/decs_jupyter_lab/MedCLIP-SAMv2/UDIATnBUSI/train_images/busi_benign_benign (22).png,/home/woojye2020/decs_jupyter_lab/MedCLIP-SAMv2/generated_neg_output/busi_clip_image2prompt_closedformv0/busi_benign_benign (22).png,"A breast imaging study showing a well-margined, round mass suggestive of a benign breast tumor.",A breast mammogram displaying normal breast structures with no signs of disease or masses.
/home/woojye2020/decs_jupyter_lab/MedCLIP-SAMv2/UDIATnBUSI/train_images/busi_benign_benign (393).png,/home/woojye2020/decs_jupyter_lab/MedCLIP-SAMv2/generated_neg_output/busi_clip_image2prompt_closedformv0/busi_benign_benign (393).png,"A medical breast mammogram showing a smooth, well-circumscribed mass suggestive of a benign breast tumor.","A mammogram showing no abnormalities in the breast tissue, suggestive of a normal, healthy breast."
/home/woojye2020/decs_jupyter_lab/MedCLIP-SAMv2/UDIATnBUSI/train_images/busi_benign_benign (159).png,/home/woojye2020/decs_jupyter_lab/MedCLIP-SAMv2/generated_neg_output/busi_clip_image2prompt_closedformv0/busi_benign_benign (159).png,"A breast mammogram identifying a well-encapsulated, smooth mass consistent with a benign tumor.","A breast mammogram showing unremarkable findings consistent with normal, healthy breast tissue."
/home/woojye2020/decs_jupyter_lab/MedCLIP-SAMv2/UDIATnBUSI/train_images/busi_benign_benign (60).png,/home/woojye2020/decs_jupyter_lab/MedCLIP-SAMv2/generated_neg_output/busi_clip_image2prompt_closedformv0/busi_benign_benign (60).png,"A medical mammogram revealing a well-defined, non-irregular mass suggestive of a benign breast tumor.",A breast mammogram displaying normal breast structures with no signs of disease or masses.
/home/woojye2020/decs_jupyter_lab/MedCLIP-SAMv2/UDIATnBUSI/train_images/busi_malignant_malignant (190).png,/home/woojye2020/decs_jupyter_lab/MedCLIP-SAMv2/generated_neg_output/busi_clip_image2prompt_closedformv0/busi_malignant_malignant (190).png,"A breast imaging study revealing an irregularly shaped, invasive mass likely representing a malignant breast tumor.","A breast imaging study showing clear, homogeneous breast tissue with no signs of pathology."
/home/woojye2020/decs_jupyter_lab/MedCLIP-SAMv2/UDIATnBUSI/train_images/busi_benign_benign (10).png,/home/woojye2020/decs_jupyter_lab/MedCLIP-SAMv2/generated_neg_output/busi_clip_image2prompt_closedformv0/busi_benign_benign (10).png,"A breast imaging study revealing a well-marginated, round mass indicative of a benign breast tumor.",A medical mammogram displaying well-organized breast tissue with no evidence of abnormalities.
/home/woojye2020/decs_jupyter_lab/MedCLIP-SAMv2/UDIATnBUSI/train_images/busi_benign_benign (119).png,/home/woojye2020/decs_jupyter_lab/MedCLIP-SAMv2/generated_neg_output/busi_clip_image2prompt_closedformv0/busi_benign_benign (119).png,"A medical breast mammogram showing a well-defined, round mass suggestive of a benign breast tumor.",A medical mammogram displaying well-organized breast tissue with no evidence of abnormalities.
/home/woojye2020/decs_jupyter_lab/MedCLIP-SAMv2/UDIATnBUSI/train_images/busi_benign_benign (226).png,/home/woojye2020/decs_jupyter_lab/MedCLIP-SAMv2/generated_neg_output/busi_clip_image2prompt_closedformv0/busi_benign_benign (226).png,"A medical breast mammogram detecting a non-aggressive, well-defined mass characteristic of a benign tumor.","A mammogram showing no abnormalities in the breast tissue, suggestive of a normal, healthy breast."
/home/woojye2020/decs_jupyter_lab/MedCLIP-SAMv2/UDIATnBUSI/train_images/busi_malignant_malignant (63).png,/home/woojye2020/decs_jupyter_lab/MedCLIP-SAMv2/generated_neg_output/busi_clip_image2prompt_closedformv0/busi_malignant_malignant (63).png,"A mammogram showing a dense, spiculated mass suggestive of a malignant breast tumor.","A breast imaging scan displaying normal, well-distributed breast tissue with no evidence of masses or tumors."
/home/woojye2020/decs_jupyter_lab/MedCLIP-SAMv2/UDIATnBUSI/train_images/busi_benign_benign (8).png,/home/woojye2020/decs_jupyter_lab/MedCLIP-SAMv2/generated_neg_output/busi_clip_image2prompt_closedformv0/busi_benign_benign (8).png,"A breast mammogram identifying a well-encapsulated, smooth mass consistent with a benign tumor.","A medical breast mammogram showing clear breast tissue with no visible abnormalities, indicating a normal scan."
/home/woojye2020/decs_jupyter_lab/MedCLIP-SAMv2/UDIATnBUSI/train_images/busi_benign_benign (141).png,/home/woojye2020/decs_jupyter_lab/MedCLIP-SAMv2/generated_neg_output/busi_clip_image2prompt_closedformv0/busi_benign_benign (141).png,"A breast imaging study revealing a well-marginated, round mass indicative of a benign breast tumor.",A medical breast mammogram showing healthy breast parenchyma with no suspicious findings.
/home/woojye2020/decs_jupyter_lab/MedCLIP-SAMv2/UDIATnBUSI/train_images/busi_benign_benign (122).png,/home/woojye2020/decs_jupyter_lab/MedCLIP-SAMv2/generated_neg_output/busi_clip_image2prompt_closedformv0/busi_benign_benign (122).png,"A breast imaging scan showing a well-circumscribed, smooth mass indicative of a benign breast tumor.","A breast mammogram showing unremarkable findings consistent with normal, healthy breast tissue."
/home/woojye2020/decs_jupyter_lab/MedCLIP-SAMv2/UDIATnBUSI/train_images/busi_malignant_malignant (70).png,/home/woojye2020/decs_jupyter_lab/MedCLIP-SAMv2/generated_neg_output/busi_clip_image2prompt_closedformv0/busi_malignant_malignant (70).png,"A breast mammogram identifying an irregular, dense mass consistent with a malignant tumor.","A medical breast imaging study revealing clear, unremarkable breast tissue consistent with a healthy scan."
/home/woojye2020/decs_jupyter_lab/MedCLIP-SAMv2/UDIATnBUSI/train_images/busi_benign_benign (324).png,/home/woojye2020/decs_jupyter_lab/MedCLIP-SAMv2/generated_neg_output/busi_clip_image2prompt_closedformv0/busi_benign_benign (324).png,"A mammogram displaying a round, homogeneous mass indicative of a benign breast tumor.",A medical mammogram displaying well-organized breast tissue with no evidence of abnormalities.
/home/woojye2020/decs_jupyter_lab/MedCLIP-SAMv2/UDIATnBUSI/train_images/busi_benign_benign (331).png,/home/woojye2020/decs_jupyter_lab/MedCLIP-SAMv2/generated_neg_output/busi_clip_image2prompt_closedformv0/busi_benign_benign (331).png,"A mammogram displaying a non-invasive, well-defined mass suggestive of a benign breast tumor.",A breast mammogram displaying normal breast structures with no signs of disease or masses.
/home/woojye2020/decs_jupyter_lab/MedCLIP-SAMv2/UDIATnBUSI/train_images/busi_benign_benign (92).png,/home/woojye2020/decs_jupyter_lab/MedCLIP-SAMv2/generated_neg_output/busi_clip_image2prompt_closedformv0/busi_benign_benign (92).png,"A mammogram displaying a non-spiculated, round mass suggestive of a benign breast tumor.",A medical mammogram displaying well-organized breast tissue with no evidence of abnormalities.
/home/woojye2020/decs_jupyter_lab/MedCLIP-SAMv2/UDIATnBUSI/train_images/busi_benign_benign (391).png,/home/woojye2020/decs_jupyter_lab/MedCLIP-SAMv2/generated_neg_output/busi_clip_image2prompt_closedformv0/busi_benign_benign (391).png,"A mammogram displaying a non-spiculated, round mass suggestive of a benign breast tumor.",A medical mammogram displaying well-organized breast tissue with no evidence of abnormalities.
/home/woojye2020/decs_jupyter_lab/MedCLIP-SAMv2/UDIATnBUSI/train_images/busi_benign_benign (415).png,/home/woojye2020/decs_jupyter_lab/MedCLIP-SAMv2/generated_neg_output/busi_clip_image2prompt_closedformv0/busi_benign_benign (415).png,"A breast scan showing a smooth, encapsulated mass likely representing a benign breast tumor.","A medical breast mammogram showing clear breast tissue with no visible abnormalities, indicating a normal scan."
/home/woojye2020/decs_jupyter_lab/MedCLIP-SAMv2/UDIATnBUSI/train_images/busi_malignant_malignant (138).png,/home/woojye2020/decs_jupyter_lab/MedCLIP-SAMv2/generated_neg_output/busi_clip_image2prompt_closedformv0/busi_malignant_malignant (138).png,"A breast scan showing a spiculated, invasive mass likely indicating a malignant breast tumor.","A breast imaging study showing clear, homogeneous breast tissue with no signs of pathology."
/home/woojye2020/decs_jupyter_lab/MedCLIP-SAMv2/UDIATnBUSI/train_images/busi_benign_benign (257).png,/home/woojye2020/decs_jupyter_lab/MedCLIP-SAMv2/generated_neg_output/busi_clip_image2prompt_closedformv0/busi_benign_benign (257).png,"A medical breast mammogram showing a smooth, well-circumscribed mass suggestive of a benign breast tumor.","A mammogram revealing normal breast tissue with no visible masses, calcifications, or distortions."
/home/woojye2020/decs_jupyter_lab/MedCLIP-SAMv2/UDIATnBUSI/train_images/busi_benign_benign (43).png,/home/woojye2020/decs_jupyter_lab/MedCLIP-SAMv2/generated_neg_output/busi_clip_image2prompt_closedformv0/busi_benign_benign (43).png,"A mammogram displaying a non-invasive, well-defined mass suggestive of a benign breast tumor.","A breast imaging scan displaying normal, well-distributed breast tissue with no evidence of masses or tumors."
/home/woojye2020/decs_jupyter_lab/MedCLIP-SAMv2/UDIATnBUSI/train_images/busi_benign_benign (196).png,/home/woojye2020/decs_jupyter_lab/MedCLIP-SAMv2/generated_neg_output/busi_clip_image2prompt_closedformv0/busi_benign_benign (196).png,"A medical breast mammogram showing a well-defined, round mass suggestive of a benign breast tumor.",A medical breast mammogram showing healthy breast parenchyma with no suspicious findings.
/home/woojye2020/decs_jupyter_lab/MedCLIP-SAMv2/UDIATnBUSI/train_images/busi_benign_benign (378).png,/home/woojye2020/decs_jupyter_lab/MedCLIP-SAMv2/generated_neg_output/busi_clip_image2prompt_closedformv0/busi_benign_benign (378).png,"A mammogram displaying a round, homogeneous mass indicative of a benign breast tumor.",A medical breast mammogram showing healthy breast parenchyma with no suspicious findings.
/home/woojye2020/decs_jupyter_lab/MedCLIP-SAMv2/UDIATnBUSI/train_images/busi_benign_benign (229).png,/home/woojye2020/decs_jupyter_lab/MedCLIP-SAMv2/generated_neg_output/busi_clip_image2prompt_closedformv0/busi_benign_benign (229).png,"A breast imaging scan showing a well-circumscribed, smooth mass indicative of a benign breast tumor.",A breast mammogram displaying normal breast structures with no signs of disease or masses.
/home/woojye2020/decs_jupyter_lab/MedCLIP-SAMv2/UDIATnBUSI/train_images/busi_benign_benign (224).png,/home/woojye2020/decs_jupyter_lab/MedCLIP-SAMv2/generated_neg_output/busi_clip_image2prompt_closedformv0/busi_benign_benign (224).png,"A medical breast mammogram detecting a non-aggressive, well-defined mass characteristic of a benign tumor.",A medical breast mammogram showing healthy breast parenchyma with no suspicious findings.
/home/woojye2020/decs_jupyter_lab/MedCLIP-SAMv2/UDIATnBUSI/train_images/busi_benign_benign (170).png,/home/woojye2020/decs_jupyter_lab/MedCLIP-SAMv2/generated_neg_output/busi_clip_image2prompt_closedformv0/busi_benign_benign (170).png,"A mammogram showing a sharply marginated, round mass suggestive of a benign breast tumor.","A medical breast mammogram showing clear breast tissue with no visible abnormalities, indicating a normal scan."
/home/woojye2020/decs_jupyter_lab/MedCLIP-SAMv2/UDIATnBUSI/train_images/busi_benign_benign (97).png,/home/woojye2020/decs_jupyter_lab/MedCLIP-SAMv2/generated_neg_output/busi_clip_image2prompt_closedformv0/busi_benign_benign (97).png,"A mammogram displaying a non-invasive, well-defined mass suggestive of a benign breast tumor.",A medical mammogram displaying well-organized breast tissue with no evidence of abnormalities.
/home/woojye2020/decs_jupyter_lab/MedCLIP-SAMv2/UDIATnBUSI/train_images/busi_benign_benign (48).png,/home/woojye2020/decs_jupyter_lab/MedCLIP-SAMv2/generated_neg_output/busi_clip_image2prompt_closedformv0/busi_benign_benign (48).png,"A medical mammogram detecting a smooth, well-defined mass characteristic of a benign breast tumor.","A medical breast imaging study revealing clear, unremarkable breast tissue consistent with a healthy scan."
/home/woojye2020/decs_jupyter_lab/MedCLIP-SAMv2/UDIATnBUSI/train_images/busi_benign_benign (148).png,/home/woojye2020/decs_jupyter_lab/MedCLIP-SAMv2/generated_neg_output/busi_clip_image2prompt_closedformv0/busi_benign_benign (148).png,"A medical mammogram revealing a well-defined, non-irregular mass suggestive of a benign breast tumor.","A breast imaging study showing clear, homogeneous breast tissue with no signs of pathology."
/home/woojye2020/decs_jupyter_lab/MedCLIP-SAMv2/UDIATnBUSI/train_images/busi_malignant_malignant (172).png,/home/woojye2020/decs_jupyter_lab/MedCLIP-SAMv2/generated_neg_output/busi_clip_image2prompt_closedformv0/busi_malignant_malignant (172).png,"A mammogram displaying an irregular, invasive mass suggestive of a malignant breast tumor.","A medical breast imaging study revealing clear, unremarkable breast tissue consistent with a healthy scan."
/home/woojye2020/decs_jupyter_lab/MedCLIP-SAMv2/UDIATnBUSI/train_images/busi_malignant_malignant (116).png,/home/woojye2020/decs_jupyter_lab/MedCLIP-SAMv2/generated_neg_output/busi_clip_image2prompt_closedformv0/busi_malignant_malignant (116).png,"A mammogram showing a dense, spiculated mass suggestive of a malignant breast tumor.",A breast mammogram displaying normal breast structures with no signs of disease or masses.
/home/woojye2020/decs_jupyter_lab/MedCLIP-SAMv2/UDIATnBUSI/train_images/busi_benign_benign (160).png,/home/woojye2020/decs_jupyter_lab/MedCLIP-SAMv2/generated_neg_output/busi_clip_image2prompt_closedformv0/busi_benign_benign (160).png,"A medical mammogram revealing a well-defined, non-irregular mass suggestive of a benign breast tumor.","A medical breast mammogram showing clear breast tissue with no visible abnormalities, indicating a normal scan."
/home/woojye2020/decs_jupyter_lab/MedCLIP-SAMv2/UDIATnBUSI/train_images/busi_benign_benign (147).png,/home/woojye2020/decs_jupyter_lab/MedCLIP-SAMv2/generated_neg_output/busi_clip_image2prompt_closedformv0/busi_benign_benign (147).png,"A breast imaging study showing a well-margined, round mass suggestive of a benign breast tumor.","A mammogram showing no abnormalities in the breast tissue, suggestive of a normal, healthy breast."
/home/woojye2020/decs_jupyter_lab/MedCLIP-SAMv2/UDIATnBUSI/train_images/busi_benign_benign (404).png,/home/woojye2020/decs_jupyter_lab/MedCLIP-SAMv2/generated_neg_output/busi_clip_image2prompt_closedformv0/busi_benign_benign (404).png,"A medical breast mammogram showing a smooth, well-circumscribed mass suggestive of a benign breast tumor.","A mammogram showing no abnormalities in the breast tissue, suggestive of a normal, healthy breast."
/home/woojye2020/decs_jupyter_lab/MedCLIP-SAMv2/UDIATnBUSI/train_images/busi_malignant_malignant (129).png,/home/woojye2020/decs_jupyter_lab/MedCLIP-SAMv2/generated_neg_output/busi_clip_image2prompt_closedformv0/busi_malignant_malignant (129).png,"A medical breast mammogram showing an irregular, spiculated mass suggestive of a malignant breast tumor.",A medical breast mammogram showing healthy breast parenchyma with no suspicious findings.
/home/woojye2020/decs_jupyter_lab/MedCLIP-SAMv2/UDIATnBUSI/train_images/busi_benign_benign (354).png,/home/woojye2020/decs_jupyter_lab/MedCLIP-SAMv2/generated_neg_output/busi_clip_image2prompt_closedformv0/busi_benign_benign (354).png,"A breast imaging study showing a well-margined, round mass suggestive of a benign breast tumor.",A medical mammogram displaying well-organized breast tissue with no evidence of abnormalities.
/home/woojye2020/decs_jupyter_lab/MedCLIP-SAMv2/UDIATnBUSI/train_images/busi_benign_benign (82).png,/home/woojye2020/decs_jupyter_lab/MedCLIP-SAMv2/generated_neg_output/busi_clip_image2prompt_closedformv0/busi_benign_benign (82).png,"A breast scan showing a well-contained, round mass likely indicating a benign breast tumor.",A medical mammogram displaying well-organized breast tissue with no evidence of abnormalities.
/home/woojye2020/decs_jupyter_lab/MedCLIP-SAMv2/UDIATnBUSI/train_images/busi_benign_benign (406).png,/home/woojye2020/decs_jupyter_lab/MedCLIP-SAMv2/generated_neg_output/busi_clip_image2prompt_closedformv0/busi_benign_benign (406).png,"A breast imaging study showing a homogenous, well-circumscribed mass indicative of a benign tumor.","A breast imaging scan displaying normal, well-distributed breast tissue with no evidence of masses or tumors."
/home/woojye2020/decs_jupyter_lab/MedCLIP-SAMv2/UDIATnBUSI/train_images/busi_malignant_malignant (4).png,/home/woojye2020/decs_jupyter_lab/MedCLIP-SAMv2/generated_neg_output/busi_clip_image2prompt_closedformv0/busi_malignant_malignant (4).png,"A medical breast mammogram showing an irregular, spiculated mass suggestive of a malignant breast tumor.","A mammogram showing no abnormalities in the breast tissue, suggestive of a normal, healthy breast."
/home/woojye2020/decs_jupyter_lab/MedCLIP-SAMv2/UDIATnBUSI/train_images/busi_benign_benign (342).png,/home/woojye2020/decs_jupyter_lab/MedCLIP-SAMv2/generated_neg_output/busi_clip_image2prompt_closedformv0/busi_benign_benign (342).png,"A breast imaging study showing a well-margined, round mass suggestive of a benign breast tumor.",A medical breast mammogram showing healthy breast parenchyma with no suspicious findings.
/home/woojye2020/decs_jupyter_lab/MedCLIP-SAMv2/UDIATnBUSI/train_images/busi_benign_benign (40).png,/home/woojye2020/decs_jupyter_lab/MedCLIP-SAMv2/generated_neg_output/busi_clip_image2prompt_closedformv0/busi_benign_benign (40).png,"A medical breast mammogram showing a smooth, well-circumscribed mass suggestive of a benign breast tumor.",A medical breast mammogram showing healthy breast parenchyma with no suspicious findings.
/home/woojye2020/decs_jupyter_lab/MedCLIP-SAMv2/UDIATnBUSI/train_images/busi_benign_benign (78).png,/home/woojye2020/decs_jupyter_lab/MedCLIP-SAMv2/generated_neg_output/busi_clip_image2prompt_closedformv0/busi_benign_benign (78).png,"A mammogram revealing a low-density, well-delineated mass likely representing a benign breast tumor.",A breast mammogram displaying normal breast structures with no signs of disease or masses.
/home/woojye2020/decs_jupyter_lab/MedCLIP-SAMv2/UDIATnBUSI/train_images/busi_benign_benign (381).png,/home/woojye2020/decs_jupyter_lab/MedCLIP-SAMv2/generated_neg_output/busi_clip_image2prompt_closedformv0/busi_benign_benign (381).png,"A mammogram displaying a non-invasive, well-defined mass suggestive of a benign breast tumor.","A mammogram revealing normal breast tissue with no visible masses, calcifications, or distortions."
/home/woojye2020/decs_jupyter_lab/MedCLIP-SAMv2/UDIATnBUSI/train_images/busi_benign_benign (238).png,/home/woojye2020/decs_jupyter_lab/MedCLIP-SAMv2/generated_neg_output/busi_clip_image2prompt_closedformv0/busi_benign_benign (238).png,"A breast scan showing a well-contained, round mass likely indicating a benign breast tumor.","A breast imaging study showing clear, homogeneous breast tissue with no signs of pathology."
/home/woojye2020/decs_jupyter_lab/MedCLIP-SAMv2/UDIATnBUSI/train_images/busi_benign_benign (423).png,/home/woojye2020/decs_jupyter_lab/MedCLIP-SAMv2/generated_neg_output/busi_clip_image2prompt_closedformv0/busi_benign_benign (423).png,"A breast scan showing a well-contained, round mass likely indicating a benign breast tumor.",A medical breast mammogram showing healthy breast parenchyma with no suspicious findings.
/home/woojye2020/decs_jupyter_lab/MedCLIP-SAMv2/UDIATnBUSI/train_images/busi_benign_benign (35).png,/home/woojye2020/decs_jupyter_lab/MedCLIP-SAMv2/generated_neg_output/busi_clip_image2prompt_closedformv0/busi_benign_benign (35).png,"A breast scan identifying a well-defined, oval mass suggestive of a benign breast tumor.","A breast imaging study showing clear, homogeneous breast tissue with no signs of pathology."
/home/woojye2020/decs_jupyter_lab/MedCLIP-SAMv2/UDIATnBUSI/train_images/busi_benign_benign (9).png,/home/woojye2020/decs_jupyter_lab/MedCLIP-SAMv2/generated_neg_output/busi_clip_image2prompt_closedformv0/busi_benign_benign (9).png,"A breast imaging study showing a homogenous, well-circumscribed mass indicative of a benign tumor.",A medical breast mammogram showing healthy breast parenchyma with no suspicious findings.
/home/woojye2020/decs_jupyter_lab/MedCLIP-SAMv2/UDIATnBUSI/train_images/busi_benign_benign (300).png,/home/woojye2020/decs_jupyter_lab/MedCLIP-SAMv2/generated_neg_output/busi_clip_image2prompt_closedformv0/busi_benign_benign (300).png,"A mammogram displaying a non-spiculated, round mass suggestive of a benign breast tumor.","A breast imaging scan displaying normal, well-distributed breast tissue with no evidence of masses or tumors."
/home/woojye2020/decs_jupyter_lab/MedCLIP-SAMv2/UDIATnBUSI/train_images/busi_malignant_malignant (75).png,/home/woojye2020/decs_jupyter_lab/MedCLIP-SAMv2/generated_neg_output/busi_clip_image2prompt_closedformv0/busi_malignant_malignant (75).png,"A mammogram displaying a poorly defined, lobulated mass indicative of a malignant breast tumor.","A mammogram revealing normal breast tissue with no visible masses, calcifications, or distortions."
/home/woojye2020/decs_jupyter_lab/MedCLIP-SAMv2/UDIATnBUSI/train_images/busi_benign_benign (23).png,/home/woojye2020/decs_jupyter_lab/MedCLIP-SAMv2/generated_neg_output/busi_clip_image2prompt_closedformv0/busi_benign_benign (23).png,"A mammogram displaying a round, homogeneous mass indicative of a benign breast tumor.","A mammogram revealing normal breast tissue with no visible masses, calcifications, or distortions."
/home/woojye2020/decs_jupyter_lab/MedCLIP-SAMv2/UDIATnBUSI/train_images/busi_benign_benign (27).png,/home/woojye2020/decs_jupyter_lab/MedCLIP-SAMv2/generated_neg_output/busi_clip_image2prompt_closedformv0/busi_benign_benign (27).png,"A breast imaging study revealing a well-marginated, round mass indicative of a benign breast tumor.","A medical breast imaging study revealing clear, unremarkable breast tissue consistent with a healthy scan."
/home/woojye2020/decs_jupyter_lab/MedCLIP-SAMv2/UDIATnBUSI/train_images/busi_benign_benign (211).png,/home/woojye2020/decs_jupyter_lab/MedCLIP-SAMv2/generated_neg_output/busi_clip_image2prompt_closedformv0/busi_benign_benign (211).png,"A breast scan showing a smooth, encapsulated mass likely representing a benign breast tumor.","A breast imaging scan displaying normal, well-distributed breast tissue with no evidence of masses or tumors."
/home/woojye2020/decs_jupyter_lab/MedCLIP-SAMv2/UDIATnBUSI/train_images/busi_malignant_malignant (110).png,/home/woojye2020/decs_jupyter_lab/MedCLIP-SAMv2/generated_neg_output/busi_clip_image2prompt_closedformv0/busi_malignant_malignant (110).png,"A medical mammogram detecting a poorly defined, lobulated mass characteristic of a malignant breast tumor.",A breast mammogram displaying normal breast structures with no signs of disease or masses.
