filename,Caption,filename_neg,Caption_neg
/home/woojye2020/decs_jupyter_lab/MedCLIP-SAMv2/UDIAT4/train_images/000001.png,"A medical breast mammogram showing a well-defined, round mass suggestive of a benign breast tumor.",/home/woojye2020/decs_jupyter_lab/MedCLIP-SAMv2/UDIAT4/train_images/000001.png,A medical breast mammogram showing normal breast tissue with no evidence of tumor.
/home/woojye2020/decs_jupyter_lab/MedCLIP-SAMv2/UDIAT4/train_images/neg_000001.png,A medical breast mammogram showing normal breast tissue with no evidence of tumor.,/home/woojye2020/decs_jupyter_lab/MedCLIP-SAMv2/UDIAT4/train_images/neg_000001.png,"A medical breast mammogram showing a well-defined, round mass suggestive of a benign breast tumor."
/home/woojye2020/decs_jupyter_lab/MedCLIP-SAMv2/UDIAT4/train_images/000001.png,"A medical breast mammogram showing a smooth, well-circumscribed mass suggestive of a benign breast tumor.",/home/woojye2020/decs_jupyter_lab/MedCLIP-SAMv2/UDIAT4/train_images/000001.png,"A mammogram with no suspicious masses or malignant findings, indicating a normal scan."
/home/woojye2020/decs_jupyter_lab/MedCLIP-SAMv2/UDIAT4/train_images/neg_000001.png,"A mammogram with no suspicious masses or malignant findings, indicating a normal scan.",/home/woojye2020/decs_jupyter_lab/MedCLIP-SAMv2/UDIAT4/train_images/neg_000001.png,"A medical breast mammogram showing a smooth, well-circumscribed mass suggestive of a benign breast tumor."
/home/woojye2020/decs_jupyter_lab/MedCLIP-SAMv2/UDIAT4/train_images/000001.png,"A mammogram displaying a round, homogeneous mass indicative of a benign breast tumor.",/home/woojye2020/decs_jupyter_lab/MedCLIP-SAMv2/UDIAT4/train_images/000001.png,A breast imaging study revealing no signs of benign or malignant tumors.
/home/woojye2020/decs_jupyter_lab/MedCLIP-SAMv2/UDIAT4/train_images/neg_000001.png,A breast imaging study revealing no signs of benign or malignant tumors.,/home/woojye2020/decs_jupyter_lab/MedCLIP-SAMv2/UDIAT4/train_images/neg_000001.png,"A mammogram displaying a round, homogeneous mass indicative of a benign breast tumor."
/home/woojye2020/decs_jupyter_lab/MedCLIP-SAMv2/UDIAT4/train_images/000001.png,"A breast imaging study revealing a well-defined, encapsulated mass likely representing a benign breast tumor.",/home/woojye2020/decs_jupyter_lab/MedCLIP-SAMv2/UDIAT4/train_images/000001.png,A mammogram showing symmetrical breast tissue with no focal masses or clinical findings.
/home/woojye2020/decs_jupyter_lab/MedCLIP-SAMv2/UDIAT4/train_images/neg_000001.png,A mammogram showing symmetrical breast tissue with no focal masses or clinical findings.,/home/woojye2020/decs_jupyter_lab/MedCLIP-SAMv2/UDIAT4/train_images/neg_000001.png,"A breast imaging study revealing a well-defined, encapsulated mass likely representing a benign breast tumor."
/home/woojye2020/decs_jupyter_lab/MedCLIP-SAMv2/UDIAT4/train_images/000001.png,"A mammogram showing a sharply marginated, round mass suggestive of a benign breast tumor.",/home/woojye2020/decs_jupyter_lab/MedCLIP-SAMv2/UDIAT4/train_images/000001.png,A diagnostic mammogram displaying normal glandular tissue without any detectable lesions.
/home/woojye2020/decs_jupyter_lab/MedCLIP-SAMv2/UDIAT4/train_images/neg_000001.png,A diagnostic mammogram displaying normal glandular tissue without any detectable lesions.,/home/woojye2020/decs_jupyter_lab/MedCLIP-SAMv2/UDIAT4/train_images/neg_000001.png,"A mammogram showing a sharply marginated, round mass suggestive of a benign breast tumor."
/home/woojye2020/decs_jupyter_lab/MedCLIP-SAMv2/UDIAT4/train_images/000003.png,"A medical breast mammogram showing a well-defined, round mass suggestive of a benign breast tumor.",/home/woojye2020/decs_jupyter_lab/MedCLIP-SAMv2/UDIAT4/train_images/000003.png,A medical breast mammogram showing normal breast tissue with no evidence of tumor.
/home/woojye2020/decs_jupyter_lab/MedCLIP-SAMv2/UDIAT4/train_images/neg_000003.png,A medical breast mammogram showing normal breast tissue with no evidence of tumor.,/home/woojye2020/decs_jupyter_lab/MedCLIP-SAMv2/UDIAT4/train_images/neg_000003.png,"A medical breast mammogram showing a well-defined, round mass suggestive of a benign breast tumor."
/home/woojye2020/decs_jupyter_lab/MedCLIP-SAMv2/UDIAT4/train_images/000003.png,"A medical breast mammogram showing a smooth, well-circumscribed mass suggestive of a benign breast tumor.",/home/woojye2020/decs_jupyter_lab/MedCLIP-SAMv2/UDIAT4/train_images/000003.png,"A mammogram with no suspicious masses or malignant findings, indicating a normal scan."
/home/woojye2020/decs_jupyter_lab/MedCLIP-SAMv2/UDIAT4/train_images/neg_000003.png,"A mammogram with no suspicious masses or malignant findings, indicating a normal scan.",/home/woojye2020/decs_jupyter_lab/MedCLIP-SAMv2/UDIAT4/train_images/neg_000003.png,"A medical breast mammogram showing a smooth, well-circumscribed mass suggestive of a benign breast tumor."
/home/woojye2020/decs_jupyter_lab/MedCLIP-SAMv2/UDIAT4/train_images/000003.png,"A mammogram displaying a round, homogeneous mass indicative of a benign breast tumor.",/home/woojye2020/decs_jupyter_lab/MedCLIP-SAMv2/UDIAT4/train_images/000003.png,A breast imaging study revealing no signs of benign or malignant tumors.
/home/woojye2020/decs_jupyter_lab/MedCLIP-SAMv2/UDIAT4/train_images/neg_000003.png,A breast imaging study revealing no signs of benign or malignant tumors.,/home/woojye2020/decs_jupyter_lab/MedCLIP-SAMv2/UDIAT4/train_images/neg_000003.png,"A mammogram displaying a round, homogeneous mass indicative of a benign breast tumor."
/home/woojye2020/decs_jupyter_lab/MedCLIP-SAMv2/UDIAT4/train_images/000003.png,"A breast imaging study revealing a well-defined, encapsulated mass likely representing a benign breast tumor.",/home/woojye2020/decs_jupyter_lab/MedCLIP-SAMv2/UDIAT4/train_images/000003.png,A mammogram showing symmetrical breast tissue with no focal masses or clinical findings.
/home/woojye2020/decs_jupyter_lab/MedCLIP-SAMv2/UDIAT4/train_images/neg_000003.png,A mammogram showing symmetrical breast tissue with no focal masses or clinical findings.,/home/woojye2020/decs_jupyter_lab/MedCLIP-SAMv2/UDIAT4/train_images/neg_000003.png,"A breast imaging study revealing a well-defined, encapsulated mass likely representing a benign breast tumor."
/home/woojye2020/decs_jupyter_lab/MedCLIP-SAMv2/UDIAT4/train_images/000003.png,"A mammogram showing a sharply marginated, round mass suggestive of a benign breast tumor.",/home/woojye2020/decs_jupyter_lab/MedCLIP-SAMv2/UDIAT4/train_images/000003.png,A diagnostic mammogram displaying normal glandular tissue without any detectable lesions.
/home/woojye2020/decs_jupyter_lab/MedCLIP-SAMv2/UDIAT4/train_images/neg_000003.png,A diagnostic mammogram displaying normal glandular tissue without any detectable lesions.,/home/woojye2020/decs_jupyter_lab/MedCLIP-SAMv2/UDIAT4/train_images/neg_000003.png,"A mammogram showing a sharply marginated, round mass suggestive of a benign breast tumor."
/home/woojye2020/decs_jupyter_lab/MedCLIP-SAMv2/UDIAT4/train_images/000005.png,"A medical breast mammogram showing a well-defined, round mass suggestive of a benign breast tumor.",/home/woojye2020/decs_jupyter_lab/MedCLIP-SAMv2/UDIAT4/train_images/000005.png,A medical breast mammogram showing normal breast tissue with no evidence of tumor.
/home/woojye2020/decs_jupyter_lab/MedCLIP-SAMv2/UDIAT4/train_images/neg_000005.png,A medical breast mammogram showing normal breast tissue with no evidence of tumor.,/home/woojye2020/decs_jupyter_lab/MedCLIP-SAMv2/UDIAT4/train_images/neg_000005.png,"A medical breast mammogram showing a well-defined, round mass suggestive of a benign breast tumor."
/home/woojye2020/decs_jupyter_lab/MedCLIP-SAMv2/UDIAT4/train_images/000005.png,"A medical breast mammogram showing a smooth, well-circumscribed mass suggestive of a benign breast tumor.",/home/woojye2020/decs_jupyter_lab/MedCLIP-SAMv2/UDIAT4/train_images/000005.png,"A mammogram with no suspicious masses or malignant findings, indicating a normal scan."
/home/woojye2020/decs_jupyter_lab/MedCLIP-SAMv2/UDIAT4/train_images/neg_000005.png,"A mammogram with no suspicious masses or malignant findings, indicating a normal scan.",/home/woojye2020/decs_jupyter_lab/MedCLIP-SAMv2/UDIAT4/train_images/neg_000005.png,"A medical breast mammogram showing a smooth, well-circumscribed mass suggestive of a benign breast tumor."
/home/woojye2020/decs_jupyter_lab/MedCLIP-SAMv2/UDIAT4/train_images/000005.png,"A mammogram displaying a round, homogeneous mass indicative of a benign breast tumor.",/home/woojye2020/decs_jupyter_lab/MedCLIP-SAMv2/UDIAT4/train_images/000005.png,A breast imaging study revealing no signs of benign or malignant tumors.
/home/woojye2020/decs_jupyter_lab/MedCLIP-SAMv2/UDIAT4/train_images/neg_000005.png,A breast imaging study revealing no signs of benign or malignant tumors.,/home/woojye2020/decs_jupyter_lab/MedCLIP-SAMv2/UDIAT4/train_images/neg_000005.png,"A mammogram displaying a round, homogeneous mass indicative of a benign breast tumor."
/home/woojye2020/decs_jupyter_lab/MedCLIP-SAMv2/UDIAT4/train_images/000005.png,"A breast imaging study revealing a well-defined, encapsulated mass likely representing a benign breast tumor.",/home/woojye2020/decs_jupyter_lab/MedCLIP-SAMv2/UDIAT4/train_images/000005.png,A mammogram showing symmetrical breast tissue with no focal masses or clinical findings.
/home/woojye2020/decs_jupyter_lab/MedCLIP-SAMv2/UDIAT4/train_images/neg_000005.png,A mammogram showing symmetrical breast tissue with no focal masses or clinical findings.,/home/woojye2020/decs_jupyter_lab/MedCLIP-SAMv2/UDIAT4/train_images/neg_000005.png,"A breast imaging study revealing a well-defined, encapsulated mass likely representing a benign breast tumor."
/home/woojye2020/decs_jupyter_lab/MedCLIP-SAMv2/UDIAT4/train_images/000005.png,"A mammogram showing a sharply marginated, round mass suggestive of a benign breast tumor.",/home/woojye2020/decs_jupyter_lab/MedCLIP-SAMv2/UDIAT4/train_images/000005.png,A diagnostic mammogram displaying normal glandular tissue without any detectable lesions.
/home/woojye2020/decs_jupyter_lab/MedCLIP-SAMv2/UDIAT4/train_images/neg_000005.png,A diagnostic mammogram displaying normal glandular tissue without any detectable lesions.,/home/woojye2020/decs_jupyter_lab/MedCLIP-SAMv2/UDIAT4/train_images/neg_000005.png,"A mammogram showing a sharply marginated, round mass suggestive of a benign breast tumor."
/home/woojye2020/decs_jupyter_lab/MedCLIP-SAMv2/UDIAT4/train_images/000006.png,"A medical breast mammogram showing a well-defined, round mass suggestive of a benign breast tumor.",/home/woojye2020/decs_jupyter_lab/MedCLIP-SAMv2/UDIAT4/train_images/000006.png,A medical breast mammogram showing normal breast tissue with no evidence of tumor.
/home/woojye2020/decs_jupyter_lab/MedCLIP-SAMv2/UDIAT4/train_images/neg_000006.png,A medical breast mammogram showing normal breast tissue with no evidence of tumor.,/home/woojye2020/decs_jupyter_lab/MedCLIP-SAMv2/UDIAT4/train_images/neg_000006.png,"A medical breast mammogram showing a well-defined, round mass suggestive of a benign breast tumor."
/home/woojye2020/decs_jupyter_lab/MedCLIP-SAMv2/UDIAT4/train_images/000006.png,"A medical breast mammogram showing a smooth, well-circumscribed mass suggestive of a benign breast tumor.",/home/woojye2020/decs_jupyter_lab/MedCLIP-SAMv2/UDIAT4/train_images/000006.png,"A mammogram with no suspicious masses or malignant findings, indicating a normal scan."
/home/woojye2020/decs_jupyter_lab/MedCLIP-SAMv2/UDIAT4/train_images/neg_000006.png,"A mammogram with no suspicious masses or malignant findings, indicating a normal scan.",/home/woojye2020/decs_jupyter_lab/MedCLIP-SAMv2/UDIAT4/train_images/neg_000006.png,"A medical breast mammogram showing a smooth, well-circumscribed mass suggestive of a benign breast tumor."
/home/woojye2020/decs_jupyter_lab/MedCLIP-SAMv2/UDIAT4/train_images/000006.png,"A mammogram displaying a round, homogeneous mass indicative of a benign breast tumor.",/home/woojye2020/decs_jupyter_lab/MedCLIP-SAMv2/UDIAT4/train_images/000006.png,A breast imaging study revealing no signs of benign or malignant tumors.
/home/woojye2020/decs_jupyter_lab/MedCLIP-SAMv2/UDIAT4/train_images/neg_000006.png,A breast imaging study revealing no signs of benign or malignant tumors.,/home/woojye2020/decs_jupyter_lab/MedCLIP-SAMv2/UDIAT4/train_images/neg_000006.png,"A mammogram displaying a round, homogeneous mass indicative of a benign breast tumor."
/home/woojye2020/decs_jupyter_lab/MedCLIP-SAMv2/UDIAT4/train_images/000006.png,"A breast imaging study revealing a well-defined, encapsulated mass likely representing a benign breast tumor.",/home/woojye2020/decs_jupyter_lab/MedCLIP-SAMv2/UDIAT4/train_images/000006.png,A mammogram showing symmetrical breast tissue with no focal masses or clinical findings.
/home/woojye2020/decs_jupyter_lab/MedCLIP-SAMv2/UDIAT4/train_images/neg_000006.png,A mammogram showing symmetrical breast tissue with no focal masses or clinical findings.,/home/woojye2020/decs_jupyter_lab/MedCLIP-SAMv2/UDIAT4/train_images/neg_000006.png,"A breast imaging study revealing a well-defined, encapsulated mass likely representing a benign breast tumor."
/home/woojye2020/decs_jupyter_lab/MedCLIP-SAMv2/UDIAT4/train_images/000006.png,"A mammogram showing a sharply marginated, round mass suggestive of a benign breast tumor.",/home/woojye2020/decs_jupyter_lab/MedCLIP-SAMv2/UDIAT4/train_images/000006.png,A diagnostic mammogram displaying normal glandular tissue without any detectable lesions.
/home/woojye2020/decs_jupyter_lab/MedCLIP-SAMv2/UDIAT4/train_images/neg_000006.png,A diagnostic mammogram displaying normal glandular tissue without any detectable lesions.,/home/woojye2020/decs_jupyter_lab/MedCLIP-SAMv2/UDIAT4/train_images/neg_000006.png,"A mammogram showing a sharply marginated, round mass suggestive of a benign breast tumor."
/home/woojye2020/decs_jupyter_lab/MedCLIP-SAMv2/UDIAT4/train_images/000007.png,"A medical breast mammogram showing a well-defined, round mass suggestive of a benign breast tumor.",/home/woojye2020/decs_jupyter_lab/MedCLIP-SAMv2/UDIAT4/train_images/000007.png,A medical breast mammogram showing normal breast tissue with no evidence of tumor.
/home/woojye2020/decs_jupyter_lab/MedCLIP-SAMv2/UDIAT4/train_images/neg_000007.png,A medical breast mammogram showing normal breast tissue with no evidence of tumor.,/home/woojye2020/decs_jupyter_lab/MedCLIP-SAMv2/UDIAT4/train_images/neg_000007.png,"A medical breast mammogram showing a well-defined, round mass suggestive of a benign breast tumor."
/home/woojye2020/decs_jupyter_lab/MedCLIP-SAMv2/UDIAT4/train_images/000007.png,"A medical breast mammogram showing a smooth, well-circumscribed mass suggestive of a benign breast tumor.",/home/woojye2020/decs_jupyter_lab/MedCLIP-SAMv2/UDIAT4/train_images/000007.png,"A mammogram with no suspicious masses or malignant findings, indicating a normal scan."
/home/woojye2020/decs_jupyter_lab/MedCLIP-SAMv2/UDIAT4/train_images/neg_000007.png,"A mammogram with no suspicious masses or malignant findings, indicating a normal scan.",/home/woojye2020/decs_jupyter_lab/MedCLIP-SAMv2/UDIAT4/train_images/neg_000007.png,"A medical breast mammogram showing a smooth, well-circumscribed mass suggestive of a benign breast tumor."
/home/woojye2020/decs_jupyter_lab/MedCLIP-SAMv2/UDIAT4/train_images/000007.png,"A mammogram displaying a round, homogeneous mass indicative of a benign breast tumor.",/home/woojye2020/decs_jupyter_lab/MedCLIP-SAMv2/UDIAT4/train_images/000007.png,A breast imaging study revealing no signs of benign or malignant tumors.
/home/woojye2020/decs_jupyter_lab/MedCLIP-SAMv2/UDIAT4/train_images/neg_000007.png,A breast imaging study revealing no signs of benign or malignant tumors.,/home/woojye2020/decs_jupyter_lab/MedCLIP-SAMv2/UDIAT4/train_images/neg_000007.png,"A mammogram displaying a round, homogeneous mass indicative of a benign breast tumor."
/home/woojye2020/decs_jupyter_lab/MedCLIP-SAMv2/UDIAT4/train_images/000007.png,"A breast imaging study revealing a well-defined, encapsulated mass likely representing a benign breast tumor.",/home/woojye2020/decs_jupyter_lab/MedCLIP-SAMv2/UDIAT4/train_images/000007.png,A mammogram showing symmetrical breast tissue with no focal masses or clinical findings.
/home/woojye2020/decs_jupyter_lab/MedCLIP-SAMv2/UDIAT4/train_images/neg_000007.png,A mammogram showing symmetrical breast tissue with no focal masses or clinical findings.,/home/woojye2020/decs_jupyter_lab/MedCLIP-SAMv2/UDIAT4/train_images/neg_000007.png,"A breast imaging study revealing a well-defined, encapsulated mass likely representing a benign breast tumor."
/home/woojye2020/decs_jupyter_lab/MedCLIP-SAMv2/UDIAT4/train_images/000007.png,"A mammogram showing a sharply marginated, round mass suggestive of a benign breast tumor.",/home/woojye2020/decs_jupyter_lab/MedCLIP-SAMv2/UDIAT4/train_images/000007.png,A diagnostic mammogram displaying normal glandular tissue without any detectable lesions.
/home/woojye2020/decs_jupyter_lab/MedCLIP-SAMv2/UDIAT4/train_images/neg_000007.png,A diagnostic mammogram displaying normal glandular tissue without any detectable lesions.,/home/woojye2020/decs_jupyter_lab/MedCLIP-SAMv2/UDIAT4/train_images/neg_000007.png,"A mammogram showing a sharply marginated, round mass suggestive of a benign breast tumor."
/home/woojye2020/decs_jupyter_lab/MedCLIP-SAMv2/UDIAT4/train_images/000008.png,"A medical breast mammogram showing a well-defined, round mass suggestive of a benign breast tumor.",/home/woojye2020/decs_jupyter_lab/MedCLIP-SAMv2/UDIAT4/train_images/000008.png,A medical breast mammogram showing normal breast tissue with no evidence of tumor.
/home/woojye2020/decs_jupyter_lab/MedCLIP-SAMv2/UDIAT4/train_images/neg_000008.png,A medical breast mammogram showing normal breast tissue with no evidence of tumor.,/home/woojye2020/decs_jupyter_lab/MedCLIP-SAMv2/UDIAT4/train_images/neg_000008.png,"A medical breast mammogram showing a well-defined, round mass suggestive of a benign breast tumor."
/home/woojye2020/decs_jupyter_lab/MedCLIP-SAMv2/UDIAT4/train_images/000008.png,"A medical breast mammogram showing a smooth, well-circumscribed mass suggestive of a benign breast tumor.",/home/woojye2020/decs_jupyter_lab/MedCLIP-SAMv2/UDIAT4/train_images/000008.png,"A mammogram with no suspicious masses or malignant findings, indicating a normal scan."
/home/woojye2020/decs_jupyter_lab/MedCLIP-SAMv2/UDIAT4/train_images/neg_000008.png,"A mammogram with no suspicious masses or malignant findings, indicating a normal scan.",/home/woojye2020/decs_jupyter_lab/MedCLIP-SAMv2/UDIAT4/train_images/neg_000008.png,"A medical breast mammogram showing a smooth, well-circumscribed mass suggestive of a benign breast tumor."
/home/woojye2020/decs_jupyter_lab/MedCLIP-SAMv2/UDIAT4/train_images/000008.png,"A mammogram displaying a round, homogeneous mass indicative of a benign breast tumor.",/home/woojye2020/decs_jupyter_lab/MedCLIP-SAMv2/UDIAT4/train_images/000008.png,A breast imaging study revealing no signs of benign or malignant tumors.
/home/woojye2020/decs_jupyter_lab/MedCLIP-SAMv2/UDIAT4/train_images/neg_000008.png,A breast imaging study revealing no signs of benign or malignant tumors.,/home/woojye2020/decs_jupyter_lab/MedCLIP-SAMv2/UDIAT4/train_images/neg_000008.png,"A mammogram displaying a round, homogeneous mass indicative of a benign breast tumor."
/home/woojye2020/decs_jupyter_lab/MedCLIP-SAMv2/UDIAT4/train_images/000008.png,"A breast imaging study revealing a well-defined, encapsulated mass likely representing a benign breast tumor.",/home/woojye2020/decs_jupyter_lab/MedCLIP-SAMv2/UDIAT4/train_images/000008.png,A mammogram showing symmetrical breast tissue with no focal masses or clinical findings.
/home/woojye2020/decs_jupyter_lab/MedCLIP-SAMv2/UDIAT4/train_images/neg_000008.png,A mammogram showing symmetrical breast tissue with no focal masses or clinical findings.,/home/woojye2020/decs_jupyter_lab/MedCLIP-SAMv2/UDIAT4/train_images/neg_000008.png,"A breast imaging study revealing a well-defined, encapsulated mass likely representing a benign breast tumor."
/home/woojye2020/decs_jupyter_lab/MedCLIP-SAMv2/UDIAT4/train_images/000008.png,"A mammogram showing a sharply marginated, round mass suggestive of a benign breast tumor.",/home/woojye2020/decs_jupyter_lab/MedCLIP-SAMv2/UDIAT4/train_images/000008.png,A diagnostic mammogram displaying normal glandular tissue without any detectable lesions.
/home/woojye2020/decs_jupyter_lab/MedCLIP-SAMv2/UDIAT4/train_images/neg_000008.png,A diagnostic mammogram displaying normal glandular tissue without any detectable lesions.,/home/woojye2020/decs_jupyter_lab/MedCLIP-SAMv2/UDIAT4/train_images/neg_000008.png,"A mammogram showing a sharply marginated, round mass suggestive of a benign breast tumor."
/home/woojye2020/decs_jupyter_lab/MedCLIP-SAMv2/UDIAT4/train_images/000010.png,"A medical breast mammogram showing a well-defined, round mass suggestive of a benign breast tumor.",/home/woojye2020/decs_jupyter_lab/MedCLIP-SAMv2/UDIAT4/train_images/000010.png,A medical breast mammogram showing normal breast tissue with no evidence of tumor.
/home/woojye2020/decs_jupyter_lab/MedCLIP-SAMv2/UDIAT4/train_images/neg_000010.png,A medical breast mammogram showing normal breast tissue with no evidence of tumor.,/home/woojye2020/decs_jupyter_lab/MedCLIP-SAMv2/UDIAT4/train_images/neg_000010.png,"A medical breast mammogram showing a well-defined, round mass suggestive of a benign breast tumor."
/home/woojye2020/decs_jupyter_lab/MedCLIP-SAMv2/UDIAT4/train_images/000010.png,"A medical breast mammogram showing a smooth, well-circumscribed mass suggestive of a benign breast tumor.",/home/woojye2020/decs_jupyter_lab/MedCLIP-SAMv2/UDIAT4/train_images/000010.png,"A mammogram with no suspicious masses or malignant findings, indicating a normal scan."
/home/woojye2020/decs_jupyter_lab/MedCLIP-SAMv2/UDIAT4/train_images/neg_000010.png,"A mammogram with no suspicious masses or malignant findings, indicating a normal scan.",/home/woojye2020/decs_jupyter_lab/MedCLIP-SAMv2/UDIAT4/train_images/neg_000010.png,"A medical breast mammogram showing a smooth, well-circumscribed mass suggestive of a benign breast tumor."
/home/woojye2020/decs_jupyter_lab/MedCLIP-SAMv2/UDIAT4/train_images/000010.png,"A mammogram displaying a round, homogeneous mass indicative of a benign breast tumor.",/home/woojye2020/decs_jupyter_lab/MedCLIP-SAMv2/UDIAT4/train_images/000010.png,A breast imaging study revealing no signs of benign or malignant tumors.
/home/woojye2020/decs_jupyter_lab/MedCLIP-SAMv2/UDIAT4/train_images/neg_000010.png,A breast imaging study revealing no signs of benign or malignant tumors.,/home/woojye2020/decs_jupyter_lab/MedCLIP-SAMv2/UDIAT4/train_images/neg_000010.png,"A mammogram displaying a round, homogeneous mass indicative of a benign breast tumor."
/home/woojye2020/decs_jupyter_lab/MedCLIP-SAMv2/UDIAT4/train_images/000010.png,"A breast imaging study revealing a well-defined, encapsulated mass likely representing a benign breast tumor.",/home/woojye2020/decs_jupyter_lab/MedCLIP-SAMv2/UDIAT4/train_images/000010.png,A mammogram showing symmetrical breast tissue with no focal masses or clinical findings.
/home/woojye2020/decs_jupyter_lab/MedCLIP-SAMv2/UDIAT4/train_images/neg_000010.png,A mammogram showing symmetrical breast tissue with no focal masses or clinical findings.,/home/woojye2020/decs_jupyter_lab/MedCLIP-SAMv2/UDIAT4/train_images/neg_000010.png,"A breast imaging study revealing a well-defined, encapsulated mass likely representing a benign breast tumor."
/home/woojye2020/decs_jupyter_lab/MedCLIP-SAMv2/UDIAT4/train_images/000010.png,"A mammogram showing a sharply marginated, round mass suggestive of a benign breast tumor.",/home/woojye2020/decs_jupyter_lab/MedCLIP-SAMv2/UDIAT4/train_images/000010.png,A diagnostic mammogram displaying normal glandular tissue without any detectable lesions.
/home/woojye2020/decs_jupyter_lab/MedCLIP-SAMv2/UDIAT4/train_images/neg_000010.png,A diagnostic mammogram displaying normal glandular tissue without any detectable lesions.,/home/woojye2020/decs_jupyter_lab/MedCLIP-SAMv2/UDIAT4/train_images/neg_000010.png,"A mammogram showing a sharply marginated, round mass suggestive of a benign breast tumor."
/home/woojye2020/decs_jupyter_lab/MedCLIP-SAMv2/UDIAT4/train_images/000011.png,"A medical breast mammogram showing a well-defined, round mass suggestive of a benign breast tumor.",/home/woojye2020/decs_jupyter_lab/MedCLIP-SAMv2/UDIAT4/train_images/000011.png,A medical breast mammogram showing normal breast tissue with no evidence of tumor.
/home/woojye2020/decs_jupyter_lab/MedCLIP-SAMv2/UDIAT4/train_images/neg_000011.png,A medical breast mammogram showing normal breast tissue with no evidence of tumor.,/home/woojye2020/decs_jupyter_lab/MedCLIP-SAMv2/UDIAT4/train_images/neg_000011.png,"A medical breast mammogram showing a well-defined, round mass suggestive of a benign breast tumor."
/home/woojye2020/decs_jupyter_lab/MedCLIP-SAMv2/UDIAT4/train_images/000011.png,"A medical breast mammogram showing a smooth, well-circumscribed mass suggestive of a benign breast tumor.",/home/woojye2020/decs_jupyter_lab/MedCLIP-SAMv2/UDIAT4/train_images/000011.png,"A mammogram with no suspicious masses or malignant findings, indicating a normal scan."
/home/woojye2020/decs_jupyter_lab/MedCLIP-SAMv2/UDIAT4/train_images/neg_000011.png,"A mammogram with no suspicious masses or malignant findings, indicating a normal scan.",/home/woojye2020/decs_jupyter_lab/MedCLIP-SAMv2/UDIAT4/train_images/neg_000011.png,"A medical breast mammogram showing a smooth, well-circumscribed mass suggestive of a benign breast tumor."
/home/woojye2020/decs_jupyter_lab/MedCLIP-SAMv2/UDIAT4/train_images/000011.png,"A mammogram displaying a round, homogeneous mass indicative of a benign breast tumor.",/home/woojye2020/decs_jupyter_lab/MedCLIP-SAMv2/UDIAT4/train_images/000011.png,A breast imaging study revealing no signs of benign or malignant tumors.
/home/woojye2020/decs_jupyter_lab/MedCLIP-SAMv2/UDIAT4/train_images/neg_000011.png,A breast imaging study revealing no signs of benign or malignant tumors.,/home/woojye2020/decs_jupyter_lab/MedCLIP-SAMv2/UDIAT4/train_images/neg_000011.png,"A mammogram displaying a round, homogeneous mass indicative of a benign breast tumor."
/home/woojye2020/decs_jupyter_lab/MedCLIP-SAMv2/UDIAT4/train_images/000011.png,"A breast imaging study revealing a well-defined, encapsulated mass likely representing a benign breast tumor.",/home/woojye2020/decs_jupyter_lab/MedCLIP-SAMv2/UDIAT4/train_images/000011.png,A mammogram showing symmetrical breast tissue with no focal masses or clinical findings.
/home/woojye2020/decs_jupyter_lab/MedCLIP-SAMv2/UDIAT4/train_images/neg_000011.png,A mammogram showing symmetrical breast tissue with no focal masses or clinical findings.,/home/woojye2020/decs_jupyter_lab/MedCLIP-SAMv2/UDIAT4/train_images/neg_000011.png,"A breast imaging study revealing a well-defined, encapsulated mass likely representing a benign breast tumor."
/home/woojye2020/decs_jupyter_lab/MedCLIP-SAMv2/UDIAT4/train_images/000011.png,"A mammogram showing a sharply marginated, round mass suggestive of a benign breast tumor.",/home/woojye2020/decs_jupyter_lab/MedCLIP-SAMv2/UDIAT4/train_images/000011.png,A diagnostic mammogram displaying normal glandular tissue without any detectable lesions.
/home/woojye2020/decs_jupyter_lab/MedCLIP-SAMv2/UDIAT4/train_images/neg_000011.png,A diagnostic mammogram displaying normal glandular tissue without any detectable lesions.,/home/woojye2020/decs_jupyter_lab/MedCLIP-SAMv2/UDIAT4/train_images/neg_000011.png,"A mammogram showing a sharply marginated, round mass suggestive of a benign breast tumor."
/home/woojye2020/decs_jupyter_lab/MedCLIP-SAMv2/UDIAT4/train_images/000012.png,"A medical breast mammogram showing a well-defined, round mass suggestive of a benign breast tumor.",/home/woojye2020/decs_jupyter_lab/MedCLIP-SAMv2/UDIAT4/train_images/000012.png,A medical breast mammogram showing normal breast tissue with no evidence of tumor.
/home/woojye2020/decs_jupyter_lab/MedCLIP-SAMv2/UDIAT4/train_images/neg_000012.png,A medical breast mammogram showing normal breast tissue with no evidence of tumor.,/home/woojye2020/decs_jupyter_lab/MedCLIP-SAMv2/UDIAT4/train_images/neg_000012.png,"A medical breast mammogram showing a well-defined, round mass suggestive of a benign breast tumor."
/home/woojye2020/decs_jupyter_lab/MedCLIP-SAMv2/UDIAT4/train_images/000012.png,"A medical breast mammogram showing a smooth, well-circumscribed mass suggestive of a benign breast tumor.",/home/woojye2020/decs_jupyter_lab/MedCLIP-SAMv2/UDIAT4/train_images/000012.png,"A mammogram with no suspicious masses or malignant findings, indicating a normal scan."
/home/woojye2020/decs_jupyter_lab/MedCLIP-SAMv2/UDIAT4/train_images/neg_000012.png,"A mammogram with no suspicious masses or malignant findings, indicating a normal scan.",/home/woojye2020/decs_jupyter_lab/MedCLIP-SAMv2/UDIAT4/train_images/neg_000012.png,"A medical breast mammogram showing a smooth, well-circumscribed mass suggestive of a benign breast tumor."
/home/woojye2020/decs_jupyter_lab/MedCLIP-SAMv2/UDIAT4/train_images/000012.png,"A mammogram displaying a round, homogeneous mass indicative of a benign breast tumor.",/home/woojye2020/decs_jupyter_lab/MedCLIP-SAMv2/UDIAT4/train_images/000012.png,A breast imaging study revealing no signs of benign or malignant tumors.
/home/woojye2020/decs_jupyter_lab/MedCLIP-SAMv2/UDIAT4/train_images/neg_000012.png,A breast imaging study revealing no signs of benign or malignant tumors.,/home/woojye2020/decs_jupyter_lab/MedCLIP-SAMv2/UDIAT4/train_images/neg_000012.png,"A mammogram displaying a round, homogeneous mass indicative of a benign breast tumor."
/home/woojye2020/decs_jupyter_lab/MedCLIP-SAMv2/UDIAT4/train_images/000012.png,"A breast imaging study revealing a well-defined, encapsulated mass likely representing a benign breast tumor.",/home/woojye2020/decs_jupyter_lab/MedCLIP-SAMv2/UDIAT4/train_images/000012.png,A mammogram showing symmetrical breast tissue with no focal masses or clinical findings.
/home/woojye2020/decs_jupyter_lab/MedCLIP-SAMv2/UDIAT4/train_images/neg_000012.png,A mammogram showing symmetrical breast tissue with no focal masses or clinical findings.,/home/woojye2020/decs_jupyter_lab/MedCLIP-SAMv2/UDIAT4/train_images/neg_000012.png,"A breast imaging study revealing a well-defined, encapsulated mass likely representing a benign breast tumor."
/home/woojye2020/decs_jupyter_lab/MedCLIP-SAMv2/UDIAT4/train_images/000012.png,"A mammogram showing a sharply marginated, round mass suggestive of a benign breast tumor.",/home/woojye2020/decs_jupyter_lab/MedCLIP-SAMv2/UDIAT4/train_images/000012.png,A diagnostic mammogram displaying normal glandular tissue without any detectable lesions.
/home/woojye2020/decs_jupyter_lab/MedCLIP-SAMv2/UDIAT4/train_images/neg_000012.png,A diagnostic mammogram displaying normal glandular tissue without any detectable lesions.,/home/woojye2020/decs_jupyter_lab/MedCLIP-SAMv2/UDIAT4/train_images/neg_000012.png,"A mammogram showing a sharply marginated, round mass suggestive of a benign breast tumor."
/home/woojye2020/decs_jupyter_lab/MedCLIP-SAMv2/UDIAT4/train_images/000013.png,"A medical breast mammogram showing a well-defined, round mass suggestive of a benign breast tumor.",/home/woojye2020/decs_jupyter_lab/MedCLIP-SAMv2/UDIAT4/train_images/000013.png,A medical breast mammogram showing normal breast tissue with no evidence of tumor.
/home/woojye2020/decs_jupyter_lab/MedCLIP-SAMv2/UDIAT4/train_images/neg_000013.png,A medical breast mammogram showing normal breast tissue with no evidence of tumor.,/home/woojye2020/decs_jupyter_lab/MedCLIP-SAMv2/UDIAT4/train_images/neg_000013.png,"A medical breast mammogram showing a well-defined, round mass suggestive of a benign breast tumor."
/home/woojye2020/decs_jupyter_lab/MedCLIP-SAMv2/UDIAT4/train_images/000013.png,"A medical breast mammogram showing a smooth, well-circumscribed mass suggestive of a benign breast tumor.",/home/woojye2020/decs_jupyter_lab/MedCLIP-SAMv2/UDIAT4/train_images/000013.png,"A mammogram with no suspicious masses or malignant findings, indicating a normal scan."
/home/woojye2020/decs_jupyter_lab/MedCLIP-SAMv2/UDIAT4/train_images/neg_000013.png,"A mammogram with no suspicious masses or malignant findings, indicating a normal scan.",/home/woojye2020/decs_jupyter_lab/MedCLIP-SAMv2/UDIAT4/train_images/neg_000013.png,"A medical breast mammogram showing a smooth, well-circumscribed mass suggestive of a benign breast tumor."
/home/woojye2020/decs_jupyter_lab/MedCLIP-SAMv2/UDIAT4/train_images/000013.png,"A mammogram displaying a round, homogeneous mass indicative of a benign breast tumor.",/home/woojye2020/decs_jupyter_lab/MedCLIP-SAMv2/UDIAT4/train_images/000013.png,A breast imaging study revealing no signs of benign or malignant tumors.
/home/woojye2020/decs_jupyter_lab/MedCLIP-SAMv2/UDIAT4/train_images/neg_000013.png,A breast imaging study revealing no signs of benign or malignant tumors.,/home/woojye2020/decs_jupyter_lab/MedCLIP-SAMv2/UDIAT4/train_images/neg_000013.png,"A mammogram displaying a round, homogeneous mass indicative of a benign breast tumor."
/home/woojye2020/decs_jupyter_lab/MedCLIP-SAMv2/UDIAT4/train_images/000013.png,"A breast imaging study revealing a well-defined, encapsulated mass likely representing a benign breast tumor.",/home/woojye2020/decs_jupyter_lab/MedCLIP-SAMv2/UDIAT4/train_images/000013.png,A mammogram showing symmetrical breast tissue with no focal masses or clinical findings.
/home/woojye2020/decs_jupyter_lab/MedCLIP-SAMv2/UDIAT4/train_images/neg_000013.png,A mammogram showing symmetrical breast tissue with no focal masses or clinical findings.,/home/woojye2020/decs_jupyter_lab/MedCLIP-SAMv2/UDIAT4/train_images/neg_000013.png,"A breast imaging study revealing a well-defined, encapsulated mass likely representing a benign breast tumor."
/home/woojye2020/decs_jupyter_lab/MedCLIP-SAMv2/UDIAT4/train_images/000013.png,"A mammogram showing a sharply marginated, round mass suggestive of a benign breast tumor.",/home/woojye2020/decs_jupyter_lab/MedCLIP-SAMv2/UDIAT4/train_images/000013.png,A diagnostic mammogram displaying normal glandular tissue without any detectable lesions.
/home/woojye2020/decs_jupyter_lab/MedCLIP-SAMv2/UDIAT4/train_images/neg_000013.png,A diagnostic mammogram displaying normal glandular tissue without any detectable lesions.,/home/woojye2020/decs_jupyter_lab/MedCLIP-SAMv2/UDIAT4/train_images/neg_000013.png,"A mammogram showing a sharply marginated, round mass suggestive of a benign breast tumor."
/home/woojye2020/decs_jupyter_lab/MedCLIP-SAMv2/UDIAT4/train_images/000016.png,"A medical breast mammogram showing a well-defined, round mass suggestive of a benign breast tumor.",/home/woojye2020/decs_jupyter_lab/MedCLIP-SAMv2/UDIAT4/train_images/000016.png,A medical breast mammogram showing normal breast tissue with no evidence of tumor.
/home/woojye2020/decs_jupyter_lab/MedCLIP-SAMv2/UDIAT4/train_images/neg_000016.png,A medical breast mammogram showing normal breast tissue with no evidence of tumor.,/home/woojye2020/decs_jupyter_lab/MedCLIP-SAMv2/UDIAT4/train_images/neg_000016.png,"A medical breast mammogram showing a well-defined, round mass suggestive of a benign breast tumor."
/home/woojye2020/decs_jupyter_lab/MedCLIP-SAMv2/UDIAT4/train_images/000016.png,"A medical breast mammogram showing a smooth, well-circumscribed mass suggestive of a benign breast tumor.",/home/woojye2020/decs_jupyter_lab/MedCLIP-SAMv2/UDIAT4/train_images/000016.png,"A mammogram with no suspicious masses or malignant findings, indicating a normal scan."
/home/woojye2020/decs_jupyter_lab/MedCLIP-SAMv2/UDIAT4/train_images/neg_000016.png,"A mammogram with no suspicious masses or malignant findings, indicating a normal scan.",/home/woojye2020/decs_jupyter_lab/MedCLIP-SAMv2/UDIAT4/train_images/neg_000016.png,"A medical breast mammogram showing a smooth, well-circumscribed mass suggestive of a benign breast tumor."
/home/woojye2020/decs_jupyter_lab/MedCLIP-SAMv2/UDIAT4/train_images/000016.png,"A mammogram displaying a round, homogeneous mass indicative of a benign breast tumor.",/home/woojye2020/decs_jupyter_lab/MedCLIP-SAMv2/UDIAT4/train_images/000016.png,A breast imaging study revealing no signs of benign or malignant tumors.
/home/woojye2020/decs_jupyter_lab/MedCLIP-SAMv2/UDIAT4/train_images/neg_000016.png,A breast imaging study revealing no signs of benign or malignant tumors.,/home/woojye2020/decs_jupyter_lab/MedCLIP-SAMv2/UDIAT4/train_images/neg_000016.png,"A mammogram displaying a round, homogeneous mass indicative of a benign breast tumor."
/home/woojye2020/decs_jupyter_lab/MedCLIP-SAMv2/UDIAT4/train_images/000016.png,"A breast imaging study revealing a well-defined, encapsulated mass likely representing a benign breast tumor.",/home/woojye2020/decs_jupyter_lab/MedCLIP-SAMv2/UDIAT4/train_images/000016.png,A mammogram showing symmetrical breast tissue with no focal masses or clinical findings.
/home/woojye2020/decs_jupyter_lab/MedCLIP-SAMv2/UDIAT4/train_images/neg_000016.png,A mammogram showing symmetrical breast tissue with no focal masses or clinical findings.,/home/woojye2020/decs_jupyter_lab/MedCLIP-SAMv2/UDIAT4/train_images/neg_000016.png,"A breast imaging study revealing a well-defined, encapsulated mass likely representing a benign breast tumor."
/home/woojye2020/decs_jupyter_lab/MedCLIP-SAMv2/UDIAT4/train_images/000016.png,"A mammogram showing a sharply marginated, round mass suggestive of a benign breast tumor.",/home/woojye2020/decs_jupyter_lab/MedCLIP-SAMv2/UDIAT4/train_images/000016.png,A diagnostic mammogram displaying normal glandular tissue without any detectable lesions.
/home/woojye2020/decs_jupyter_lab/MedCLIP-SAMv2/UDIAT4/train_images/neg_000016.png,A diagnostic mammogram displaying normal glandular tissue without any detectable lesions.,/home/woojye2020/decs_jupyter_lab/MedCLIP-SAMv2/UDIAT4/train_images/neg_000016.png,"A mammogram showing a sharply marginated, round mass suggestive of a benign breast tumor."
/home/woojye2020/decs_jupyter_lab/MedCLIP-SAMv2/UDIAT4/train_images/000017.png,"A medical breast mammogram showing a well-defined, round mass suggestive of a benign breast tumor.",/home/woojye2020/decs_jupyter_lab/MedCLIP-SAMv2/UDIAT4/train_images/000017.png,A medical breast mammogram showing normal breast tissue with no evidence of tumor.
/home/woojye2020/decs_jupyter_lab/MedCLIP-SAMv2/UDIAT4/train_images/neg_000017.png,A medical breast mammogram showing normal breast tissue with no evidence of tumor.,/home/woojye2020/decs_jupyter_lab/MedCLIP-SAMv2/UDIAT4/train_images/neg_000017.png,"A medical breast mammogram showing a well-defined, round mass suggestive of a benign breast tumor."
/home/woojye2020/decs_jupyter_lab/MedCLIP-SAMv2/UDIAT4/train_images/000017.png,"A medical breast mammogram showing a smooth, well-circumscribed mass suggestive of a benign breast tumor.",/home/woojye2020/decs_jupyter_lab/MedCLIP-SAMv2/UDIAT4/train_images/000017.png,"A mammogram with no suspicious masses or malignant findings, indicating a normal scan."
/home/woojye2020/decs_jupyter_lab/MedCLIP-SAMv2/UDIAT4/train_images/neg_000017.png,"A mammogram with no suspicious masses or malignant findings, indicating a normal scan.",/home/woojye2020/decs_jupyter_lab/MedCLIP-SAMv2/UDIAT4/train_images/neg_000017.png,"A medical breast mammogram showing a smooth, well-circumscribed mass suggestive of a benign breast tumor."
/home/woojye2020/decs_jupyter_lab/MedCLIP-SAMv2/UDIAT4/train_images/000017.png,"A mammogram displaying a round, homogeneous mass indicative of a benign breast tumor.",/home/woojye2020/decs_jupyter_lab/MedCLIP-SAMv2/UDIAT4/train_images/000017.png,A breast imaging study revealing no signs of benign or malignant tumors.
/home/woojye2020/decs_jupyter_lab/MedCLIP-SAMv2/UDIAT4/train_images/neg_000017.png,A breast imaging study revealing no signs of benign or malignant tumors.,/home/woojye2020/decs_jupyter_lab/MedCLIP-SAMv2/UDIAT4/train_images/neg_000017.png,"A mammogram displaying a round, homogeneous mass indicative of a benign breast tumor."
/home/woojye2020/decs_jupyter_lab/MedCLIP-SAMv2/UDIAT4/train_images/000017.png,"A breast imaging study revealing a well-defined, encapsulated mass likely representing a benign breast tumor.",/home/woojye2020/decs_jupyter_lab/MedCLIP-SAMv2/UDIAT4/train_images/000017.png,A mammogram showing symmetrical breast tissue with no focal masses or clinical findings.
/home/woojye2020/decs_jupyter_lab/MedCLIP-SAMv2/UDIAT4/train_images/neg_000017.png,A mammogram showing symmetrical breast tissue with no focal masses or clinical findings.,/home/woojye2020/decs_jupyter_lab/MedCLIP-SAMv2/UDIAT4/train_images/neg_000017.png,"A breast imaging study revealing a well-defined, encapsulated mass likely representing a benign breast tumor."
/home/woojye2020/decs_jupyter_lab/MedCLIP-SAMv2/UDIAT4/train_images/000017.png,"A mammogram showing a sharply marginated, round mass suggestive of a benign breast tumor.",/home/woojye2020/decs_jupyter_lab/MedCLIP-SAMv2/UDIAT4/train_images/000017.png,A diagnostic mammogram displaying normal glandular tissue without any detectable lesions.
/home/woojye2020/decs_jupyter_lab/MedCLIP-SAMv2/UDIAT4/train_images/neg_000017.png,A diagnostic mammogram displaying normal glandular tissue without any detectable lesions.,/home/woojye2020/decs_jupyter_lab/MedCLIP-SAMv2/UDIAT4/train_images/neg_000017.png,"A mammogram showing a sharply marginated, round mass suggestive of a benign breast tumor."
/home/woojye2020/decs_jupyter_lab/MedCLIP-SAMv2/UDIAT4/train_images/000019.png,"A medical breast mammogram showing a well-defined, round mass suggestive of a benign breast tumor.",/home/woojye2020/decs_jupyter_lab/MedCLIP-SAMv2/UDIAT4/train_images/000019.png,A medical breast mammogram showing normal breast tissue with no evidence of tumor.
/home/woojye2020/decs_jupyter_lab/MedCLIP-SAMv2/UDIAT4/train_images/neg_000019.png,A medical breast mammogram showing normal breast tissue with no evidence of tumor.,/home/woojye2020/decs_jupyter_lab/MedCLIP-SAMv2/UDIAT4/train_images/neg_000019.png,"A medical breast mammogram showing a well-defined, round mass suggestive of a benign breast tumor."
/home/woojye2020/decs_jupyter_lab/MedCLIP-SAMv2/UDIAT4/train_images/000019.png,"A medical breast mammogram showing a smooth, well-circumscribed mass suggestive of a benign breast tumor.",/home/woojye2020/decs_jupyter_lab/MedCLIP-SAMv2/UDIAT4/train_images/000019.png,"A mammogram with no suspicious masses or malignant findings, indicating a normal scan."
/home/woojye2020/decs_jupyter_lab/MedCLIP-SAMv2/UDIAT4/train_images/neg_000019.png,"A mammogram with no suspicious masses or malignant findings, indicating a normal scan.",/home/woojye2020/decs_jupyter_lab/MedCLIP-SAMv2/UDIAT4/train_images/neg_000019.png,"A medical breast mammogram showing a smooth, well-circumscribed mass suggestive of a benign breast tumor."
/home/woojye2020/decs_jupyter_lab/MedCLIP-SAMv2/UDIAT4/train_images/000019.png,"A mammogram displaying a round, homogeneous mass indicative of a benign breast tumor.",/home/woojye2020/decs_jupyter_lab/MedCLIP-SAMv2/UDIAT4/train_images/000019.png,A breast imaging study revealing no signs of benign or malignant tumors.
/home/woojye2020/decs_jupyter_lab/MedCLIP-SAMv2/UDIAT4/train_images/neg_000019.png,A breast imaging study revealing no signs of benign or malignant tumors.,/home/woojye2020/decs_jupyter_lab/MedCLIP-SAMv2/UDIAT4/train_images/neg_000019.png,"A mammogram displaying a round, homogeneous mass indicative of a benign breast tumor."
/home/woojye2020/decs_jupyter_lab/MedCLIP-SAMv2/UDIAT4/train_images/000019.png,"A breast imaging study revealing a well-defined, encapsulated mass likely representing a benign breast tumor.",/home/woojye2020/decs_jupyter_lab/MedCLIP-SAMv2/UDIAT4/train_images/000019.png,A mammogram showing symmetrical breast tissue with no focal masses or clinical findings.
/home/woojye2020/decs_jupyter_lab/MedCLIP-SAMv2/UDIAT4/train_images/neg_000019.png,A mammogram showing symmetrical breast tissue with no focal masses or clinical findings.,/home/woojye2020/decs_jupyter_lab/MedCLIP-SAMv2/UDIAT4/train_images/neg_000019.png,"A breast imaging study revealing a well-defined, encapsulated mass likely representing a benign breast tumor."
/home/woojye2020/decs_jupyter_lab/MedCLIP-SAMv2/UDIAT4/train_images/000019.png,"A mammogram showing a sharply marginated, round mass suggestive of a benign breast tumor.",/home/woojye2020/decs_jupyter_lab/MedCLIP-SAMv2/UDIAT4/train_images/000019.png,A diagnostic mammogram displaying normal glandular tissue without any detectable lesions.
/home/woojye2020/decs_jupyter_lab/MedCLIP-SAMv2/UDIAT4/train_images/neg_000019.png,A diagnostic mammogram displaying normal glandular tissue without any detectable lesions.,/home/woojye2020/decs_jupyter_lab/MedCLIP-SAMv2/UDIAT4/train_images/neg_000019.png,"A mammogram showing a sharply marginated, round mass suggestive of a benign breast tumor."
/home/woojye2020/decs_jupyter_lab/MedCLIP-SAMv2/UDIAT4/train_images/000020.png,"A medical breast mammogram showing a well-defined, round mass suggestive of a benign breast tumor.",/home/woojye2020/decs_jupyter_lab/MedCLIP-SAMv2/UDIAT4/train_images/000020.png,A medical breast mammogram showing normal breast tissue with no evidence of tumor.
/home/woojye2020/decs_jupyter_lab/MedCLIP-SAMv2/UDIAT4/train_images/neg_000020.png,A medical breast mammogram showing normal breast tissue with no evidence of tumor.,/home/woojye2020/decs_jupyter_lab/MedCLIP-SAMv2/UDIAT4/train_images/neg_000020.png,"A medical breast mammogram showing a well-defined, round mass suggestive of a benign breast tumor."
/home/woojye2020/decs_jupyter_lab/MedCLIP-SAMv2/UDIAT4/train_images/000020.png,"A medical breast mammogram showing a smooth, well-circumscribed mass suggestive of a benign breast tumor.",/home/woojye2020/decs_jupyter_lab/MedCLIP-SAMv2/UDIAT4/train_images/000020.png,"A mammogram with no suspicious masses or malignant findings, indicating a normal scan."
/home/woojye2020/decs_jupyter_lab/MedCLIP-SAMv2/UDIAT4/train_images/neg_000020.png,"A mammogram with no suspicious masses or malignant findings, indicating a normal scan.",/home/woojye2020/decs_jupyter_lab/MedCLIP-SAMv2/UDIAT4/train_images/neg_000020.png,"A medical breast mammogram showing a smooth, well-circumscribed mass suggestive of a benign breast tumor."
/home/woojye2020/decs_jupyter_lab/MedCLIP-SAMv2/UDIAT4/train_images/000020.png,"A mammogram displaying a round, homogeneous mass indicative of a benign breast tumor.",/home/woojye2020/decs_jupyter_lab/MedCLIP-SAMv2/UDIAT4/train_images/000020.png,A breast imaging study revealing no signs of benign or malignant tumors.
/home/woojye2020/decs_jupyter_lab/MedCLIP-SAMv2/UDIAT4/train_images/neg_000020.png,A breast imaging study revealing no signs of benign or malignant tumors.,/home/woojye2020/decs_jupyter_lab/MedCLIP-SAMv2/UDIAT4/train_images/neg_000020.png,"A mammogram displaying a round, homogeneous mass indicative of a benign breast tumor."
/home/woojye2020/decs_jupyter_lab/MedCLIP-SAMv2/UDIAT4/train_images/000020.png,"A breast imaging study revealing a well-defined, encapsulated mass likely representing a benign breast tumor.",/home/woojye2020/decs_jupyter_lab/MedCLIP-SAMv2/UDIAT4/train_images/000020.png,A mammogram showing symmetrical breast tissue with no focal masses or clinical findings.
/home/woojye2020/decs_jupyter_lab/MedCLIP-SAMv2/UDIAT4/train_images/neg_000020.png,A mammogram showing symmetrical breast tissue with no focal masses or clinical findings.,/home/woojye2020/decs_jupyter_lab/MedCLIP-SAMv2/UDIAT4/train_images/neg_000020.png,"A breast imaging study revealing a well-defined, encapsulated mass likely representing a benign breast tumor."
/home/woojye2020/decs_jupyter_lab/MedCLIP-SAMv2/UDIAT4/train_images/000020.png,"A mammogram showing a sharply marginated, round mass suggestive of a benign breast tumor.",/home/woojye2020/decs_jupyter_lab/MedCLIP-SAMv2/UDIAT4/train_images/000020.png,A diagnostic mammogram displaying normal glandular tissue without any detectable lesions.
/home/woojye2020/decs_jupyter_lab/MedCLIP-SAMv2/UDIAT4/train_images/neg_000020.png,A diagnostic mammogram displaying normal glandular tissue without any detectable lesions.,/home/woojye2020/decs_jupyter_lab/MedCLIP-SAMv2/UDIAT4/train_images/neg_000020.png,"A mammogram showing a sharply marginated, round mass suggestive of a benign breast tumor."
/home/woojye2020/decs_jupyter_lab/MedCLIP-SAMv2/UDIAT4/train_images/000023.png,"A medical breast mammogram showing an irregularly shaped, spiculated mass suggestive of a malignant breast tumor.",/home/woojye2020/decs_jupyter_lab/MedCLIP-SAMv2/UDIAT4/train_images/000023.png,A medical breast mammogram showing normal breast tissue with no evidence of tumor.
/home/woojye2020/decs_jupyter_lab/MedCLIP-SAMv2/UDIAT4/train_images/neg_000023.png,A medical breast mammogram showing normal breast tissue with no evidence of tumor.,/home/woojye2020/decs_jupyter_lab/MedCLIP-SAMv2/UDIAT4/train_images/neg_000023.png,"A medical breast mammogram showing an irregularly shaped, spiculated mass suggestive of a malignant breast tumor."
/home/woojye2020/decs_jupyter_lab/MedCLIP-SAMv2/UDIAT4/train_images/000023.png,"A medical breast mammogram showing an irregular, spiculated mass suggestive of a malignant breast tumor.",/home/woojye2020/decs_jupyter_lab/MedCLIP-SAMv2/UDIAT4/train_images/000023.png,"A mammogram with no suspicious masses or malignant findings, indicating a normal scan."
/home/woojye2020/decs_jupyter_lab/MedCLIP-SAMv2/UDIAT4/train_images/neg_000023.png,"A mammogram with no suspicious masses or malignant findings, indicating a normal scan.",/home/woojye2020/decs_jupyter_lab/MedCLIP-SAMv2/UDIAT4/train_images/neg_000023.png,"A medical breast mammogram showing an irregular, spiculated mass suggestive of a malignant breast tumor."
/home/woojye2020/decs_jupyter_lab/MedCLIP-SAMv2/UDIAT4/train_images/000023.png,"A mammogram displaying a poorly defined, lobulated mass indicative of a malignant breast tumor.",/home/woojye2020/decs_jupyter_lab/MedCLIP-SAMv2/UDIAT4/train_images/000023.png,A breast imaging study revealing no signs of benign or malignant tumors.
/home/woojye2020/decs_jupyter_lab/MedCLIP-SAMv2/UDIAT4/train_images/neg_000023.png,A breast imaging study revealing no signs of benign or malignant tumors.,/home/woojye2020/decs_jupyter_lab/MedCLIP-SAMv2/UDIAT4/train_images/neg_000023.png,"A mammogram displaying a poorly defined, lobulated mass indicative of a malignant breast tumor."
/home/woojye2020/decs_jupyter_lab/MedCLIP-SAMv2/UDIAT4/train_images/000023.png,"A breast imaging study revealing an irregularly shaped, invasive mass likely representing a malignant breast tumor.",/home/woojye2020/decs_jupyter_lab/MedCLIP-SAMv2/UDIAT4/train_images/000023.png,A mammogram showing symmetrical breast tissue with no focal masses or clinical findings.
/home/woojye2020/decs_jupyter_lab/MedCLIP-SAMv2/UDIAT4/train_images/neg_000023.png,A mammogram showing symmetrical breast tissue with no focal masses or clinical findings.,/home/woojye2020/decs_jupyter_lab/MedCLIP-SAMv2/UDIAT4/train_images/neg_000023.png,"A breast imaging study revealing an irregularly shaped, invasive mass likely representing a malignant breast tumor."
/home/woojye2020/decs_jupyter_lab/MedCLIP-SAMv2/UDIAT4/train_images/000023.png,"A mammogram showing a dense, spiculated mass suggestive of a malignant breast tumor.",/home/woojye2020/decs_jupyter_lab/MedCLIP-SAMv2/UDIAT4/train_images/000023.png,A diagnostic mammogram displaying normal glandular tissue without any detectable lesions.
/home/woojye2020/decs_jupyter_lab/MedCLIP-SAMv2/UDIAT4/train_images/neg_000023.png,A diagnostic mammogram displaying normal glandular tissue without any detectable lesions.,/home/woojye2020/decs_jupyter_lab/MedCLIP-SAMv2/UDIAT4/train_images/neg_000023.png,"A mammogram showing a dense, spiculated mass suggestive of a malignant breast tumor."
/home/woojye2020/decs_jupyter_lab/MedCLIP-SAMv2/UDIAT4/train_images/000024.png,"A medical breast mammogram showing an irregularly shaped, spiculated mass suggestive of a malignant breast tumor.",/home/woojye2020/decs_jupyter_lab/MedCLIP-SAMv2/UDIAT4/train_images/000024.png,A medical breast mammogram showing normal breast tissue with no evidence of tumor.
/home/woojye2020/decs_jupyter_lab/MedCLIP-SAMv2/UDIAT4/train_images/neg_000024.png,A medical breast mammogram showing normal breast tissue with no evidence of tumor.,/home/woojye2020/decs_jupyter_lab/MedCLIP-SAMv2/UDIAT4/train_images/neg_000024.png,"A medical breast mammogram showing an irregularly shaped, spiculated mass suggestive of a malignant breast tumor."
/home/woojye2020/decs_jupyter_lab/MedCLIP-SAMv2/UDIAT4/train_images/000024.png,"A medical breast mammogram showing an irregular, spiculated mass suggestive of a malignant breast tumor.",/home/woojye2020/decs_jupyter_lab/MedCLIP-SAMv2/UDIAT4/train_images/000024.png,"A mammogram with no suspicious masses or malignant findings, indicating a normal scan."
/home/woojye2020/decs_jupyter_lab/MedCLIP-SAMv2/UDIAT4/train_images/neg_000024.png,"A mammogram with no suspicious masses or malignant findings, indicating a normal scan.",/home/woojye2020/decs_jupyter_lab/MedCLIP-SAMv2/UDIAT4/train_images/neg_000024.png,"A medical breast mammogram showing an irregular, spiculated mass suggestive of a malignant breast tumor."
/home/woojye2020/decs_jupyter_lab/MedCLIP-SAMv2/UDIAT4/train_images/000024.png,"A mammogram displaying a poorly defined, lobulated mass indicative of a malignant breast tumor.",/home/woojye2020/decs_jupyter_lab/MedCLIP-SAMv2/UDIAT4/train_images/000024.png,A breast imaging study revealing no signs of benign or malignant tumors.
/home/woojye2020/decs_jupyter_lab/MedCLIP-SAMv2/UDIAT4/train_images/neg_000024.png,A breast imaging study revealing no signs of benign or malignant tumors.,/home/woojye2020/decs_jupyter_lab/MedCLIP-SAMv2/UDIAT4/train_images/neg_000024.png,"A mammogram displaying a poorly defined, lobulated mass indicative of a malignant breast tumor."
/home/woojye2020/decs_jupyter_lab/MedCLIP-SAMv2/UDIAT4/train_images/000024.png,"A breast imaging study revealing an irregularly shaped, invasive mass likely representing a malignant breast tumor.",/home/woojye2020/decs_jupyter_lab/MedCLIP-SAMv2/UDIAT4/train_images/000024.png,A mammogram showing symmetrical breast tissue with no focal masses or clinical findings.
/home/woojye2020/decs_jupyter_lab/MedCLIP-SAMv2/UDIAT4/train_images/neg_000024.png,A mammogram showing symmetrical breast tissue with no focal masses or clinical findings.,/home/woojye2020/decs_jupyter_lab/MedCLIP-SAMv2/UDIAT4/train_images/neg_000024.png,"A breast imaging study revealing an irregularly shaped, invasive mass likely representing a malignant breast tumor."
/home/woojye2020/decs_jupyter_lab/MedCLIP-SAMv2/UDIAT4/train_images/000024.png,"A mammogram showing a dense, spiculated mass suggestive of a malignant breast tumor.",/home/woojye2020/decs_jupyter_lab/MedCLIP-SAMv2/UDIAT4/train_images/000024.png,A diagnostic mammogram displaying normal glandular tissue without any detectable lesions.
/home/woojye2020/decs_jupyter_lab/MedCLIP-SAMv2/UDIAT4/train_images/neg_000024.png,A diagnostic mammogram displaying normal glandular tissue without any detectable lesions.,/home/woojye2020/decs_jupyter_lab/MedCLIP-SAMv2/UDIAT4/train_images/neg_000024.png,"A mammogram showing a dense, spiculated mass suggestive of a malignant breast tumor."
/home/woojye2020/decs_jupyter_lab/MedCLIP-SAMv2/UDIAT4/train_images/000025.png,"A medical breast mammogram showing an irregularly shaped, spiculated mass suggestive of a malignant breast tumor.",/home/woojye2020/decs_jupyter_lab/MedCLIP-SAMv2/UDIAT4/train_images/000025.png,A medical breast mammogram showing normal breast tissue with no evidence of tumor.
/home/woojye2020/decs_jupyter_lab/MedCLIP-SAMv2/UDIAT4/train_images/neg_000025.png,A medical breast mammogram showing normal breast tissue with no evidence of tumor.,/home/woojye2020/decs_jupyter_lab/MedCLIP-SAMv2/UDIAT4/train_images/neg_000025.png,"A medical breast mammogram showing an irregularly shaped, spiculated mass suggestive of a malignant breast tumor."
/home/woojye2020/decs_jupyter_lab/MedCLIP-SAMv2/UDIAT4/train_images/000025.png,"A medical breast mammogram showing an irregular, spiculated mass suggestive of a malignant breast tumor.",/home/woojye2020/decs_jupyter_lab/MedCLIP-SAMv2/UDIAT4/train_images/000025.png,"A mammogram with no suspicious masses or malignant findings, indicating a normal scan."
/home/woojye2020/decs_jupyter_lab/MedCLIP-SAMv2/UDIAT4/train_images/neg_000025.png,"A mammogram with no suspicious masses or malignant findings, indicating a normal scan.",/home/woojye2020/decs_jupyter_lab/MedCLIP-SAMv2/UDIAT4/train_images/neg_000025.png,"A medical breast mammogram showing an irregular, spiculated mass suggestive of a malignant breast tumor."
/home/woojye2020/decs_jupyter_lab/MedCLIP-SAMv2/UDIAT4/train_images/000025.png,"A mammogram displaying a poorly defined, lobulated mass indicative of a malignant breast tumor.",/home/woojye2020/decs_jupyter_lab/MedCLIP-SAMv2/UDIAT4/train_images/000025.png,A breast imaging study revealing no signs of benign or malignant tumors.
/home/woojye2020/decs_jupyter_lab/MedCLIP-SAMv2/UDIAT4/train_images/neg_000025.png,A breast imaging study revealing no signs of benign or malignant tumors.,/home/woojye2020/decs_jupyter_lab/MedCLIP-SAMv2/UDIAT4/train_images/neg_000025.png,"A mammogram displaying a poorly defined, lobulated mass indicative of a malignant breast tumor."
/home/woojye2020/decs_jupyter_lab/MedCLIP-SAMv2/UDIAT4/train_images/000025.png,"A breast imaging study revealing an irregularly shaped, invasive mass likely representing a malignant breast tumor.",/home/woojye2020/decs_jupyter_lab/MedCLIP-SAMv2/UDIAT4/train_images/000025.png,A mammogram showing symmetrical breast tissue with no focal masses or clinical findings.
/home/woojye2020/decs_jupyter_lab/MedCLIP-SAMv2/UDIAT4/train_images/neg_000025.png,A mammogram showing symmetrical breast tissue with no focal masses or clinical findings.,/home/woojye2020/decs_jupyter_lab/MedCLIP-SAMv2/UDIAT4/train_images/neg_000025.png,"A breast imaging study revealing an irregularly shaped, invasive mass likely representing a malignant breast tumor."
/home/woojye2020/decs_jupyter_lab/MedCLIP-SAMv2/UDIAT4/train_images/000025.png,"A mammogram showing a dense, spiculated mass suggestive of a malignant breast tumor.",/home/woojye2020/decs_jupyter_lab/MedCLIP-SAMv2/UDIAT4/train_images/000025.png,A diagnostic mammogram displaying normal glandular tissue without any detectable lesions.
/home/woojye2020/decs_jupyter_lab/MedCLIP-SAMv2/UDIAT4/train_images/neg_000025.png,A diagnostic mammogram displaying normal glandular tissue without any detectable lesions.,/home/woojye2020/decs_jupyter_lab/MedCLIP-SAMv2/UDIAT4/train_images/neg_000025.png,"A mammogram showing a dense, spiculated mass suggestive of a malignant breast tumor."
/home/woojye2020/decs_jupyter_lab/MedCLIP-SAMv2/UDIAT4/train_images/000026.png,"A medical breast mammogram showing a well-defined, round mass suggestive of a benign breast tumor.",/home/woojye2020/decs_jupyter_lab/MedCLIP-SAMv2/UDIAT4/train_images/000026.png,A medical breast mammogram showing normal breast tissue with no evidence of tumor.
/home/woojye2020/decs_jupyter_lab/MedCLIP-SAMv2/UDIAT4/train_images/neg_000026.png,A medical breast mammogram showing normal breast tissue with no evidence of tumor.,/home/woojye2020/decs_jupyter_lab/MedCLIP-SAMv2/UDIAT4/train_images/neg_000026.png,"A medical breast mammogram showing a well-defined, round mass suggestive of a benign breast tumor."
/home/woojye2020/decs_jupyter_lab/MedCLIP-SAMv2/UDIAT4/train_images/000026.png,"A medical breast mammogram showing a smooth, well-circumscribed mass suggestive of a benign breast tumor.",/home/woojye2020/decs_jupyter_lab/MedCLIP-SAMv2/UDIAT4/train_images/000026.png,"A mammogram with no suspicious masses or malignant findings, indicating a normal scan."
/home/woojye2020/decs_jupyter_lab/MedCLIP-SAMv2/UDIAT4/train_images/neg_000026.png,"A mammogram with no suspicious masses or malignant findings, indicating a normal scan.",/home/woojye2020/decs_jupyter_lab/MedCLIP-SAMv2/UDIAT4/train_images/neg_000026.png,"A medical breast mammogram showing a smooth, well-circumscribed mass suggestive of a benign breast tumor."
/home/woojye2020/decs_jupyter_lab/MedCLIP-SAMv2/UDIAT4/train_images/000026.png,"A mammogram displaying a round, homogeneous mass indicative of a benign breast tumor.",/home/woojye2020/decs_jupyter_lab/MedCLIP-SAMv2/UDIAT4/train_images/000026.png,A breast imaging study revealing no signs of benign or malignant tumors.
/home/woojye2020/decs_jupyter_lab/MedCLIP-SAMv2/UDIAT4/train_images/neg_000026.png,A breast imaging study revealing no signs of benign or malignant tumors.,/home/woojye2020/decs_jupyter_lab/MedCLIP-SAMv2/UDIAT4/train_images/neg_000026.png,"A mammogram displaying a round, homogeneous mass indicative of a benign breast tumor."
/home/woojye2020/decs_jupyter_lab/MedCLIP-SAMv2/UDIAT4/train_images/000026.png,"A breast imaging study revealing a well-defined, encapsulated mass likely representing a benign breast tumor.",/home/woojye2020/decs_jupyter_lab/MedCLIP-SAMv2/UDIAT4/train_images/000026.png,A mammogram showing symmetrical breast tissue with no focal masses or clinical findings.
/home/woojye2020/decs_jupyter_lab/MedCLIP-SAMv2/UDIAT4/train_images/neg_000026.png,A mammogram showing symmetrical breast tissue with no focal masses or clinical findings.,/home/woojye2020/decs_jupyter_lab/MedCLIP-SAMv2/UDIAT4/train_images/neg_000026.png,"A breast imaging study revealing a well-defined, encapsulated mass likely representing a benign breast tumor."
/home/woojye2020/decs_jupyter_lab/MedCLIP-SAMv2/UDIAT4/train_images/000026.png,"A mammogram showing a sharply marginated, round mass suggestive of a benign breast tumor.",/home/woojye2020/decs_jupyter_lab/MedCLIP-SAMv2/UDIAT4/train_images/000026.png,A diagnostic mammogram displaying normal glandular tissue without any detectable lesions.
/home/woojye2020/decs_jupyter_lab/MedCLIP-SAMv2/UDIAT4/train_images/neg_000026.png,A diagnostic mammogram displaying normal glandular tissue without any detectable lesions.,/home/woojye2020/decs_jupyter_lab/MedCLIP-SAMv2/UDIAT4/train_images/neg_000026.png,"A mammogram showing a sharply marginated, round mass suggestive of a benign breast tumor."
/home/woojye2020/decs_jupyter_lab/MedCLIP-SAMv2/UDIAT4/train_images/000027.png,"A medical breast mammogram showing an irregularly shaped, spiculated mass suggestive of a malignant breast tumor.",/home/woojye2020/decs_jupyter_lab/MedCLIP-SAMv2/UDIAT4/train_images/000027.png,A medical breast mammogram showing normal breast tissue with no evidence of tumor.
/home/woojye2020/decs_jupyter_lab/MedCLIP-SAMv2/UDIAT4/train_images/neg_000027.png,A medical breast mammogram showing normal breast tissue with no evidence of tumor.,/home/woojye2020/decs_jupyter_lab/MedCLIP-SAMv2/UDIAT4/train_images/neg_000027.png,"A medical breast mammogram showing an irregularly shaped, spiculated mass suggestive of a malignant breast tumor."
/home/woojye2020/decs_jupyter_lab/MedCLIP-SAMv2/UDIAT4/train_images/000027.png,"A medical breast mammogram showing an irregular, spiculated mass suggestive of a malignant breast tumor.",/home/woojye2020/decs_jupyter_lab/MedCLIP-SAMv2/UDIAT4/train_images/000027.png,"A mammogram with no suspicious masses or malignant findings, indicating a normal scan."
/home/woojye2020/decs_jupyter_lab/MedCLIP-SAMv2/UDIAT4/train_images/neg_000027.png,"A mammogram with no suspicious masses or malignant findings, indicating a normal scan.",/home/woojye2020/decs_jupyter_lab/MedCLIP-SAMv2/UDIAT4/train_images/neg_000027.png,"A medical breast mammogram showing an irregular, spiculated mass suggestive of a malignant breast tumor."
/home/woojye2020/decs_jupyter_lab/MedCLIP-SAMv2/UDIAT4/train_images/000027.png,"A mammogram displaying a poorly defined, lobulated mass indicative of a malignant breast tumor.",/home/woojye2020/decs_jupyter_lab/MedCLIP-SAMv2/UDIAT4/train_images/000027.png,A breast imaging study revealing no signs of benign or malignant tumors.
/home/woojye2020/decs_jupyter_lab/MedCLIP-SAMv2/UDIAT4/train_images/neg_000027.png,A breast imaging study revealing no signs of benign or malignant tumors.,/home/woojye2020/decs_jupyter_lab/MedCLIP-SAMv2/UDIAT4/train_images/neg_000027.png,"A mammogram displaying a poorly defined, lobulated mass indicative of a malignant breast tumor."
/home/woojye2020/decs_jupyter_lab/MedCLIP-SAMv2/UDIAT4/train_images/000027.png,"A breast imaging study revealing an irregularly shaped, invasive mass likely representing a malignant breast tumor.",/home/woojye2020/decs_jupyter_lab/MedCLIP-SAMv2/UDIAT4/train_images/000027.png,A mammogram showing symmetrical breast tissue with no focal masses or clinical findings.
/home/woojye2020/decs_jupyter_lab/MedCLIP-SAMv2/UDIAT4/train_images/neg_000027.png,A mammogram showing symmetrical breast tissue with no focal masses or clinical findings.,/home/woojye2020/decs_jupyter_lab/MedCLIP-SAMv2/UDIAT4/train_images/neg_000027.png,"A breast imaging study revealing an irregularly shaped, invasive mass likely representing a malignant breast tumor."
/home/woojye2020/decs_jupyter_lab/MedCLIP-SAMv2/UDIAT4/train_images/000027.png,"A mammogram showing a dense, spiculated mass suggestive of a malignant breast tumor.",/home/woojye2020/decs_jupyter_lab/MedCLIP-SAMv2/UDIAT4/train_images/000027.png,A diagnostic mammogram displaying normal glandular tissue without any detectable lesions.
/home/woojye2020/decs_jupyter_lab/MedCLIP-SAMv2/UDIAT4/train_images/neg_000027.png,A diagnostic mammogram displaying normal glandular tissue without any detectable lesions.,/home/woojye2020/decs_jupyter_lab/MedCLIP-SAMv2/UDIAT4/train_images/neg_000027.png,"A mammogram showing a dense, spiculated mass suggestive of a malignant breast tumor."
/home/woojye2020/decs_jupyter_lab/MedCLIP-SAMv2/UDIAT4/train_images/000028.png,"A medical breast mammogram showing an irregularly shaped, spiculated mass suggestive of a malignant breast tumor.",/home/woojye2020/decs_jupyter_lab/MedCLIP-SAMv2/UDIAT4/train_images/000028.png,A medical breast mammogram showing normal breast tissue with no evidence of tumor.
/home/woojye2020/decs_jupyter_lab/MedCLIP-SAMv2/UDIAT4/train_images/neg_000028.png,A medical breast mammogram showing normal breast tissue with no evidence of tumor.,/home/woojye2020/decs_jupyter_lab/MedCLIP-SAMv2/UDIAT4/train_images/neg_000028.png,"A medical breast mammogram showing an irregularly shaped, spiculated mass suggestive of a malignant breast tumor."
/home/woojye2020/decs_jupyter_lab/MedCLIP-SAMv2/UDIAT4/train_images/000028.png,"A medical breast mammogram showing an irregular, spiculated mass suggestive of a malignant breast tumor.",/home/woojye2020/decs_jupyter_lab/MedCLIP-SAMv2/UDIAT4/train_images/000028.png,"A mammogram with no suspicious masses or malignant findings, indicating a normal scan."
/home/woojye2020/decs_jupyter_lab/MedCLIP-SAMv2/UDIAT4/train_images/neg_000028.png,"A mammogram with no suspicious masses or malignant findings, indicating a normal scan.",/home/woojye2020/decs_jupyter_lab/MedCLIP-SAMv2/UDIAT4/train_images/neg_000028.png,"A medical breast mammogram showing an irregular, spiculated mass suggestive of a malignant breast tumor."
/home/woojye2020/decs_jupyter_lab/MedCLIP-SAMv2/UDIAT4/train_images/000028.png,"A mammogram displaying a poorly defined, lobulated mass indicative of a malignant breast tumor.",/home/woojye2020/decs_jupyter_lab/MedCLIP-SAMv2/UDIAT4/train_images/000028.png,A breast imaging study revealing no signs of benign or malignant tumors.
/home/woojye2020/decs_jupyter_lab/MedCLIP-SAMv2/UDIAT4/train_images/neg_000028.png,A breast imaging study revealing no signs of benign or malignant tumors.,/home/woojye2020/decs_jupyter_lab/MedCLIP-SAMv2/UDIAT4/train_images/neg_000028.png,"A mammogram displaying a poorly defined, lobulated mass indicative of a malignant breast tumor."
/home/woojye2020/decs_jupyter_lab/MedCLIP-SAMv2/UDIAT4/train_images/000028.png,"A breast imaging study revealing an irregularly shaped, invasive mass likely representing a malignant breast tumor.",/home/woojye2020/decs_jupyter_lab/MedCLIP-SAMv2/UDIAT4/train_images/000028.png,A mammogram showing symmetrical breast tissue with no focal masses or clinical findings.
/home/woojye2020/decs_jupyter_lab/MedCLIP-SAMv2/UDIAT4/train_images/neg_000028.png,A mammogram showing symmetrical breast tissue with no focal masses or clinical findings.,/home/woojye2020/decs_jupyter_lab/MedCLIP-SAMv2/UDIAT4/train_images/neg_000028.png,"A breast imaging study revealing an irregularly shaped, invasive mass likely representing a malignant breast tumor."
/home/woojye2020/decs_jupyter_lab/MedCLIP-SAMv2/UDIAT4/train_images/000028.png,"A mammogram showing a dense, spiculated mass suggestive of a malignant breast tumor.",/home/woojye2020/decs_jupyter_lab/MedCLIP-SAMv2/UDIAT4/train_images/000028.png,A diagnostic mammogram displaying normal glandular tissue without any detectable lesions.
/home/woojye2020/decs_jupyter_lab/MedCLIP-SAMv2/UDIAT4/train_images/neg_000028.png,A diagnostic mammogram displaying normal glandular tissue without any detectable lesions.,/home/woojye2020/decs_jupyter_lab/MedCLIP-SAMv2/UDIAT4/train_images/neg_000028.png,"A mammogram showing a dense, spiculated mass suggestive of a malignant breast tumor."
/home/woojye2020/decs_jupyter_lab/MedCLIP-SAMv2/UDIAT4/train_images/000029.png,"A medical breast mammogram showing an irregularly shaped, spiculated mass suggestive of a malignant breast tumor.",/home/woojye2020/decs_jupyter_lab/MedCLIP-SAMv2/UDIAT4/train_images/000029.png,A medical breast mammogram showing normal breast tissue with no evidence of tumor.
/home/woojye2020/decs_jupyter_lab/MedCLIP-SAMv2/UDIAT4/train_images/neg_000029.png,A medical breast mammogram showing normal breast tissue with no evidence of tumor.,/home/woojye2020/decs_jupyter_lab/MedCLIP-SAMv2/UDIAT4/train_images/neg_000029.png,"A medical breast mammogram showing an irregularly shaped, spiculated mass suggestive of a malignant breast tumor."
/home/woojye2020/decs_jupyter_lab/MedCLIP-SAMv2/UDIAT4/train_images/000029.png,"A medical breast mammogram showing an irregular, spiculated mass suggestive of a malignant breast tumor.",/home/woojye2020/decs_jupyter_lab/MedCLIP-SAMv2/UDIAT4/train_images/000029.png,"A mammogram with no suspicious masses or malignant findings, indicating a normal scan."
/home/woojye2020/decs_jupyter_lab/MedCLIP-SAMv2/UDIAT4/train_images/neg_000029.png,"A mammogram with no suspicious masses or malignant findings, indicating a normal scan.",/home/woojye2020/decs_jupyter_lab/MedCLIP-SAMv2/UDIAT4/train_images/neg_000029.png,"A medical breast mammogram showing an irregular, spiculated mass suggestive of a malignant breast tumor."
/home/woojye2020/decs_jupyter_lab/MedCLIP-SAMv2/UDIAT4/train_images/000029.png,"A mammogram displaying a poorly defined, lobulated mass indicative of a malignant breast tumor.",/home/woojye2020/decs_jupyter_lab/MedCLIP-SAMv2/UDIAT4/train_images/000029.png,A breast imaging study revealing no signs of benign or malignant tumors.
/home/woojye2020/decs_jupyter_lab/MedCLIP-SAMv2/UDIAT4/train_images/neg_000029.png,A breast imaging study revealing no signs of benign or malignant tumors.,/home/woojye2020/decs_jupyter_lab/MedCLIP-SAMv2/UDIAT4/train_images/neg_000029.png,"A mammogram displaying a poorly defined, lobulated mass indicative of a malignant breast tumor."
/home/woojye2020/decs_jupyter_lab/MedCLIP-SAMv2/UDIAT4/train_images/000029.png,"A breast imaging study revealing an irregularly shaped, invasive mass likely representing a malignant breast tumor.",/home/woojye2020/decs_jupyter_lab/MedCLIP-SAMv2/UDIAT4/train_images/000029.png,A mammogram showing symmetrical breast tissue with no focal masses or clinical findings.
/home/woojye2020/decs_jupyter_lab/MedCLIP-SAMv2/UDIAT4/train_images/neg_000029.png,A mammogram showing symmetrical breast tissue with no focal masses or clinical findings.,/home/woojye2020/decs_jupyter_lab/MedCLIP-SAMv2/UDIAT4/train_images/neg_000029.png,"A breast imaging study revealing an irregularly shaped, invasive mass likely representing a malignant breast tumor."
/home/woojye2020/decs_jupyter_lab/MedCLIP-SAMv2/UDIAT4/train_images/000029.png,"A mammogram showing a dense, spiculated mass suggestive of a malignant breast tumor.",/home/woojye2020/decs_jupyter_lab/MedCLIP-SAMv2/UDIAT4/train_images/000029.png,A diagnostic mammogram displaying normal glandular tissue without any detectable lesions.
/home/woojye2020/decs_jupyter_lab/MedCLIP-SAMv2/UDIAT4/train_images/neg_000029.png,A diagnostic mammogram displaying normal glandular tissue without any detectable lesions.,/home/woojye2020/decs_jupyter_lab/MedCLIP-SAMv2/UDIAT4/train_images/neg_000029.png,"A mammogram showing a dense, spiculated mass suggestive of a malignant breast tumor."
/home/woojye2020/decs_jupyter_lab/MedCLIP-SAMv2/UDIAT4/train_images/000030.png,"A medical breast mammogram showing an irregularly shaped, spiculated mass suggestive of a malignant breast tumor.",/home/woojye2020/decs_jupyter_lab/MedCLIP-SAMv2/UDIAT4/train_images/000030.png,A medical breast mammogram showing normal breast tissue with no evidence of tumor.
/home/woojye2020/decs_jupyter_lab/MedCLIP-SAMv2/UDIAT4/train_images/neg_000030.png,A medical breast mammogram showing normal breast tissue with no evidence of tumor.,/home/woojye2020/decs_jupyter_lab/MedCLIP-SAMv2/UDIAT4/train_images/neg_000030.png,"A medical breast mammogram showing an irregularly shaped, spiculated mass suggestive of a malignant breast tumor."
/home/woojye2020/decs_jupyter_lab/MedCLIP-SAMv2/UDIAT4/train_images/000030.png,"A medical breast mammogram showing an irregular, spiculated mass suggestive of a malignant breast tumor.",/home/woojye2020/decs_jupyter_lab/MedCLIP-SAMv2/UDIAT4/train_images/000030.png,"A mammogram with no suspicious masses or malignant findings, indicating a normal scan."
/home/woojye2020/decs_jupyter_lab/MedCLIP-SAMv2/UDIAT4/train_images/neg_000030.png,"A mammogram with no suspicious masses or malignant findings, indicating a normal scan.",/home/woojye2020/decs_jupyter_lab/MedCLIP-SAMv2/UDIAT4/train_images/neg_000030.png,"A medical breast mammogram showing an irregular, spiculated mass suggestive of a malignant breast tumor."
/home/woojye2020/decs_jupyter_lab/MedCLIP-SAMv2/UDIAT4/train_images/000030.png,"A mammogram displaying a poorly defined, lobulated mass indicative of a malignant breast tumor.",/home/woojye2020/decs_jupyter_lab/MedCLIP-SAMv2/UDIAT4/train_images/000030.png,A breast imaging study revealing no signs of benign or malignant tumors.
/home/woojye2020/decs_jupyter_lab/MedCLIP-SAMv2/UDIAT4/train_images/neg_000030.png,A breast imaging study revealing no signs of benign or malignant tumors.,/home/woojye2020/decs_jupyter_lab/MedCLIP-SAMv2/UDIAT4/train_images/neg_000030.png,"A mammogram displaying a poorly defined, lobulated mass indicative of a malignant breast tumor."
/home/woojye2020/decs_jupyter_lab/MedCLIP-SAMv2/UDIAT4/train_images/000030.png,"A breast imaging study revealing an irregularly shaped, invasive mass likely representing a malignant breast tumor.",/home/woojye2020/decs_jupyter_lab/MedCLIP-SAMv2/UDIAT4/train_images/000030.png,A mammogram showing symmetrical breast tissue with no focal masses or clinical findings.
/home/woojye2020/decs_jupyter_lab/MedCLIP-SAMv2/UDIAT4/train_images/neg_000030.png,A mammogram showing symmetrical breast tissue with no focal masses or clinical findings.,/home/woojye2020/decs_jupyter_lab/MedCLIP-SAMv2/UDIAT4/train_images/neg_000030.png,"A breast imaging study revealing an irregularly shaped, invasive mass likely representing a malignant breast tumor."
/home/woojye2020/decs_jupyter_lab/MedCLIP-SAMv2/UDIAT4/train_images/000030.png,"A mammogram showing a dense, spiculated mass suggestive of a malignant breast tumor.",/home/woojye2020/decs_jupyter_lab/MedCLIP-SAMv2/UDIAT4/train_images/000030.png,A diagnostic mammogram displaying normal glandular tissue without any detectable lesions.
/home/woojye2020/decs_jupyter_lab/MedCLIP-SAMv2/UDIAT4/train_images/neg_000030.png,A diagnostic mammogram displaying normal glandular tissue without any detectable lesions.,/home/woojye2020/decs_jupyter_lab/MedCLIP-SAMv2/UDIAT4/train_images/neg_000030.png,"A mammogram showing a dense, spiculated mass suggestive of a malignant breast tumor."
/home/woojye2020/decs_jupyter_lab/MedCLIP-SAMv2/UDIAT4/train_images/000031.png,"A medical breast mammogram showing an irregularly shaped, spiculated mass suggestive of a malignant breast tumor.",/home/woojye2020/decs_jupyter_lab/MedCLIP-SAMv2/UDIAT4/train_images/000031.png,A medical breast mammogram showing normal breast tissue with no evidence of tumor.
/home/woojye2020/decs_jupyter_lab/MedCLIP-SAMv2/UDIAT4/train_images/neg_000031.png,A medical breast mammogram showing normal breast tissue with no evidence of tumor.,/home/woojye2020/decs_jupyter_lab/MedCLIP-SAMv2/UDIAT4/train_images/neg_000031.png,"A medical breast mammogram showing an irregularly shaped, spiculated mass suggestive of a malignant breast tumor."
/home/woojye2020/decs_jupyter_lab/MedCLIP-SAMv2/UDIAT4/train_images/000031.png,"A medical breast mammogram showing an irregular, spiculated mass suggestive of a malignant breast tumor.",/home/woojye2020/decs_jupyter_lab/MedCLIP-SAMv2/UDIAT4/train_images/000031.png,"A mammogram with no suspicious masses or malignant findings, indicating a normal scan."
/home/woojye2020/decs_jupyter_lab/MedCLIP-SAMv2/UDIAT4/train_images/neg_000031.png,"A mammogram with no suspicious masses or malignant findings, indicating a normal scan.",/home/woojye2020/decs_jupyter_lab/MedCLIP-SAMv2/UDIAT4/train_images/neg_000031.png,"A medical breast mammogram showing an irregular, spiculated mass suggestive of a malignant breast tumor."
/home/woojye2020/decs_jupyter_lab/MedCLIP-SAMv2/UDIAT4/train_images/000031.png,"A mammogram displaying a poorly defined, lobulated mass indicative of a malignant breast tumor.",/home/woojye2020/decs_jupyter_lab/MedCLIP-SAMv2/UDIAT4/train_images/000031.png,A breast imaging study revealing no signs of benign or malignant tumors.
/home/woojye2020/decs_jupyter_lab/MedCLIP-SAMv2/UDIAT4/train_images/neg_000031.png,A breast imaging study revealing no signs of benign or malignant tumors.,/home/woojye2020/decs_jupyter_lab/MedCLIP-SAMv2/UDIAT4/train_images/neg_000031.png,"A mammogram displaying a poorly defined, lobulated mass indicative of a malignant breast tumor."
/home/woojye2020/decs_jupyter_lab/MedCLIP-SAMv2/UDIAT4/train_images/000031.png,"A breast imaging study revealing an irregularly shaped, invasive mass likely representing a malignant breast tumor.",/home/woojye2020/decs_jupyter_lab/MedCLIP-SAMv2/UDIAT4/train_images/000031.png,A mammogram showing symmetrical breast tissue with no focal masses or clinical findings.
/home/woojye2020/decs_jupyter_lab/MedCLIP-SAMv2/UDIAT4/train_images/neg_000031.png,A mammogram showing symmetrical breast tissue with no focal masses or clinical findings.,/home/woojye2020/decs_jupyter_lab/MedCLIP-SAMv2/UDIAT4/train_images/neg_000031.png,"A breast imaging study revealing an irregularly shaped, invasive mass likely representing a malignant breast tumor."
/home/woojye2020/decs_jupyter_lab/MedCLIP-SAMv2/UDIAT4/train_images/000031.png,"A mammogram showing a dense, spiculated mass suggestive of a malignant breast tumor.",/home/woojye2020/decs_jupyter_lab/MedCLIP-SAMv2/UDIAT4/train_images/000031.png,A diagnostic mammogram displaying normal glandular tissue without any detectable lesions.
/home/woojye2020/decs_jupyter_lab/MedCLIP-SAMv2/UDIAT4/train_images/neg_000031.png,A diagnostic mammogram displaying normal glandular tissue without any detectable lesions.,/home/woojye2020/decs_jupyter_lab/MedCLIP-SAMv2/UDIAT4/train_images/neg_000031.png,"A mammogram showing a dense, spiculated mass suggestive of a malignant breast tumor."
/home/woojye2020/decs_jupyter_lab/MedCLIP-SAMv2/UDIAT4/train_images/000032.png,"A medical breast mammogram showing a well-defined, round mass suggestive of a benign breast tumor.",/home/woojye2020/decs_jupyter_lab/MedCLIP-SAMv2/UDIAT4/train_images/000032.png,A medical breast mammogram showing normal breast tissue with no evidence of tumor.
/home/woojye2020/decs_jupyter_lab/MedCLIP-SAMv2/UDIAT4/train_images/neg_000032.png,A medical breast mammogram showing normal breast tissue with no evidence of tumor.,/home/woojye2020/decs_jupyter_lab/MedCLIP-SAMv2/UDIAT4/train_images/neg_000032.png,"A medical breast mammogram showing a well-defined, round mass suggestive of a benign breast tumor."
/home/woojye2020/decs_jupyter_lab/MedCLIP-SAMv2/UDIAT4/train_images/000032.png,"A medical breast mammogram showing a smooth, well-circumscribed mass suggestive of a benign breast tumor.",/home/woojye2020/decs_jupyter_lab/MedCLIP-SAMv2/UDIAT4/train_images/000032.png,"A mammogram with no suspicious masses or malignant findings, indicating a normal scan."
/home/woojye2020/decs_jupyter_lab/MedCLIP-SAMv2/UDIAT4/train_images/neg_000032.png,"A mammogram with no suspicious masses or malignant findings, indicating a normal scan.",/home/woojye2020/decs_jupyter_lab/MedCLIP-SAMv2/UDIAT4/train_images/neg_000032.png,"A medical breast mammogram showing a smooth, well-circumscribed mass suggestive of a benign breast tumor."
/home/woojye2020/decs_jupyter_lab/MedCLIP-SAMv2/UDIAT4/train_images/000032.png,"A mammogram displaying a round, homogeneous mass indicative of a benign breast tumor.",/home/woojye2020/decs_jupyter_lab/MedCLIP-SAMv2/UDIAT4/train_images/000032.png,A breast imaging study revealing no signs of benign or malignant tumors.
/home/woojye2020/decs_jupyter_lab/MedCLIP-SAMv2/UDIAT4/train_images/neg_000032.png,A breast imaging study revealing no signs of benign or malignant tumors.,/home/woojye2020/decs_jupyter_lab/MedCLIP-SAMv2/UDIAT4/train_images/neg_000032.png,"A mammogram displaying a round, homogeneous mass indicative of a benign breast tumor."
/home/woojye2020/decs_jupyter_lab/MedCLIP-SAMv2/UDIAT4/train_images/000032.png,"A breast imaging study revealing a well-defined, encapsulated mass likely representing a benign breast tumor.",/home/woojye2020/decs_jupyter_lab/MedCLIP-SAMv2/UDIAT4/train_images/000032.png,A mammogram showing symmetrical breast tissue with no focal masses or clinical findings.
/home/woojye2020/decs_jupyter_lab/MedCLIP-SAMv2/UDIAT4/train_images/neg_000032.png,A mammogram showing symmetrical breast tissue with no focal masses or clinical findings.,/home/woojye2020/decs_jupyter_lab/MedCLIP-SAMv2/UDIAT4/train_images/neg_000032.png,"A breast imaging study revealing a well-defined, encapsulated mass likely representing a benign breast tumor."
/home/woojye2020/decs_jupyter_lab/MedCLIP-SAMv2/UDIAT4/train_images/000032.png,"A mammogram showing a sharply marginated, round mass suggestive of a benign breast tumor.",/home/woojye2020/decs_jupyter_lab/MedCLIP-SAMv2/UDIAT4/train_images/000032.png,A diagnostic mammogram displaying normal glandular tissue without any detectable lesions.
/home/woojye2020/decs_jupyter_lab/MedCLIP-SAMv2/UDIAT4/train_images/neg_000032.png,A diagnostic mammogram displaying normal glandular tissue without any detectable lesions.,/home/woojye2020/decs_jupyter_lab/MedCLIP-SAMv2/UDIAT4/train_images/neg_000032.png,"A mammogram showing a sharply marginated, round mass suggestive of a benign breast tumor."
/home/woojye2020/decs_jupyter_lab/MedCLIP-SAMv2/UDIAT4/train_images/000033.png,"A medical breast mammogram showing a well-defined, round mass suggestive of a benign breast tumor.",/home/woojye2020/decs_jupyter_lab/MedCLIP-SAMv2/UDIAT4/train_images/000033.png,A medical breast mammogram showing normal breast tissue with no evidence of tumor.
/home/woojye2020/decs_jupyter_lab/MedCLIP-SAMv2/UDIAT4/train_images/neg_000033.png,A medical breast mammogram showing normal breast tissue with no evidence of tumor.,/home/woojye2020/decs_jupyter_lab/MedCLIP-SAMv2/UDIAT4/train_images/neg_000033.png,"A medical breast mammogram showing a well-defined, round mass suggestive of a benign breast tumor."
/home/woojye2020/decs_jupyter_lab/MedCLIP-SAMv2/UDIAT4/train_images/000033.png,"A medical breast mammogram showing a smooth, well-circumscribed mass suggestive of a benign breast tumor.",/home/woojye2020/decs_jupyter_lab/MedCLIP-SAMv2/UDIAT4/train_images/000033.png,"A mammogram with no suspicious masses or malignant findings, indicating a normal scan."
/home/woojye2020/decs_jupyter_lab/MedCLIP-SAMv2/UDIAT4/train_images/neg_000033.png,"A mammogram with no suspicious masses or malignant findings, indicating a normal scan.",/home/woojye2020/decs_jupyter_lab/MedCLIP-SAMv2/UDIAT4/train_images/neg_000033.png,"A medical breast mammogram showing a smooth, well-circumscribed mass suggestive of a benign breast tumor."
/home/woojye2020/decs_jupyter_lab/MedCLIP-SAMv2/UDIAT4/train_images/000033.png,"A mammogram displaying a round, homogeneous mass indicative of a benign breast tumor.",/home/woojye2020/decs_jupyter_lab/MedCLIP-SAMv2/UDIAT4/train_images/000033.png,A breast imaging study revealing no signs of benign or malignant tumors.
/home/woojye2020/decs_jupyter_lab/MedCLIP-SAMv2/UDIAT4/train_images/neg_000033.png,A breast imaging study revealing no signs of benign or malignant tumors.,/home/woojye2020/decs_jupyter_lab/MedCLIP-SAMv2/UDIAT4/train_images/neg_000033.png,"A mammogram displaying a round, homogeneous mass indicative of a benign breast tumor."
/home/woojye2020/decs_jupyter_lab/MedCLIP-SAMv2/UDIAT4/train_images/000033.png,"A breast imaging study revealing a well-defined, encapsulated mass likely representing a benign breast tumor.",/home/woojye2020/decs_jupyter_lab/MedCLIP-SAMv2/UDIAT4/train_images/000033.png,A mammogram showing symmetrical breast tissue with no focal masses or clinical findings.
/home/woojye2020/decs_jupyter_lab/MedCLIP-SAMv2/UDIAT4/train_images/neg_000033.png,A mammogram showing symmetrical breast tissue with no focal masses or clinical findings.,/home/woojye2020/decs_jupyter_lab/MedCLIP-SAMv2/UDIAT4/train_images/neg_000033.png,"A breast imaging study revealing a well-defined, encapsulated mass likely representing a benign breast tumor."
/home/woojye2020/decs_jupyter_lab/MedCLIP-SAMv2/UDIAT4/train_images/000033.png,"A mammogram showing a sharply marginated, round mass suggestive of a benign breast tumor.",/home/woojye2020/decs_jupyter_lab/MedCLIP-SAMv2/UDIAT4/train_images/000033.png,A diagnostic mammogram displaying normal glandular tissue without any detectable lesions.
/home/woojye2020/decs_jupyter_lab/MedCLIP-SAMv2/UDIAT4/train_images/neg_000033.png,A diagnostic mammogram displaying normal glandular tissue without any detectable lesions.,/home/woojye2020/decs_jupyter_lab/MedCLIP-SAMv2/UDIAT4/train_images/neg_000033.png,"A mammogram showing a sharply marginated, round mass suggestive of a benign breast tumor."
/home/woojye2020/decs_jupyter_lab/MedCLIP-SAMv2/UDIAT4/train_images/000034.png,"A medical breast mammogram showing a well-defined, round mass suggestive of a benign breast tumor.",/home/woojye2020/decs_jupyter_lab/MedCLIP-SAMv2/UDIAT4/train_images/000034.png,A medical breast mammogram showing normal breast tissue with no evidence of tumor.
/home/woojye2020/decs_jupyter_lab/MedCLIP-SAMv2/UDIAT4/train_images/neg_000034.png,A medical breast mammogram showing normal breast tissue with no evidence of tumor.,/home/woojye2020/decs_jupyter_lab/MedCLIP-SAMv2/UDIAT4/train_images/neg_000034.png,"A medical breast mammogram showing a well-defined, round mass suggestive of a benign breast tumor."
/home/woojye2020/decs_jupyter_lab/MedCLIP-SAMv2/UDIAT4/train_images/000034.png,"A medical breast mammogram showing a smooth, well-circumscribed mass suggestive of a benign breast tumor.",/home/woojye2020/decs_jupyter_lab/MedCLIP-SAMv2/UDIAT4/train_images/000034.png,"A mammogram with no suspicious masses or malignant findings, indicating a normal scan."
/home/woojye2020/decs_jupyter_lab/MedCLIP-SAMv2/UDIAT4/train_images/neg_000034.png,"A mammogram with no suspicious masses or malignant findings, indicating a normal scan.",/home/woojye2020/decs_jupyter_lab/MedCLIP-SAMv2/UDIAT4/train_images/neg_000034.png,"A medical breast mammogram showing a smooth, well-circumscribed mass suggestive of a benign breast tumor."
/home/woojye2020/decs_jupyter_lab/MedCLIP-SAMv2/UDIAT4/train_images/000034.png,"A mammogram displaying a round, homogeneous mass indicative of a benign breast tumor.",/home/woojye2020/decs_jupyter_lab/MedCLIP-SAMv2/UDIAT4/train_images/000034.png,A breast imaging study revealing no signs of benign or malignant tumors.
/home/woojye2020/decs_jupyter_lab/MedCLIP-SAMv2/UDIAT4/train_images/neg_000034.png,A breast imaging study revealing no signs of benign or malignant tumors.,/home/woojye2020/decs_jupyter_lab/MedCLIP-SAMv2/UDIAT4/train_images/neg_000034.png,"A mammogram displaying a round, homogeneous mass indicative of a benign breast tumor."
/home/woojye2020/decs_jupyter_lab/MedCLIP-SAMv2/UDIAT4/train_images/000034.png,"A breast imaging study revealing a well-defined, encapsulated mass likely representing a benign breast tumor.",/home/woojye2020/decs_jupyter_lab/MedCLIP-SAMv2/UDIAT4/train_images/000034.png,A mammogram showing symmetrical breast tissue with no focal masses or clinical findings.
/home/woojye2020/decs_jupyter_lab/MedCLIP-SAMv2/UDIAT4/train_images/neg_000034.png,A mammogram showing symmetrical breast tissue with no focal masses or clinical findings.,/home/woojye2020/decs_jupyter_lab/MedCLIP-SAMv2/UDIAT4/train_images/neg_000034.png,"A breast imaging study revealing a well-defined, encapsulated mass likely representing a benign breast tumor."
/home/woojye2020/decs_jupyter_lab/MedCLIP-SAMv2/UDIAT4/train_images/000034.png,"A mammogram showing a sharply marginated, round mass suggestive of a benign breast tumor.",/home/woojye2020/decs_jupyter_lab/MedCLIP-SAMv2/UDIAT4/train_images/000034.png,A diagnostic mammogram displaying normal glandular tissue without any detectable lesions.
/home/woojye2020/decs_jupyter_lab/MedCLIP-SAMv2/UDIAT4/train_images/neg_000034.png,A diagnostic mammogram displaying normal glandular tissue without any detectable lesions.,/home/woojye2020/decs_jupyter_lab/MedCLIP-SAMv2/UDIAT4/train_images/neg_000034.png,"A mammogram showing a sharply marginated, round mass suggestive of a benign breast tumor."
/home/woojye2020/decs_jupyter_lab/MedCLIP-SAMv2/UDIAT4/train_images/000035.png,"A medical breast mammogram showing a well-defined, round mass suggestive of a benign breast tumor.",/home/woojye2020/decs_jupyter_lab/MedCLIP-SAMv2/UDIAT4/train_images/000035.png,A medical breast mammogram showing normal breast tissue with no evidence of tumor.
/home/woojye2020/decs_jupyter_lab/MedCLIP-SAMv2/UDIAT4/train_images/neg_000035.png,A medical breast mammogram showing normal breast tissue with no evidence of tumor.,/home/woojye2020/decs_jupyter_lab/MedCLIP-SAMv2/UDIAT4/train_images/neg_000035.png,"A medical breast mammogram showing a well-defined, round mass suggestive of a benign breast tumor."
/home/woojye2020/decs_jupyter_lab/MedCLIP-SAMv2/UDIAT4/train_images/000035.png,"A medical breast mammogram showing a smooth, well-circumscribed mass suggestive of a benign breast tumor.",/home/woojye2020/decs_jupyter_lab/MedCLIP-SAMv2/UDIAT4/train_images/000035.png,"A mammogram with no suspicious masses or malignant findings, indicating a normal scan."
/home/woojye2020/decs_jupyter_lab/MedCLIP-SAMv2/UDIAT4/train_images/neg_000035.png,"A mammogram with no suspicious masses or malignant findings, indicating a normal scan.",/home/woojye2020/decs_jupyter_lab/MedCLIP-SAMv2/UDIAT4/train_images/neg_000035.png,"A medical breast mammogram showing a smooth, well-circumscribed mass suggestive of a benign breast tumor."
/home/woojye2020/decs_jupyter_lab/MedCLIP-SAMv2/UDIAT4/train_images/000035.png,"A mammogram displaying a round, homogeneous mass indicative of a benign breast tumor.",/home/woojye2020/decs_jupyter_lab/MedCLIP-SAMv2/UDIAT4/train_images/000035.png,A breast imaging study revealing no signs of benign or malignant tumors.
/home/woojye2020/decs_jupyter_lab/MedCLIP-SAMv2/UDIAT4/train_images/neg_000035.png,A breast imaging study revealing no signs of benign or malignant tumors.,/home/woojye2020/decs_jupyter_lab/MedCLIP-SAMv2/UDIAT4/train_images/neg_000035.png,"A mammogram displaying a round, homogeneous mass indicative of a benign breast tumor."
/home/woojye2020/decs_jupyter_lab/MedCLIP-SAMv2/UDIAT4/train_images/000035.png,"A breast imaging study revealing a well-defined, encapsulated mass likely representing a benign breast tumor.",/home/woojye2020/decs_jupyter_lab/MedCLIP-SAMv2/UDIAT4/train_images/000035.png,A mammogram showing symmetrical breast tissue with no focal masses or clinical findings.
/home/woojye2020/decs_jupyter_lab/MedCLIP-SAMv2/UDIAT4/train_images/neg_000035.png,A mammogram showing symmetrical breast tissue with no focal masses or clinical findings.,/home/woojye2020/decs_jupyter_lab/MedCLIP-SAMv2/UDIAT4/train_images/neg_000035.png,"A breast imaging study revealing a well-defined, encapsulated mass likely representing a benign breast tumor."
/home/woojye2020/decs_jupyter_lab/MedCLIP-SAMv2/UDIAT4/train_images/000035.png,"A mammogram showing a sharply marginated, round mass suggestive of a benign breast tumor.",/home/woojye2020/decs_jupyter_lab/MedCLIP-SAMv2/UDIAT4/train_images/000035.png,A diagnostic mammogram displaying normal glandular tissue without any detectable lesions.
/home/woojye2020/decs_jupyter_lab/MedCLIP-SAMv2/UDIAT4/train_images/neg_000035.png,A diagnostic mammogram displaying normal glandular tissue without any detectable lesions.,/home/woojye2020/decs_jupyter_lab/MedCLIP-SAMv2/UDIAT4/train_images/neg_000035.png,"A mammogram showing a sharply marginated, round mass suggestive of a benign breast tumor."
/home/woojye2020/decs_jupyter_lab/MedCLIP-SAMv2/UDIAT4/train_images/000036.png,"A medical breast mammogram showing a well-defined, round mass suggestive of a benign breast tumor.",/home/woojye2020/decs_jupyter_lab/MedCLIP-SAMv2/UDIAT4/train_images/000036.png,A medical breast mammogram showing normal breast tissue with no evidence of tumor.
/home/woojye2020/decs_jupyter_lab/MedCLIP-SAMv2/UDIAT4/train_images/neg_000036.png,A medical breast mammogram showing normal breast tissue with no evidence of tumor.,/home/woojye2020/decs_jupyter_lab/MedCLIP-SAMv2/UDIAT4/train_images/neg_000036.png,"A medical breast mammogram showing a well-defined, round mass suggestive of a benign breast tumor."
/home/woojye2020/decs_jupyter_lab/MedCLIP-SAMv2/UDIAT4/train_images/000036.png,"A medical breast mammogram showing a smooth, well-circumscribed mass suggestive of a benign breast tumor.",/home/woojye2020/decs_jupyter_lab/MedCLIP-SAMv2/UDIAT4/train_images/000036.png,"A mammogram with no suspicious masses or malignant findings, indicating a normal scan."
/home/woojye2020/decs_jupyter_lab/MedCLIP-SAMv2/UDIAT4/train_images/neg_000036.png,"A mammogram with no suspicious masses or malignant findings, indicating a normal scan.",/home/woojye2020/decs_jupyter_lab/MedCLIP-SAMv2/UDIAT4/train_images/neg_000036.png,"A medical breast mammogram showing a smooth, well-circumscribed mass suggestive of a benign breast tumor."
/home/woojye2020/decs_jupyter_lab/MedCLIP-SAMv2/UDIAT4/train_images/000036.png,"A mammogram displaying a round, homogeneous mass indicative of a benign breast tumor.",/home/woojye2020/decs_jupyter_lab/MedCLIP-SAMv2/UDIAT4/train_images/000036.png,A breast imaging study revealing no signs of benign or malignant tumors.
/home/woojye2020/decs_jupyter_lab/MedCLIP-SAMv2/UDIAT4/train_images/neg_000036.png,A breast imaging study revealing no signs of benign or malignant tumors.,/home/woojye2020/decs_jupyter_lab/MedCLIP-SAMv2/UDIAT4/train_images/neg_000036.png,"A mammogram displaying a round, homogeneous mass indicative of a benign breast tumor."
/home/woojye2020/decs_jupyter_lab/MedCLIP-SAMv2/UDIAT4/train_images/000036.png,"A breast imaging study revealing a well-defined, encapsulated mass likely representing a benign breast tumor.",/home/woojye2020/decs_jupyter_lab/MedCLIP-SAMv2/UDIAT4/train_images/000036.png,A mammogram showing symmetrical breast tissue with no focal masses or clinical findings.
/home/woojye2020/decs_jupyter_lab/MedCLIP-SAMv2/UDIAT4/train_images/neg_000036.png,A mammogram showing symmetrical breast tissue with no focal masses or clinical findings.,/home/woojye2020/decs_jupyter_lab/MedCLIP-SAMv2/UDIAT4/train_images/neg_000036.png,"A breast imaging study revealing a well-defined, encapsulated mass likely representing a benign breast tumor."
/home/woojye2020/decs_jupyter_lab/MedCLIP-SAMv2/UDIAT4/train_images/000036.png,"A mammogram showing a sharply marginated, round mass suggestive of a benign breast tumor.",/home/woojye2020/decs_jupyter_lab/MedCLIP-SAMv2/UDIAT4/train_images/000036.png,A diagnostic mammogram displaying normal glandular tissue without any detectable lesions.
/home/woojye2020/decs_jupyter_lab/MedCLIP-SAMv2/UDIAT4/train_images/neg_000036.png,A diagnostic mammogram displaying normal glandular tissue without any detectable lesions.,/home/woojye2020/decs_jupyter_lab/MedCLIP-SAMv2/UDIAT4/train_images/neg_000036.png,"A mammogram showing a sharply marginated, round mass suggestive of a benign breast tumor."
/home/woojye2020/decs_jupyter_lab/MedCLIP-SAMv2/UDIAT4/train_images/000037.png,"A medical breast mammogram showing a well-defined, round mass suggestive of a benign breast tumor.",/home/woojye2020/decs_jupyter_lab/MedCLIP-SAMv2/UDIAT4/train_images/000037.png,A medical breast mammogram showing normal breast tissue with no evidence of tumor.
/home/woojye2020/decs_jupyter_lab/MedCLIP-SAMv2/UDIAT4/train_images/neg_000037.png,A medical breast mammogram showing normal breast tissue with no evidence of tumor.,/home/woojye2020/decs_jupyter_lab/MedCLIP-SAMv2/UDIAT4/train_images/neg_000037.png,"A medical breast mammogram showing a well-defined, round mass suggestive of a benign breast tumor."
/home/woojye2020/decs_jupyter_lab/MedCLIP-SAMv2/UDIAT4/train_images/000037.png,"A medical breast mammogram showing a smooth, well-circumscribed mass suggestive of a benign breast tumor.",/home/woojye2020/decs_jupyter_lab/MedCLIP-SAMv2/UDIAT4/train_images/000037.png,"A mammogram with no suspicious masses or malignant findings, indicating a normal scan."
/home/woojye2020/decs_jupyter_lab/MedCLIP-SAMv2/UDIAT4/train_images/neg_000037.png,"A mammogram with no suspicious masses or malignant findings, indicating a normal scan.",/home/woojye2020/decs_jupyter_lab/MedCLIP-SAMv2/UDIAT4/train_images/neg_000037.png,"A medical breast mammogram showing a smooth, well-circumscribed mass suggestive of a benign breast tumor."
/home/woojye2020/decs_jupyter_lab/MedCLIP-SAMv2/UDIAT4/train_images/000037.png,"A mammogram displaying a round, homogeneous mass indicative of a benign breast tumor.",/home/woojye2020/decs_jupyter_lab/MedCLIP-SAMv2/UDIAT4/train_images/000037.png,A breast imaging study revealing no signs of benign or malignant tumors.
/home/woojye2020/decs_jupyter_lab/MedCLIP-SAMv2/UDIAT4/train_images/neg_000037.png,A breast imaging study revealing no signs of benign or malignant tumors.,/home/woojye2020/decs_jupyter_lab/MedCLIP-SAMv2/UDIAT4/train_images/neg_000037.png,"A mammogram displaying a round, homogeneous mass indicative of a benign breast tumor."
/home/woojye2020/decs_jupyter_lab/MedCLIP-SAMv2/UDIAT4/train_images/000037.png,"A breast imaging study revealing a well-defined, encapsulated mass likely representing a benign breast tumor.",/home/woojye2020/decs_jupyter_lab/MedCLIP-SAMv2/UDIAT4/train_images/000037.png,A mammogram showing symmetrical breast tissue with no focal masses or clinical findings.
/home/woojye2020/decs_jupyter_lab/MedCLIP-SAMv2/UDIAT4/train_images/neg_000037.png,A mammogram showing symmetrical breast tissue with no focal masses or clinical findings.,/home/woojye2020/decs_jupyter_lab/MedCLIP-SAMv2/UDIAT4/train_images/neg_000037.png,"A breast imaging study revealing a well-defined, encapsulated mass likely representing a benign breast tumor."
/home/woojye2020/decs_jupyter_lab/MedCLIP-SAMv2/UDIAT4/train_images/000037.png,"A mammogram showing a sharply marginated, round mass suggestive of a benign breast tumor.",/home/woojye2020/decs_jupyter_lab/MedCLIP-SAMv2/UDIAT4/train_images/000037.png,A diagnostic mammogram displaying normal glandular tissue without any detectable lesions.
/home/woojye2020/decs_jupyter_lab/MedCLIP-SAMv2/UDIAT4/train_images/neg_000037.png,A diagnostic mammogram displaying normal glandular tissue without any detectable lesions.,/home/woojye2020/decs_jupyter_lab/MedCLIP-SAMv2/UDIAT4/train_images/neg_000037.png,"A mammogram showing a sharply marginated, round mass suggestive of a benign breast tumor."
/home/woojye2020/decs_jupyter_lab/MedCLIP-SAMv2/UDIAT4/train_images/000039.png,"A medical breast mammogram showing a well-defined, round mass suggestive of a benign breast tumor.",/home/woojye2020/decs_jupyter_lab/MedCLIP-SAMv2/UDIAT4/train_images/000039.png,A medical breast mammogram showing normal breast tissue with no evidence of tumor.
/home/woojye2020/decs_jupyter_lab/MedCLIP-SAMv2/UDIAT4/train_images/neg_000039.png,A medical breast mammogram showing normal breast tissue with no evidence of tumor.,/home/woojye2020/decs_jupyter_lab/MedCLIP-SAMv2/UDIAT4/train_images/neg_000039.png,"A medical breast mammogram showing a well-defined, round mass suggestive of a benign breast tumor."
/home/woojye2020/decs_jupyter_lab/MedCLIP-SAMv2/UDIAT4/train_images/000039.png,"A medical breast mammogram showing a smooth, well-circumscribed mass suggestive of a benign breast tumor.",/home/woojye2020/decs_jupyter_lab/MedCLIP-SAMv2/UDIAT4/train_images/000039.png,"A mammogram with no suspicious masses or malignant findings, indicating a normal scan."
/home/woojye2020/decs_jupyter_lab/MedCLIP-SAMv2/UDIAT4/train_images/neg_000039.png,"A mammogram with no suspicious masses or malignant findings, indicating a normal scan.",/home/woojye2020/decs_jupyter_lab/MedCLIP-SAMv2/UDIAT4/train_images/neg_000039.png,"A medical breast mammogram showing a smooth, well-circumscribed mass suggestive of a benign breast tumor."
/home/woojye2020/decs_jupyter_lab/MedCLIP-SAMv2/UDIAT4/train_images/000039.png,"A mammogram displaying a round, homogeneous mass indicative of a benign breast tumor.",/home/woojye2020/decs_jupyter_lab/MedCLIP-SAMv2/UDIAT4/train_images/000039.png,A breast imaging study revealing no signs of benign or malignant tumors.
/home/woojye2020/decs_jupyter_lab/MedCLIP-SAMv2/UDIAT4/train_images/neg_000039.png,A breast imaging study revealing no signs of benign or malignant tumors.,/home/woojye2020/decs_jupyter_lab/MedCLIP-SAMv2/UDIAT4/train_images/neg_000039.png,"A mammogram displaying a round, homogeneous mass indicative of a benign breast tumor."
/home/woojye2020/decs_jupyter_lab/MedCLIP-SAMv2/UDIAT4/train_images/000039.png,"A breast imaging study revealing a well-defined, encapsulated mass likely representing a benign breast tumor.",/home/woojye2020/decs_jupyter_lab/MedCLIP-SAMv2/UDIAT4/train_images/000039.png,A mammogram showing symmetrical breast tissue with no focal masses or clinical findings.
/home/woojye2020/decs_jupyter_lab/MedCLIP-SAMv2/UDIAT4/train_images/neg_000039.png,A mammogram showing symmetrical breast tissue with no focal masses or clinical findings.,/home/woojye2020/decs_jupyter_lab/MedCLIP-SAMv2/UDIAT4/train_images/neg_000039.png,"A breast imaging study revealing a well-defined, encapsulated mass likely representing a benign breast tumor."
/home/woojye2020/decs_jupyter_lab/MedCLIP-SAMv2/UDIAT4/train_images/000039.png,"A mammogram showing a sharply marginated, round mass suggestive of a benign breast tumor.",/home/woojye2020/decs_jupyter_lab/MedCLIP-SAMv2/UDIAT4/train_images/000039.png,A diagnostic mammogram displaying normal glandular tissue without any detectable lesions.
/home/woojye2020/decs_jupyter_lab/MedCLIP-SAMv2/UDIAT4/train_images/neg_000039.png,A diagnostic mammogram displaying normal glandular tissue without any detectable lesions.,/home/woojye2020/decs_jupyter_lab/MedCLIP-SAMv2/UDIAT4/train_images/neg_000039.png,"A mammogram showing a sharply marginated, round mass suggestive of a benign breast tumor."
/home/woojye2020/decs_jupyter_lab/MedCLIP-SAMv2/UDIAT4/train_images/000040.png,"A medical breast mammogram showing a well-defined, round mass suggestive of a benign breast tumor.",/home/woojye2020/decs_jupyter_lab/MedCLIP-SAMv2/UDIAT4/train_images/000040.png,A medical breast mammogram showing normal breast tissue with no evidence of tumor.
/home/woojye2020/decs_jupyter_lab/MedCLIP-SAMv2/UDIAT4/train_images/neg_000040.png,A medical breast mammogram showing normal breast tissue with no evidence of tumor.,/home/woojye2020/decs_jupyter_lab/MedCLIP-SAMv2/UDIAT4/train_images/neg_000040.png,"A medical breast mammogram showing a well-defined, round mass suggestive of a benign breast tumor."
/home/woojye2020/decs_jupyter_lab/MedCLIP-SAMv2/UDIAT4/train_images/000040.png,"A medical breast mammogram showing a smooth, well-circumscribed mass suggestive of a benign breast tumor.",/home/woojye2020/decs_jupyter_lab/MedCLIP-SAMv2/UDIAT4/train_images/000040.png,"A mammogram with no suspicious masses or malignant findings, indicating a normal scan."
/home/woojye2020/decs_jupyter_lab/MedCLIP-SAMv2/UDIAT4/train_images/neg_000040.png,"A mammogram with no suspicious masses or malignant findings, indicating a normal scan.",/home/woojye2020/decs_jupyter_lab/MedCLIP-SAMv2/UDIAT4/train_images/neg_000040.png,"A medical breast mammogram showing a smooth, well-circumscribed mass suggestive of a benign breast tumor."
/home/woojye2020/decs_jupyter_lab/MedCLIP-SAMv2/UDIAT4/train_images/000040.png,"A mammogram displaying a round, homogeneous mass indicative of a benign breast tumor.",/home/woojye2020/decs_jupyter_lab/MedCLIP-SAMv2/UDIAT4/train_images/000040.png,A breast imaging study revealing no signs of benign or malignant tumors.
/home/woojye2020/decs_jupyter_lab/MedCLIP-SAMv2/UDIAT4/train_images/neg_000040.png,A breast imaging study revealing no signs of benign or malignant tumors.,/home/woojye2020/decs_jupyter_lab/MedCLIP-SAMv2/UDIAT4/train_images/neg_000040.png,"A mammogram displaying a round, homogeneous mass indicative of a benign breast tumor."
/home/woojye2020/decs_jupyter_lab/MedCLIP-SAMv2/UDIAT4/train_images/000040.png,"A breast imaging study revealing a well-defined, encapsulated mass likely representing a benign breast tumor.",/home/woojye2020/decs_jupyter_lab/MedCLIP-SAMv2/UDIAT4/train_images/000040.png,A mammogram showing symmetrical breast tissue with no focal masses or clinical findings.
/home/woojye2020/decs_jupyter_lab/MedCLIP-SAMv2/UDIAT4/train_images/neg_000040.png,A mammogram showing symmetrical breast tissue with no focal masses or clinical findings.,/home/woojye2020/decs_jupyter_lab/MedCLIP-SAMv2/UDIAT4/train_images/neg_000040.png,"A breast imaging study revealing a well-defined, encapsulated mass likely representing a benign breast tumor."
/home/woojye2020/decs_jupyter_lab/MedCLIP-SAMv2/UDIAT4/train_images/000040.png,"A mammogram showing a sharply marginated, round mass suggestive of a benign breast tumor.",/home/woojye2020/decs_jupyter_lab/MedCLIP-SAMv2/UDIAT4/train_images/000040.png,A diagnostic mammogram displaying normal glandular tissue without any detectable lesions.
/home/woojye2020/decs_jupyter_lab/MedCLIP-SAMv2/UDIAT4/train_images/neg_000040.png,A diagnostic mammogram displaying normal glandular tissue without any detectable lesions.,/home/woojye2020/decs_jupyter_lab/MedCLIP-SAMv2/UDIAT4/train_images/neg_000040.png,"A mammogram showing a sharply marginated, round mass suggestive of a benign breast tumor."
/home/woojye2020/decs_jupyter_lab/MedCLIP-SAMv2/UDIAT4/train_images/000041.png,"A medical breast mammogram showing an irregularly shaped, spiculated mass suggestive of a malignant breast tumor.",/home/woojye2020/decs_jupyter_lab/MedCLIP-SAMv2/UDIAT4/train_images/000041.png,A medical breast mammogram showing normal breast tissue with no evidence of tumor.
/home/woojye2020/decs_jupyter_lab/MedCLIP-SAMv2/UDIAT4/train_images/neg_000041.png,A medical breast mammogram showing normal breast tissue with no evidence of tumor.,/home/woojye2020/decs_jupyter_lab/MedCLIP-SAMv2/UDIAT4/train_images/neg_000041.png,"A medical breast mammogram showing an irregularly shaped, spiculated mass suggestive of a malignant breast tumor."
/home/woojye2020/decs_jupyter_lab/MedCLIP-SAMv2/UDIAT4/train_images/000041.png,"A medical breast mammogram showing an irregular, spiculated mass suggestive of a malignant breast tumor.",/home/woojye2020/decs_jupyter_lab/MedCLIP-SAMv2/UDIAT4/train_images/000041.png,"A mammogram with no suspicious masses or malignant findings, indicating a normal scan."
/home/woojye2020/decs_jupyter_lab/MedCLIP-SAMv2/UDIAT4/train_images/neg_000041.png,"A mammogram with no suspicious masses or malignant findings, indicating a normal scan.",/home/woojye2020/decs_jupyter_lab/MedCLIP-SAMv2/UDIAT4/train_images/neg_000041.png,"A medical breast mammogram showing an irregular, spiculated mass suggestive of a malignant breast tumor."
/home/woojye2020/decs_jupyter_lab/MedCLIP-SAMv2/UDIAT4/train_images/000041.png,"A mammogram displaying a poorly defined, lobulated mass indicative of a malignant breast tumor.",/home/woojye2020/decs_jupyter_lab/MedCLIP-SAMv2/UDIAT4/train_images/000041.png,A breast imaging study revealing no signs of benign or malignant tumors.
/home/woojye2020/decs_jupyter_lab/MedCLIP-SAMv2/UDIAT4/train_images/neg_000041.png,A breast imaging study revealing no signs of benign or malignant tumors.,/home/woojye2020/decs_jupyter_lab/MedCLIP-SAMv2/UDIAT4/train_images/neg_000041.png,"A mammogram displaying a poorly defined, lobulated mass indicative of a malignant breast tumor."
/home/woojye2020/decs_jupyter_lab/MedCLIP-SAMv2/UDIAT4/train_images/000041.png,"A breast imaging study revealing an irregularly shaped, invasive mass likely representing a malignant breast tumor.",/home/woojye2020/decs_jupyter_lab/MedCLIP-SAMv2/UDIAT4/train_images/000041.png,A mammogram showing symmetrical breast tissue with no focal masses or clinical findings.
/home/woojye2020/decs_jupyter_lab/MedCLIP-SAMv2/UDIAT4/train_images/neg_000041.png,A mammogram showing symmetrical breast tissue with no focal masses or clinical findings.,/home/woojye2020/decs_jupyter_lab/MedCLIP-SAMv2/UDIAT4/train_images/neg_000041.png,"A breast imaging study revealing an irregularly shaped, invasive mass likely representing a malignant breast tumor."
/home/woojye2020/decs_jupyter_lab/MedCLIP-SAMv2/UDIAT4/train_images/000041.png,"A mammogram showing a dense, spiculated mass suggestive of a malignant breast tumor.",/home/woojye2020/decs_jupyter_lab/MedCLIP-SAMv2/UDIAT4/train_images/000041.png,A diagnostic mammogram displaying normal glandular tissue without any detectable lesions.
/home/woojye2020/decs_jupyter_lab/MedCLIP-SAMv2/UDIAT4/train_images/neg_000041.png,A diagnostic mammogram displaying normal glandular tissue without any detectable lesions.,/home/woojye2020/decs_jupyter_lab/MedCLIP-SAMv2/UDIAT4/train_images/neg_000041.png,"A mammogram showing a dense, spiculated mass suggestive of a malignant breast tumor."
/home/woojye2020/decs_jupyter_lab/MedCLIP-SAMv2/UDIAT4/train_images/000042.png,"A medical breast mammogram showing a well-defined, round mass suggestive of a benign breast tumor.",/home/woojye2020/decs_jupyter_lab/MedCLIP-SAMv2/UDIAT4/train_images/000042.png,A medical breast mammogram showing normal breast tissue with no evidence of tumor.
/home/woojye2020/decs_jupyter_lab/MedCLIP-SAMv2/UDIAT4/train_images/neg_000042.png,A medical breast mammogram showing normal breast tissue with no evidence of tumor.,/home/woojye2020/decs_jupyter_lab/MedCLIP-SAMv2/UDIAT4/train_images/neg_000042.png,"A medical breast mammogram showing a well-defined, round mass suggestive of a benign breast tumor."
/home/woojye2020/decs_jupyter_lab/MedCLIP-SAMv2/UDIAT4/train_images/000042.png,"A medical breast mammogram showing a smooth, well-circumscribed mass suggestive of a benign breast tumor.",/home/woojye2020/decs_jupyter_lab/MedCLIP-SAMv2/UDIAT4/train_images/000042.png,"A mammogram with no suspicious masses or malignant findings, indicating a normal scan."
/home/woojye2020/decs_jupyter_lab/MedCLIP-SAMv2/UDIAT4/train_images/neg_000042.png,"A mammogram with no suspicious masses or malignant findings, indicating a normal scan.",/home/woojye2020/decs_jupyter_lab/MedCLIP-SAMv2/UDIAT4/train_images/neg_000042.png,"A medical breast mammogram showing a smooth, well-circumscribed mass suggestive of a benign breast tumor."
/home/woojye2020/decs_jupyter_lab/MedCLIP-SAMv2/UDIAT4/train_images/000042.png,"A mammogram displaying a round, homogeneous mass indicative of a benign breast tumor.",/home/woojye2020/decs_jupyter_lab/MedCLIP-SAMv2/UDIAT4/train_images/000042.png,A breast imaging study revealing no signs of benign or malignant tumors.
/home/woojye2020/decs_jupyter_lab/MedCLIP-SAMv2/UDIAT4/train_images/neg_000042.png,A breast imaging study revealing no signs of benign or malignant tumors.,/home/woojye2020/decs_jupyter_lab/MedCLIP-SAMv2/UDIAT4/train_images/neg_000042.png,"A mammogram displaying a round, homogeneous mass indicative of a benign breast tumor."
/home/woojye2020/decs_jupyter_lab/MedCLIP-SAMv2/UDIAT4/train_images/000042.png,"A breast imaging study revealing a well-defined, encapsulated mass likely representing a benign breast tumor.",/home/woojye2020/decs_jupyter_lab/MedCLIP-SAMv2/UDIAT4/train_images/000042.png,A mammogram showing symmetrical breast tissue with no focal masses or clinical findings.
/home/woojye2020/decs_jupyter_lab/MedCLIP-SAMv2/UDIAT4/train_images/neg_000042.png,A mammogram showing symmetrical breast tissue with no focal masses or clinical findings.,/home/woojye2020/decs_jupyter_lab/MedCLIP-SAMv2/UDIAT4/train_images/neg_000042.png,"A breast imaging study revealing a well-defined, encapsulated mass likely representing a benign breast tumor."
/home/woojye2020/decs_jupyter_lab/MedCLIP-SAMv2/UDIAT4/train_images/000042.png,"A mammogram showing a sharply marginated, round mass suggestive of a benign breast tumor.",/home/woojye2020/decs_jupyter_lab/MedCLIP-SAMv2/UDIAT4/train_images/000042.png,A diagnostic mammogram displaying normal glandular tissue without any detectable lesions.
/home/woojye2020/decs_jupyter_lab/MedCLIP-SAMv2/UDIAT4/train_images/neg_000042.png,A diagnostic mammogram displaying normal glandular tissue without any detectable lesions.,/home/woojye2020/decs_jupyter_lab/MedCLIP-SAMv2/UDIAT4/train_images/neg_000042.png,"A mammogram showing a sharply marginated, round mass suggestive of a benign breast tumor."
/home/woojye2020/decs_jupyter_lab/MedCLIP-SAMv2/UDIAT4/train_images/000043.png,"A medical breast mammogram showing an irregularly shaped, spiculated mass suggestive of a malignant breast tumor.",/home/woojye2020/decs_jupyter_lab/MedCLIP-SAMv2/UDIAT4/train_images/000043.png,A medical breast mammogram showing normal breast tissue with no evidence of tumor.
/home/woojye2020/decs_jupyter_lab/MedCLIP-SAMv2/UDIAT4/train_images/neg_000043.png,A medical breast mammogram showing normal breast tissue with no evidence of tumor.,/home/woojye2020/decs_jupyter_lab/MedCLIP-SAMv2/UDIAT4/train_images/neg_000043.png,"A medical breast mammogram showing an irregularly shaped, spiculated mass suggestive of a malignant breast tumor."
/home/woojye2020/decs_jupyter_lab/MedCLIP-SAMv2/UDIAT4/train_images/000043.png,"A medical breast mammogram showing an irregular, spiculated mass suggestive of a malignant breast tumor.",/home/woojye2020/decs_jupyter_lab/MedCLIP-SAMv2/UDIAT4/train_images/000043.png,"A mammogram with no suspicious masses or malignant findings, indicating a normal scan."
/home/woojye2020/decs_jupyter_lab/MedCLIP-SAMv2/UDIAT4/train_images/neg_000043.png,"A mammogram with no suspicious masses or malignant findings, indicating a normal scan.",/home/woojye2020/decs_jupyter_lab/MedCLIP-SAMv2/UDIAT4/train_images/neg_000043.png,"A medical breast mammogram showing an irregular, spiculated mass suggestive of a malignant breast tumor."
/home/woojye2020/decs_jupyter_lab/MedCLIP-SAMv2/UDIAT4/train_images/000043.png,"A mammogram displaying a poorly defined, lobulated mass indicative of a malignant breast tumor.",/home/woojye2020/decs_jupyter_lab/MedCLIP-SAMv2/UDIAT4/train_images/000043.png,A breast imaging study revealing no signs of benign or malignant tumors.
/home/woojye2020/decs_jupyter_lab/MedCLIP-SAMv2/UDIAT4/train_images/neg_000043.png,A breast imaging study revealing no signs of benign or malignant tumors.,/home/woojye2020/decs_jupyter_lab/MedCLIP-SAMv2/UDIAT4/train_images/neg_000043.png,"A mammogram displaying a poorly defined, lobulated mass indicative of a malignant breast tumor."
/home/woojye2020/decs_jupyter_lab/MedCLIP-SAMv2/UDIAT4/train_images/000043.png,"A breast imaging study revealing an irregularly shaped, invasive mass likely representing a malignant breast tumor.",/home/woojye2020/decs_jupyter_lab/MedCLIP-SAMv2/UDIAT4/train_images/000043.png,A mammogram showing symmetrical breast tissue with no focal masses or clinical findings.
/home/woojye2020/decs_jupyter_lab/MedCLIP-SAMv2/UDIAT4/train_images/neg_000043.png,A mammogram showing symmetrical breast tissue with no focal masses or clinical findings.,/home/woojye2020/decs_jupyter_lab/MedCLIP-SAMv2/UDIAT4/train_images/neg_000043.png,"A breast imaging study revealing an irregularly shaped, invasive mass likely representing a malignant breast tumor."
/home/woojye2020/decs_jupyter_lab/MedCLIP-SAMv2/UDIAT4/train_images/000043.png,"A mammogram showing a dense, spiculated mass suggestive of a malignant breast tumor.",/home/woojye2020/decs_jupyter_lab/MedCLIP-SAMv2/UDIAT4/train_images/000043.png,A diagnostic mammogram displaying normal glandular tissue without any detectable lesions.
/home/woojye2020/decs_jupyter_lab/MedCLIP-SAMv2/UDIAT4/train_images/neg_000043.png,A diagnostic mammogram displaying normal glandular tissue without any detectable lesions.,/home/woojye2020/decs_jupyter_lab/MedCLIP-SAMv2/UDIAT4/train_images/neg_000043.png,"A mammogram showing a dense, spiculated mass suggestive of a malignant breast tumor."
/home/woojye2020/decs_jupyter_lab/MedCLIP-SAMv2/UDIAT4/train_images/000044.png,"A medical breast mammogram showing an irregularly shaped, spiculated mass suggestive of a malignant breast tumor.",/home/woojye2020/decs_jupyter_lab/MedCLIP-SAMv2/UDIAT4/train_images/000044.png,A medical breast mammogram showing normal breast tissue with no evidence of tumor.
/home/woojye2020/decs_jupyter_lab/MedCLIP-SAMv2/UDIAT4/train_images/neg_000044.png,A medical breast mammogram showing normal breast tissue with no evidence of tumor.,/home/woojye2020/decs_jupyter_lab/MedCLIP-SAMv2/UDIAT4/train_images/neg_000044.png,"A medical breast mammogram showing an irregularly shaped, spiculated mass suggestive of a malignant breast tumor."
/home/woojye2020/decs_jupyter_lab/MedCLIP-SAMv2/UDIAT4/train_images/000044.png,"A medical breast mammogram showing an irregular, spiculated mass suggestive of a malignant breast tumor.",/home/woojye2020/decs_jupyter_lab/MedCLIP-SAMv2/UDIAT4/train_images/000044.png,"A mammogram with no suspicious masses or malignant findings, indicating a normal scan."
/home/woojye2020/decs_jupyter_lab/MedCLIP-SAMv2/UDIAT4/train_images/neg_000044.png,"A mammogram with no suspicious masses or malignant findings, indicating a normal scan.",/home/woojye2020/decs_jupyter_lab/MedCLIP-SAMv2/UDIAT4/train_images/neg_000044.png,"A medical breast mammogram showing an irregular, spiculated mass suggestive of a malignant breast tumor."
/home/woojye2020/decs_jupyter_lab/MedCLIP-SAMv2/UDIAT4/train_images/000044.png,"A mammogram displaying a poorly defined, lobulated mass indicative of a malignant breast tumor.",/home/woojye2020/decs_jupyter_lab/MedCLIP-SAMv2/UDIAT4/train_images/000044.png,A breast imaging study revealing no signs of benign or malignant tumors.
/home/woojye2020/decs_jupyter_lab/MedCLIP-SAMv2/UDIAT4/train_images/neg_000044.png,A breast imaging study revealing no signs of benign or malignant tumors.,/home/woojye2020/decs_jupyter_lab/MedCLIP-SAMv2/UDIAT4/train_images/neg_000044.png,"A mammogram displaying a poorly defined, lobulated mass indicative of a malignant breast tumor."
/home/woojye2020/decs_jupyter_lab/MedCLIP-SAMv2/UDIAT4/train_images/000044.png,"A breast imaging study revealing an irregularly shaped, invasive mass likely representing a malignant breast tumor.",/home/woojye2020/decs_jupyter_lab/MedCLIP-SAMv2/UDIAT4/train_images/000044.png,A mammogram showing symmetrical breast tissue with no focal masses or clinical findings.
/home/woojye2020/decs_jupyter_lab/MedCLIP-SAMv2/UDIAT4/train_images/neg_000044.png,A mammogram showing symmetrical breast tissue with no focal masses or clinical findings.,/home/woojye2020/decs_jupyter_lab/MedCLIP-SAMv2/UDIAT4/train_images/neg_000044.png,"A breast imaging study revealing an irregularly shaped, invasive mass likely representing a malignant breast tumor."
/home/woojye2020/decs_jupyter_lab/MedCLIP-SAMv2/UDIAT4/train_images/000044.png,"A mammogram showing a dense, spiculated mass suggestive of a malignant breast tumor.",/home/woojye2020/decs_jupyter_lab/MedCLIP-SAMv2/UDIAT4/train_images/000044.png,A diagnostic mammogram displaying normal glandular tissue without any detectable lesions.
/home/woojye2020/decs_jupyter_lab/MedCLIP-SAMv2/UDIAT4/train_images/neg_000044.png,A diagnostic mammogram displaying normal glandular tissue without any detectable lesions.,/home/woojye2020/decs_jupyter_lab/MedCLIP-SAMv2/UDIAT4/train_images/neg_000044.png,"A mammogram showing a dense, spiculated mass suggestive of a malignant breast tumor."
/home/woojye2020/decs_jupyter_lab/MedCLIP-SAMv2/UDIAT4/train_images/000045.png,"A medical breast mammogram showing an irregularly shaped, spiculated mass suggestive of a malignant breast tumor.",/home/woojye2020/decs_jupyter_lab/MedCLIP-SAMv2/UDIAT4/train_images/000045.png,A medical breast mammogram showing normal breast tissue with no evidence of tumor.
/home/woojye2020/decs_jupyter_lab/MedCLIP-SAMv2/UDIAT4/train_images/neg_000045.png,A medical breast mammogram showing normal breast tissue with no evidence of tumor.,/home/woojye2020/decs_jupyter_lab/MedCLIP-SAMv2/UDIAT4/train_images/neg_000045.png,"A medical breast mammogram showing an irregularly shaped, spiculated mass suggestive of a malignant breast tumor."
/home/woojye2020/decs_jupyter_lab/MedCLIP-SAMv2/UDIAT4/train_images/000045.png,"A medical breast mammogram showing an irregular, spiculated mass suggestive of a malignant breast tumor.",/home/woojye2020/decs_jupyter_lab/MedCLIP-SAMv2/UDIAT4/train_images/000045.png,"A mammogram with no suspicious masses or malignant findings, indicating a normal scan."
/home/woojye2020/decs_jupyter_lab/MedCLIP-SAMv2/UDIAT4/train_images/neg_000045.png,"A mammogram with no suspicious masses or malignant findings, indicating a normal scan.",/home/woojye2020/decs_jupyter_lab/MedCLIP-SAMv2/UDIAT4/train_images/neg_000045.png,"A medical breast mammogram showing an irregular, spiculated mass suggestive of a malignant breast tumor."
/home/woojye2020/decs_jupyter_lab/MedCLIP-SAMv2/UDIAT4/train_images/000045.png,"A mammogram displaying a poorly defined, lobulated mass indicative of a malignant breast tumor.",/home/woojye2020/decs_jupyter_lab/MedCLIP-SAMv2/UDIAT4/train_images/000045.png,A breast imaging study revealing no signs of benign or malignant tumors.
/home/woojye2020/decs_jupyter_lab/MedCLIP-SAMv2/UDIAT4/train_images/neg_000045.png,A breast imaging study revealing no signs of benign or malignant tumors.,/home/woojye2020/decs_jupyter_lab/MedCLIP-SAMv2/UDIAT4/train_images/neg_000045.png,"A mammogram displaying a poorly defined, lobulated mass indicative of a malignant breast tumor."
/home/woojye2020/decs_jupyter_lab/MedCLIP-SAMv2/UDIAT4/train_images/000045.png,"A breast imaging study revealing an irregularly shaped, invasive mass likely representing a malignant breast tumor.",/home/woojye2020/decs_jupyter_lab/MedCLIP-SAMv2/UDIAT4/train_images/000045.png,A mammogram showing symmetrical breast tissue with no focal masses or clinical findings.
/home/woojye2020/decs_jupyter_lab/MedCLIP-SAMv2/UDIAT4/train_images/neg_000045.png,A mammogram showing symmetrical breast tissue with no focal masses or clinical findings.,/home/woojye2020/decs_jupyter_lab/MedCLIP-SAMv2/UDIAT4/train_images/neg_000045.png,"A breast imaging study revealing an irregularly shaped, invasive mass likely representing a malignant breast tumor."
/home/woojye2020/decs_jupyter_lab/MedCLIP-SAMv2/UDIAT4/train_images/000045.png,"A mammogram showing a dense, spiculated mass suggestive of a malignant breast tumor.",/home/woojye2020/decs_jupyter_lab/MedCLIP-SAMv2/UDIAT4/train_images/000045.png,A diagnostic mammogram displaying normal glandular tissue without any detectable lesions.
/home/woojye2020/decs_jupyter_lab/MedCLIP-SAMv2/UDIAT4/train_images/neg_000045.png,A diagnostic mammogram displaying normal glandular tissue without any detectable lesions.,/home/woojye2020/decs_jupyter_lab/MedCLIP-SAMv2/UDIAT4/train_images/neg_000045.png,"A mammogram showing a dense, spiculated mass suggestive of a malignant breast tumor."
/home/woojye2020/decs_jupyter_lab/MedCLIP-SAMv2/UDIAT4/train_images/000046.png,"A medical breast mammogram showing an irregularly shaped, spiculated mass suggestive of a malignant breast tumor.",/home/woojye2020/decs_jupyter_lab/MedCLIP-SAMv2/UDIAT4/train_images/000046.png,A medical breast mammogram showing normal breast tissue with no evidence of tumor.
/home/woojye2020/decs_jupyter_lab/MedCLIP-SAMv2/UDIAT4/train_images/neg_000046.png,A medical breast mammogram showing normal breast tissue with no evidence of tumor.,/home/woojye2020/decs_jupyter_lab/MedCLIP-SAMv2/UDIAT4/train_images/neg_000046.png,"A medical breast mammogram showing an irregularly shaped, spiculated mass suggestive of a malignant breast tumor."
/home/woojye2020/decs_jupyter_lab/MedCLIP-SAMv2/UDIAT4/train_images/000046.png,"A medical breast mammogram showing an irregular, spiculated mass suggestive of a malignant breast tumor.",/home/woojye2020/decs_jupyter_lab/MedCLIP-SAMv2/UDIAT4/train_images/000046.png,"A mammogram with no suspicious masses or malignant findings, indicating a normal scan."
/home/woojye2020/decs_jupyter_lab/MedCLIP-SAMv2/UDIAT4/train_images/neg_000046.png,"A mammogram with no suspicious masses or malignant findings, indicating a normal scan.",/home/woojye2020/decs_jupyter_lab/MedCLIP-SAMv2/UDIAT4/train_images/neg_000046.png,"A medical breast mammogram showing an irregular, spiculated mass suggestive of a malignant breast tumor."
/home/woojye2020/decs_jupyter_lab/MedCLIP-SAMv2/UDIAT4/train_images/000046.png,"A mammogram displaying a poorly defined, lobulated mass indicative of a malignant breast tumor.",/home/woojye2020/decs_jupyter_lab/MedCLIP-SAMv2/UDIAT4/train_images/000046.png,A breast imaging study revealing no signs of benign or malignant tumors.
/home/woojye2020/decs_jupyter_lab/MedCLIP-SAMv2/UDIAT4/train_images/neg_000046.png,A breast imaging study revealing no signs of benign or malignant tumors.,/home/woojye2020/decs_jupyter_lab/MedCLIP-SAMv2/UDIAT4/train_images/neg_000046.png,"A mammogram displaying a poorly defined, lobulated mass indicative of a malignant breast tumor."
/home/woojye2020/decs_jupyter_lab/MedCLIP-SAMv2/UDIAT4/train_images/000046.png,"A breast imaging study revealing an irregularly shaped, invasive mass likely representing a malignant breast tumor.",/home/woojye2020/decs_jupyter_lab/MedCLIP-SAMv2/UDIAT4/train_images/000046.png,A mammogram showing symmetrical breast tissue with no focal masses or clinical findings.
/home/woojye2020/decs_jupyter_lab/MedCLIP-SAMv2/UDIAT4/train_images/neg_000046.png,A mammogram showing symmetrical breast tissue with no focal masses or clinical findings.,/home/woojye2020/decs_jupyter_lab/MedCLIP-SAMv2/UDIAT4/train_images/neg_000046.png,"A breast imaging study revealing an irregularly shaped, invasive mass likely representing a malignant breast tumor."
/home/woojye2020/decs_jupyter_lab/MedCLIP-SAMv2/UDIAT4/train_images/000046.png,"A mammogram showing a dense, spiculated mass suggestive of a malignant breast tumor.",/home/woojye2020/decs_jupyter_lab/MedCLIP-SAMv2/UDIAT4/train_images/000046.png,A diagnostic mammogram displaying normal glandular tissue without any detectable lesions.
/home/woojye2020/decs_jupyter_lab/MedCLIP-SAMv2/UDIAT4/train_images/neg_000046.png,A diagnostic mammogram displaying normal glandular tissue without any detectable lesions.,/home/woojye2020/decs_jupyter_lab/MedCLIP-SAMv2/UDIAT4/train_images/neg_000046.png,"A mammogram showing a dense, spiculated mass suggestive of a malignant breast tumor."
/home/woojye2020/decs_jupyter_lab/MedCLIP-SAMv2/UDIAT4/train_images/000047.png,"A medical breast mammogram showing an irregularly shaped, spiculated mass suggestive of a malignant breast tumor.",/home/woojye2020/decs_jupyter_lab/MedCLIP-SAMv2/UDIAT4/train_images/000047.png,A medical breast mammogram showing normal breast tissue with no evidence of tumor.
/home/woojye2020/decs_jupyter_lab/MedCLIP-SAMv2/UDIAT4/train_images/neg_000047.png,A medical breast mammogram showing normal breast tissue with no evidence of tumor.,/home/woojye2020/decs_jupyter_lab/MedCLIP-SAMv2/UDIAT4/train_images/neg_000047.png,"A medical breast mammogram showing an irregularly shaped, spiculated mass suggestive of a malignant breast tumor."
/home/woojye2020/decs_jupyter_lab/MedCLIP-SAMv2/UDIAT4/train_images/000047.png,"A medical breast mammogram showing an irregular, spiculated mass suggestive of a malignant breast tumor.",/home/woojye2020/decs_jupyter_lab/MedCLIP-SAMv2/UDIAT4/train_images/000047.png,"A mammogram with no suspicious masses or malignant findings, indicating a normal scan."
/home/woojye2020/decs_jupyter_lab/MedCLIP-SAMv2/UDIAT4/train_images/neg_000047.png,"A mammogram with no suspicious masses or malignant findings, indicating a normal scan.",/home/woojye2020/decs_jupyter_lab/MedCLIP-SAMv2/UDIAT4/train_images/neg_000047.png,"A medical breast mammogram showing an irregular, spiculated mass suggestive of a malignant breast tumor."
/home/woojye2020/decs_jupyter_lab/MedCLIP-SAMv2/UDIAT4/train_images/000047.png,"A mammogram displaying a poorly defined, lobulated mass indicative of a malignant breast tumor.",/home/woojye2020/decs_jupyter_lab/MedCLIP-SAMv2/UDIAT4/train_images/000047.png,A breast imaging study revealing no signs of benign or malignant tumors.
/home/woojye2020/decs_jupyter_lab/MedCLIP-SAMv2/UDIAT4/train_images/neg_000047.png,A breast imaging study revealing no signs of benign or malignant tumors.,/home/woojye2020/decs_jupyter_lab/MedCLIP-SAMv2/UDIAT4/train_images/neg_000047.png,"A mammogram displaying a poorly defined, lobulated mass indicative of a malignant breast tumor."
/home/woojye2020/decs_jupyter_lab/MedCLIP-SAMv2/UDIAT4/train_images/000047.png,"A breast imaging study revealing an irregularly shaped, invasive mass likely representing a malignant breast tumor.",/home/woojye2020/decs_jupyter_lab/MedCLIP-SAMv2/UDIAT4/train_images/000047.png,A mammogram showing symmetrical breast tissue with no focal masses or clinical findings.
/home/woojye2020/decs_jupyter_lab/MedCLIP-SAMv2/UDIAT4/train_images/neg_000047.png,A mammogram showing symmetrical breast tissue with no focal masses or clinical findings.,/home/woojye2020/decs_jupyter_lab/MedCLIP-SAMv2/UDIAT4/train_images/neg_000047.png,"A breast imaging study revealing an irregularly shaped, invasive mass likely representing a malignant breast tumor."
/home/woojye2020/decs_jupyter_lab/MedCLIP-SAMv2/UDIAT4/train_images/000047.png,"A mammogram showing a dense, spiculated mass suggestive of a malignant breast tumor.",/home/woojye2020/decs_jupyter_lab/MedCLIP-SAMv2/UDIAT4/train_images/000047.png,A diagnostic mammogram displaying normal glandular tissue without any detectable lesions.
/home/woojye2020/decs_jupyter_lab/MedCLIP-SAMv2/UDIAT4/train_images/neg_000047.png,A diagnostic mammogram displaying normal glandular tissue without any detectable lesions.,/home/woojye2020/decs_jupyter_lab/MedCLIP-SAMv2/UDIAT4/train_images/neg_000047.png,"A mammogram showing a dense, spiculated mass suggestive of a malignant breast tumor."
/home/woojye2020/decs_jupyter_lab/MedCLIP-SAMv2/UDIAT4/train_images/000048.png,"A medical breast mammogram showing an irregularly shaped, spiculated mass suggestive of a malignant breast tumor.",/home/woojye2020/decs_jupyter_lab/MedCLIP-SAMv2/UDIAT4/train_images/000048.png,A medical breast mammogram showing normal breast tissue with no evidence of tumor.
/home/woojye2020/decs_jupyter_lab/MedCLIP-SAMv2/UDIAT4/train_images/neg_000048.png,A medical breast mammogram showing normal breast tissue with no evidence of tumor.,/home/woojye2020/decs_jupyter_lab/MedCLIP-SAMv2/UDIAT4/train_images/neg_000048.png,"A medical breast mammogram showing an irregularly shaped, spiculated mass suggestive of a malignant breast tumor."
/home/woojye2020/decs_jupyter_lab/MedCLIP-SAMv2/UDIAT4/train_images/000048.png,"A medical breast mammogram showing an irregular, spiculated mass suggestive of a malignant breast tumor.",/home/woojye2020/decs_jupyter_lab/MedCLIP-SAMv2/UDIAT4/train_images/000048.png,"A mammogram with no suspicious masses or malignant findings, indicating a normal scan."
/home/woojye2020/decs_jupyter_lab/MedCLIP-SAMv2/UDIAT4/train_images/neg_000048.png,"A mammogram with no suspicious masses or malignant findings, indicating a normal scan.",/home/woojye2020/decs_jupyter_lab/MedCLIP-SAMv2/UDIAT4/train_images/neg_000048.png,"A medical breast mammogram showing an irregular, spiculated mass suggestive of a malignant breast tumor."
/home/woojye2020/decs_jupyter_lab/MedCLIP-SAMv2/UDIAT4/train_images/000048.png,"A mammogram displaying a poorly defined, lobulated mass indicative of a malignant breast tumor.",/home/woojye2020/decs_jupyter_lab/MedCLIP-SAMv2/UDIAT4/train_images/000048.png,A breast imaging study revealing no signs of benign or malignant tumors.
/home/woojye2020/decs_jupyter_lab/MedCLIP-SAMv2/UDIAT4/train_images/neg_000048.png,A breast imaging study revealing no signs of benign or malignant tumors.,/home/woojye2020/decs_jupyter_lab/MedCLIP-SAMv2/UDIAT4/train_images/neg_000048.png,"A mammogram displaying a poorly defined, lobulated mass indicative of a malignant breast tumor."
/home/woojye2020/decs_jupyter_lab/MedCLIP-SAMv2/UDIAT4/train_images/000048.png,"A breast imaging study revealing an irregularly shaped, invasive mass likely representing a malignant breast tumor.",/home/woojye2020/decs_jupyter_lab/MedCLIP-SAMv2/UDIAT4/train_images/000048.png,A mammogram showing symmetrical breast tissue with no focal masses or clinical findings.
/home/woojye2020/decs_jupyter_lab/MedCLIP-SAMv2/UDIAT4/train_images/neg_000048.png,A mammogram showing symmetrical breast tissue with no focal masses or clinical findings.,/home/woojye2020/decs_jupyter_lab/MedCLIP-SAMv2/UDIAT4/train_images/neg_000048.png,"A breast imaging study revealing an irregularly shaped, invasive mass likely representing a malignant breast tumor."
/home/woojye2020/decs_jupyter_lab/MedCLIP-SAMv2/UDIAT4/train_images/000048.png,"A mammogram showing a dense, spiculated mass suggestive of a malignant breast tumor.",/home/woojye2020/decs_jupyter_lab/MedCLIP-SAMv2/UDIAT4/train_images/000048.png,A diagnostic mammogram displaying normal glandular tissue without any detectable lesions.
/home/woojye2020/decs_jupyter_lab/MedCLIP-SAMv2/UDIAT4/train_images/neg_000048.png,A diagnostic mammogram displaying normal glandular tissue without any detectable lesions.,/home/woojye2020/decs_jupyter_lab/MedCLIP-SAMv2/UDIAT4/train_images/neg_000048.png,"A mammogram showing a dense, spiculated mass suggestive of a malignant breast tumor."
/home/woojye2020/decs_jupyter_lab/MedCLIP-SAMv2/UDIAT4/train_images/000050.png,"A medical breast mammogram showing an irregularly shaped, spiculated mass suggestive of a malignant breast tumor.",/home/woojye2020/decs_jupyter_lab/MedCLIP-SAMv2/UDIAT4/train_images/000050.png,A medical breast mammogram showing normal breast tissue with no evidence of tumor.
/home/woojye2020/decs_jupyter_lab/MedCLIP-SAMv2/UDIAT4/train_images/neg_000050.png,A medical breast mammogram showing normal breast tissue with no evidence of tumor.,/home/woojye2020/decs_jupyter_lab/MedCLIP-SAMv2/UDIAT4/train_images/neg_000050.png,"A medical breast mammogram showing an irregularly shaped, spiculated mass suggestive of a malignant breast tumor."
/home/woojye2020/decs_jupyter_lab/MedCLIP-SAMv2/UDIAT4/train_images/000050.png,"A medical breast mammogram showing an irregular, spiculated mass suggestive of a malignant breast tumor.",/home/woojye2020/decs_jupyter_lab/MedCLIP-SAMv2/UDIAT4/train_images/000050.png,"A mammogram with no suspicious masses or malignant findings, indicating a normal scan."
/home/woojye2020/decs_jupyter_lab/MedCLIP-SAMv2/UDIAT4/train_images/neg_000050.png,"A mammogram with no suspicious masses or malignant findings, indicating a normal scan.",/home/woojye2020/decs_jupyter_lab/MedCLIP-SAMv2/UDIAT4/train_images/neg_000050.png,"A medical breast mammogram showing an irregular, spiculated mass suggestive of a malignant breast tumor."
/home/woojye2020/decs_jupyter_lab/MedCLIP-SAMv2/UDIAT4/train_images/000050.png,"A mammogram displaying a poorly defined, lobulated mass indicative of a malignant breast tumor.",/home/woojye2020/decs_jupyter_lab/MedCLIP-SAMv2/UDIAT4/train_images/000050.png,A breast imaging study revealing no signs of benign or malignant tumors.
/home/woojye2020/decs_jupyter_lab/MedCLIP-SAMv2/UDIAT4/train_images/neg_000050.png,A breast imaging study revealing no signs of benign or malignant tumors.,/home/woojye2020/decs_jupyter_lab/MedCLIP-SAMv2/UDIAT4/train_images/neg_000050.png,"A mammogram displaying a poorly defined, lobulated mass indicative of a malignant breast tumor."
/home/woojye2020/decs_jupyter_lab/MedCLIP-SAMv2/UDIAT4/train_images/000050.png,"A breast imaging study revealing an irregularly shaped, invasive mass likely representing a malignant breast tumor.",/home/woojye2020/decs_jupyter_lab/MedCLIP-SAMv2/UDIAT4/train_images/000050.png,A mammogram showing symmetrical breast tissue with no focal masses or clinical findings.
/home/woojye2020/decs_jupyter_lab/MedCLIP-SAMv2/UDIAT4/train_images/neg_000050.png,A mammogram showing symmetrical breast tissue with no focal masses or clinical findings.,/home/woojye2020/decs_jupyter_lab/MedCLIP-SAMv2/UDIAT4/train_images/neg_000050.png,"A breast imaging study revealing an irregularly shaped, invasive mass likely representing a malignant breast tumor."
/home/woojye2020/decs_jupyter_lab/MedCLIP-SAMv2/UDIAT4/train_images/000050.png,"A mammogram showing a dense, spiculated mass suggestive of a malignant breast tumor.",/home/woojye2020/decs_jupyter_lab/MedCLIP-SAMv2/UDIAT4/train_images/000050.png,A diagnostic mammogram displaying normal glandular tissue without any detectable lesions.
/home/woojye2020/decs_jupyter_lab/MedCLIP-SAMv2/UDIAT4/train_images/neg_000050.png,A diagnostic mammogram displaying normal glandular tissue without any detectable lesions.,/home/woojye2020/decs_jupyter_lab/MedCLIP-SAMv2/UDIAT4/train_images/neg_000050.png,"A mammogram showing a dense, spiculated mass suggestive of a malignant breast tumor."
/home/woojye2020/decs_jupyter_lab/MedCLIP-SAMv2/UDIAT4/train_images/000052.png,"A medical breast mammogram showing a well-defined, round mass suggestive of a benign breast tumor.",/home/woojye2020/decs_jupyter_lab/MedCLIP-SAMv2/UDIAT4/train_images/000052.png,A medical breast mammogram showing normal breast tissue with no evidence of tumor.
/home/woojye2020/decs_jupyter_lab/MedCLIP-SAMv2/UDIAT4/train_images/neg_000052.png,A medical breast mammogram showing normal breast tissue with no evidence of tumor.,/home/woojye2020/decs_jupyter_lab/MedCLIP-SAMv2/UDIAT4/train_images/neg_000052.png,"A medical breast mammogram showing a well-defined, round mass suggestive of a benign breast tumor."
/home/woojye2020/decs_jupyter_lab/MedCLIP-SAMv2/UDIAT4/train_images/000052.png,"A medical breast mammogram showing a smooth, well-circumscribed mass suggestive of a benign breast tumor.",/home/woojye2020/decs_jupyter_lab/MedCLIP-SAMv2/UDIAT4/train_images/000052.png,"A mammogram with no suspicious masses or malignant findings, indicating a normal scan."
/home/woojye2020/decs_jupyter_lab/MedCLIP-SAMv2/UDIAT4/train_images/neg_000052.png,"A mammogram with no suspicious masses or malignant findings, indicating a normal scan.",/home/woojye2020/decs_jupyter_lab/MedCLIP-SAMv2/UDIAT4/train_images/neg_000052.png,"A medical breast mammogram showing a smooth, well-circumscribed mass suggestive of a benign breast tumor."
/home/woojye2020/decs_jupyter_lab/MedCLIP-SAMv2/UDIAT4/train_images/000052.png,"A mammogram displaying a round, homogeneous mass indicative of a benign breast tumor.",/home/woojye2020/decs_jupyter_lab/MedCLIP-SAMv2/UDIAT4/train_images/000052.png,A breast imaging study revealing no signs of benign or malignant tumors.
/home/woojye2020/decs_jupyter_lab/MedCLIP-SAMv2/UDIAT4/train_images/neg_000052.png,A breast imaging study revealing no signs of benign or malignant tumors.,/home/woojye2020/decs_jupyter_lab/MedCLIP-SAMv2/UDIAT4/train_images/neg_000052.png,"A mammogram displaying a round, homogeneous mass indicative of a benign breast tumor."
/home/woojye2020/decs_jupyter_lab/MedCLIP-SAMv2/UDIAT4/train_images/000052.png,"A breast imaging study revealing a well-defined, encapsulated mass likely representing a benign breast tumor.",/home/woojye2020/decs_jupyter_lab/MedCLIP-SAMv2/UDIAT4/train_images/000052.png,A mammogram showing symmetrical breast tissue with no focal masses or clinical findings.
/home/woojye2020/decs_jupyter_lab/MedCLIP-SAMv2/UDIAT4/train_images/neg_000052.png,A mammogram showing symmetrical breast tissue with no focal masses or clinical findings.,/home/woojye2020/decs_jupyter_lab/MedCLIP-SAMv2/UDIAT4/train_images/neg_000052.png,"A breast imaging study revealing a well-defined, encapsulated mass likely representing a benign breast tumor."
/home/woojye2020/decs_jupyter_lab/MedCLIP-SAMv2/UDIAT4/train_images/000052.png,"A mammogram showing a sharply marginated, round mass suggestive of a benign breast tumor.",/home/woojye2020/decs_jupyter_lab/MedCLIP-SAMv2/UDIAT4/train_images/000052.png,A diagnostic mammogram displaying normal glandular tissue without any detectable lesions.
/home/woojye2020/decs_jupyter_lab/MedCLIP-SAMv2/UDIAT4/train_images/neg_000052.png,A diagnostic mammogram displaying normal glandular tissue without any detectable lesions.,/home/woojye2020/decs_jupyter_lab/MedCLIP-SAMv2/UDIAT4/train_images/neg_000052.png,"A mammogram showing a sharply marginated, round mass suggestive of a benign breast tumor."
/home/woojye2020/decs_jupyter_lab/MedCLIP-SAMv2/UDIAT4/train_images/000054.png,"A medical breast mammogram showing an irregularly shaped, spiculated mass suggestive of a malignant breast tumor.",/home/woojye2020/decs_jupyter_lab/MedCLIP-SAMv2/UDIAT4/train_images/000054.png,A medical breast mammogram showing normal breast tissue with no evidence of tumor.
/home/woojye2020/decs_jupyter_lab/MedCLIP-SAMv2/UDIAT4/train_images/neg_000054.png,A medical breast mammogram showing normal breast tissue with no evidence of tumor.,/home/woojye2020/decs_jupyter_lab/MedCLIP-SAMv2/UDIAT4/train_images/neg_000054.png,"A medical breast mammogram showing an irregularly shaped, spiculated mass suggestive of a malignant breast tumor."
/home/woojye2020/decs_jupyter_lab/MedCLIP-SAMv2/UDIAT4/train_images/000054.png,"A medical breast mammogram showing an irregular, spiculated mass suggestive of a malignant breast tumor.",/home/woojye2020/decs_jupyter_lab/MedCLIP-SAMv2/UDIAT4/train_images/000054.png,"A mammogram with no suspicious masses or malignant findings, indicating a normal scan."
/home/woojye2020/decs_jupyter_lab/MedCLIP-SAMv2/UDIAT4/train_images/neg_000054.png,"A mammogram with no suspicious masses or malignant findings, indicating a normal scan.",/home/woojye2020/decs_jupyter_lab/MedCLIP-SAMv2/UDIAT4/train_images/neg_000054.png,"A medical breast mammogram showing an irregular, spiculated mass suggestive of a malignant breast tumor."
/home/woojye2020/decs_jupyter_lab/MedCLIP-SAMv2/UDIAT4/train_images/000054.png,"A mammogram displaying a poorly defined, lobulated mass indicative of a malignant breast tumor.",/home/woojye2020/decs_jupyter_lab/MedCLIP-SAMv2/UDIAT4/train_images/000054.png,A breast imaging study revealing no signs of benign or malignant tumors.
/home/woojye2020/decs_jupyter_lab/MedCLIP-SAMv2/UDIAT4/train_images/neg_000054.png,A breast imaging study revealing no signs of benign or malignant tumors.,/home/woojye2020/decs_jupyter_lab/MedCLIP-SAMv2/UDIAT4/train_images/neg_000054.png,"A mammogram displaying a poorly defined, lobulated mass indicative of a malignant breast tumor."
/home/woojye2020/decs_jupyter_lab/MedCLIP-SAMv2/UDIAT4/train_images/000054.png,"A breast imaging study revealing an irregularly shaped, invasive mass likely representing a malignant breast tumor.",/home/woojye2020/decs_jupyter_lab/MedCLIP-SAMv2/UDIAT4/train_images/000054.png,A mammogram showing symmetrical breast tissue with no focal masses or clinical findings.
/home/woojye2020/decs_jupyter_lab/MedCLIP-SAMv2/UDIAT4/train_images/neg_000054.png,A mammogram showing symmetrical breast tissue with no focal masses or clinical findings.,/home/woojye2020/decs_jupyter_lab/MedCLIP-SAMv2/UDIAT4/train_images/neg_000054.png,"A breast imaging study revealing an irregularly shaped, invasive mass likely representing a malignant breast tumor."
/home/woojye2020/decs_jupyter_lab/MedCLIP-SAMv2/UDIAT4/train_images/000054.png,"A mammogram showing a dense, spiculated mass suggestive of a malignant breast tumor.",/home/woojye2020/decs_jupyter_lab/MedCLIP-SAMv2/UDIAT4/train_images/000054.png,A diagnostic mammogram displaying normal glandular tissue without any detectable lesions.
/home/woojye2020/decs_jupyter_lab/MedCLIP-SAMv2/UDIAT4/train_images/neg_000054.png,A diagnostic mammogram displaying normal glandular tissue without any detectable lesions.,/home/woojye2020/decs_jupyter_lab/MedCLIP-SAMv2/UDIAT4/train_images/neg_000054.png,"A mammogram showing a dense, spiculated mass suggestive of a malignant breast tumor."
/home/woojye2020/decs_jupyter_lab/MedCLIP-SAMv2/UDIAT4/train_images/000056.png,"A medical breast mammogram showing a well-defined, round mass suggestive of a benign breast tumor.",/home/woojye2020/decs_jupyter_lab/MedCLIP-SAMv2/UDIAT4/train_images/000056.png,A medical breast mammogram showing normal breast tissue with no evidence of tumor.
/home/woojye2020/decs_jupyter_lab/MedCLIP-SAMv2/UDIAT4/train_images/neg_000056.png,A medical breast mammogram showing normal breast tissue with no evidence of tumor.,/home/woojye2020/decs_jupyter_lab/MedCLIP-SAMv2/UDIAT4/train_images/neg_000056.png,"A medical breast mammogram showing a well-defined, round mass suggestive of a benign breast tumor."
/home/woojye2020/decs_jupyter_lab/MedCLIP-SAMv2/UDIAT4/train_images/000056.png,"A medical breast mammogram showing a smooth, well-circumscribed mass suggestive of a benign breast tumor.",/home/woojye2020/decs_jupyter_lab/MedCLIP-SAMv2/UDIAT4/train_images/000056.png,"A mammogram with no suspicious masses or malignant findings, indicating a normal scan."
/home/woojye2020/decs_jupyter_lab/MedCLIP-SAMv2/UDIAT4/train_images/neg_000056.png,"A mammogram with no suspicious masses or malignant findings, indicating a normal scan.",/home/woojye2020/decs_jupyter_lab/MedCLIP-SAMv2/UDIAT4/train_images/neg_000056.png,"A medical breast mammogram showing a smooth, well-circumscribed mass suggestive of a benign breast tumor."
/home/woojye2020/decs_jupyter_lab/MedCLIP-SAMv2/UDIAT4/train_images/000056.png,"A mammogram displaying a round, homogeneous mass indicative of a benign breast tumor.",/home/woojye2020/decs_jupyter_lab/MedCLIP-SAMv2/UDIAT4/train_images/000056.png,A breast imaging study revealing no signs of benign or malignant tumors.
/home/woojye2020/decs_jupyter_lab/MedCLIP-SAMv2/UDIAT4/train_images/neg_000056.png,A breast imaging study revealing no signs of benign or malignant tumors.,/home/woojye2020/decs_jupyter_lab/MedCLIP-SAMv2/UDIAT4/train_images/neg_000056.png,"A mammogram displaying a round, homogeneous mass indicative of a benign breast tumor."
/home/woojye2020/decs_jupyter_lab/MedCLIP-SAMv2/UDIAT4/train_images/000056.png,"A breast imaging study revealing a well-defined, encapsulated mass likely representing a benign breast tumor.",/home/woojye2020/decs_jupyter_lab/MedCLIP-SAMv2/UDIAT4/train_images/000056.png,A mammogram showing symmetrical breast tissue with no focal masses or clinical findings.
/home/woojye2020/decs_jupyter_lab/MedCLIP-SAMv2/UDIAT4/train_images/neg_000056.png,A mammogram showing symmetrical breast tissue with no focal masses or clinical findings.,/home/woojye2020/decs_jupyter_lab/MedCLIP-SAMv2/UDIAT4/train_images/neg_000056.png,"A breast imaging study revealing a well-defined, encapsulated mass likely representing a benign breast tumor."
/home/woojye2020/decs_jupyter_lab/MedCLIP-SAMv2/UDIAT4/train_images/000056.png,"A mammogram showing a sharply marginated, round mass suggestive of a benign breast tumor.",/home/woojye2020/decs_jupyter_lab/MedCLIP-SAMv2/UDIAT4/train_images/000056.png,A diagnostic mammogram displaying normal glandular tissue without any detectable lesions.
/home/woojye2020/decs_jupyter_lab/MedCLIP-SAMv2/UDIAT4/train_images/neg_000056.png,A diagnostic mammogram displaying normal glandular tissue without any detectable lesions.,/home/woojye2020/decs_jupyter_lab/MedCLIP-SAMv2/UDIAT4/train_images/neg_000056.png,"A mammogram showing a sharply marginated, round mass suggestive of a benign breast tumor."
/home/woojye2020/decs_jupyter_lab/MedCLIP-SAMv2/UDIAT4/train_images/000057.png,"A medical breast mammogram showing an irregularly shaped, spiculated mass suggestive of a malignant breast tumor.",/home/woojye2020/decs_jupyter_lab/MedCLIP-SAMv2/UDIAT4/train_images/000057.png,A medical breast mammogram showing normal breast tissue with no evidence of tumor.
/home/woojye2020/decs_jupyter_lab/MedCLIP-SAMv2/UDIAT4/train_images/neg_000057.png,A medical breast mammogram showing normal breast tissue with no evidence of tumor.,/home/woojye2020/decs_jupyter_lab/MedCLIP-SAMv2/UDIAT4/train_images/neg_000057.png,"A medical breast mammogram showing an irregularly shaped, spiculated mass suggestive of a malignant breast tumor."
/home/woojye2020/decs_jupyter_lab/MedCLIP-SAMv2/UDIAT4/train_images/000057.png,"A medical breast mammogram showing an irregular, spiculated mass suggestive of a malignant breast tumor.",/home/woojye2020/decs_jupyter_lab/MedCLIP-SAMv2/UDIAT4/train_images/000057.png,"A mammogram with no suspicious masses or malignant findings, indicating a normal scan."
/home/woojye2020/decs_jupyter_lab/MedCLIP-SAMv2/UDIAT4/train_images/neg_000057.png,"A mammogram with no suspicious masses or malignant findings, indicating a normal scan.",/home/woojye2020/decs_jupyter_lab/MedCLIP-SAMv2/UDIAT4/train_images/neg_000057.png,"A medical breast mammogram showing an irregular, spiculated mass suggestive of a malignant breast tumor."
/home/woojye2020/decs_jupyter_lab/MedCLIP-SAMv2/UDIAT4/train_images/000057.png,"A mammogram displaying a poorly defined, lobulated mass indicative of a malignant breast tumor.",/home/woojye2020/decs_jupyter_lab/MedCLIP-SAMv2/UDIAT4/train_images/000057.png,A breast imaging study revealing no signs of benign or malignant tumors.
/home/woojye2020/decs_jupyter_lab/MedCLIP-SAMv2/UDIAT4/train_images/neg_000057.png,A breast imaging study revealing no signs of benign or malignant tumors.,/home/woojye2020/decs_jupyter_lab/MedCLIP-SAMv2/UDIAT4/train_images/neg_000057.png,"A mammogram displaying a poorly defined, lobulated mass indicative of a malignant breast tumor."
/home/woojye2020/decs_jupyter_lab/MedCLIP-SAMv2/UDIAT4/train_images/000057.png,"A breast imaging study revealing an irregularly shaped, invasive mass likely representing a malignant breast tumor.",/home/woojye2020/decs_jupyter_lab/MedCLIP-SAMv2/UDIAT4/train_images/000057.png,A mammogram showing symmetrical breast tissue with no focal masses or clinical findings.
/home/woojye2020/decs_jupyter_lab/MedCLIP-SAMv2/UDIAT4/train_images/neg_000057.png,A mammogram showing symmetrical breast tissue with no focal masses or clinical findings.,/home/woojye2020/decs_jupyter_lab/MedCLIP-SAMv2/UDIAT4/train_images/neg_000057.png,"A breast imaging study revealing an irregularly shaped, invasive mass likely representing a malignant breast tumor."
/home/woojye2020/decs_jupyter_lab/MedCLIP-SAMv2/UDIAT4/train_images/000057.png,"A mammogram showing a dense, spiculated mass suggestive of a malignant breast tumor.",/home/woojye2020/decs_jupyter_lab/MedCLIP-SAMv2/UDIAT4/train_images/000057.png,A diagnostic mammogram displaying normal glandular tissue without any detectable lesions.
/home/woojye2020/decs_jupyter_lab/MedCLIP-SAMv2/UDIAT4/train_images/neg_000057.png,A diagnostic mammogram displaying normal glandular tissue without any detectable lesions.,/home/woojye2020/decs_jupyter_lab/MedCLIP-SAMv2/UDIAT4/train_images/neg_000057.png,"A mammogram showing a dense, spiculated mass suggestive of a malignant breast tumor."
/home/woojye2020/decs_jupyter_lab/MedCLIP-SAMv2/UDIAT4/train_images/000061.png,"A medical breast mammogram showing a well-defined, round mass suggestive of a benign breast tumor.",/home/woojye2020/decs_jupyter_lab/MedCLIP-SAMv2/UDIAT4/train_images/000061.png,A medical breast mammogram showing normal breast tissue with no evidence of tumor.
/home/woojye2020/decs_jupyter_lab/MedCLIP-SAMv2/UDIAT4/train_images/neg_000061.png,A medical breast mammogram showing normal breast tissue with no evidence of tumor.,/home/woojye2020/decs_jupyter_lab/MedCLIP-SAMv2/UDIAT4/train_images/neg_000061.png,"A medical breast mammogram showing a well-defined, round mass suggestive of a benign breast tumor."
/home/woojye2020/decs_jupyter_lab/MedCLIP-SAMv2/UDIAT4/train_images/000061.png,"A medical breast mammogram showing a smooth, well-circumscribed mass suggestive of a benign breast tumor.",/home/woojye2020/decs_jupyter_lab/MedCLIP-SAMv2/UDIAT4/train_images/000061.png,"A mammogram with no suspicious masses or malignant findings, indicating a normal scan."
/home/woojye2020/decs_jupyter_lab/MedCLIP-SAMv2/UDIAT4/train_images/neg_000061.png,"A mammogram with no suspicious masses or malignant findings, indicating a normal scan.",/home/woojye2020/decs_jupyter_lab/MedCLIP-SAMv2/UDIAT4/train_images/neg_000061.png,"A medical breast mammogram showing a smooth, well-circumscribed mass suggestive of a benign breast tumor."
/home/woojye2020/decs_jupyter_lab/MedCLIP-SAMv2/UDIAT4/train_images/000061.png,"A mammogram displaying a round, homogeneous mass indicative of a benign breast tumor.",/home/woojye2020/decs_jupyter_lab/MedCLIP-SAMv2/UDIAT4/train_images/000061.png,A breast imaging study revealing no signs of benign or malignant tumors.
/home/woojye2020/decs_jupyter_lab/MedCLIP-SAMv2/UDIAT4/train_images/neg_000061.png,A breast imaging study revealing no signs of benign or malignant tumors.,/home/woojye2020/decs_jupyter_lab/MedCLIP-SAMv2/UDIAT4/train_images/neg_000061.png,"A mammogram displaying a round, homogeneous mass indicative of a benign breast tumor."
/home/woojye2020/decs_jupyter_lab/MedCLIP-SAMv2/UDIAT4/train_images/000061.png,"A breast imaging study revealing a well-defined, encapsulated mass likely representing a benign breast tumor.",/home/woojye2020/decs_jupyter_lab/MedCLIP-SAMv2/UDIAT4/train_images/000061.png,A mammogram showing symmetrical breast tissue with no focal masses or clinical findings.
/home/woojye2020/decs_jupyter_lab/MedCLIP-SAMv2/UDIAT4/train_images/neg_000061.png,A mammogram showing symmetrical breast tissue with no focal masses or clinical findings.,/home/woojye2020/decs_jupyter_lab/MedCLIP-SAMv2/UDIAT4/train_images/neg_000061.png,"A breast imaging study revealing a well-defined, encapsulated mass likely representing a benign breast tumor."
/home/woojye2020/decs_jupyter_lab/MedCLIP-SAMv2/UDIAT4/train_images/000061.png,"A mammogram showing a sharply marginated, round mass suggestive of a benign breast tumor.",/home/woojye2020/decs_jupyter_lab/MedCLIP-SAMv2/UDIAT4/train_images/000061.png,A diagnostic mammogram displaying normal glandular tissue without any detectable lesions.
/home/woojye2020/decs_jupyter_lab/MedCLIP-SAMv2/UDIAT4/train_images/neg_000061.png,A diagnostic mammogram displaying normal glandular tissue without any detectable lesions.,/home/woojye2020/decs_jupyter_lab/MedCLIP-SAMv2/UDIAT4/train_images/neg_000061.png,"A mammogram showing a sharply marginated, round mass suggestive of a benign breast tumor."
/home/woojye2020/decs_jupyter_lab/MedCLIP-SAMv2/UDIAT4/train_images/000062.png,"A medical breast mammogram showing a well-defined, round mass suggestive of a benign breast tumor.",/home/woojye2020/decs_jupyter_lab/MedCLIP-SAMv2/UDIAT4/train_images/000062.png,A medical breast mammogram showing normal breast tissue with no evidence of tumor.
/home/woojye2020/decs_jupyter_lab/MedCLIP-SAMv2/UDIAT4/train_images/neg_000062.png,A medical breast mammogram showing normal breast tissue with no evidence of tumor.,/home/woojye2020/decs_jupyter_lab/MedCLIP-SAMv2/UDIAT4/train_images/neg_000062.png,"A medical breast mammogram showing a well-defined, round mass suggestive of a benign breast tumor."
/home/woojye2020/decs_jupyter_lab/MedCLIP-SAMv2/UDIAT4/train_images/000062.png,"A medical breast mammogram showing a smooth, well-circumscribed mass suggestive of a benign breast tumor.",/home/woojye2020/decs_jupyter_lab/MedCLIP-SAMv2/UDIAT4/train_images/000062.png,"A mammogram with no suspicious masses or malignant findings, indicating a normal scan."
/home/woojye2020/decs_jupyter_lab/MedCLIP-SAMv2/UDIAT4/train_images/neg_000062.png,"A mammogram with no suspicious masses or malignant findings, indicating a normal scan.",/home/woojye2020/decs_jupyter_lab/MedCLIP-SAMv2/UDIAT4/train_images/neg_000062.png,"A medical breast mammogram showing a smooth, well-circumscribed mass suggestive of a benign breast tumor."
/home/woojye2020/decs_jupyter_lab/MedCLIP-SAMv2/UDIAT4/train_images/000062.png,"A mammogram displaying a round, homogeneous mass indicative of a benign breast tumor.",/home/woojye2020/decs_jupyter_lab/MedCLIP-SAMv2/UDIAT4/train_images/000062.png,A breast imaging study revealing no signs of benign or malignant tumors.
/home/woojye2020/decs_jupyter_lab/MedCLIP-SAMv2/UDIAT4/train_images/neg_000062.png,A breast imaging study revealing no signs of benign or malignant tumors.,/home/woojye2020/decs_jupyter_lab/MedCLIP-SAMv2/UDIAT4/train_images/neg_000062.png,"A mammogram displaying a round, homogeneous mass indicative of a benign breast tumor."
/home/woojye2020/decs_jupyter_lab/MedCLIP-SAMv2/UDIAT4/train_images/000062.png,"A breast imaging study revealing a well-defined, encapsulated mass likely representing a benign breast tumor.",/home/woojye2020/decs_jupyter_lab/MedCLIP-SAMv2/UDIAT4/train_images/000062.png,A mammogram showing symmetrical breast tissue with no focal masses or clinical findings.
/home/woojye2020/decs_jupyter_lab/MedCLIP-SAMv2/UDIAT4/train_images/neg_000062.png,A mammogram showing symmetrical breast tissue with no focal masses or clinical findings.,/home/woojye2020/decs_jupyter_lab/MedCLIP-SAMv2/UDIAT4/train_images/neg_000062.png,"A breast imaging study revealing a well-defined, encapsulated mass likely representing a benign breast tumor."
/home/woojye2020/decs_jupyter_lab/MedCLIP-SAMv2/UDIAT4/train_images/000062.png,"A mammogram showing a sharply marginated, round mass suggestive of a benign breast tumor.",/home/woojye2020/decs_jupyter_lab/MedCLIP-SAMv2/UDIAT4/train_images/000062.png,A diagnostic mammogram displaying normal glandular tissue without any detectable lesions.
/home/woojye2020/decs_jupyter_lab/MedCLIP-SAMv2/UDIAT4/train_images/neg_000062.png,A diagnostic mammogram displaying normal glandular tissue without any detectable lesions.,/home/woojye2020/decs_jupyter_lab/MedCLIP-SAMv2/UDIAT4/train_images/neg_000062.png,"A mammogram showing a sharply marginated, round mass suggestive of a benign breast tumor."
/home/woojye2020/decs_jupyter_lab/MedCLIP-SAMv2/UDIAT4/train_images/000063.png,"A medical breast mammogram showing a well-defined, round mass suggestive of a benign breast tumor.",/home/woojye2020/decs_jupyter_lab/MedCLIP-SAMv2/UDIAT4/train_images/000063.png,A medical breast mammogram showing normal breast tissue with no evidence of tumor.
/home/woojye2020/decs_jupyter_lab/MedCLIP-SAMv2/UDIAT4/train_images/neg_000063.png,A medical breast mammogram showing normal breast tissue with no evidence of tumor.,/home/woojye2020/decs_jupyter_lab/MedCLIP-SAMv2/UDIAT4/train_images/neg_000063.png,"A medical breast mammogram showing a well-defined, round mass suggestive of a benign breast tumor."
/home/woojye2020/decs_jupyter_lab/MedCLIP-SAMv2/UDIAT4/train_images/000063.png,"A medical breast mammogram showing a smooth, well-circumscribed mass suggestive of a benign breast tumor.",/home/woojye2020/decs_jupyter_lab/MedCLIP-SAMv2/UDIAT4/train_images/000063.png,"A mammogram with no suspicious masses or malignant findings, indicating a normal scan."
/home/woojye2020/decs_jupyter_lab/MedCLIP-SAMv2/UDIAT4/train_images/neg_000063.png,"A mammogram with no suspicious masses or malignant findings, indicating a normal scan.",/home/woojye2020/decs_jupyter_lab/MedCLIP-SAMv2/UDIAT4/train_images/neg_000063.png,"A medical breast mammogram showing a smooth, well-circumscribed mass suggestive of a benign breast tumor."
/home/woojye2020/decs_jupyter_lab/MedCLIP-SAMv2/UDIAT4/train_images/000063.png,"A mammogram displaying a round, homogeneous mass indicative of a benign breast tumor.",/home/woojye2020/decs_jupyter_lab/MedCLIP-SAMv2/UDIAT4/train_images/000063.png,A breast imaging study revealing no signs of benign or malignant tumors.
/home/woojye2020/decs_jupyter_lab/MedCLIP-SAMv2/UDIAT4/train_images/neg_000063.png,A breast imaging study revealing no signs of benign or malignant tumors.,/home/woojye2020/decs_jupyter_lab/MedCLIP-SAMv2/UDIAT4/train_images/neg_000063.png,"A mammogram displaying a round, homogeneous mass indicative of a benign breast tumor."
/home/woojye2020/decs_jupyter_lab/MedCLIP-SAMv2/UDIAT4/train_images/000063.png,"A breast imaging study revealing a well-defined, encapsulated mass likely representing a benign breast tumor.",/home/woojye2020/decs_jupyter_lab/MedCLIP-SAMv2/UDIAT4/train_images/000063.png,A mammogram showing symmetrical breast tissue with no focal masses or clinical findings.
/home/woojye2020/decs_jupyter_lab/MedCLIP-SAMv2/UDIAT4/train_images/neg_000063.png,A mammogram showing symmetrical breast tissue with no focal masses or clinical findings.,/home/woojye2020/decs_jupyter_lab/MedCLIP-SAMv2/UDIAT4/train_images/neg_000063.png,"A breast imaging study revealing a well-defined, encapsulated mass likely representing a benign breast tumor."
/home/woojye2020/decs_jupyter_lab/MedCLIP-SAMv2/UDIAT4/train_images/000063.png,"A mammogram showing a sharply marginated, round mass suggestive of a benign breast tumor.",/home/woojye2020/decs_jupyter_lab/MedCLIP-SAMv2/UDIAT4/train_images/000063.png,A diagnostic mammogram displaying normal glandular tissue without any detectable lesions.
/home/woojye2020/decs_jupyter_lab/MedCLIP-SAMv2/UDIAT4/train_images/neg_000063.png,A diagnostic mammogram displaying normal glandular tissue without any detectable lesions.,/home/woojye2020/decs_jupyter_lab/MedCLIP-SAMv2/UDIAT4/train_images/neg_000063.png,"A mammogram showing a sharply marginated, round mass suggestive of a benign breast tumor."
/home/woojye2020/decs_jupyter_lab/MedCLIP-SAMv2/UDIAT4/train_images/000065.png,"A medical breast mammogram showing a well-defined, round mass suggestive of a benign breast tumor.",/home/woojye2020/decs_jupyter_lab/MedCLIP-SAMv2/UDIAT4/train_images/000065.png,A medical breast mammogram showing normal breast tissue with no evidence of tumor.
/home/woojye2020/decs_jupyter_lab/MedCLIP-SAMv2/UDIAT4/train_images/neg_000065.png,A medical breast mammogram showing normal breast tissue with no evidence of tumor.,/home/woojye2020/decs_jupyter_lab/MedCLIP-SAMv2/UDIAT4/train_images/neg_000065.png,"A medical breast mammogram showing a well-defined, round mass suggestive of a benign breast tumor."
/home/woojye2020/decs_jupyter_lab/MedCLIP-SAMv2/UDIAT4/train_images/000065.png,"A medical breast mammogram showing a smooth, well-circumscribed mass suggestive of a benign breast tumor.",/home/woojye2020/decs_jupyter_lab/MedCLIP-SAMv2/UDIAT4/train_images/000065.png,"A mammogram with no suspicious masses or malignant findings, indicating a normal scan."
/home/woojye2020/decs_jupyter_lab/MedCLIP-SAMv2/UDIAT4/train_images/neg_000065.png,"A mammogram with no suspicious masses or malignant findings, indicating a normal scan.",/home/woojye2020/decs_jupyter_lab/MedCLIP-SAMv2/UDIAT4/train_images/neg_000065.png,"A medical breast mammogram showing a smooth, well-circumscribed mass suggestive of a benign breast tumor."
/home/woojye2020/decs_jupyter_lab/MedCLIP-SAMv2/UDIAT4/train_images/000065.png,"A mammogram displaying a round, homogeneous mass indicative of a benign breast tumor.",/home/woojye2020/decs_jupyter_lab/MedCLIP-SAMv2/UDIAT4/train_images/000065.png,A breast imaging study revealing no signs of benign or malignant tumors.
/home/woojye2020/decs_jupyter_lab/MedCLIP-SAMv2/UDIAT4/train_images/neg_000065.png,A breast imaging study revealing no signs of benign or malignant tumors.,/home/woojye2020/decs_jupyter_lab/MedCLIP-SAMv2/UDIAT4/train_images/neg_000065.png,"A mammogram displaying a round, homogeneous mass indicative of a benign breast tumor."
/home/woojye2020/decs_jupyter_lab/MedCLIP-SAMv2/UDIAT4/train_images/000065.png,"A breast imaging study revealing a well-defined, encapsulated mass likely representing a benign breast tumor.",/home/woojye2020/decs_jupyter_lab/MedCLIP-SAMv2/UDIAT4/train_images/000065.png,A mammogram showing symmetrical breast tissue with no focal masses or clinical findings.
/home/woojye2020/decs_jupyter_lab/MedCLIP-SAMv2/UDIAT4/train_images/neg_000065.png,A mammogram showing symmetrical breast tissue with no focal masses or clinical findings.,/home/woojye2020/decs_jupyter_lab/MedCLIP-SAMv2/UDIAT4/train_images/neg_000065.png,"A breast imaging study revealing a well-defined, encapsulated mass likely representing a benign breast tumor."
/home/woojye2020/decs_jupyter_lab/MedCLIP-SAMv2/UDIAT4/train_images/000065.png,"A mammogram showing a sharply marginated, round mass suggestive of a benign breast tumor.",/home/woojye2020/decs_jupyter_lab/MedCLIP-SAMv2/UDIAT4/train_images/000065.png,A diagnostic mammogram displaying normal glandular tissue without any detectable lesions.
/home/woojye2020/decs_jupyter_lab/MedCLIP-SAMv2/UDIAT4/train_images/neg_000065.png,A diagnostic mammogram displaying normal glandular tissue without any detectable lesions.,/home/woojye2020/decs_jupyter_lab/MedCLIP-SAMv2/UDIAT4/train_images/neg_000065.png,"A mammogram showing a sharply marginated, round mass suggestive of a benign breast tumor."
/home/woojye2020/decs_jupyter_lab/MedCLIP-SAMv2/UDIAT4/train_images/000066.png,"A medical breast mammogram showing a well-defined, round mass suggestive of a benign breast tumor.",/home/woojye2020/decs_jupyter_lab/MedCLIP-SAMv2/UDIAT4/train_images/000066.png,A medical breast mammogram showing normal breast tissue with no evidence of tumor.
/home/woojye2020/decs_jupyter_lab/MedCLIP-SAMv2/UDIAT4/train_images/neg_000066.png,A medical breast mammogram showing normal breast tissue with no evidence of tumor.,/home/woojye2020/decs_jupyter_lab/MedCLIP-SAMv2/UDIAT4/train_images/neg_000066.png,"A medical breast mammogram showing a well-defined, round mass suggestive of a benign breast tumor."
/home/woojye2020/decs_jupyter_lab/MedCLIP-SAMv2/UDIAT4/train_images/000066.png,"A medical breast mammogram showing a smooth, well-circumscribed mass suggestive of a benign breast tumor.",/home/woojye2020/decs_jupyter_lab/MedCLIP-SAMv2/UDIAT4/train_images/000066.png,"A mammogram with no suspicious masses or malignant findings, indicating a normal scan."
/home/woojye2020/decs_jupyter_lab/MedCLIP-SAMv2/UDIAT4/train_images/neg_000066.png,"A mammogram with no suspicious masses or malignant findings, indicating a normal scan.",/home/woojye2020/decs_jupyter_lab/MedCLIP-SAMv2/UDIAT4/train_images/neg_000066.png,"A medical breast mammogram showing a smooth, well-circumscribed mass suggestive of a benign breast tumor."
/home/woojye2020/decs_jupyter_lab/MedCLIP-SAMv2/UDIAT4/train_images/000066.png,"A mammogram displaying a round, homogeneous mass indicative of a benign breast tumor.",/home/woojye2020/decs_jupyter_lab/MedCLIP-SAMv2/UDIAT4/train_images/000066.png,A breast imaging study revealing no signs of benign or malignant tumors.
/home/woojye2020/decs_jupyter_lab/MedCLIP-SAMv2/UDIAT4/train_images/neg_000066.png,A breast imaging study revealing no signs of benign or malignant tumors.,/home/woojye2020/decs_jupyter_lab/MedCLIP-SAMv2/UDIAT4/train_images/neg_000066.png,"A mammogram displaying a round, homogeneous mass indicative of a benign breast tumor."
/home/woojye2020/decs_jupyter_lab/MedCLIP-SAMv2/UDIAT4/train_images/000066.png,"A breast imaging study revealing a well-defined, encapsulated mass likely representing a benign breast tumor.",/home/woojye2020/decs_jupyter_lab/MedCLIP-SAMv2/UDIAT4/train_images/000066.png,A mammogram showing symmetrical breast tissue with no focal masses or clinical findings.
/home/woojye2020/decs_jupyter_lab/MedCLIP-SAMv2/UDIAT4/train_images/neg_000066.png,A mammogram showing symmetrical breast tissue with no focal masses or clinical findings.,/home/woojye2020/decs_jupyter_lab/MedCLIP-SAMv2/UDIAT4/train_images/neg_000066.png,"A breast imaging study revealing a well-defined, encapsulated mass likely representing a benign breast tumor."
/home/woojye2020/decs_jupyter_lab/MedCLIP-SAMv2/UDIAT4/train_images/000066.png,"A mammogram showing a sharply marginated, round mass suggestive of a benign breast tumor.",/home/woojye2020/decs_jupyter_lab/MedCLIP-SAMv2/UDIAT4/train_images/000066.png,A diagnostic mammogram displaying normal glandular tissue without any detectable lesions.
/home/woojye2020/decs_jupyter_lab/MedCLIP-SAMv2/UDIAT4/train_images/neg_000066.png,A diagnostic mammogram displaying normal glandular tissue without any detectable lesions.,/home/woojye2020/decs_jupyter_lab/MedCLIP-SAMv2/UDIAT4/train_images/neg_000066.png,"A mammogram showing a sharply marginated, round mass suggestive of a benign breast tumor."
/home/woojye2020/decs_jupyter_lab/MedCLIP-SAMv2/UDIAT4/train_images/000067.png,"A medical breast mammogram showing a well-defined, round mass suggestive of a benign breast tumor.",/home/woojye2020/decs_jupyter_lab/MedCLIP-SAMv2/UDIAT4/train_images/000067.png,A medical breast mammogram showing normal breast tissue with no evidence of tumor.
/home/woojye2020/decs_jupyter_lab/MedCLIP-SAMv2/UDIAT4/train_images/neg_000067.png,A medical breast mammogram showing normal breast tissue with no evidence of tumor.,/home/woojye2020/decs_jupyter_lab/MedCLIP-SAMv2/UDIAT4/train_images/neg_000067.png,"A medical breast mammogram showing a well-defined, round mass suggestive of a benign breast tumor."
/home/woojye2020/decs_jupyter_lab/MedCLIP-SAMv2/UDIAT4/train_images/000067.png,"A medical breast mammogram showing a smooth, well-circumscribed mass suggestive of a benign breast tumor.",/home/woojye2020/decs_jupyter_lab/MedCLIP-SAMv2/UDIAT4/train_images/000067.png,"A mammogram with no suspicious masses or malignant findings, indicating a normal scan."
/home/woojye2020/decs_jupyter_lab/MedCLIP-SAMv2/UDIAT4/train_images/neg_000067.png,"A mammogram with no suspicious masses or malignant findings, indicating a normal scan.",/home/woojye2020/decs_jupyter_lab/MedCLIP-SAMv2/UDIAT4/train_images/neg_000067.png,"A medical breast mammogram showing a smooth, well-circumscribed mass suggestive of a benign breast tumor."
/home/woojye2020/decs_jupyter_lab/MedCLIP-SAMv2/UDIAT4/train_images/000067.png,"A mammogram displaying a round, homogeneous mass indicative of a benign breast tumor.",/home/woojye2020/decs_jupyter_lab/MedCLIP-SAMv2/UDIAT4/train_images/000067.png,A breast imaging study revealing no signs of benign or malignant tumors.
/home/woojye2020/decs_jupyter_lab/MedCLIP-SAMv2/UDIAT4/train_images/neg_000067.png,A breast imaging study revealing no signs of benign or malignant tumors.,/home/woojye2020/decs_jupyter_lab/MedCLIP-SAMv2/UDIAT4/train_images/neg_000067.png,"A mammogram displaying a round, homogeneous mass indicative of a benign breast tumor."
/home/woojye2020/decs_jupyter_lab/MedCLIP-SAMv2/UDIAT4/train_images/000067.png,"A breast imaging study revealing a well-defined, encapsulated mass likely representing a benign breast tumor.",/home/woojye2020/decs_jupyter_lab/MedCLIP-SAMv2/UDIAT4/train_images/000067.png,A mammogram showing symmetrical breast tissue with no focal masses or clinical findings.
/home/woojye2020/decs_jupyter_lab/MedCLIP-SAMv2/UDIAT4/train_images/neg_000067.png,A mammogram showing symmetrical breast tissue with no focal masses or clinical findings.,/home/woojye2020/decs_jupyter_lab/MedCLIP-SAMv2/UDIAT4/train_images/neg_000067.png,"A breast imaging study revealing a well-defined, encapsulated mass likely representing a benign breast tumor."
/home/woojye2020/decs_jupyter_lab/MedCLIP-SAMv2/UDIAT4/train_images/000067.png,"A mammogram showing a sharply marginated, round mass suggestive of a benign breast tumor.",/home/woojye2020/decs_jupyter_lab/MedCLIP-SAMv2/UDIAT4/train_images/000067.png,A diagnostic mammogram displaying normal glandular tissue without any detectable lesions.
/home/woojye2020/decs_jupyter_lab/MedCLIP-SAMv2/UDIAT4/train_images/neg_000067.png,A diagnostic mammogram displaying normal glandular tissue without any detectable lesions.,/home/woojye2020/decs_jupyter_lab/MedCLIP-SAMv2/UDIAT4/train_images/neg_000067.png,"A mammogram showing a sharply marginated, round mass suggestive of a benign breast tumor."
/home/woojye2020/decs_jupyter_lab/MedCLIP-SAMv2/UDIAT4/train_images/000068.png,"A medical breast mammogram showing a well-defined, round mass suggestive of a benign breast tumor.",/home/woojye2020/decs_jupyter_lab/MedCLIP-SAMv2/UDIAT4/train_images/000068.png,A medical breast mammogram showing normal breast tissue with no evidence of tumor.
/home/woojye2020/decs_jupyter_lab/MedCLIP-SAMv2/UDIAT4/train_images/neg_000068.png,A medical breast mammogram showing normal breast tissue with no evidence of tumor.,/home/woojye2020/decs_jupyter_lab/MedCLIP-SAMv2/UDIAT4/train_images/neg_000068.png,"A medical breast mammogram showing a well-defined, round mass suggestive of a benign breast tumor."
/home/woojye2020/decs_jupyter_lab/MedCLIP-SAMv2/UDIAT4/train_images/000068.png,"A medical breast mammogram showing a smooth, well-circumscribed mass suggestive of a benign breast tumor.",/home/woojye2020/decs_jupyter_lab/MedCLIP-SAMv2/UDIAT4/train_images/000068.png,"A mammogram with no suspicious masses or malignant findings, indicating a normal scan."
/home/woojye2020/decs_jupyter_lab/MedCLIP-SAMv2/UDIAT4/train_images/neg_000068.png,"A mammogram with no suspicious masses or malignant findings, indicating a normal scan.",/home/woojye2020/decs_jupyter_lab/MedCLIP-SAMv2/UDIAT4/train_images/neg_000068.png,"A medical breast mammogram showing a smooth, well-circumscribed mass suggestive of a benign breast tumor."
/home/woojye2020/decs_jupyter_lab/MedCLIP-SAMv2/UDIAT4/train_images/000068.png,"A mammogram displaying a round, homogeneous mass indicative of a benign breast tumor.",/home/woojye2020/decs_jupyter_lab/MedCLIP-SAMv2/UDIAT4/train_images/000068.png,A breast imaging study revealing no signs of benign or malignant tumors.
/home/woojye2020/decs_jupyter_lab/MedCLIP-SAMv2/UDIAT4/train_images/neg_000068.png,A breast imaging study revealing no signs of benign or malignant tumors.,/home/woojye2020/decs_jupyter_lab/MedCLIP-SAMv2/UDIAT4/train_images/neg_000068.png,"A mammogram displaying a round, homogeneous mass indicative of a benign breast tumor."
/home/woojye2020/decs_jupyter_lab/MedCLIP-SAMv2/UDIAT4/train_images/000068.png,"A breast imaging study revealing a well-defined, encapsulated mass likely representing a benign breast tumor.",/home/woojye2020/decs_jupyter_lab/MedCLIP-SAMv2/UDIAT4/train_images/000068.png,A mammogram showing symmetrical breast tissue with no focal masses or clinical findings.
/home/woojye2020/decs_jupyter_lab/MedCLIP-SAMv2/UDIAT4/train_images/neg_000068.png,A mammogram showing symmetrical breast tissue with no focal masses or clinical findings.,/home/woojye2020/decs_jupyter_lab/MedCLIP-SAMv2/UDIAT4/train_images/neg_000068.png,"A breast imaging study revealing a well-defined, encapsulated mass likely representing a benign breast tumor."
/home/woojye2020/decs_jupyter_lab/MedCLIP-SAMv2/UDIAT4/train_images/000068.png,"A mammogram showing a sharply marginated, round mass suggestive of a benign breast tumor.",/home/woojye2020/decs_jupyter_lab/MedCLIP-SAMv2/UDIAT4/train_images/000068.png,A diagnostic mammogram displaying normal glandular tissue without any detectable lesions.
/home/woojye2020/decs_jupyter_lab/MedCLIP-SAMv2/UDIAT4/train_images/neg_000068.png,A diagnostic mammogram displaying normal glandular tissue without any detectable lesions.,/home/woojye2020/decs_jupyter_lab/MedCLIP-SAMv2/UDIAT4/train_images/neg_000068.png,"A mammogram showing a sharply marginated, round mass suggestive of a benign breast tumor."
/home/woojye2020/decs_jupyter_lab/MedCLIP-SAMv2/UDIAT4/train_images/000069.png,"A medical breast mammogram showing a well-defined, round mass suggestive of a benign breast tumor.",/home/woojye2020/decs_jupyter_lab/MedCLIP-SAMv2/UDIAT4/train_images/000069.png,A medical breast mammogram showing normal breast tissue with no evidence of tumor.
/home/woojye2020/decs_jupyter_lab/MedCLIP-SAMv2/UDIAT4/train_images/neg_000069.png,A medical breast mammogram showing normal breast tissue with no evidence of tumor.,/home/woojye2020/decs_jupyter_lab/MedCLIP-SAMv2/UDIAT4/train_images/neg_000069.png,"A medical breast mammogram showing a well-defined, round mass suggestive of a benign breast tumor."
/home/woojye2020/decs_jupyter_lab/MedCLIP-SAMv2/UDIAT4/train_images/000069.png,"A medical breast mammogram showing a smooth, well-circumscribed mass suggestive of a benign breast tumor.",/home/woojye2020/decs_jupyter_lab/MedCLIP-SAMv2/UDIAT4/train_images/000069.png,"A mammogram with no suspicious masses or malignant findings, indicating a normal scan."
/home/woojye2020/decs_jupyter_lab/MedCLIP-SAMv2/UDIAT4/train_images/neg_000069.png,"A mammogram with no suspicious masses or malignant findings, indicating a normal scan.",/home/woojye2020/decs_jupyter_lab/MedCLIP-SAMv2/UDIAT4/train_images/neg_000069.png,"A medical breast mammogram showing a smooth, well-circumscribed mass suggestive of a benign breast tumor."
/home/woojye2020/decs_jupyter_lab/MedCLIP-SAMv2/UDIAT4/train_images/000069.png,"A mammogram displaying a round, homogeneous mass indicative of a benign breast tumor.",/home/woojye2020/decs_jupyter_lab/MedCLIP-SAMv2/UDIAT4/train_images/000069.png,A breast imaging study revealing no signs of benign or malignant tumors.
/home/woojye2020/decs_jupyter_lab/MedCLIP-SAMv2/UDIAT4/train_images/neg_000069.png,A breast imaging study revealing no signs of benign or malignant tumors.,/home/woojye2020/decs_jupyter_lab/MedCLIP-SAMv2/UDIAT4/train_images/neg_000069.png,"A mammogram displaying a round, homogeneous mass indicative of a benign breast tumor."
/home/woojye2020/decs_jupyter_lab/MedCLIP-SAMv2/UDIAT4/train_images/000069.png,"A breast imaging study revealing a well-defined, encapsulated mass likely representing a benign breast tumor.",/home/woojye2020/decs_jupyter_lab/MedCLIP-SAMv2/UDIAT4/train_images/000069.png,A mammogram showing symmetrical breast tissue with no focal masses or clinical findings.
/home/woojye2020/decs_jupyter_lab/MedCLIP-SAMv2/UDIAT4/train_images/neg_000069.png,A mammogram showing symmetrical breast tissue with no focal masses or clinical findings.,/home/woojye2020/decs_jupyter_lab/MedCLIP-SAMv2/UDIAT4/train_images/neg_000069.png,"A breast imaging study revealing a well-defined, encapsulated mass likely representing a benign breast tumor."
/home/woojye2020/decs_jupyter_lab/MedCLIP-SAMv2/UDIAT4/train_images/000069.png,"A mammogram showing a sharply marginated, round mass suggestive of a benign breast tumor.",/home/woojye2020/decs_jupyter_lab/MedCLIP-SAMv2/UDIAT4/train_images/000069.png,A diagnostic mammogram displaying normal glandular tissue without any detectable lesions.
/home/woojye2020/decs_jupyter_lab/MedCLIP-SAMv2/UDIAT4/train_images/neg_000069.png,A diagnostic mammogram displaying normal glandular tissue without any detectable lesions.,/home/woojye2020/decs_jupyter_lab/MedCLIP-SAMv2/UDIAT4/train_images/neg_000069.png,"A mammogram showing a sharply marginated, round mass suggestive of a benign breast tumor."
/home/woojye2020/decs_jupyter_lab/MedCLIP-SAMv2/UDIAT4/train_images/000070.png,"A medical breast mammogram showing a well-defined, round mass suggestive of a benign breast tumor.",/home/woojye2020/decs_jupyter_lab/MedCLIP-SAMv2/UDIAT4/train_images/000070.png,A medical breast mammogram showing normal breast tissue with no evidence of tumor.
/home/woojye2020/decs_jupyter_lab/MedCLIP-SAMv2/UDIAT4/train_images/neg_000070.png,A medical breast mammogram showing normal breast tissue with no evidence of tumor.,/home/woojye2020/decs_jupyter_lab/MedCLIP-SAMv2/UDIAT4/train_images/neg_000070.png,"A medical breast mammogram showing a well-defined, round mass suggestive of a benign breast tumor."
/home/woojye2020/decs_jupyter_lab/MedCLIP-SAMv2/UDIAT4/train_images/000070.png,"A medical breast mammogram showing a smooth, well-circumscribed mass suggestive of a benign breast tumor.",/home/woojye2020/decs_jupyter_lab/MedCLIP-SAMv2/UDIAT4/train_images/000070.png,"A mammogram with no suspicious masses or malignant findings, indicating a normal scan."
/home/woojye2020/decs_jupyter_lab/MedCLIP-SAMv2/UDIAT4/train_images/neg_000070.png,"A mammogram with no suspicious masses or malignant findings, indicating a normal scan.",/home/woojye2020/decs_jupyter_lab/MedCLIP-SAMv2/UDIAT4/train_images/neg_000070.png,"A medical breast mammogram showing a smooth, well-circumscribed mass suggestive of a benign breast tumor."
/home/woojye2020/decs_jupyter_lab/MedCLIP-SAMv2/UDIAT4/train_images/000070.png,"A mammogram displaying a round, homogeneous mass indicative of a benign breast tumor.",/home/woojye2020/decs_jupyter_lab/MedCLIP-SAMv2/UDIAT4/train_images/000070.png,A breast imaging study revealing no signs of benign or malignant tumors.
/home/woojye2020/decs_jupyter_lab/MedCLIP-SAMv2/UDIAT4/train_images/neg_000070.png,A breast imaging study revealing no signs of benign or malignant tumors.,/home/woojye2020/decs_jupyter_lab/MedCLIP-SAMv2/UDIAT4/train_images/neg_000070.png,"A mammogram displaying a round, homogeneous mass indicative of a benign breast tumor."
/home/woojye2020/decs_jupyter_lab/MedCLIP-SAMv2/UDIAT4/train_images/000070.png,"A breast imaging study revealing a well-defined, encapsulated mass likely representing a benign breast tumor.",/home/woojye2020/decs_jupyter_lab/MedCLIP-SAMv2/UDIAT4/train_images/000070.png,A mammogram showing symmetrical breast tissue with no focal masses or clinical findings.
/home/woojye2020/decs_jupyter_lab/MedCLIP-SAMv2/UDIAT4/train_images/neg_000070.png,A mammogram showing symmetrical breast tissue with no focal masses or clinical findings.,/home/woojye2020/decs_jupyter_lab/MedCLIP-SAMv2/UDIAT4/train_images/neg_000070.png,"A breast imaging study revealing a well-defined, encapsulated mass likely representing a benign breast tumor."
/home/woojye2020/decs_jupyter_lab/MedCLIP-SAMv2/UDIAT4/train_images/000070.png,"A mammogram showing a sharply marginated, round mass suggestive of a benign breast tumor.",/home/woojye2020/decs_jupyter_lab/MedCLIP-SAMv2/UDIAT4/train_images/000070.png,A diagnostic mammogram displaying normal glandular tissue without any detectable lesions.
/home/woojye2020/decs_jupyter_lab/MedCLIP-SAMv2/UDIAT4/train_images/neg_000070.png,A diagnostic mammogram displaying normal glandular tissue without any detectable lesions.,/home/woojye2020/decs_jupyter_lab/MedCLIP-SAMv2/UDIAT4/train_images/neg_000070.png,"A mammogram showing a sharply marginated, round mass suggestive of a benign breast tumor."
/home/woojye2020/decs_jupyter_lab/MedCLIP-SAMv2/UDIAT4/train_images/000071.png,"A medical breast mammogram showing a well-defined, round mass suggestive of a benign breast tumor.",/home/woojye2020/decs_jupyter_lab/MedCLIP-SAMv2/UDIAT4/train_images/000071.png,A medical breast mammogram showing normal breast tissue with no evidence of tumor.
/home/woojye2020/decs_jupyter_lab/MedCLIP-SAMv2/UDIAT4/train_images/neg_000071.png,A medical breast mammogram showing normal breast tissue with no evidence of tumor.,/home/woojye2020/decs_jupyter_lab/MedCLIP-SAMv2/UDIAT4/train_images/neg_000071.png,"A medical breast mammogram showing a well-defined, round mass suggestive of a benign breast tumor."
/home/woojye2020/decs_jupyter_lab/MedCLIP-SAMv2/UDIAT4/train_images/000071.png,"A medical breast mammogram showing a smooth, well-circumscribed mass suggestive of a benign breast tumor.",/home/woojye2020/decs_jupyter_lab/MedCLIP-SAMv2/UDIAT4/train_images/000071.png,"A mammogram with no suspicious masses or malignant findings, indicating a normal scan."
/home/woojye2020/decs_jupyter_lab/MedCLIP-SAMv2/UDIAT4/train_images/neg_000071.png,"A mammogram with no suspicious masses or malignant findings, indicating a normal scan.",/home/woojye2020/decs_jupyter_lab/MedCLIP-SAMv2/UDIAT4/train_images/neg_000071.png,"A medical breast mammogram showing a smooth, well-circumscribed mass suggestive of a benign breast tumor."
/home/woojye2020/decs_jupyter_lab/MedCLIP-SAMv2/UDIAT4/train_images/000071.png,"A mammogram displaying a round, homogeneous mass indicative of a benign breast tumor.",/home/woojye2020/decs_jupyter_lab/MedCLIP-SAMv2/UDIAT4/train_images/000071.png,A breast imaging study revealing no signs of benign or malignant tumors.
/home/woojye2020/decs_jupyter_lab/MedCLIP-SAMv2/UDIAT4/train_images/neg_000071.png,A breast imaging study revealing no signs of benign or malignant tumors.,/home/woojye2020/decs_jupyter_lab/MedCLIP-SAMv2/UDIAT4/train_images/neg_000071.png,"A mammogram displaying a round, homogeneous mass indicative of a benign breast tumor."
/home/woojye2020/decs_jupyter_lab/MedCLIP-SAMv2/UDIAT4/train_images/000071.png,"A breast imaging study revealing a well-defined, encapsulated mass likely representing a benign breast tumor.",/home/woojye2020/decs_jupyter_lab/MedCLIP-SAMv2/UDIAT4/train_images/000071.png,A mammogram showing symmetrical breast tissue with no focal masses or clinical findings.
/home/woojye2020/decs_jupyter_lab/MedCLIP-SAMv2/UDIAT4/train_images/neg_000071.png,A mammogram showing symmetrical breast tissue with no focal masses or clinical findings.,/home/woojye2020/decs_jupyter_lab/MedCLIP-SAMv2/UDIAT4/train_images/neg_000071.png,"A breast imaging study revealing a well-defined, encapsulated mass likely representing a benign breast tumor."
/home/woojye2020/decs_jupyter_lab/MedCLIP-SAMv2/UDIAT4/train_images/000071.png,"A mammogram showing a sharply marginated, round mass suggestive of a benign breast tumor.",/home/woojye2020/decs_jupyter_lab/MedCLIP-SAMv2/UDIAT4/train_images/000071.png,A diagnostic mammogram displaying normal glandular tissue without any detectable lesions.
/home/woojye2020/decs_jupyter_lab/MedCLIP-SAMv2/UDIAT4/train_images/neg_000071.png,A diagnostic mammogram displaying normal glandular tissue without any detectable lesions.,/home/woojye2020/decs_jupyter_lab/MedCLIP-SAMv2/UDIAT4/train_images/neg_000071.png,"A mammogram showing a sharply marginated, round mass suggestive of a benign breast tumor."
/home/woojye2020/decs_jupyter_lab/MedCLIP-SAMv2/UDIAT4/train_images/000074.png,"A medical breast mammogram showing a well-defined, round mass suggestive of a benign breast tumor.",/home/woojye2020/decs_jupyter_lab/MedCLIP-SAMv2/UDIAT4/train_images/000074.png,A medical breast mammogram showing normal breast tissue with no evidence of tumor.
/home/woojye2020/decs_jupyter_lab/MedCLIP-SAMv2/UDIAT4/train_images/neg_000074.png,A medical breast mammogram showing normal breast tissue with no evidence of tumor.,/home/woojye2020/decs_jupyter_lab/MedCLIP-SAMv2/UDIAT4/train_images/neg_000074.png,"A medical breast mammogram showing a well-defined, round mass suggestive of a benign breast tumor."
/home/woojye2020/decs_jupyter_lab/MedCLIP-SAMv2/UDIAT4/train_images/000074.png,"A medical breast mammogram showing a smooth, well-circumscribed mass suggestive of a benign breast tumor.",/home/woojye2020/decs_jupyter_lab/MedCLIP-SAMv2/UDIAT4/train_images/000074.png,"A mammogram with no suspicious masses or malignant findings, indicating a normal scan."
/home/woojye2020/decs_jupyter_lab/MedCLIP-SAMv2/UDIAT4/train_images/neg_000074.png,"A mammogram with no suspicious masses or malignant findings, indicating a normal scan.",/home/woojye2020/decs_jupyter_lab/MedCLIP-SAMv2/UDIAT4/train_images/neg_000074.png,"A medical breast mammogram showing a smooth, well-circumscribed mass suggestive of a benign breast tumor."
/home/woojye2020/decs_jupyter_lab/MedCLIP-SAMv2/UDIAT4/train_images/000074.png,"A mammogram displaying a round, homogeneous mass indicative of a benign breast tumor.",/home/woojye2020/decs_jupyter_lab/MedCLIP-SAMv2/UDIAT4/train_images/000074.png,A breast imaging study revealing no signs of benign or malignant tumors.
/home/woojye2020/decs_jupyter_lab/MedCLIP-SAMv2/UDIAT4/train_images/neg_000074.png,A breast imaging study revealing no signs of benign or malignant tumors.,/home/woojye2020/decs_jupyter_lab/MedCLIP-SAMv2/UDIAT4/train_images/neg_000074.png,"A mammogram displaying a round, homogeneous mass indicative of a benign breast tumor."
/home/woojye2020/decs_jupyter_lab/MedCLIP-SAMv2/UDIAT4/train_images/000074.png,"A breast imaging study revealing a well-defined, encapsulated mass likely representing a benign breast tumor.",/home/woojye2020/decs_jupyter_lab/MedCLIP-SAMv2/UDIAT4/train_images/000074.png,A mammogram showing symmetrical breast tissue with no focal masses or clinical findings.
/home/woojye2020/decs_jupyter_lab/MedCLIP-SAMv2/UDIAT4/train_images/neg_000074.png,A mammogram showing symmetrical breast tissue with no focal masses or clinical findings.,/home/woojye2020/decs_jupyter_lab/MedCLIP-SAMv2/UDIAT4/train_images/neg_000074.png,"A breast imaging study revealing a well-defined, encapsulated mass likely representing a benign breast tumor."
/home/woojye2020/decs_jupyter_lab/MedCLIP-SAMv2/UDIAT4/train_images/000074.png,"A mammogram showing a sharply marginated, round mass suggestive of a benign breast tumor.",/home/woojye2020/decs_jupyter_lab/MedCLIP-SAMv2/UDIAT4/train_images/000074.png,A diagnostic mammogram displaying normal glandular tissue without any detectable lesions.
/home/woojye2020/decs_jupyter_lab/MedCLIP-SAMv2/UDIAT4/train_images/neg_000074.png,A diagnostic mammogram displaying normal glandular tissue without any detectable lesions.,/home/woojye2020/decs_jupyter_lab/MedCLIP-SAMv2/UDIAT4/train_images/neg_000074.png,"A mammogram showing a sharply marginated, round mass suggestive of a benign breast tumor."
/home/woojye2020/decs_jupyter_lab/MedCLIP-SAMv2/UDIAT4/train_images/000076.png,"A medical breast mammogram showing a well-defined, round mass suggestive of a benign breast tumor.",/home/woojye2020/decs_jupyter_lab/MedCLIP-SAMv2/UDIAT4/train_images/000076.png,A medical breast mammogram showing normal breast tissue with no evidence of tumor.
/home/woojye2020/decs_jupyter_lab/MedCLIP-SAMv2/UDIAT4/train_images/neg_000076.png,A medical breast mammogram showing normal breast tissue with no evidence of tumor.,/home/woojye2020/decs_jupyter_lab/MedCLIP-SAMv2/UDIAT4/train_images/neg_000076.png,"A medical breast mammogram showing a well-defined, round mass suggestive of a benign breast tumor."
/home/woojye2020/decs_jupyter_lab/MedCLIP-SAMv2/UDIAT4/train_images/000076.png,"A medical breast mammogram showing a smooth, well-circumscribed mass suggestive of a benign breast tumor.",/home/woojye2020/decs_jupyter_lab/MedCLIP-SAMv2/UDIAT4/train_images/000076.png,"A mammogram with no suspicious masses or malignant findings, indicating a normal scan."
/home/woojye2020/decs_jupyter_lab/MedCLIP-SAMv2/UDIAT4/train_images/neg_000076.png,"A mammogram with no suspicious masses or malignant findings, indicating a normal scan.",/home/woojye2020/decs_jupyter_lab/MedCLIP-SAMv2/UDIAT4/train_images/neg_000076.png,"A medical breast mammogram showing a smooth, well-circumscribed mass suggestive of a benign breast tumor."
/home/woojye2020/decs_jupyter_lab/MedCLIP-SAMv2/UDIAT4/train_images/000076.png,"A mammogram displaying a round, homogeneous mass indicative of a benign breast tumor.",/home/woojye2020/decs_jupyter_lab/MedCLIP-SAMv2/UDIAT4/train_images/000076.png,A breast imaging study revealing no signs of benign or malignant tumors.
/home/woojye2020/decs_jupyter_lab/MedCLIP-SAMv2/UDIAT4/train_images/neg_000076.png,A breast imaging study revealing no signs of benign or malignant tumors.,/home/woojye2020/decs_jupyter_lab/MedCLIP-SAMv2/UDIAT4/train_images/neg_000076.png,"A mammogram displaying a round, homogeneous mass indicative of a benign breast tumor."
/home/woojye2020/decs_jupyter_lab/MedCLIP-SAMv2/UDIAT4/train_images/000076.png,"A breast imaging study revealing a well-defined, encapsulated mass likely representing a benign breast tumor.",/home/woojye2020/decs_jupyter_lab/MedCLIP-SAMv2/UDIAT4/train_images/000076.png,A mammogram showing symmetrical breast tissue with no focal masses or clinical findings.
/home/woojye2020/decs_jupyter_lab/MedCLIP-SAMv2/UDIAT4/train_images/neg_000076.png,A mammogram showing symmetrical breast tissue with no focal masses or clinical findings.,/home/woojye2020/decs_jupyter_lab/MedCLIP-SAMv2/UDIAT4/train_images/neg_000076.png,"A breast imaging study revealing a well-defined, encapsulated mass likely representing a benign breast tumor."
/home/woojye2020/decs_jupyter_lab/MedCLIP-SAMv2/UDIAT4/train_images/000076.png,"A mammogram showing a sharply marginated, round mass suggestive of a benign breast tumor.",/home/woojye2020/decs_jupyter_lab/MedCLIP-SAMv2/UDIAT4/train_images/000076.png,A diagnostic mammogram displaying normal glandular tissue without any detectable lesions.
/home/woojye2020/decs_jupyter_lab/MedCLIP-SAMv2/UDIAT4/train_images/neg_000076.png,A diagnostic mammogram displaying normal glandular tissue without any detectable lesions.,/home/woojye2020/decs_jupyter_lab/MedCLIP-SAMv2/UDIAT4/train_images/neg_000076.png,"A mammogram showing a sharply marginated, round mass suggestive of a benign breast tumor."
/home/woojye2020/decs_jupyter_lab/MedCLIP-SAMv2/UDIAT4/train_images/000077.png,"A medical breast mammogram showing a well-defined, round mass suggestive of a benign breast tumor.",/home/woojye2020/decs_jupyter_lab/MedCLIP-SAMv2/UDIAT4/train_images/000077.png,A medical breast mammogram showing normal breast tissue with no evidence of tumor.
/home/woojye2020/decs_jupyter_lab/MedCLIP-SAMv2/UDIAT4/train_images/neg_000077.png,A medical breast mammogram showing normal breast tissue with no evidence of tumor.,/home/woojye2020/decs_jupyter_lab/MedCLIP-SAMv2/UDIAT4/train_images/neg_000077.png,"A medical breast mammogram showing a well-defined, round mass suggestive of a benign breast tumor."
/home/woojye2020/decs_jupyter_lab/MedCLIP-SAMv2/UDIAT4/train_images/000077.png,"A medical breast mammogram showing a smooth, well-circumscribed mass suggestive of a benign breast tumor.",/home/woojye2020/decs_jupyter_lab/MedCLIP-SAMv2/UDIAT4/train_images/000077.png,"A mammogram with no suspicious masses or malignant findings, indicating a normal scan."
/home/woojye2020/decs_jupyter_lab/MedCLIP-SAMv2/UDIAT4/train_images/neg_000077.png,"A mammogram with no suspicious masses or malignant findings, indicating a normal scan.",/home/woojye2020/decs_jupyter_lab/MedCLIP-SAMv2/UDIAT4/train_images/neg_000077.png,"A medical breast mammogram showing a smooth, well-circumscribed mass suggestive of a benign breast tumor."
/home/woojye2020/decs_jupyter_lab/MedCLIP-SAMv2/UDIAT4/train_images/000077.png,"A mammogram displaying a round, homogeneous mass indicative of a benign breast tumor.",/home/woojye2020/decs_jupyter_lab/MedCLIP-SAMv2/UDIAT4/train_images/000077.png,A breast imaging study revealing no signs of benign or malignant tumors.
/home/woojye2020/decs_jupyter_lab/MedCLIP-SAMv2/UDIAT4/train_images/neg_000077.png,A breast imaging study revealing no signs of benign or malignant tumors.,/home/woojye2020/decs_jupyter_lab/MedCLIP-SAMv2/UDIAT4/train_images/neg_000077.png,"A mammogram displaying a round, homogeneous mass indicative of a benign breast tumor."
/home/woojye2020/decs_jupyter_lab/MedCLIP-SAMv2/UDIAT4/train_images/000077.png,"A breast imaging study revealing a well-defined, encapsulated mass likely representing a benign breast tumor.",/home/woojye2020/decs_jupyter_lab/MedCLIP-SAMv2/UDIAT4/train_images/000077.png,A mammogram showing symmetrical breast tissue with no focal masses or clinical findings.
/home/woojye2020/decs_jupyter_lab/MedCLIP-SAMv2/UDIAT4/train_images/neg_000077.png,A mammogram showing symmetrical breast tissue with no focal masses or clinical findings.,/home/woojye2020/decs_jupyter_lab/MedCLIP-SAMv2/UDIAT4/train_images/neg_000077.png,"A breast imaging study revealing a well-defined, encapsulated mass likely representing a benign breast tumor."
/home/woojye2020/decs_jupyter_lab/MedCLIP-SAMv2/UDIAT4/train_images/000077.png,"A mammogram showing a sharply marginated, round mass suggestive of a benign breast tumor.",/home/woojye2020/decs_jupyter_lab/MedCLIP-SAMv2/UDIAT4/train_images/000077.png,A diagnostic mammogram displaying normal glandular tissue without any detectable lesions.
/home/woojye2020/decs_jupyter_lab/MedCLIP-SAMv2/UDIAT4/train_images/neg_000077.png,A diagnostic mammogram displaying normal glandular tissue without any detectable lesions.,/home/woojye2020/decs_jupyter_lab/MedCLIP-SAMv2/UDIAT4/train_images/neg_000077.png,"A mammogram showing a sharply marginated, round mass suggestive of a benign breast tumor."
/home/woojye2020/decs_jupyter_lab/MedCLIP-SAMv2/UDIAT4/train_images/000078.png,"A medical breast mammogram showing a well-defined, round mass suggestive of a benign breast tumor.",/home/woojye2020/decs_jupyter_lab/MedCLIP-SAMv2/UDIAT4/train_images/000078.png,A medical breast mammogram showing normal breast tissue with no evidence of tumor.
/home/woojye2020/decs_jupyter_lab/MedCLIP-SAMv2/UDIAT4/train_images/neg_000078.png,A medical breast mammogram showing normal breast tissue with no evidence of tumor.,/home/woojye2020/decs_jupyter_lab/MedCLIP-SAMv2/UDIAT4/train_images/neg_000078.png,"A medical breast mammogram showing a well-defined, round mass suggestive of a benign breast tumor."
/home/woojye2020/decs_jupyter_lab/MedCLIP-SAMv2/UDIAT4/train_images/000078.png,"A medical breast mammogram showing a smooth, well-circumscribed mass suggestive of a benign breast tumor.",/home/woojye2020/decs_jupyter_lab/MedCLIP-SAMv2/UDIAT4/train_images/000078.png,"A mammogram with no suspicious masses or malignant findings, indicating a normal scan."
/home/woojye2020/decs_jupyter_lab/MedCLIP-SAMv2/UDIAT4/train_images/neg_000078.png,"A mammogram with no suspicious masses or malignant findings, indicating a normal scan.",/home/woojye2020/decs_jupyter_lab/MedCLIP-SAMv2/UDIAT4/train_images/neg_000078.png,"A medical breast mammogram showing a smooth, well-circumscribed mass suggestive of a benign breast tumor."
/home/woojye2020/decs_jupyter_lab/MedCLIP-SAMv2/UDIAT4/train_images/000078.png,"A mammogram displaying a round, homogeneous mass indicative of a benign breast tumor.",/home/woojye2020/decs_jupyter_lab/MedCLIP-SAMv2/UDIAT4/train_images/000078.png,A breast imaging study revealing no signs of benign or malignant tumors.
/home/woojye2020/decs_jupyter_lab/MedCLIP-SAMv2/UDIAT4/train_images/neg_000078.png,A breast imaging study revealing no signs of benign or malignant tumors.,/home/woojye2020/decs_jupyter_lab/MedCLIP-SAMv2/UDIAT4/train_images/neg_000078.png,"A mammogram displaying a round, homogeneous mass indicative of a benign breast tumor."
/home/woojye2020/decs_jupyter_lab/MedCLIP-SAMv2/UDIAT4/train_images/000078.png,"A breast imaging study revealing a well-defined, encapsulated mass likely representing a benign breast tumor.",/home/woojye2020/decs_jupyter_lab/MedCLIP-SAMv2/UDIAT4/train_images/000078.png,A mammogram showing symmetrical breast tissue with no focal masses or clinical findings.
/home/woojye2020/decs_jupyter_lab/MedCLIP-SAMv2/UDIAT4/train_images/neg_000078.png,A mammogram showing symmetrical breast tissue with no focal masses or clinical findings.,/home/woojye2020/decs_jupyter_lab/MedCLIP-SAMv2/UDIAT4/train_images/neg_000078.png,"A breast imaging study revealing a well-defined, encapsulated mass likely representing a benign breast tumor."
/home/woojye2020/decs_jupyter_lab/MedCLIP-SAMv2/UDIAT4/train_images/000078.png,"A mammogram showing a sharply marginated, round mass suggestive of a benign breast tumor.",/home/woojye2020/decs_jupyter_lab/MedCLIP-SAMv2/UDIAT4/train_images/000078.png,A diagnostic mammogram displaying normal glandular tissue without any detectable lesions.
/home/woojye2020/decs_jupyter_lab/MedCLIP-SAMv2/UDIAT4/train_images/neg_000078.png,A diagnostic mammogram displaying normal glandular tissue without any detectable lesions.,/home/woojye2020/decs_jupyter_lab/MedCLIP-SAMv2/UDIAT4/train_images/neg_000078.png,"A mammogram showing a sharply marginated, round mass suggestive of a benign breast tumor."
/home/woojye2020/decs_jupyter_lab/MedCLIP-SAMv2/UDIAT4/train_images/000079.png,"A medical breast mammogram showing a well-defined, round mass suggestive of a benign breast tumor.",/home/woojye2020/decs_jupyter_lab/MedCLIP-SAMv2/UDIAT4/train_images/000079.png,A medical breast mammogram showing normal breast tissue with no evidence of tumor.
/home/woojye2020/decs_jupyter_lab/MedCLIP-SAMv2/UDIAT4/train_images/neg_000079.png,A medical breast mammogram showing normal breast tissue with no evidence of tumor.,/home/woojye2020/decs_jupyter_lab/MedCLIP-SAMv2/UDIAT4/train_images/neg_000079.png,"A medical breast mammogram showing a well-defined, round mass suggestive of a benign breast tumor."
/home/woojye2020/decs_jupyter_lab/MedCLIP-SAMv2/UDIAT4/train_images/000079.png,"A medical breast mammogram showing a smooth, well-circumscribed mass suggestive of a benign breast tumor.",/home/woojye2020/decs_jupyter_lab/MedCLIP-SAMv2/UDIAT4/train_images/000079.png,"A mammogram with no suspicious masses or malignant findings, indicating a normal scan."
/home/woojye2020/decs_jupyter_lab/MedCLIP-SAMv2/UDIAT4/train_images/neg_000079.png,"A mammogram with no suspicious masses or malignant findings, indicating a normal scan.",/home/woojye2020/decs_jupyter_lab/MedCLIP-SAMv2/UDIAT4/train_images/neg_000079.png,"A medical breast mammogram showing a smooth, well-circumscribed mass suggestive of a benign breast tumor."
/home/woojye2020/decs_jupyter_lab/MedCLIP-SAMv2/UDIAT4/train_images/000079.png,"A mammogram displaying a round, homogeneous mass indicative of a benign breast tumor.",/home/woojye2020/decs_jupyter_lab/MedCLIP-SAMv2/UDIAT4/train_images/000079.png,A breast imaging study revealing no signs of benign or malignant tumors.
/home/woojye2020/decs_jupyter_lab/MedCLIP-SAMv2/UDIAT4/train_images/neg_000079.png,A breast imaging study revealing no signs of benign or malignant tumors.,/home/woojye2020/decs_jupyter_lab/MedCLIP-SAMv2/UDIAT4/train_images/neg_000079.png,"A mammogram displaying a round, homogeneous mass indicative of a benign breast tumor."
/home/woojye2020/decs_jupyter_lab/MedCLIP-SAMv2/UDIAT4/train_images/000079.png,"A breast imaging study revealing a well-defined, encapsulated mass likely representing a benign breast tumor.",/home/woojye2020/decs_jupyter_lab/MedCLIP-SAMv2/UDIAT4/train_images/000079.png,A mammogram showing symmetrical breast tissue with no focal masses or clinical findings.
/home/woojye2020/decs_jupyter_lab/MedCLIP-SAMv2/UDIAT4/train_images/neg_000079.png,A mammogram showing symmetrical breast tissue with no focal masses or clinical findings.,/home/woojye2020/decs_jupyter_lab/MedCLIP-SAMv2/UDIAT4/train_images/neg_000079.png,"A breast imaging study revealing a well-defined, encapsulated mass likely representing a benign breast tumor."
/home/woojye2020/decs_jupyter_lab/MedCLIP-SAMv2/UDIAT4/train_images/000079.png,"A mammogram showing a sharply marginated, round mass suggestive of a benign breast tumor.",/home/woojye2020/decs_jupyter_lab/MedCLIP-SAMv2/UDIAT4/train_images/000079.png,A diagnostic mammogram displaying normal glandular tissue without any detectable lesions.
/home/woojye2020/decs_jupyter_lab/MedCLIP-SAMv2/UDIAT4/train_images/neg_000079.png,A diagnostic mammogram displaying normal glandular tissue without any detectable lesions.,/home/woojye2020/decs_jupyter_lab/MedCLIP-SAMv2/UDIAT4/train_images/neg_000079.png,"A mammogram showing a sharply marginated, round mass suggestive of a benign breast tumor."
/home/woojye2020/decs_jupyter_lab/MedCLIP-SAMv2/UDIAT4/train_images/000080.png,"A medical breast mammogram showing a well-defined, round mass suggestive of a benign breast tumor.",/home/woojye2020/decs_jupyter_lab/MedCLIP-SAMv2/UDIAT4/train_images/000080.png,A medical breast mammogram showing normal breast tissue with no evidence of tumor.
/home/woojye2020/decs_jupyter_lab/MedCLIP-SAMv2/UDIAT4/train_images/neg_000080.png,A medical breast mammogram showing normal breast tissue with no evidence of tumor.,/home/woojye2020/decs_jupyter_lab/MedCLIP-SAMv2/UDIAT4/train_images/neg_000080.png,"A medical breast mammogram showing a well-defined, round mass suggestive of a benign breast tumor."
/home/woojye2020/decs_jupyter_lab/MedCLIP-SAMv2/UDIAT4/train_images/000080.png,"A medical breast mammogram showing a smooth, well-circumscribed mass suggestive of a benign breast tumor.",/home/woojye2020/decs_jupyter_lab/MedCLIP-SAMv2/UDIAT4/train_images/000080.png,"A mammogram with no suspicious masses or malignant findings, indicating a normal scan."
/home/woojye2020/decs_jupyter_lab/MedCLIP-SAMv2/UDIAT4/train_images/neg_000080.png,"A mammogram with no suspicious masses or malignant findings, indicating a normal scan.",/home/woojye2020/decs_jupyter_lab/MedCLIP-SAMv2/UDIAT4/train_images/neg_000080.png,"A medical breast mammogram showing a smooth, well-circumscribed mass suggestive of a benign breast tumor."
/home/woojye2020/decs_jupyter_lab/MedCLIP-SAMv2/UDIAT4/train_images/000080.png,"A mammogram displaying a round, homogeneous mass indicative of a benign breast tumor.",/home/woojye2020/decs_jupyter_lab/MedCLIP-SAMv2/UDIAT4/train_images/000080.png,A breast imaging study revealing no signs of benign or malignant tumors.
/home/woojye2020/decs_jupyter_lab/MedCLIP-SAMv2/UDIAT4/train_images/neg_000080.png,A breast imaging study revealing no signs of benign or malignant tumors.,/home/woojye2020/decs_jupyter_lab/MedCLIP-SAMv2/UDIAT4/train_images/neg_000080.png,"A mammogram displaying a round, homogeneous mass indicative of a benign breast tumor."
/home/woojye2020/decs_jupyter_lab/MedCLIP-SAMv2/UDIAT4/train_images/000080.png,"A breast imaging study revealing a well-defined, encapsulated mass likely representing a benign breast tumor.",/home/woojye2020/decs_jupyter_lab/MedCLIP-SAMv2/UDIAT4/train_images/000080.png,A mammogram showing symmetrical breast tissue with no focal masses or clinical findings.
/home/woojye2020/decs_jupyter_lab/MedCLIP-SAMv2/UDIAT4/train_images/neg_000080.png,A mammogram showing symmetrical breast tissue with no focal masses or clinical findings.,/home/woojye2020/decs_jupyter_lab/MedCLIP-SAMv2/UDIAT4/train_images/neg_000080.png,"A breast imaging study revealing a well-defined, encapsulated mass likely representing a benign breast tumor."
/home/woojye2020/decs_jupyter_lab/MedCLIP-SAMv2/UDIAT4/train_images/000080.png,"A mammogram showing a sharply marginated, round mass suggestive of a benign breast tumor.",/home/woojye2020/decs_jupyter_lab/MedCLIP-SAMv2/UDIAT4/train_images/000080.png,A diagnostic mammogram displaying normal glandular tissue without any detectable lesions.
/home/woojye2020/decs_jupyter_lab/MedCLIP-SAMv2/UDIAT4/train_images/neg_000080.png,A diagnostic mammogram displaying normal glandular tissue without any detectable lesions.,/home/woojye2020/decs_jupyter_lab/MedCLIP-SAMv2/UDIAT4/train_images/neg_000080.png,"A mammogram showing a sharply marginated, round mass suggestive of a benign breast tumor."
/home/woojye2020/decs_jupyter_lab/MedCLIP-SAMv2/UDIAT4/train_images/000081.png,"A medical breast mammogram showing a well-defined, round mass suggestive of a benign breast tumor.",/home/woojye2020/decs_jupyter_lab/MedCLIP-SAMv2/UDIAT4/train_images/000081.png,A medical breast mammogram showing normal breast tissue with no evidence of tumor.
/home/woojye2020/decs_jupyter_lab/MedCLIP-SAMv2/UDIAT4/train_images/neg_000081.png,A medical breast mammogram showing normal breast tissue with no evidence of tumor.,/home/woojye2020/decs_jupyter_lab/MedCLIP-SAMv2/UDIAT4/train_images/neg_000081.png,"A medical breast mammogram showing a well-defined, round mass suggestive of a benign breast tumor."
/home/woojye2020/decs_jupyter_lab/MedCLIP-SAMv2/UDIAT4/train_images/000081.png,"A medical breast mammogram showing a smooth, well-circumscribed mass suggestive of a benign breast tumor.",/home/woojye2020/decs_jupyter_lab/MedCLIP-SAMv2/UDIAT4/train_images/000081.png,"A mammogram with no suspicious masses or malignant findings, indicating a normal scan."
/home/woojye2020/decs_jupyter_lab/MedCLIP-SAMv2/UDIAT4/train_images/neg_000081.png,"A mammogram with no suspicious masses or malignant findings, indicating a normal scan.",/home/woojye2020/decs_jupyter_lab/MedCLIP-SAMv2/UDIAT4/train_images/neg_000081.png,"A medical breast mammogram showing a smooth, well-circumscribed mass suggestive of a benign breast tumor."
/home/woojye2020/decs_jupyter_lab/MedCLIP-SAMv2/UDIAT4/train_images/000081.png,"A mammogram displaying a round, homogeneous mass indicative of a benign breast tumor.",/home/woojye2020/decs_jupyter_lab/MedCLIP-SAMv2/UDIAT4/train_images/000081.png,A breast imaging study revealing no signs of benign or malignant tumors.
/home/woojye2020/decs_jupyter_lab/MedCLIP-SAMv2/UDIAT4/train_images/neg_000081.png,A breast imaging study revealing no signs of benign or malignant tumors.,/home/woojye2020/decs_jupyter_lab/MedCLIP-SAMv2/UDIAT4/train_images/neg_000081.png,"A mammogram displaying a round, homogeneous mass indicative of a benign breast tumor."
/home/woojye2020/decs_jupyter_lab/MedCLIP-SAMv2/UDIAT4/train_images/000081.png,"A breast imaging study revealing a well-defined, encapsulated mass likely representing a benign breast tumor.",/home/woojye2020/decs_jupyter_lab/MedCLIP-SAMv2/UDIAT4/train_images/000081.png,A mammogram showing symmetrical breast tissue with no focal masses or clinical findings.
/home/woojye2020/decs_jupyter_lab/MedCLIP-SAMv2/UDIAT4/train_images/neg_000081.png,A mammogram showing symmetrical breast tissue with no focal masses or clinical findings.,/home/woojye2020/decs_jupyter_lab/MedCLIP-SAMv2/UDIAT4/train_images/neg_000081.png,"A breast imaging study revealing a well-defined, encapsulated mass likely representing a benign breast tumor."
/home/woojye2020/decs_jupyter_lab/MedCLIP-SAMv2/UDIAT4/train_images/000081.png,"A mammogram showing a sharply marginated, round mass suggestive of a benign breast tumor.",/home/woojye2020/decs_jupyter_lab/MedCLIP-SAMv2/UDIAT4/train_images/000081.png,A diagnostic mammogram displaying normal glandular tissue without any detectable lesions.
/home/woojye2020/decs_jupyter_lab/MedCLIP-SAMv2/UDIAT4/train_images/neg_000081.png,A diagnostic mammogram displaying normal glandular tissue without any detectable lesions.,/home/woojye2020/decs_jupyter_lab/MedCLIP-SAMv2/UDIAT4/train_images/neg_000081.png,"A mammogram showing a sharply marginated, round mass suggestive of a benign breast tumor."
/home/woojye2020/decs_jupyter_lab/MedCLIP-SAMv2/UDIAT4/train_images/000082.png,"A medical breast mammogram showing a well-defined, round mass suggestive of a benign breast tumor.",/home/woojye2020/decs_jupyter_lab/MedCLIP-SAMv2/UDIAT4/train_images/000082.png,A medical breast mammogram showing normal breast tissue with no evidence of tumor.
/home/woojye2020/decs_jupyter_lab/MedCLIP-SAMv2/UDIAT4/train_images/neg_000082.png,A medical breast mammogram showing normal breast tissue with no evidence of tumor.,/home/woojye2020/decs_jupyter_lab/MedCLIP-SAMv2/UDIAT4/train_images/neg_000082.png,"A medical breast mammogram showing a well-defined, round mass suggestive of a benign breast tumor."
/home/woojye2020/decs_jupyter_lab/MedCLIP-SAMv2/UDIAT4/train_images/000082.png,"A medical breast mammogram showing a smooth, well-circumscribed mass suggestive of a benign breast tumor.",/home/woojye2020/decs_jupyter_lab/MedCLIP-SAMv2/UDIAT4/train_images/000082.png,"A mammogram with no suspicious masses or malignant findings, indicating a normal scan."
/home/woojye2020/decs_jupyter_lab/MedCLIP-SAMv2/UDIAT4/train_images/neg_000082.png,"A mammogram with no suspicious masses or malignant findings, indicating a normal scan.",/home/woojye2020/decs_jupyter_lab/MedCLIP-SAMv2/UDIAT4/train_images/neg_000082.png,"A medical breast mammogram showing a smooth, well-circumscribed mass suggestive of a benign breast tumor."
/home/woojye2020/decs_jupyter_lab/MedCLIP-SAMv2/UDIAT4/train_images/000082.png,"A mammogram displaying a round, homogeneous mass indicative of a benign breast tumor.",/home/woojye2020/decs_jupyter_lab/MedCLIP-SAMv2/UDIAT4/train_images/000082.png,A breast imaging study revealing no signs of benign or malignant tumors.
/home/woojye2020/decs_jupyter_lab/MedCLIP-SAMv2/UDIAT4/train_images/neg_000082.png,A breast imaging study revealing no signs of benign or malignant tumors.,/home/woojye2020/decs_jupyter_lab/MedCLIP-SAMv2/UDIAT4/train_images/neg_000082.png,"A mammogram displaying a round, homogeneous mass indicative of a benign breast tumor."
/home/woojye2020/decs_jupyter_lab/MedCLIP-SAMv2/UDIAT4/train_images/000082.png,"A breast imaging study revealing a well-defined, encapsulated mass likely representing a benign breast tumor.",/home/woojye2020/decs_jupyter_lab/MedCLIP-SAMv2/UDIAT4/train_images/000082.png,A mammogram showing symmetrical breast tissue with no focal masses or clinical findings.
/home/woojye2020/decs_jupyter_lab/MedCLIP-SAMv2/UDIAT4/train_images/neg_000082.png,A mammogram showing symmetrical breast tissue with no focal masses or clinical findings.,/home/woojye2020/decs_jupyter_lab/MedCLIP-SAMv2/UDIAT4/train_images/neg_000082.png,"A breast imaging study revealing a well-defined, encapsulated mass likely representing a benign breast tumor."
/home/woojye2020/decs_jupyter_lab/MedCLIP-SAMv2/UDIAT4/train_images/000082.png,"A mammogram showing a sharply marginated, round mass suggestive of a benign breast tumor.",/home/woojye2020/decs_jupyter_lab/MedCLIP-SAMv2/UDIAT4/train_images/000082.png,A diagnostic mammogram displaying normal glandular tissue without any detectable lesions.
/home/woojye2020/decs_jupyter_lab/MedCLIP-SAMv2/UDIAT4/train_images/neg_000082.png,A diagnostic mammogram displaying normal glandular tissue without any detectable lesions.,/home/woojye2020/decs_jupyter_lab/MedCLIP-SAMv2/UDIAT4/train_images/neg_000082.png,"A mammogram showing a sharply marginated, round mass suggestive of a benign breast tumor."
/home/woojye2020/decs_jupyter_lab/MedCLIP-SAMv2/UDIAT4/train_images/000083.png,"A medical breast mammogram showing a well-defined, round mass suggestive of a benign breast tumor.",/home/woojye2020/decs_jupyter_lab/MedCLIP-SAMv2/UDIAT4/train_images/000083.png,A medical breast mammogram showing normal breast tissue with no evidence of tumor.
/home/woojye2020/decs_jupyter_lab/MedCLIP-SAMv2/UDIAT4/train_images/neg_000083.png,A medical breast mammogram showing normal breast tissue with no evidence of tumor.,/home/woojye2020/decs_jupyter_lab/MedCLIP-SAMv2/UDIAT4/train_images/neg_000083.png,"A medical breast mammogram showing a well-defined, round mass suggestive of a benign breast tumor."
/home/woojye2020/decs_jupyter_lab/MedCLIP-SAMv2/UDIAT4/train_images/000083.png,"A medical breast mammogram showing a smooth, well-circumscribed mass suggestive of a benign breast tumor.",/home/woojye2020/decs_jupyter_lab/MedCLIP-SAMv2/UDIAT4/train_images/000083.png,"A mammogram with no suspicious masses or malignant findings, indicating a normal scan."
/home/woojye2020/decs_jupyter_lab/MedCLIP-SAMv2/UDIAT4/train_images/neg_000083.png,"A mammogram with no suspicious masses or malignant findings, indicating a normal scan.",/home/woojye2020/decs_jupyter_lab/MedCLIP-SAMv2/UDIAT4/train_images/neg_000083.png,"A medical breast mammogram showing a smooth, well-circumscribed mass suggestive of a benign breast tumor."
/home/woojye2020/decs_jupyter_lab/MedCLIP-SAMv2/UDIAT4/train_images/000083.png,"A mammogram displaying a round, homogeneous mass indicative of a benign breast tumor.",/home/woojye2020/decs_jupyter_lab/MedCLIP-SAMv2/UDIAT4/train_images/000083.png,A breast imaging study revealing no signs of benign or malignant tumors.
/home/woojye2020/decs_jupyter_lab/MedCLIP-SAMv2/UDIAT4/train_images/neg_000083.png,A breast imaging study revealing no signs of benign or malignant tumors.,/home/woojye2020/decs_jupyter_lab/MedCLIP-SAMv2/UDIAT4/train_images/neg_000083.png,"A mammogram displaying a round, homogeneous mass indicative of a benign breast tumor."
/home/woojye2020/decs_jupyter_lab/MedCLIP-SAMv2/UDIAT4/train_images/000083.png,"A breast imaging study revealing a well-defined, encapsulated mass likely representing a benign breast tumor.",/home/woojye2020/decs_jupyter_lab/MedCLIP-SAMv2/UDIAT4/train_images/000083.png,A mammogram showing symmetrical breast tissue with no focal masses or clinical findings.
/home/woojye2020/decs_jupyter_lab/MedCLIP-SAMv2/UDIAT4/train_images/neg_000083.png,A mammogram showing symmetrical breast tissue with no focal masses or clinical findings.,/home/woojye2020/decs_jupyter_lab/MedCLIP-SAMv2/UDIAT4/train_images/neg_000083.png,"A breast imaging study revealing a well-defined, encapsulated mass likely representing a benign breast tumor."
/home/woojye2020/decs_jupyter_lab/MedCLIP-SAMv2/UDIAT4/train_images/000083.png,"A mammogram showing a sharply marginated, round mass suggestive of a benign breast tumor.",/home/woojye2020/decs_jupyter_lab/MedCLIP-SAMv2/UDIAT4/train_images/000083.png,A diagnostic mammogram displaying normal glandular tissue without any detectable lesions.
/home/woojye2020/decs_jupyter_lab/MedCLIP-SAMv2/UDIAT4/train_images/neg_000083.png,A diagnostic mammogram displaying normal glandular tissue without any detectable lesions.,/home/woojye2020/decs_jupyter_lab/MedCLIP-SAMv2/UDIAT4/train_images/neg_000083.png,"A mammogram showing a sharply marginated, round mass suggestive of a benign breast tumor."
/home/woojye2020/decs_jupyter_lab/MedCLIP-SAMv2/UDIAT4/train_images/000085.png,"A medical breast mammogram showing a well-defined, round mass suggestive of a benign breast tumor.",/home/woojye2020/decs_jupyter_lab/MedCLIP-SAMv2/UDIAT4/train_images/000085.png,A medical breast mammogram showing normal breast tissue with no evidence of tumor.
/home/woojye2020/decs_jupyter_lab/MedCLIP-SAMv2/UDIAT4/train_images/neg_000085.png,A medical breast mammogram showing normal breast tissue with no evidence of tumor.,/home/woojye2020/decs_jupyter_lab/MedCLIP-SAMv2/UDIAT4/train_images/neg_000085.png,"A medical breast mammogram showing a well-defined, round mass suggestive of a benign breast tumor."
/home/woojye2020/decs_jupyter_lab/MedCLIP-SAMv2/UDIAT4/train_images/000085.png,"A medical breast mammogram showing a smooth, well-circumscribed mass suggestive of a benign breast tumor.",/home/woojye2020/decs_jupyter_lab/MedCLIP-SAMv2/UDIAT4/train_images/000085.png,"A mammogram with no suspicious masses or malignant findings, indicating a normal scan."
/home/woojye2020/decs_jupyter_lab/MedCLIP-SAMv2/UDIAT4/train_images/neg_000085.png,"A mammogram with no suspicious masses or malignant findings, indicating a normal scan.",/home/woojye2020/decs_jupyter_lab/MedCLIP-SAMv2/UDIAT4/train_images/neg_000085.png,"A medical breast mammogram showing a smooth, well-circumscribed mass suggestive of a benign breast tumor."
/home/woojye2020/decs_jupyter_lab/MedCLIP-SAMv2/UDIAT4/train_images/000085.png,"A mammogram displaying a round, homogeneous mass indicative of a benign breast tumor.",/home/woojye2020/decs_jupyter_lab/MedCLIP-SAMv2/UDIAT4/train_images/000085.png,A breast imaging study revealing no signs of benign or malignant tumors.
/home/woojye2020/decs_jupyter_lab/MedCLIP-SAMv2/UDIAT4/train_images/neg_000085.png,A breast imaging study revealing no signs of benign or malignant tumors.,/home/woojye2020/decs_jupyter_lab/MedCLIP-SAMv2/UDIAT4/train_images/neg_000085.png,"A mammogram displaying a round, homogeneous mass indicative of a benign breast tumor."
/home/woojye2020/decs_jupyter_lab/MedCLIP-SAMv2/UDIAT4/train_images/000085.png,"A breast imaging study revealing a well-defined, encapsulated mass likely representing a benign breast tumor.",/home/woojye2020/decs_jupyter_lab/MedCLIP-SAMv2/UDIAT4/train_images/000085.png,A mammogram showing symmetrical breast tissue with no focal masses or clinical findings.
/home/woojye2020/decs_jupyter_lab/MedCLIP-SAMv2/UDIAT4/train_images/neg_000085.png,A mammogram showing symmetrical breast tissue with no focal masses or clinical findings.,/home/woojye2020/decs_jupyter_lab/MedCLIP-SAMv2/UDIAT4/train_images/neg_000085.png,"A breast imaging study revealing a well-defined, encapsulated mass likely representing a benign breast tumor."
/home/woojye2020/decs_jupyter_lab/MedCLIP-SAMv2/UDIAT4/train_images/000085.png,"A mammogram showing a sharply marginated, round mass suggestive of a benign breast tumor.",/home/woojye2020/decs_jupyter_lab/MedCLIP-SAMv2/UDIAT4/train_images/000085.png,A diagnostic mammogram displaying normal glandular tissue without any detectable lesions.
/home/woojye2020/decs_jupyter_lab/MedCLIP-SAMv2/UDIAT4/train_images/neg_000085.png,A diagnostic mammogram displaying normal glandular tissue without any detectable lesions.,/home/woojye2020/decs_jupyter_lab/MedCLIP-SAMv2/UDIAT4/train_images/neg_000085.png,"A mammogram showing a sharply marginated, round mass suggestive of a benign breast tumor."
/home/woojye2020/decs_jupyter_lab/MedCLIP-SAMv2/UDIAT4/train_images/000086.png,"A medical breast mammogram showing a well-defined, round mass suggestive of a benign breast tumor.",/home/woojye2020/decs_jupyter_lab/MedCLIP-SAMv2/UDIAT4/train_images/000086.png,A medical breast mammogram showing normal breast tissue with no evidence of tumor.
/home/woojye2020/decs_jupyter_lab/MedCLIP-SAMv2/UDIAT4/train_images/neg_000086.png,A medical breast mammogram showing normal breast tissue with no evidence of tumor.,/home/woojye2020/decs_jupyter_lab/MedCLIP-SAMv2/UDIAT4/train_images/neg_000086.png,"A medical breast mammogram showing a well-defined, round mass suggestive of a benign breast tumor."
/home/woojye2020/decs_jupyter_lab/MedCLIP-SAMv2/UDIAT4/train_images/000086.png,"A medical breast mammogram showing a smooth, well-circumscribed mass suggestive of a benign breast tumor.",/home/woojye2020/decs_jupyter_lab/MedCLIP-SAMv2/UDIAT4/train_images/000086.png,"A mammogram with no suspicious masses or malignant findings, indicating a normal scan."
/home/woojye2020/decs_jupyter_lab/MedCLIP-SAMv2/UDIAT4/train_images/neg_000086.png,"A mammogram with no suspicious masses or malignant findings, indicating a normal scan.",/home/woojye2020/decs_jupyter_lab/MedCLIP-SAMv2/UDIAT4/train_images/neg_000086.png,"A medical breast mammogram showing a smooth, well-circumscribed mass suggestive of a benign breast tumor."
/home/woojye2020/decs_jupyter_lab/MedCLIP-SAMv2/UDIAT4/train_images/000086.png,"A mammogram displaying a round, homogeneous mass indicative of a benign breast tumor.",/home/woojye2020/decs_jupyter_lab/MedCLIP-SAMv2/UDIAT4/train_images/000086.png,A breast imaging study revealing no signs of benign or malignant tumors.
/home/woojye2020/decs_jupyter_lab/MedCLIP-SAMv2/UDIAT4/train_images/neg_000086.png,A breast imaging study revealing no signs of benign or malignant tumors.,/home/woojye2020/decs_jupyter_lab/MedCLIP-SAMv2/UDIAT4/train_images/neg_000086.png,"A mammogram displaying a round, homogeneous mass indicative of a benign breast tumor."
/home/woojye2020/decs_jupyter_lab/MedCLIP-SAMv2/UDIAT4/train_images/000086.png,"A breast imaging study revealing a well-defined, encapsulated mass likely representing a benign breast tumor.",/home/woojye2020/decs_jupyter_lab/MedCLIP-SAMv2/UDIAT4/train_images/000086.png,A mammogram showing symmetrical breast tissue with no focal masses or clinical findings.
/home/woojye2020/decs_jupyter_lab/MedCLIP-SAMv2/UDIAT4/train_images/neg_000086.png,A mammogram showing symmetrical breast tissue with no focal masses or clinical findings.,/home/woojye2020/decs_jupyter_lab/MedCLIP-SAMv2/UDIAT4/train_images/neg_000086.png,"A breast imaging study revealing a well-defined, encapsulated mass likely representing a benign breast tumor."
/home/woojye2020/decs_jupyter_lab/MedCLIP-SAMv2/UDIAT4/train_images/000086.png,"A mammogram showing a sharply marginated, round mass suggestive of a benign breast tumor.",/home/woojye2020/decs_jupyter_lab/MedCLIP-SAMv2/UDIAT4/train_images/000086.png,A diagnostic mammogram displaying normal glandular tissue without any detectable lesions.
/home/woojye2020/decs_jupyter_lab/MedCLIP-SAMv2/UDIAT4/train_images/neg_000086.png,A diagnostic mammogram displaying normal glandular tissue without any detectable lesions.,/home/woojye2020/decs_jupyter_lab/MedCLIP-SAMv2/UDIAT4/train_images/neg_000086.png,"A mammogram showing a sharply marginated, round mass suggestive of a benign breast tumor."
/home/woojye2020/decs_jupyter_lab/MedCLIP-SAMv2/UDIAT4/train_images/000087.png,"A medical breast mammogram showing a well-defined, round mass suggestive of a benign breast tumor.",/home/woojye2020/decs_jupyter_lab/MedCLIP-SAMv2/UDIAT4/train_images/000087.png,A medical breast mammogram showing normal breast tissue with no evidence of tumor.
/home/woojye2020/decs_jupyter_lab/MedCLIP-SAMv2/UDIAT4/train_images/neg_000087.png,A medical breast mammogram showing normal breast tissue with no evidence of tumor.,/home/woojye2020/decs_jupyter_lab/MedCLIP-SAMv2/UDIAT4/train_images/neg_000087.png,"A medical breast mammogram showing a well-defined, round mass suggestive of a benign breast tumor."
/home/woojye2020/decs_jupyter_lab/MedCLIP-SAMv2/UDIAT4/train_images/000087.png,"A medical breast mammogram showing a smooth, well-circumscribed mass suggestive of a benign breast tumor.",/home/woojye2020/decs_jupyter_lab/MedCLIP-SAMv2/UDIAT4/train_images/000087.png,"A mammogram with no suspicious masses or malignant findings, indicating a normal scan."
/home/woojye2020/decs_jupyter_lab/MedCLIP-SAMv2/UDIAT4/train_images/neg_000087.png,"A mammogram with no suspicious masses or malignant findings, indicating a normal scan.",/home/woojye2020/decs_jupyter_lab/MedCLIP-SAMv2/UDIAT4/train_images/neg_000087.png,"A medical breast mammogram showing a smooth, well-circumscribed mass suggestive of a benign breast tumor."
/home/woojye2020/decs_jupyter_lab/MedCLIP-SAMv2/UDIAT4/train_images/000087.png,"A mammogram displaying a round, homogeneous mass indicative of a benign breast tumor.",/home/woojye2020/decs_jupyter_lab/MedCLIP-SAMv2/UDIAT4/train_images/000087.png,A breast imaging study revealing no signs of benign or malignant tumors.
/home/woojye2020/decs_jupyter_lab/MedCLIP-SAMv2/UDIAT4/train_images/neg_000087.png,A breast imaging study revealing no signs of benign or malignant tumors.,/home/woojye2020/decs_jupyter_lab/MedCLIP-SAMv2/UDIAT4/train_images/neg_000087.png,"A mammogram displaying a round, homogeneous mass indicative of a benign breast tumor."
/home/woojye2020/decs_jupyter_lab/MedCLIP-SAMv2/UDIAT4/train_images/000087.png,"A breast imaging study revealing a well-defined, encapsulated mass likely representing a benign breast tumor.",/home/woojye2020/decs_jupyter_lab/MedCLIP-SAMv2/UDIAT4/train_images/000087.png,A mammogram showing symmetrical breast tissue with no focal masses or clinical findings.
/home/woojye2020/decs_jupyter_lab/MedCLIP-SAMv2/UDIAT4/train_images/neg_000087.png,A mammogram showing symmetrical breast tissue with no focal masses or clinical findings.,/home/woojye2020/decs_jupyter_lab/MedCLIP-SAMv2/UDIAT4/train_images/neg_000087.png,"A breast imaging study revealing a well-defined, encapsulated mass likely representing a benign breast tumor."
/home/woojye2020/decs_jupyter_lab/MedCLIP-SAMv2/UDIAT4/train_images/000087.png,"A mammogram showing a sharply marginated, round mass suggestive of a benign breast tumor.",/home/woojye2020/decs_jupyter_lab/MedCLIP-SAMv2/UDIAT4/train_images/000087.png,A diagnostic mammogram displaying normal glandular tissue without any detectable lesions.
/home/woojye2020/decs_jupyter_lab/MedCLIP-SAMv2/UDIAT4/train_images/neg_000087.png,A diagnostic mammogram displaying normal glandular tissue without any detectable lesions.,/home/woojye2020/decs_jupyter_lab/MedCLIP-SAMv2/UDIAT4/train_images/neg_000087.png,"A mammogram showing a sharply marginated, round mass suggestive of a benign breast tumor."
/home/woojye2020/decs_jupyter_lab/MedCLIP-SAMv2/UDIAT4/train_images/000091.png,"A medical breast mammogram showing a well-defined, round mass suggestive of a benign breast tumor.",/home/woojye2020/decs_jupyter_lab/MedCLIP-SAMv2/UDIAT4/train_images/000091.png,A medical breast mammogram showing normal breast tissue with no evidence of tumor.
/home/woojye2020/decs_jupyter_lab/MedCLIP-SAMv2/UDIAT4/train_images/neg_000091.png,A medical breast mammogram showing normal breast tissue with no evidence of tumor.,/home/woojye2020/decs_jupyter_lab/MedCLIP-SAMv2/UDIAT4/train_images/neg_000091.png,"A medical breast mammogram showing a well-defined, round mass suggestive of a benign breast tumor."
/home/woojye2020/decs_jupyter_lab/MedCLIP-SAMv2/UDIAT4/train_images/000091.png,"A medical breast mammogram showing a smooth, well-circumscribed mass suggestive of a benign breast tumor.",/home/woojye2020/decs_jupyter_lab/MedCLIP-SAMv2/UDIAT4/train_images/000091.png,"A mammogram with no suspicious masses or malignant findings, indicating a normal scan."
/home/woojye2020/decs_jupyter_lab/MedCLIP-SAMv2/UDIAT4/train_images/neg_000091.png,"A mammogram with no suspicious masses or malignant findings, indicating a normal scan.",/home/woojye2020/decs_jupyter_lab/MedCLIP-SAMv2/UDIAT4/train_images/neg_000091.png,"A medical breast mammogram showing a smooth, well-circumscribed mass suggestive of a benign breast tumor."
/home/woojye2020/decs_jupyter_lab/MedCLIP-SAMv2/UDIAT4/train_images/000091.png,"A mammogram displaying a round, homogeneous mass indicative of a benign breast tumor.",/home/woojye2020/decs_jupyter_lab/MedCLIP-SAMv2/UDIAT4/train_images/000091.png,A breast imaging study revealing no signs of benign or malignant tumors.
/home/woojye2020/decs_jupyter_lab/MedCLIP-SAMv2/UDIAT4/train_images/neg_000091.png,A breast imaging study revealing no signs of benign or malignant tumors.,/home/woojye2020/decs_jupyter_lab/MedCLIP-SAMv2/UDIAT4/train_images/neg_000091.png,"A mammogram displaying a round, homogeneous mass indicative of a benign breast tumor."
/home/woojye2020/decs_jupyter_lab/MedCLIP-SAMv2/UDIAT4/train_images/000091.png,"A breast imaging study revealing a well-defined, encapsulated mass likely representing a benign breast tumor.",/home/woojye2020/decs_jupyter_lab/MedCLIP-SAMv2/UDIAT4/train_images/000091.png,A mammogram showing symmetrical breast tissue with no focal masses or clinical findings.
/home/woojye2020/decs_jupyter_lab/MedCLIP-SAMv2/UDIAT4/train_images/neg_000091.png,A mammogram showing symmetrical breast tissue with no focal masses or clinical findings.,/home/woojye2020/decs_jupyter_lab/MedCLIP-SAMv2/UDIAT4/train_images/neg_000091.png,"A breast imaging study revealing a well-defined, encapsulated mass likely representing a benign breast tumor."
/home/woojye2020/decs_jupyter_lab/MedCLIP-SAMv2/UDIAT4/train_images/000091.png,"A mammogram showing a sharply marginated, round mass suggestive of a benign breast tumor.",/home/woojye2020/decs_jupyter_lab/MedCLIP-SAMv2/UDIAT4/train_images/000091.png,A diagnostic mammogram displaying normal glandular tissue without any detectable lesions.
/home/woojye2020/decs_jupyter_lab/MedCLIP-SAMv2/UDIAT4/train_images/neg_000091.png,A diagnostic mammogram displaying normal glandular tissue without any detectable lesions.,/home/woojye2020/decs_jupyter_lab/MedCLIP-SAMv2/UDIAT4/train_images/neg_000091.png,"A mammogram showing a sharply marginated, round mass suggestive of a benign breast tumor."
/home/woojye2020/decs_jupyter_lab/MedCLIP-SAMv2/UDIAT4/train_images/000094.png,"A medical breast mammogram showing a well-defined, round mass suggestive of a benign breast tumor.",/home/woojye2020/decs_jupyter_lab/MedCLIP-SAMv2/UDIAT4/train_images/000094.png,A medical breast mammogram showing normal breast tissue with no evidence of tumor.
/home/woojye2020/decs_jupyter_lab/MedCLIP-SAMv2/UDIAT4/train_images/neg_000094.png,A medical breast mammogram showing normal breast tissue with no evidence of tumor.,/home/woojye2020/decs_jupyter_lab/MedCLIP-SAMv2/UDIAT4/train_images/neg_000094.png,"A medical breast mammogram showing a well-defined, round mass suggestive of a benign breast tumor."
/home/woojye2020/decs_jupyter_lab/MedCLIP-SAMv2/UDIAT4/train_images/000094.png,"A medical breast mammogram showing a smooth, well-circumscribed mass suggestive of a benign breast tumor.",/home/woojye2020/decs_jupyter_lab/MedCLIP-SAMv2/UDIAT4/train_images/000094.png,"A mammogram with no suspicious masses or malignant findings, indicating a normal scan."
/home/woojye2020/decs_jupyter_lab/MedCLIP-SAMv2/UDIAT4/train_images/neg_000094.png,"A mammogram with no suspicious masses or malignant findings, indicating a normal scan.",/home/woojye2020/decs_jupyter_lab/MedCLIP-SAMv2/UDIAT4/train_images/neg_000094.png,"A medical breast mammogram showing a smooth, well-circumscribed mass suggestive of a benign breast tumor."
/home/woojye2020/decs_jupyter_lab/MedCLIP-SAMv2/UDIAT4/train_images/000094.png,"A mammogram displaying a round, homogeneous mass indicative of a benign breast tumor.",/home/woojye2020/decs_jupyter_lab/MedCLIP-SAMv2/UDIAT4/train_images/000094.png,A breast imaging study revealing no signs of benign or malignant tumors.
/home/woojye2020/decs_jupyter_lab/MedCLIP-SAMv2/UDIAT4/train_images/neg_000094.png,A breast imaging study revealing no signs of benign or malignant tumors.,/home/woojye2020/decs_jupyter_lab/MedCLIP-SAMv2/UDIAT4/train_images/neg_000094.png,"A mammogram displaying a round, homogeneous mass indicative of a benign breast tumor."
/home/woojye2020/decs_jupyter_lab/MedCLIP-SAMv2/UDIAT4/train_images/000094.png,"A breast imaging study revealing a well-defined, encapsulated mass likely representing a benign breast tumor.",/home/woojye2020/decs_jupyter_lab/MedCLIP-SAMv2/UDIAT4/train_images/000094.png,A mammogram showing symmetrical breast tissue with no focal masses or clinical findings.
/home/woojye2020/decs_jupyter_lab/MedCLIP-SAMv2/UDIAT4/train_images/neg_000094.png,A mammogram showing symmetrical breast tissue with no focal masses or clinical findings.,/home/woojye2020/decs_jupyter_lab/MedCLIP-SAMv2/UDIAT4/train_images/neg_000094.png,"A breast imaging study revealing a well-defined, encapsulated mass likely representing a benign breast tumor."
/home/woojye2020/decs_jupyter_lab/MedCLIP-SAMv2/UDIAT4/train_images/000094.png,"A mammogram showing a sharply marginated, round mass suggestive of a benign breast tumor.",/home/woojye2020/decs_jupyter_lab/MedCLIP-SAMv2/UDIAT4/train_images/000094.png,A diagnostic mammogram displaying normal glandular tissue without any detectable lesions.
/home/woojye2020/decs_jupyter_lab/MedCLIP-SAMv2/UDIAT4/train_images/neg_000094.png,A diagnostic mammogram displaying normal glandular tissue without any detectable lesions.,/home/woojye2020/decs_jupyter_lab/MedCLIP-SAMv2/UDIAT4/train_images/neg_000094.png,"A mammogram showing a sharply marginated, round mass suggestive of a benign breast tumor."
/home/woojye2020/decs_jupyter_lab/MedCLIP-SAMv2/UDIAT4/train_images/000095.png,"A medical breast mammogram showing a well-defined, round mass suggestive of a benign breast tumor.",/home/woojye2020/decs_jupyter_lab/MedCLIP-SAMv2/UDIAT4/train_images/000095.png,A medical breast mammogram showing normal breast tissue with no evidence of tumor.
/home/woojye2020/decs_jupyter_lab/MedCLIP-SAMv2/UDIAT4/train_images/neg_000095.png,A medical breast mammogram showing normal breast tissue with no evidence of tumor.,/home/woojye2020/decs_jupyter_lab/MedCLIP-SAMv2/UDIAT4/train_images/neg_000095.png,"A medical breast mammogram showing a well-defined, round mass suggestive of a benign breast tumor."
/home/woojye2020/decs_jupyter_lab/MedCLIP-SAMv2/UDIAT4/train_images/000095.png,"A medical breast mammogram showing a smooth, well-circumscribed mass suggestive of a benign breast tumor.",/home/woojye2020/decs_jupyter_lab/MedCLIP-SAMv2/UDIAT4/train_images/000095.png,"A mammogram with no suspicious masses or malignant findings, indicating a normal scan."
/home/woojye2020/decs_jupyter_lab/MedCLIP-SAMv2/UDIAT4/train_images/neg_000095.png,"A mammogram with no suspicious masses or malignant findings, indicating a normal scan.",/home/woojye2020/decs_jupyter_lab/MedCLIP-SAMv2/UDIAT4/train_images/neg_000095.png,"A medical breast mammogram showing a smooth, well-circumscribed mass suggestive of a benign breast tumor."
/home/woojye2020/decs_jupyter_lab/MedCLIP-SAMv2/UDIAT4/train_images/000095.png,"A mammogram displaying a round, homogeneous mass indicative of a benign breast tumor.",/home/woojye2020/decs_jupyter_lab/MedCLIP-SAMv2/UDIAT4/train_images/000095.png,A breast imaging study revealing no signs of benign or malignant tumors.
/home/woojye2020/decs_jupyter_lab/MedCLIP-SAMv2/UDIAT4/train_images/neg_000095.png,A breast imaging study revealing no signs of benign or malignant tumors.,/home/woojye2020/decs_jupyter_lab/MedCLIP-SAMv2/UDIAT4/train_images/neg_000095.png,"A mammogram displaying a round, homogeneous mass indicative of a benign breast tumor."
/home/woojye2020/decs_jupyter_lab/MedCLIP-SAMv2/UDIAT4/train_images/000095.png,"A breast imaging study revealing a well-defined, encapsulated mass likely representing a benign breast tumor.",/home/woojye2020/decs_jupyter_lab/MedCLIP-SAMv2/UDIAT4/train_images/000095.png,A mammogram showing symmetrical breast tissue with no focal masses or clinical findings.
/home/woojye2020/decs_jupyter_lab/MedCLIP-SAMv2/UDIAT4/train_images/neg_000095.png,A mammogram showing symmetrical breast tissue with no focal masses or clinical findings.,/home/woojye2020/decs_jupyter_lab/MedCLIP-SAMv2/UDIAT4/train_images/neg_000095.png,"A breast imaging study revealing a well-defined, encapsulated mass likely representing a benign breast tumor."
/home/woojye2020/decs_jupyter_lab/MedCLIP-SAMv2/UDIAT4/train_images/000095.png,"A mammogram showing a sharply marginated, round mass suggestive of a benign breast tumor.",/home/woojye2020/decs_jupyter_lab/MedCLIP-SAMv2/UDIAT4/train_images/000095.png,A diagnostic mammogram displaying normal glandular tissue without any detectable lesions.
/home/woojye2020/decs_jupyter_lab/MedCLIP-SAMv2/UDIAT4/train_images/neg_000095.png,A diagnostic mammogram displaying normal glandular tissue without any detectable lesions.,/home/woojye2020/decs_jupyter_lab/MedCLIP-SAMv2/UDIAT4/train_images/neg_000095.png,"A mammogram showing a sharply marginated, round mass suggestive of a benign breast tumor."
/home/woojye2020/decs_jupyter_lab/MedCLIP-SAMv2/UDIAT4/train_images/000096.png,"A medical breast mammogram showing a well-defined, round mass suggestive of a benign breast tumor.",/home/woojye2020/decs_jupyter_lab/MedCLIP-SAMv2/UDIAT4/train_images/000096.png,A medical breast mammogram showing normal breast tissue with no evidence of tumor.
/home/woojye2020/decs_jupyter_lab/MedCLIP-SAMv2/UDIAT4/train_images/neg_000096.png,A medical breast mammogram showing normal breast tissue with no evidence of tumor.,/home/woojye2020/decs_jupyter_lab/MedCLIP-SAMv2/UDIAT4/train_images/neg_000096.png,"A medical breast mammogram showing a well-defined, round mass suggestive of a benign breast tumor."
/home/woojye2020/decs_jupyter_lab/MedCLIP-SAMv2/UDIAT4/train_images/000096.png,"A medical breast mammogram showing a smooth, well-circumscribed mass suggestive of a benign breast tumor.",/home/woojye2020/decs_jupyter_lab/MedCLIP-SAMv2/UDIAT4/train_images/000096.png,"A mammogram with no suspicious masses or malignant findings, indicating a normal scan."
/home/woojye2020/decs_jupyter_lab/MedCLIP-SAMv2/UDIAT4/train_images/neg_000096.png,"A mammogram with no suspicious masses or malignant findings, indicating a normal scan.",/home/woojye2020/decs_jupyter_lab/MedCLIP-SAMv2/UDIAT4/train_images/neg_000096.png,"A medical breast mammogram showing a smooth, well-circumscribed mass suggestive of a benign breast tumor."
/home/woojye2020/decs_jupyter_lab/MedCLIP-SAMv2/UDIAT4/train_images/000096.png,"A mammogram displaying a round, homogeneous mass indicative of a benign breast tumor.",/home/woojye2020/decs_jupyter_lab/MedCLIP-SAMv2/UDIAT4/train_images/000096.png,A breast imaging study revealing no signs of benign or malignant tumors.
/home/woojye2020/decs_jupyter_lab/MedCLIP-SAMv2/UDIAT4/train_images/neg_000096.png,A breast imaging study revealing no signs of benign or malignant tumors.,/home/woojye2020/decs_jupyter_lab/MedCLIP-SAMv2/UDIAT4/train_images/neg_000096.png,"A mammogram displaying a round, homogeneous mass indicative of a benign breast tumor."
/home/woojye2020/decs_jupyter_lab/MedCLIP-SAMv2/UDIAT4/train_images/000096.png,"A breast imaging study revealing a well-defined, encapsulated mass likely representing a benign breast tumor.",/home/woojye2020/decs_jupyter_lab/MedCLIP-SAMv2/UDIAT4/train_images/000096.png,A mammogram showing symmetrical breast tissue with no focal masses or clinical findings.
/home/woojye2020/decs_jupyter_lab/MedCLIP-SAMv2/UDIAT4/train_images/neg_000096.png,A mammogram showing symmetrical breast tissue with no focal masses or clinical findings.,/home/woojye2020/decs_jupyter_lab/MedCLIP-SAMv2/UDIAT4/train_images/neg_000096.png,"A breast imaging study revealing a well-defined, encapsulated mass likely representing a benign breast tumor."
/home/woojye2020/decs_jupyter_lab/MedCLIP-SAMv2/UDIAT4/train_images/000096.png,"A mammogram showing a sharply marginated, round mass suggestive of a benign breast tumor.",/home/woojye2020/decs_jupyter_lab/MedCLIP-SAMv2/UDIAT4/train_images/000096.png,A diagnostic mammogram displaying normal glandular tissue without any detectable lesions.
/home/woojye2020/decs_jupyter_lab/MedCLIP-SAMv2/UDIAT4/train_images/neg_000096.png,A diagnostic mammogram displaying normal glandular tissue without any detectable lesions.,/home/woojye2020/decs_jupyter_lab/MedCLIP-SAMv2/UDIAT4/train_images/neg_000096.png,"A mammogram showing a sharply marginated, round mass suggestive of a benign breast tumor."
/home/woojye2020/decs_jupyter_lab/MedCLIP-SAMv2/UDIAT4/train_images/000097.png,"A medical breast mammogram showing a well-defined, round mass suggestive of a benign breast tumor.",/home/woojye2020/decs_jupyter_lab/MedCLIP-SAMv2/UDIAT4/train_images/000097.png,A medical breast mammogram showing normal breast tissue with no evidence of tumor.
/home/woojye2020/decs_jupyter_lab/MedCLIP-SAMv2/UDIAT4/train_images/neg_000097.png,A medical breast mammogram showing normal breast tissue with no evidence of tumor.,/home/woojye2020/decs_jupyter_lab/MedCLIP-SAMv2/UDIAT4/train_images/neg_000097.png,"A medical breast mammogram showing a well-defined, round mass suggestive of a benign breast tumor."
/home/woojye2020/decs_jupyter_lab/MedCLIP-SAMv2/UDIAT4/train_images/000097.png,"A medical breast mammogram showing a smooth, well-circumscribed mass suggestive of a benign breast tumor.",/home/woojye2020/decs_jupyter_lab/MedCLIP-SAMv2/UDIAT4/train_images/000097.png,"A mammogram with no suspicious masses or malignant findings, indicating a normal scan."
/home/woojye2020/decs_jupyter_lab/MedCLIP-SAMv2/UDIAT4/train_images/neg_000097.png,"A mammogram with no suspicious masses or malignant findings, indicating a normal scan.",/home/woojye2020/decs_jupyter_lab/MedCLIP-SAMv2/UDIAT4/train_images/neg_000097.png,"A medical breast mammogram showing a smooth, well-circumscribed mass suggestive of a benign breast tumor."
/home/woojye2020/decs_jupyter_lab/MedCLIP-SAMv2/UDIAT4/train_images/000097.png,"A mammogram displaying a round, homogeneous mass indicative of a benign breast tumor.",/home/woojye2020/decs_jupyter_lab/MedCLIP-SAMv2/UDIAT4/train_images/000097.png,A breast imaging study revealing no signs of benign or malignant tumors.
/home/woojye2020/decs_jupyter_lab/MedCLIP-SAMv2/UDIAT4/train_images/neg_000097.png,A breast imaging study revealing no signs of benign or malignant tumors.,/home/woojye2020/decs_jupyter_lab/MedCLIP-SAMv2/UDIAT4/train_images/neg_000097.png,"A mammogram displaying a round, homogeneous mass indicative of a benign breast tumor."
/home/woojye2020/decs_jupyter_lab/MedCLIP-SAMv2/UDIAT4/train_images/000097.png,"A breast imaging study revealing a well-defined, encapsulated mass likely representing a benign breast tumor.",/home/woojye2020/decs_jupyter_lab/MedCLIP-SAMv2/UDIAT4/train_images/000097.png,A mammogram showing symmetrical breast tissue with no focal masses or clinical findings.
/home/woojye2020/decs_jupyter_lab/MedCLIP-SAMv2/UDIAT4/train_images/neg_000097.png,A mammogram showing symmetrical breast tissue with no focal masses or clinical findings.,/home/woojye2020/decs_jupyter_lab/MedCLIP-SAMv2/UDIAT4/train_images/neg_000097.png,"A breast imaging study revealing a well-defined, encapsulated mass likely representing a benign breast tumor."
/home/woojye2020/decs_jupyter_lab/MedCLIP-SAMv2/UDIAT4/train_images/000097.png,"A mammogram showing a sharply marginated, round mass suggestive of a benign breast tumor.",/home/woojye2020/decs_jupyter_lab/MedCLIP-SAMv2/UDIAT4/train_images/000097.png,A diagnostic mammogram displaying normal glandular tissue without any detectable lesions.
/home/woojye2020/decs_jupyter_lab/MedCLIP-SAMv2/UDIAT4/train_images/neg_000097.png,A diagnostic mammogram displaying normal glandular tissue without any detectable lesions.,/home/woojye2020/decs_jupyter_lab/MedCLIP-SAMv2/UDIAT4/train_images/neg_000097.png,"A mammogram showing a sharply marginated, round mass suggestive of a benign breast tumor."
/home/woojye2020/decs_jupyter_lab/MedCLIP-SAMv2/UDIAT4/train_images/000098.png,"A medical breast mammogram showing a well-defined, round mass suggestive of a benign breast tumor.",/home/woojye2020/decs_jupyter_lab/MedCLIP-SAMv2/UDIAT4/train_images/000098.png,A medical breast mammogram showing normal breast tissue with no evidence of tumor.
/home/woojye2020/decs_jupyter_lab/MedCLIP-SAMv2/UDIAT4/train_images/neg_000098.png,A medical breast mammogram showing normal breast tissue with no evidence of tumor.,/home/woojye2020/decs_jupyter_lab/MedCLIP-SAMv2/UDIAT4/train_images/neg_000098.png,"A medical breast mammogram showing a well-defined, round mass suggestive of a benign breast tumor."
/home/woojye2020/decs_jupyter_lab/MedCLIP-SAMv2/UDIAT4/train_images/000098.png,"A medical breast mammogram showing a smooth, well-circumscribed mass suggestive of a benign breast tumor.",/home/woojye2020/decs_jupyter_lab/MedCLIP-SAMv2/UDIAT4/train_images/000098.png,"A mammogram with no suspicious masses or malignant findings, indicating a normal scan."
/home/woojye2020/decs_jupyter_lab/MedCLIP-SAMv2/UDIAT4/train_images/neg_000098.png,"A mammogram with no suspicious masses or malignant findings, indicating a normal scan.",/home/woojye2020/decs_jupyter_lab/MedCLIP-SAMv2/UDIAT4/train_images/neg_000098.png,"A medical breast mammogram showing a smooth, well-circumscribed mass suggestive of a benign breast tumor."
/home/woojye2020/decs_jupyter_lab/MedCLIP-SAMv2/UDIAT4/train_images/000098.png,"A mammogram displaying a round, homogeneous mass indicative of a benign breast tumor.",/home/woojye2020/decs_jupyter_lab/MedCLIP-SAMv2/UDIAT4/train_images/000098.png,A breast imaging study revealing no signs of benign or malignant tumors.
/home/woojye2020/decs_jupyter_lab/MedCLIP-SAMv2/UDIAT4/train_images/neg_000098.png,A breast imaging study revealing no signs of benign or malignant tumors.,/home/woojye2020/decs_jupyter_lab/MedCLIP-SAMv2/UDIAT4/train_images/neg_000098.png,"A mammogram displaying a round, homogeneous mass indicative of a benign breast tumor."
/home/woojye2020/decs_jupyter_lab/MedCLIP-SAMv2/UDIAT4/train_images/000098.png,"A breast imaging study revealing a well-defined, encapsulated mass likely representing a benign breast tumor.",/home/woojye2020/decs_jupyter_lab/MedCLIP-SAMv2/UDIAT4/train_images/000098.png,A mammogram showing symmetrical breast tissue with no focal masses or clinical findings.
/home/woojye2020/decs_jupyter_lab/MedCLIP-SAMv2/UDIAT4/train_images/neg_000098.png,A mammogram showing symmetrical breast tissue with no focal masses or clinical findings.,/home/woojye2020/decs_jupyter_lab/MedCLIP-SAMv2/UDIAT4/train_images/neg_000098.png,"A breast imaging study revealing a well-defined, encapsulated mass likely representing a benign breast tumor."
/home/woojye2020/decs_jupyter_lab/MedCLIP-SAMv2/UDIAT4/train_images/000098.png,"A mammogram showing a sharply marginated, round mass suggestive of a benign breast tumor.",/home/woojye2020/decs_jupyter_lab/MedCLIP-SAMv2/UDIAT4/train_images/000098.png,A diagnostic mammogram displaying normal glandular tissue without any detectable lesions.
/home/woojye2020/decs_jupyter_lab/MedCLIP-SAMv2/UDIAT4/train_images/neg_000098.png,A diagnostic mammogram displaying normal glandular tissue without any detectable lesions.,/home/woojye2020/decs_jupyter_lab/MedCLIP-SAMv2/UDIAT4/train_images/neg_000098.png,"A mammogram showing a sharply marginated, round mass suggestive of a benign breast tumor."
/home/woojye2020/decs_jupyter_lab/MedCLIP-SAMv2/UDIAT4/train_images/000099.png,"A medical breast mammogram showing a well-defined, round mass suggestive of a benign breast tumor.",/home/woojye2020/decs_jupyter_lab/MedCLIP-SAMv2/UDIAT4/train_images/000099.png,A medical breast mammogram showing normal breast tissue with no evidence of tumor.
/home/woojye2020/decs_jupyter_lab/MedCLIP-SAMv2/UDIAT4/train_images/neg_000099.png,A medical breast mammogram showing normal breast tissue with no evidence of tumor.,/home/woojye2020/decs_jupyter_lab/MedCLIP-SAMv2/UDIAT4/train_images/neg_000099.png,"A medical breast mammogram showing a well-defined, round mass suggestive of a benign breast tumor."
/home/woojye2020/decs_jupyter_lab/MedCLIP-SAMv2/UDIAT4/train_images/000099.png,"A medical breast mammogram showing a smooth, well-circumscribed mass suggestive of a benign breast tumor.",/home/woojye2020/decs_jupyter_lab/MedCLIP-SAMv2/UDIAT4/train_images/000099.png,"A mammogram with no suspicious masses or malignant findings, indicating a normal scan."
/home/woojye2020/decs_jupyter_lab/MedCLIP-SAMv2/UDIAT4/train_images/neg_000099.png,"A mammogram with no suspicious masses or malignant findings, indicating a normal scan.",/home/woojye2020/decs_jupyter_lab/MedCLIP-SAMv2/UDIAT4/train_images/neg_000099.png,"A medical breast mammogram showing a smooth, well-circumscribed mass suggestive of a benign breast tumor."
/home/woojye2020/decs_jupyter_lab/MedCLIP-SAMv2/UDIAT4/train_images/000099.png,"A mammogram displaying a round, homogeneous mass indicative of a benign breast tumor.",/home/woojye2020/decs_jupyter_lab/MedCLIP-SAMv2/UDIAT4/train_images/000099.png,A breast imaging study revealing no signs of benign or malignant tumors.
/home/woojye2020/decs_jupyter_lab/MedCLIP-SAMv2/UDIAT4/train_images/neg_000099.png,A breast imaging study revealing no signs of benign or malignant tumors.,/home/woojye2020/decs_jupyter_lab/MedCLIP-SAMv2/UDIAT4/train_images/neg_000099.png,"A mammogram displaying a round, homogeneous mass indicative of a benign breast tumor."
/home/woojye2020/decs_jupyter_lab/MedCLIP-SAMv2/UDIAT4/train_images/000099.png,"A breast imaging study revealing a well-defined, encapsulated mass likely representing a benign breast tumor.",/home/woojye2020/decs_jupyter_lab/MedCLIP-SAMv2/UDIAT4/train_images/000099.png,A mammogram showing symmetrical breast tissue with no focal masses or clinical findings.
/home/woojye2020/decs_jupyter_lab/MedCLIP-SAMv2/UDIAT4/train_images/neg_000099.png,A mammogram showing symmetrical breast tissue with no focal masses or clinical findings.,/home/woojye2020/decs_jupyter_lab/MedCLIP-SAMv2/UDIAT4/train_images/neg_000099.png,"A breast imaging study revealing a well-defined, encapsulated mass likely representing a benign breast tumor."
/home/woojye2020/decs_jupyter_lab/MedCLIP-SAMv2/UDIAT4/train_images/000099.png,"A mammogram showing a sharply marginated, round mass suggestive of a benign breast tumor.",/home/woojye2020/decs_jupyter_lab/MedCLIP-SAMv2/UDIAT4/train_images/000099.png,A diagnostic mammogram displaying normal glandular tissue without any detectable lesions.
/home/woojye2020/decs_jupyter_lab/MedCLIP-SAMv2/UDIAT4/train_images/neg_000099.png,A diagnostic mammogram displaying normal glandular tissue without any detectable lesions.,/home/woojye2020/decs_jupyter_lab/MedCLIP-SAMv2/UDIAT4/train_images/neg_000099.png,"A mammogram showing a sharply marginated, round mass suggestive of a benign breast tumor."
/home/woojye2020/decs_jupyter_lab/MedCLIP-SAMv2/UDIAT4/train_images/000101.png,"A medical breast mammogram showing a well-defined, round mass suggestive of a benign breast tumor.",/home/woojye2020/decs_jupyter_lab/MedCLIP-SAMv2/UDIAT4/train_images/000101.png,A medical breast mammogram showing normal breast tissue with no evidence of tumor.
/home/woojye2020/decs_jupyter_lab/MedCLIP-SAMv2/UDIAT4/train_images/neg_000101.png,A medical breast mammogram showing normal breast tissue with no evidence of tumor.,/home/woojye2020/decs_jupyter_lab/MedCLIP-SAMv2/UDIAT4/train_images/neg_000101.png,"A medical breast mammogram showing a well-defined, round mass suggestive of a benign breast tumor."
/home/woojye2020/decs_jupyter_lab/MedCLIP-SAMv2/UDIAT4/train_images/000101.png,"A medical breast mammogram showing a smooth, well-circumscribed mass suggestive of a benign breast tumor.",/home/woojye2020/decs_jupyter_lab/MedCLIP-SAMv2/UDIAT4/train_images/000101.png,"A mammogram with no suspicious masses or malignant findings, indicating a normal scan."
/home/woojye2020/decs_jupyter_lab/MedCLIP-SAMv2/UDIAT4/train_images/neg_000101.png,"A mammogram with no suspicious masses or malignant findings, indicating a normal scan.",/home/woojye2020/decs_jupyter_lab/MedCLIP-SAMv2/UDIAT4/train_images/neg_000101.png,"A medical breast mammogram showing a smooth, well-circumscribed mass suggestive of a benign breast tumor."
/home/woojye2020/decs_jupyter_lab/MedCLIP-SAMv2/UDIAT4/train_images/000101.png,"A mammogram displaying a round, homogeneous mass indicative of a benign breast tumor.",/home/woojye2020/decs_jupyter_lab/MedCLIP-SAMv2/UDIAT4/train_images/000101.png,A breast imaging study revealing no signs of benign or malignant tumors.
/home/woojye2020/decs_jupyter_lab/MedCLIP-SAMv2/UDIAT4/train_images/neg_000101.png,A breast imaging study revealing no signs of benign or malignant tumors.,/home/woojye2020/decs_jupyter_lab/MedCLIP-SAMv2/UDIAT4/train_images/neg_000101.png,"A mammogram displaying a round, homogeneous mass indicative of a benign breast tumor."
/home/woojye2020/decs_jupyter_lab/MedCLIP-SAMv2/UDIAT4/train_images/000101.png,"A breast imaging study revealing a well-defined, encapsulated mass likely representing a benign breast tumor.",/home/woojye2020/decs_jupyter_lab/MedCLIP-SAMv2/UDIAT4/train_images/000101.png,A mammogram showing symmetrical breast tissue with no focal masses or clinical findings.
/home/woojye2020/decs_jupyter_lab/MedCLIP-SAMv2/UDIAT4/train_images/neg_000101.png,A mammogram showing symmetrical breast tissue with no focal masses or clinical findings.,/home/woojye2020/decs_jupyter_lab/MedCLIP-SAMv2/UDIAT4/train_images/neg_000101.png,"A breast imaging study revealing a well-defined, encapsulated mass likely representing a benign breast tumor."
/home/woojye2020/decs_jupyter_lab/MedCLIP-SAMv2/UDIAT4/train_images/000101.png,"A mammogram showing a sharply marginated, round mass suggestive of a benign breast tumor.",/home/woojye2020/decs_jupyter_lab/MedCLIP-SAMv2/UDIAT4/train_images/000101.png,A diagnostic mammogram displaying normal glandular tissue without any detectable lesions.
/home/woojye2020/decs_jupyter_lab/MedCLIP-SAMv2/UDIAT4/train_images/neg_000101.png,A diagnostic mammogram displaying normal glandular tissue without any detectable lesions.,/home/woojye2020/decs_jupyter_lab/MedCLIP-SAMv2/UDIAT4/train_images/neg_000101.png,"A mammogram showing a sharply marginated, round mass suggestive of a benign breast tumor."
/home/woojye2020/decs_jupyter_lab/MedCLIP-SAMv2/UDIAT4/train_images/000102.png,"A medical breast mammogram showing a well-defined, round mass suggestive of a benign breast tumor.",/home/woojye2020/decs_jupyter_lab/MedCLIP-SAMv2/UDIAT4/train_images/000102.png,A medical breast mammogram showing normal breast tissue with no evidence of tumor.
/home/woojye2020/decs_jupyter_lab/MedCLIP-SAMv2/UDIAT4/train_images/neg_000102.png,A medical breast mammogram showing normal breast tissue with no evidence of tumor.,/home/woojye2020/decs_jupyter_lab/MedCLIP-SAMv2/UDIAT4/train_images/neg_000102.png,"A medical breast mammogram showing a well-defined, round mass suggestive of a benign breast tumor."
/home/woojye2020/decs_jupyter_lab/MedCLIP-SAMv2/UDIAT4/train_images/000102.png,"A medical breast mammogram showing a smooth, well-circumscribed mass suggestive of a benign breast tumor.",/home/woojye2020/decs_jupyter_lab/MedCLIP-SAMv2/UDIAT4/train_images/000102.png,"A mammogram with no suspicious masses or malignant findings, indicating a normal scan."
/home/woojye2020/decs_jupyter_lab/MedCLIP-SAMv2/UDIAT4/train_images/neg_000102.png,"A mammogram with no suspicious masses or malignant findings, indicating a normal scan.",/home/woojye2020/decs_jupyter_lab/MedCLIP-SAMv2/UDIAT4/train_images/neg_000102.png,"A medical breast mammogram showing a smooth, well-circumscribed mass suggestive of a benign breast tumor."
/home/woojye2020/decs_jupyter_lab/MedCLIP-SAMv2/UDIAT4/train_images/000102.png,"A mammogram displaying a round, homogeneous mass indicative of a benign breast tumor.",/home/woojye2020/decs_jupyter_lab/MedCLIP-SAMv2/UDIAT4/train_images/000102.png,A breast imaging study revealing no signs of benign or malignant tumors.
/home/woojye2020/decs_jupyter_lab/MedCLIP-SAMv2/UDIAT4/train_images/neg_000102.png,A breast imaging study revealing no signs of benign or malignant tumors.,/home/woojye2020/decs_jupyter_lab/MedCLIP-SAMv2/UDIAT4/train_images/neg_000102.png,"A mammogram displaying a round, homogeneous mass indicative of a benign breast tumor."
/home/woojye2020/decs_jupyter_lab/MedCLIP-SAMv2/UDIAT4/train_images/000102.png,"A breast imaging study revealing a well-defined, encapsulated mass likely representing a benign breast tumor.",/home/woojye2020/decs_jupyter_lab/MedCLIP-SAMv2/UDIAT4/train_images/000102.png,A mammogram showing symmetrical breast tissue with no focal masses or clinical findings.
/home/woojye2020/decs_jupyter_lab/MedCLIP-SAMv2/UDIAT4/train_images/neg_000102.png,A mammogram showing symmetrical breast tissue with no focal masses or clinical findings.,/home/woojye2020/decs_jupyter_lab/MedCLIP-SAMv2/UDIAT4/train_images/neg_000102.png,"A breast imaging study revealing a well-defined, encapsulated mass likely representing a benign breast tumor."
/home/woojye2020/decs_jupyter_lab/MedCLIP-SAMv2/UDIAT4/train_images/000102.png,"A mammogram showing a sharply marginated, round mass suggestive of a benign breast tumor.",/home/woojye2020/decs_jupyter_lab/MedCLIP-SAMv2/UDIAT4/train_images/000102.png,A diagnostic mammogram displaying normal glandular tissue without any detectable lesions.
/home/woojye2020/decs_jupyter_lab/MedCLIP-SAMv2/UDIAT4/train_images/neg_000102.png,A diagnostic mammogram displaying normal glandular tissue without any detectable lesions.,/home/woojye2020/decs_jupyter_lab/MedCLIP-SAMv2/UDIAT4/train_images/neg_000102.png,"A mammogram showing a sharply marginated, round mass suggestive of a benign breast tumor."
/home/woojye2020/decs_jupyter_lab/MedCLIP-SAMv2/UDIAT4/train_images/000105.png,"A medical breast mammogram showing a well-defined, round mass suggestive of a benign breast tumor.",/home/woojye2020/decs_jupyter_lab/MedCLIP-SAMv2/UDIAT4/train_images/000105.png,A medical breast mammogram showing normal breast tissue with no evidence of tumor.
/home/woojye2020/decs_jupyter_lab/MedCLIP-SAMv2/UDIAT4/train_images/neg_000105.png,A medical breast mammogram showing normal breast tissue with no evidence of tumor.,/home/woojye2020/decs_jupyter_lab/MedCLIP-SAMv2/UDIAT4/train_images/neg_000105.png,"A medical breast mammogram showing a well-defined, round mass suggestive of a benign breast tumor."
/home/woojye2020/decs_jupyter_lab/MedCLIP-SAMv2/UDIAT4/train_images/000105.png,"A medical breast mammogram showing a smooth, well-circumscribed mass suggestive of a benign breast tumor.",/home/woojye2020/decs_jupyter_lab/MedCLIP-SAMv2/UDIAT4/train_images/000105.png,"A mammogram with no suspicious masses or malignant findings, indicating a normal scan."
/home/woojye2020/decs_jupyter_lab/MedCLIP-SAMv2/UDIAT4/train_images/neg_000105.png,"A mammogram with no suspicious masses or malignant findings, indicating a normal scan.",/home/woojye2020/decs_jupyter_lab/MedCLIP-SAMv2/UDIAT4/train_images/neg_000105.png,"A medical breast mammogram showing a smooth, well-circumscribed mass suggestive of a benign breast tumor."
/home/woojye2020/decs_jupyter_lab/MedCLIP-SAMv2/UDIAT4/train_images/000105.png,"A mammogram displaying a round, homogeneous mass indicative of a benign breast tumor.",/home/woojye2020/decs_jupyter_lab/MedCLIP-SAMv2/UDIAT4/train_images/000105.png,A breast imaging study revealing no signs of benign or malignant tumors.
/home/woojye2020/decs_jupyter_lab/MedCLIP-SAMv2/UDIAT4/train_images/neg_000105.png,A breast imaging study revealing no signs of benign or malignant tumors.,/home/woojye2020/decs_jupyter_lab/MedCLIP-SAMv2/UDIAT4/train_images/neg_000105.png,"A mammogram displaying a round, homogeneous mass indicative of a benign breast tumor."
/home/woojye2020/decs_jupyter_lab/MedCLIP-SAMv2/UDIAT4/train_images/000105.png,"A breast imaging study revealing a well-defined, encapsulated mass likely representing a benign breast tumor.",/home/woojye2020/decs_jupyter_lab/MedCLIP-SAMv2/UDIAT4/train_images/000105.png,A mammogram showing symmetrical breast tissue with no focal masses or clinical findings.
/home/woojye2020/decs_jupyter_lab/MedCLIP-SAMv2/UDIAT4/train_images/neg_000105.png,A mammogram showing symmetrical breast tissue with no focal masses or clinical findings.,/home/woojye2020/decs_jupyter_lab/MedCLIP-SAMv2/UDIAT4/train_images/neg_000105.png,"A breast imaging study revealing a well-defined, encapsulated mass likely representing a benign breast tumor."
/home/woojye2020/decs_jupyter_lab/MedCLIP-SAMv2/UDIAT4/train_images/000105.png,"A mammogram showing a sharply marginated, round mass suggestive of a benign breast tumor.",/home/woojye2020/decs_jupyter_lab/MedCLIP-SAMv2/UDIAT4/train_images/000105.png,A diagnostic mammogram displaying normal glandular tissue without any detectable lesions.
/home/woojye2020/decs_jupyter_lab/MedCLIP-SAMv2/UDIAT4/train_images/neg_000105.png,A diagnostic mammogram displaying normal glandular tissue without any detectable lesions.,/home/woojye2020/decs_jupyter_lab/MedCLIP-SAMv2/UDIAT4/train_images/neg_000105.png,"A mammogram showing a sharply marginated, round mass suggestive of a benign breast tumor."
/home/woojye2020/decs_jupyter_lab/MedCLIP-SAMv2/UDIAT4/train_images/000106.png,"A medical breast mammogram showing a well-defined, round mass suggestive of a benign breast tumor.",/home/woojye2020/decs_jupyter_lab/MedCLIP-SAMv2/UDIAT4/train_images/000106.png,A medical breast mammogram showing normal breast tissue with no evidence of tumor.
/home/woojye2020/decs_jupyter_lab/MedCLIP-SAMv2/UDIAT4/train_images/neg_000106.png,A medical breast mammogram showing normal breast tissue with no evidence of tumor.,/home/woojye2020/decs_jupyter_lab/MedCLIP-SAMv2/UDIAT4/train_images/neg_000106.png,"A medical breast mammogram showing a well-defined, round mass suggestive of a benign breast tumor."
/home/woojye2020/decs_jupyter_lab/MedCLIP-SAMv2/UDIAT4/train_images/000106.png,"A medical breast mammogram showing a smooth, well-circumscribed mass suggestive of a benign breast tumor.",/home/woojye2020/decs_jupyter_lab/MedCLIP-SAMv2/UDIAT4/train_images/000106.png,"A mammogram with no suspicious masses or malignant findings, indicating a normal scan."
/home/woojye2020/decs_jupyter_lab/MedCLIP-SAMv2/UDIAT4/train_images/neg_000106.png,"A mammogram with no suspicious masses or malignant findings, indicating a normal scan.",/home/woojye2020/decs_jupyter_lab/MedCLIP-SAMv2/UDIAT4/train_images/neg_000106.png,"A medical breast mammogram showing a smooth, well-circumscribed mass suggestive of a benign breast tumor."
/home/woojye2020/decs_jupyter_lab/MedCLIP-SAMv2/UDIAT4/train_images/000106.png,"A mammogram displaying a round, homogeneous mass indicative of a benign breast tumor.",/home/woojye2020/decs_jupyter_lab/MedCLIP-SAMv2/UDIAT4/train_images/000106.png,A breast imaging study revealing no signs of benign or malignant tumors.
/home/woojye2020/decs_jupyter_lab/MedCLIP-SAMv2/UDIAT4/train_images/neg_000106.png,A breast imaging study revealing no signs of benign or malignant tumors.,/home/woojye2020/decs_jupyter_lab/MedCLIP-SAMv2/UDIAT4/train_images/neg_000106.png,"A mammogram displaying a round, homogeneous mass indicative of a benign breast tumor."
/home/woojye2020/decs_jupyter_lab/MedCLIP-SAMv2/UDIAT4/train_images/000106.png,"A breast imaging study revealing a well-defined, encapsulated mass likely representing a benign breast tumor.",/home/woojye2020/decs_jupyter_lab/MedCLIP-SAMv2/UDIAT4/train_images/000106.png,A mammogram showing symmetrical breast tissue with no focal masses or clinical findings.
/home/woojye2020/decs_jupyter_lab/MedCLIP-SAMv2/UDIAT4/train_images/neg_000106.png,A mammogram showing symmetrical breast tissue with no focal masses or clinical findings.,/home/woojye2020/decs_jupyter_lab/MedCLIP-SAMv2/UDIAT4/train_images/neg_000106.png,"A breast imaging study revealing a well-defined, encapsulated mass likely representing a benign breast tumor."
/home/woojye2020/decs_jupyter_lab/MedCLIP-SAMv2/UDIAT4/train_images/000106.png,"A mammogram showing a sharply marginated, round mass suggestive of a benign breast tumor.",/home/woojye2020/decs_jupyter_lab/MedCLIP-SAMv2/UDIAT4/train_images/000106.png,A diagnostic mammogram displaying normal glandular tissue without any detectable lesions.
/home/woojye2020/decs_jupyter_lab/MedCLIP-SAMv2/UDIAT4/train_images/neg_000106.png,A diagnostic mammogram displaying normal glandular tissue without any detectable lesions.,/home/woojye2020/decs_jupyter_lab/MedCLIP-SAMv2/UDIAT4/train_images/neg_000106.png,"A mammogram showing a sharply marginated, round mass suggestive of a benign breast tumor."
/home/woojye2020/decs_jupyter_lab/MedCLIP-SAMv2/UDIAT4/train_images/000109.png,"A medical breast mammogram showing a well-defined, round mass suggestive of a benign breast tumor.",/home/woojye2020/decs_jupyter_lab/MedCLIP-SAMv2/UDIAT4/train_images/000109.png,A medical breast mammogram showing normal breast tissue with no evidence of tumor.
/home/woojye2020/decs_jupyter_lab/MedCLIP-SAMv2/UDIAT4/train_images/neg_000109.png,A medical breast mammogram showing normal breast tissue with no evidence of tumor.,/home/woojye2020/decs_jupyter_lab/MedCLIP-SAMv2/UDIAT4/train_images/neg_000109.png,"A medical breast mammogram showing a well-defined, round mass suggestive of a benign breast tumor."
/home/woojye2020/decs_jupyter_lab/MedCLIP-SAMv2/UDIAT4/train_images/000109.png,"A medical breast mammogram showing a smooth, well-circumscribed mass suggestive of a benign breast tumor.",/home/woojye2020/decs_jupyter_lab/MedCLIP-SAMv2/UDIAT4/train_images/000109.png,"A mammogram with no suspicious masses or malignant findings, indicating a normal scan."
/home/woojye2020/decs_jupyter_lab/MedCLIP-SAMv2/UDIAT4/train_images/neg_000109.png,"A mammogram with no suspicious masses or malignant findings, indicating a normal scan.",/home/woojye2020/decs_jupyter_lab/MedCLIP-SAMv2/UDIAT4/train_images/neg_000109.png,"A medical breast mammogram showing a smooth, well-circumscribed mass suggestive of a benign breast tumor."
/home/woojye2020/decs_jupyter_lab/MedCLIP-SAMv2/UDIAT4/train_images/000109.png,"A mammogram displaying a round, homogeneous mass indicative of a benign breast tumor.",/home/woojye2020/decs_jupyter_lab/MedCLIP-SAMv2/UDIAT4/train_images/000109.png,A breast imaging study revealing no signs of benign or malignant tumors.
/home/woojye2020/decs_jupyter_lab/MedCLIP-SAMv2/UDIAT4/train_images/neg_000109.png,A breast imaging study revealing no signs of benign or malignant tumors.,/home/woojye2020/decs_jupyter_lab/MedCLIP-SAMv2/UDIAT4/train_images/neg_000109.png,"A mammogram displaying a round, homogeneous mass indicative of a benign breast tumor."
/home/woojye2020/decs_jupyter_lab/MedCLIP-SAMv2/UDIAT4/train_images/000109.png,"A breast imaging study revealing a well-defined, encapsulated mass likely representing a benign breast tumor.",/home/woojye2020/decs_jupyter_lab/MedCLIP-SAMv2/UDIAT4/train_images/000109.png,A mammogram showing symmetrical breast tissue with no focal masses or clinical findings.
/home/woojye2020/decs_jupyter_lab/MedCLIP-SAMv2/UDIAT4/train_images/neg_000109.png,A mammogram showing symmetrical breast tissue with no focal masses or clinical findings.,/home/woojye2020/decs_jupyter_lab/MedCLIP-SAMv2/UDIAT4/train_images/neg_000109.png,"A breast imaging study revealing a well-defined, encapsulated mass likely representing a benign breast tumor."
/home/woojye2020/decs_jupyter_lab/MedCLIP-SAMv2/UDIAT4/train_images/000109.png,"A mammogram showing a sharply marginated, round mass suggestive of a benign breast tumor.",/home/woojye2020/decs_jupyter_lab/MedCLIP-SAMv2/UDIAT4/train_images/000109.png,A diagnostic mammogram displaying normal glandular tissue without any detectable lesions.
/home/woojye2020/decs_jupyter_lab/MedCLIP-SAMv2/UDIAT4/train_images/neg_000109.png,A diagnostic mammogram displaying normal glandular tissue without any detectable lesions.,/home/woojye2020/decs_jupyter_lab/MedCLIP-SAMv2/UDIAT4/train_images/neg_000109.png,"A mammogram showing a sharply marginated, round mass suggestive of a benign breast tumor."
/home/woojye2020/decs_jupyter_lab/MedCLIP-SAMv2/UDIAT4/train_images/000110.png,"A medical breast mammogram showing a well-defined, round mass suggestive of a benign breast tumor.",/home/woojye2020/decs_jupyter_lab/MedCLIP-SAMv2/UDIAT4/train_images/000110.png,A medical breast mammogram showing normal breast tissue with no evidence of tumor.
/home/woojye2020/decs_jupyter_lab/MedCLIP-SAMv2/UDIAT4/train_images/neg_000110.png,A medical breast mammogram showing normal breast tissue with no evidence of tumor.,/home/woojye2020/decs_jupyter_lab/MedCLIP-SAMv2/UDIAT4/train_images/neg_000110.png,"A medical breast mammogram showing a well-defined, round mass suggestive of a benign breast tumor."
/home/woojye2020/decs_jupyter_lab/MedCLIP-SAMv2/UDIAT4/train_images/000110.png,"A medical breast mammogram showing a smooth, well-circumscribed mass suggestive of a benign breast tumor.",/home/woojye2020/decs_jupyter_lab/MedCLIP-SAMv2/UDIAT4/train_images/000110.png,"A mammogram with no suspicious masses or malignant findings, indicating a normal scan."
/home/woojye2020/decs_jupyter_lab/MedCLIP-SAMv2/UDIAT4/train_images/neg_000110.png,"A mammogram with no suspicious masses or malignant findings, indicating a normal scan.",/home/woojye2020/decs_jupyter_lab/MedCLIP-SAMv2/UDIAT4/train_images/neg_000110.png,"A medical breast mammogram showing a smooth, well-circumscribed mass suggestive of a benign breast tumor."
/home/woojye2020/decs_jupyter_lab/MedCLIP-SAMv2/UDIAT4/train_images/000110.png,"A mammogram displaying a round, homogeneous mass indicative of a benign breast tumor.",/home/woojye2020/decs_jupyter_lab/MedCLIP-SAMv2/UDIAT4/train_images/000110.png,A breast imaging study revealing no signs of benign or malignant tumors.
/home/woojye2020/decs_jupyter_lab/MedCLIP-SAMv2/UDIAT4/train_images/neg_000110.png,A breast imaging study revealing no signs of benign or malignant tumors.,/home/woojye2020/decs_jupyter_lab/MedCLIP-SAMv2/UDIAT4/train_images/neg_000110.png,"A mammogram displaying a round, homogeneous mass indicative of a benign breast tumor."
/home/woojye2020/decs_jupyter_lab/MedCLIP-SAMv2/UDIAT4/train_images/000110.png,"A breast imaging study revealing a well-defined, encapsulated mass likely representing a benign breast tumor.",/home/woojye2020/decs_jupyter_lab/MedCLIP-SAMv2/UDIAT4/train_images/000110.png,A mammogram showing symmetrical breast tissue with no focal masses or clinical findings.
/home/woojye2020/decs_jupyter_lab/MedCLIP-SAMv2/UDIAT4/train_images/neg_000110.png,A mammogram showing symmetrical breast tissue with no focal masses or clinical findings.,/home/woojye2020/decs_jupyter_lab/MedCLIP-SAMv2/UDIAT4/train_images/neg_000110.png,"A breast imaging study revealing a well-defined, encapsulated mass likely representing a benign breast tumor."
/home/woojye2020/decs_jupyter_lab/MedCLIP-SAMv2/UDIAT4/train_images/000110.png,"A mammogram showing a sharply marginated, round mass suggestive of a benign breast tumor.",/home/woojye2020/decs_jupyter_lab/MedCLIP-SAMv2/UDIAT4/train_images/000110.png,A diagnostic mammogram displaying normal glandular tissue without any detectable lesions.
/home/woojye2020/decs_jupyter_lab/MedCLIP-SAMv2/UDIAT4/train_images/neg_000110.png,A diagnostic mammogram displaying normal glandular tissue without any detectable lesions.,/home/woojye2020/decs_jupyter_lab/MedCLIP-SAMv2/UDIAT4/train_images/neg_000110.png,"A mammogram showing a sharply marginated, round mass suggestive of a benign breast tumor."
/home/woojye2020/decs_jupyter_lab/MedCLIP-SAMv2/UDIAT4/train_images/000112.png,"A medical breast mammogram showing a well-defined, round mass suggestive of a benign breast tumor.",/home/woojye2020/decs_jupyter_lab/MedCLIP-SAMv2/UDIAT4/train_images/000112.png,A medical breast mammogram showing normal breast tissue with no evidence of tumor.
/home/woojye2020/decs_jupyter_lab/MedCLIP-SAMv2/UDIAT4/train_images/neg_000112.png,A medical breast mammogram showing normal breast tissue with no evidence of tumor.,/home/woojye2020/decs_jupyter_lab/MedCLIP-SAMv2/UDIAT4/train_images/neg_000112.png,"A medical breast mammogram showing a well-defined, round mass suggestive of a benign breast tumor."
/home/woojye2020/decs_jupyter_lab/MedCLIP-SAMv2/UDIAT4/train_images/000112.png,"A medical breast mammogram showing a smooth, well-circumscribed mass suggestive of a benign breast tumor.",/home/woojye2020/decs_jupyter_lab/MedCLIP-SAMv2/UDIAT4/train_images/000112.png,"A mammogram with no suspicious masses or malignant findings, indicating a normal scan."
/home/woojye2020/decs_jupyter_lab/MedCLIP-SAMv2/UDIAT4/train_images/neg_000112.png,"A mammogram with no suspicious masses or malignant findings, indicating a normal scan.",/home/woojye2020/decs_jupyter_lab/MedCLIP-SAMv2/UDIAT4/train_images/neg_000112.png,"A medical breast mammogram showing a smooth, well-circumscribed mass suggestive of a benign breast tumor."
/home/woojye2020/decs_jupyter_lab/MedCLIP-SAMv2/UDIAT4/train_images/000112.png,"A mammogram displaying a round, homogeneous mass indicative of a benign breast tumor.",/home/woojye2020/decs_jupyter_lab/MedCLIP-SAMv2/UDIAT4/train_images/000112.png,A breast imaging study revealing no signs of benign or malignant tumors.
/home/woojye2020/decs_jupyter_lab/MedCLIP-SAMv2/UDIAT4/train_images/neg_000112.png,A breast imaging study revealing no signs of benign or malignant tumors.,/home/woojye2020/decs_jupyter_lab/MedCLIP-SAMv2/UDIAT4/train_images/neg_000112.png,"A mammogram displaying a round, homogeneous mass indicative of a benign breast tumor."
/home/woojye2020/decs_jupyter_lab/MedCLIP-SAMv2/UDIAT4/train_images/000112.png,"A breast imaging study revealing a well-defined, encapsulated mass likely representing a benign breast tumor.",/home/woojye2020/decs_jupyter_lab/MedCLIP-SAMv2/UDIAT4/train_images/000112.png,A mammogram showing symmetrical breast tissue with no focal masses or clinical findings.
/home/woojye2020/decs_jupyter_lab/MedCLIP-SAMv2/UDIAT4/train_images/neg_000112.png,A mammogram showing symmetrical breast tissue with no focal masses or clinical findings.,/home/woojye2020/decs_jupyter_lab/MedCLIP-SAMv2/UDIAT4/train_images/neg_000112.png,"A breast imaging study revealing a well-defined, encapsulated mass likely representing a benign breast tumor."
/home/woojye2020/decs_jupyter_lab/MedCLIP-SAMv2/UDIAT4/train_images/000112.png,"A mammogram showing a sharply marginated, round mass suggestive of a benign breast tumor.",/home/woojye2020/decs_jupyter_lab/MedCLIP-SAMv2/UDIAT4/train_images/000112.png,A diagnostic mammogram displaying normal glandular tissue without any detectable lesions.
/home/woojye2020/decs_jupyter_lab/MedCLIP-SAMv2/UDIAT4/train_images/neg_000112.png,A diagnostic mammogram displaying normal glandular tissue without any detectable lesions.,/home/woojye2020/decs_jupyter_lab/MedCLIP-SAMv2/UDIAT4/train_images/neg_000112.png,"A mammogram showing a sharply marginated, round mass suggestive of a benign breast tumor."
/home/woojye2020/decs_jupyter_lab/MedCLIP-SAMv2/UDIAT4/train_images/000113.png,"A medical breast mammogram showing a well-defined, round mass suggestive of a benign breast tumor.",/home/woojye2020/decs_jupyter_lab/MedCLIP-SAMv2/UDIAT4/train_images/000113.png,A medical breast mammogram showing normal breast tissue with no evidence of tumor.
/home/woojye2020/decs_jupyter_lab/MedCLIP-SAMv2/UDIAT4/train_images/neg_000113.png,A medical breast mammogram showing normal breast tissue with no evidence of tumor.,/home/woojye2020/decs_jupyter_lab/MedCLIP-SAMv2/UDIAT4/train_images/neg_000113.png,"A medical breast mammogram showing a well-defined, round mass suggestive of a benign breast tumor."
/home/woojye2020/decs_jupyter_lab/MedCLIP-SAMv2/UDIAT4/train_images/000113.png,"A medical breast mammogram showing a smooth, well-circumscribed mass suggestive of a benign breast tumor.",/home/woojye2020/decs_jupyter_lab/MedCLIP-SAMv2/UDIAT4/train_images/000113.png,"A mammogram with no suspicious masses or malignant findings, indicating a normal scan."
/home/woojye2020/decs_jupyter_lab/MedCLIP-SAMv2/UDIAT4/train_images/neg_000113.png,"A mammogram with no suspicious masses or malignant findings, indicating a normal scan.",/home/woojye2020/decs_jupyter_lab/MedCLIP-SAMv2/UDIAT4/train_images/neg_000113.png,"A medical breast mammogram showing a smooth, well-circumscribed mass suggestive of a benign breast tumor."
/home/woojye2020/decs_jupyter_lab/MedCLIP-SAMv2/UDIAT4/train_images/000113.png,"A mammogram displaying a round, homogeneous mass indicative of a benign breast tumor.",/home/woojye2020/decs_jupyter_lab/MedCLIP-SAMv2/UDIAT4/train_images/000113.png,A breast imaging study revealing no signs of benign or malignant tumors.
/home/woojye2020/decs_jupyter_lab/MedCLIP-SAMv2/UDIAT4/train_images/neg_000113.png,A breast imaging study revealing no signs of benign or malignant tumors.,/home/woojye2020/decs_jupyter_lab/MedCLIP-SAMv2/UDIAT4/train_images/neg_000113.png,"A mammogram displaying a round, homogeneous mass indicative of a benign breast tumor."
/home/woojye2020/decs_jupyter_lab/MedCLIP-SAMv2/UDIAT4/train_images/000113.png,"A breast imaging study revealing a well-defined, encapsulated mass likely representing a benign breast tumor.",/home/woojye2020/decs_jupyter_lab/MedCLIP-SAMv2/UDIAT4/train_images/000113.png,A mammogram showing symmetrical breast tissue with no focal masses or clinical findings.
/home/woojye2020/decs_jupyter_lab/MedCLIP-SAMv2/UDIAT4/train_images/neg_000113.png,A mammogram showing symmetrical breast tissue with no focal masses or clinical findings.,/home/woojye2020/decs_jupyter_lab/MedCLIP-SAMv2/UDIAT4/train_images/neg_000113.png,"A breast imaging study revealing a well-defined, encapsulated mass likely representing a benign breast tumor."
/home/woojye2020/decs_jupyter_lab/MedCLIP-SAMv2/UDIAT4/train_images/000113.png,"A mammogram showing a sharply marginated, round mass suggestive of a benign breast tumor.",/home/woojye2020/decs_jupyter_lab/MedCLIP-SAMv2/UDIAT4/train_images/000113.png,A diagnostic mammogram displaying normal glandular tissue without any detectable lesions.
/home/woojye2020/decs_jupyter_lab/MedCLIP-SAMv2/UDIAT4/train_images/neg_000113.png,A diagnostic mammogram displaying normal glandular tissue without any detectable lesions.,/home/woojye2020/decs_jupyter_lab/MedCLIP-SAMv2/UDIAT4/train_images/neg_000113.png,"A mammogram showing a sharply marginated, round mass suggestive of a benign breast tumor."
/home/woojye2020/decs_jupyter_lab/MedCLIP-SAMv2/UDIAT4/train_images/000115.png,"A medical breast mammogram showing a well-defined, round mass suggestive of a benign breast tumor.",/home/woojye2020/decs_jupyter_lab/MedCLIP-SAMv2/UDIAT4/train_images/000115.png,A medical breast mammogram showing normal breast tissue with no evidence of tumor.
/home/woojye2020/decs_jupyter_lab/MedCLIP-SAMv2/UDIAT4/train_images/neg_000115.png,A medical breast mammogram showing normal breast tissue with no evidence of tumor.,/home/woojye2020/decs_jupyter_lab/MedCLIP-SAMv2/UDIAT4/train_images/neg_000115.png,"A medical breast mammogram showing a well-defined, round mass suggestive of a benign breast tumor."
/home/woojye2020/decs_jupyter_lab/MedCLIP-SAMv2/UDIAT4/train_images/000115.png,"A medical breast mammogram showing a smooth, well-circumscribed mass suggestive of a benign breast tumor.",/home/woojye2020/decs_jupyter_lab/MedCLIP-SAMv2/UDIAT4/train_images/000115.png,"A mammogram with no suspicious masses or malignant findings, indicating a normal scan."
/home/woojye2020/decs_jupyter_lab/MedCLIP-SAMv2/UDIAT4/train_images/neg_000115.png,"A mammogram with no suspicious masses or malignant findings, indicating a normal scan.",/home/woojye2020/decs_jupyter_lab/MedCLIP-SAMv2/UDIAT4/train_images/neg_000115.png,"A medical breast mammogram showing a smooth, well-circumscribed mass suggestive of a benign breast tumor."
/home/woojye2020/decs_jupyter_lab/MedCLIP-SAMv2/UDIAT4/train_images/000115.png,"A mammogram displaying a round, homogeneous mass indicative of a benign breast tumor.",/home/woojye2020/decs_jupyter_lab/MedCLIP-SAMv2/UDIAT4/train_images/000115.png,A breast imaging study revealing no signs of benign or malignant tumors.
/home/woojye2020/decs_jupyter_lab/MedCLIP-SAMv2/UDIAT4/train_images/neg_000115.png,A breast imaging study revealing no signs of benign or malignant tumors.,/home/woojye2020/decs_jupyter_lab/MedCLIP-SAMv2/UDIAT4/train_images/neg_000115.png,"A mammogram displaying a round, homogeneous mass indicative of a benign breast tumor."
/home/woojye2020/decs_jupyter_lab/MedCLIP-SAMv2/UDIAT4/train_images/000115.png,"A breast imaging study revealing a well-defined, encapsulated mass likely representing a benign breast tumor.",/home/woojye2020/decs_jupyter_lab/MedCLIP-SAMv2/UDIAT4/train_images/000115.png,A mammogram showing symmetrical breast tissue with no focal masses or clinical findings.
/home/woojye2020/decs_jupyter_lab/MedCLIP-SAMv2/UDIAT4/train_images/neg_000115.png,A mammogram showing symmetrical breast tissue with no focal masses or clinical findings.,/home/woojye2020/decs_jupyter_lab/MedCLIP-SAMv2/UDIAT4/train_images/neg_000115.png,"A breast imaging study revealing a well-defined, encapsulated mass likely representing a benign breast tumor."
/home/woojye2020/decs_jupyter_lab/MedCLIP-SAMv2/UDIAT4/train_images/000115.png,"A mammogram showing a sharply marginated, round mass suggestive of a benign breast tumor.",/home/woojye2020/decs_jupyter_lab/MedCLIP-SAMv2/UDIAT4/train_images/000115.png,A diagnostic mammogram displaying normal glandular tissue without any detectable lesions.
/home/woojye2020/decs_jupyter_lab/MedCLIP-SAMv2/UDIAT4/train_images/neg_000115.png,A diagnostic mammogram displaying normal glandular tissue without any detectable lesions.,/home/woojye2020/decs_jupyter_lab/MedCLIP-SAMv2/UDIAT4/train_images/neg_000115.png,"A mammogram showing a sharply marginated, round mass suggestive of a benign breast tumor."
/home/woojye2020/decs_jupyter_lab/MedCLIP-SAMv2/UDIAT4/train_images/000116.png,"A medical breast mammogram showing a well-defined, round mass suggestive of a benign breast tumor.",/home/woojye2020/decs_jupyter_lab/MedCLIP-SAMv2/UDIAT4/train_images/000116.png,A medical breast mammogram showing normal breast tissue with no evidence of tumor.
/home/woojye2020/decs_jupyter_lab/MedCLIP-SAMv2/UDIAT4/train_images/neg_000116.png,A medical breast mammogram showing normal breast tissue with no evidence of tumor.,/home/woojye2020/decs_jupyter_lab/MedCLIP-SAMv2/UDIAT4/train_images/neg_000116.png,"A medical breast mammogram showing a well-defined, round mass suggestive of a benign breast tumor."
/home/woojye2020/decs_jupyter_lab/MedCLIP-SAMv2/UDIAT4/train_images/000116.png,"A medical breast mammogram showing a smooth, well-circumscribed mass suggestive of a benign breast tumor.",/home/woojye2020/decs_jupyter_lab/MedCLIP-SAMv2/UDIAT4/train_images/000116.png,"A mammogram with no suspicious masses or malignant findings, indicating a normal scan."
/home/woojye2020/decs_jupyter_lab/MedCLIP-SAMv2/UDIAT4/train_images/neg_000116.png,"A mammogram with no suspicious masses or malignant findings, indicating a normal scan.",/home/woojye2020/decs_jupyter_lab/MedCLIP-SAMv2/UDIAT4/train_images/neg_000116.png,"A medical breast mammogram showing a smooth, well-circumscribed mass suggestive of a benign breast tumor."
/home/woojye2020/decs_jupyter_lab/MedCLIP-SAMv2/UDIAT4/train_images/000116.png,"A mammogram displaying a round, homogeneous mass indicative of a benign breast tumor.",/home/woojye2020/decs_jupyter_lab/MedCLIP-SAMv2/UDIAT4/train_images/000116.png,A breast imaging study revealing no signs of benign or malignant tumors.
/home/woojye2020/decs_jupyter_lab/MedCLIP-SAMv2/UDIAT4/train_images/neg_000116.png,A breast imaging study revealing no signs of benign or malignant tumors.,/home/woojye2020/decs_jupyter_lab/MedCLIP-SAMv2/UDIAT4/train_images/neg_000116.png,"A mammogram displaying a round, homogeneous mass indicative of a benign breast tumor."
/home/woojye2020/decs_jupyter_lab/MedCLIP-SAMv2/UDIAT4/train_images/000116.png,"A breast imaging study revealing a well-defined, encapsulated mass likely representing a benign breast tumor.",/home/woojye2020/decs_jupyter_lab/MedCLIP-SAMv2/UDIAT4/train_images/000116.png,A mammogram showing symmetrical breast tissue with no focal masses or clinical findings.
/home/woojye2020/decs_jupyter_lab/MedCLIP-SAMv2/UDIAT4/train_images/neg_000116.png,A mammogram showing symmetrical breast tissue with no focal masses or clinical findings.,/home/woojye2020/decs_jupyter_lab/MedCLIP-SAMv2/UDIAT4/train_images/neg_000116.png,"A breast imaging study revealing a well-defined, encapsulated mass likely representing a benign breast tumor."
/home/woojye2020/decs_jupyter_lab/MedCLIP-SAMv2/UDIAT4/train_images/000116.png,"A mammogram showing a sharply marginated, round mass suggestive of a benign breast tumor.",/home/woojye2020/decs_jupyter_lab/MedCLIP-SAMv2/UDIAT4/train_images/000116.png,A diagnostic mammogram displaying normal glandular tissue without any detectable lesions.
/home/woojye2020/decs_jupyter_lab/MedCLIP-SAMv2/UDIAT4/train_images/neg_000116.png,A diagnostic mammogram displaying normal glandular tissue without any detectable lesions.,/home/woojye2020/decs_jupyter_lab/MedCLIP-SAMv2/UDIAT4/train_images/neg_000116.png,"A mammogram showing a sharply marginated, round mass suggestive of a benign breast tumor."
/home/woojye2020/decs_jupyter_lab/MedCLIP-SAMv2/UDIAT4/train_images/000118.png,"A medical breast mammogram showing a well-defined, round mass suggestive of a benign breast tumor.",/home/woojye2020/decs_jupyter_lab/MedCLIP-SAMv2/UDIAT4/train_images/000118.png,A medical breast mammogram showing normal breast tissue with no evidence of tumor.
/home/woojye2020/decs_jupyter_lab/MedCLIP-SAMv2/UDIAT4/train_images/neg_000118.png,A medical breast mammogram showing normal breast tissue with no evidence of tumor.,/home/woojye2020/decs_jupyter_lab/MedCLIP-SAMv2/UDIAT4/train_images/neg_000118.png,"A medical breast mammogram showing a well-defined, round mass suggestive of a benign breast tumor."
/home/woojye2020/decs_jupyter_lab/MedCLIP-SAMv2/UDIAT4/train_images/000118.png,"A medical breast mammogram showing a smooth, well-circumscribed mass suggestive of a benign breast tumor.",/home/woojye2020/decs_jupyter_lab/MedCLIP-SAMv2/UDIAT4/train_images/000118.png,"A mammogram with no suspicious masses or malignant findings, indicating a normal scan."
/home/woojye2020/decs_jupyter_lab/MedCLIP-SAMv2/UDIAT4/train_images/neg_000118.png,"A mammogram with no suspicious masses or malignant findings, indicating a normal scan.",/home/woojye2020/decs_jupyter_lab/MedCLIP-SAMv2/UDIAT4/train_images/neg_000118.png,"A medical breast mammogram showing a smooth, well-circumscribed mass suggestive of a benign breast tumor."
/home/woojye2020/decs_jupyter_lab/MedCLIP-SAMv2/UDIAT4/train_images/000118.png,"A mammogram displaying a round, homogeneous mass indicative of a benign breast tumor.",/home/woojye2020/decs_jupyter_lab/MedCLIP-SAMv2/UDIAT4/train_images/000118.png,A breast imaging study revealing no signs of benign or malignant tumors.
/home/woojye2020/decs_jupyter_lab/MedCLIP-SAMv2/UDIAT4/train_images/neg_000118.png,A breast imaging study revealing no signs of benign or malignant tumors.,/home/woojye2020/decs_jupyter_lab/MedCLIP-SAMv2/UDIAT4/train_images/neg_000118.png,"A mammogram displaying a round, homogeneous mass indicative of a benign breast tumor."
/home/woojye2020/decs_jupyter_lab/MedCLIP-SAMv2/UDIAT4/train_images/000118.png,"A breast imaging study revealing a well-defined, encapsulated mass likely representing a benign breast tumor.",/home/woojye2020/decs_jupyter_lab/MedCLIP-SAMv2/UDIAT4/train_images/000118.png,A mammogram showing symmetrical breast tissue with no focal masses or clinical findings.
/home/woojye2020/decs_jupyter_lab/MedCLIP-SAMv2/UDIAT4/train_images/neg_000118.png,A mammogram showing symmetrical breast tissue with no focal masses or clinical findings.,/home/woojye2020/decs_jupyter_lab/MedCLIP-SAMv2/UDIAT4/train_images/neg_000118.png,"A breast imaging study revealing a well-defined, encapsulated mass likely representing a benign breast tumor."
/home/woojye2020/decs_jupyter_lab/MedCLIP-SAMv2/UDIAT4/train_images/000118.png,"A mammogram showing a sharply marginated, round mass suggestive of a benign breast tumor.",/home/woojye2020/decs_jupyter_lab/MedCLIP-SAMv2/UDIAT4/train_images/000118.png,A diagnostic mammogram displaying normal glandular tissue without any detectable lesions.
/home/woojye2020/decs_jupyter_lab/MedCLIP-SAMv2/UDIAT4/train_images/neg_000118.png,A diagnostic mammogram displaying normal glandular tissue without any detectable lesions.,/home/woojye2020/decs_jupyter_lab/MedCLIP-SAMv2/UDIAT4/train_images/neg_000118.png,"A mammogram showing a sharply marginated, round mass suggestive of a benign breast tumor."
/home/woojye2020/decs_jupyter_lab/MedCLIP-SAMv2/UDIAT4/train_images/000119.png,"A medical breast mammogram showing a well-defined, round mass suggestive of a benign breast tumor.",/home/woojye2020/decs_jupyter_lab/MedCLIP-SAMv2/UDIAT4/train_images/000119.png,A medical breast mammogram showing normal breast tissue with no evidence of tumor.
/home/woojye2020/decs_jupyter_lab/MedCLIP-SAMv2/UDIAT4/train_images/neg_000119.png,A medical breast mammogram showing normal breast tissue with no evidence of tumor.,/home/woojye2020/decs_jupyter_lab/MedCLIP-SAMv2/UDIAT4/train_images/neg_000119.png,"A medical breast mammogram showing a well-defined, round mass suggestive of a benign breast tumor."
/home/woojye2020/decs_jupyter_lab/MedCLIP-SAMv2/UDIAT4/train_images/000119.png,"A medical breast mammogram showing a smooth, well-circumscribed mass suggestive of a benign breast tumor.",/home/woojye2020/decs_jupyter_lab/MedCLIP-SAMv2/UDIAT4/train_images/000119.png,"A mammogram with no suspicious masses or malignant findings, indicating a normal scan."
/home/woojye2020/decs_jupyter_lab/MedCLIP-SAMv2/UDIAT4/train_images/neg_000119.png,"A mammogram with no suspicious masses or malignant findings, indicating a normal scan.",/home/woojye2020/decs_jupyter_lab/MedCLIP-SAMv2/UDIAT4/train_images/neg_000119.png,"A medical breast mammogram showing a smooth, well-circumscribed mass suggestive of a benign breast tumor."
/home/woojye2020/decs_jupyter_lab/MedCLIP-SAMv2/UDIAT4/train_images/000119.png,"A mammogram displaying a round, homogeneous mass indicative of a benign breast tumor.",/home/woojye2020/decs_jupyter_lab/MedCLIP-SAMv2/UDIAT4/train_images/000119.png,A breast imaging study revealing no signs of benign or malignant tumors.
/home/woojye2020/decs_jupyter_lab/MedCLIP-SAMv2/UDIAT4/train_images/neg_000119.png,A breast imaging study revealing no signs of benign or malignant tumors.,/home/woojye2020/decs_jupyter_lab/MedCLIP-SAMv2/UDIAT4/train_images/neg_000119.png,"A mammogram displaying a round, homogeneous mass indicative of a benign breast tumor."
/home/woojye2020/decs_jupyter_lab/MedCLIP-SAMv2/UDIAT4/train_images/000119.png,"A breast imaging study revealing a well-defined, encapsulated mass likely representing a benign breast tumor.",/home/woojye2020/decs_jupyter_lab/MedCLIP-SAMv2/UDIAT4/train_images/000119.png,A mammogram showing symmetrical breast tissue with no focal masses or clinical findings.
/home/woojye2020/decs_jupyter_lab/MedCLIP-SAMv2/UDIAT4/train_images/neg_000119.png,A mammogram showing symmetrical breast tissue with no focal masses or clinical findings.,/home/woojye2020/decs_jupyter_lab/MedCLIP-SAMv2/UDIAT4/train_images/neg_000119.png,"A breast imaging study revealing a well-defined, encapsulated mass likely representing a benign breast tumor."
/home/woojye2020/decs_jupyter_lab/MedCLIP-SAMv2/UDIAT4/train_images/000119.png,"A mammogram showing a sharply marginated, round mass suggestive of a benign breast tumor.",/home/woojye2020/decs_jupyter_lab/MedCLIP-SAMv2/UDIAT4/train_images/000119.png,A diagnostic mammogram displaying normal glandular tissue without any detectable lesions.
/home/woojye2020/decs_jupyter_lab/MedCLIP-SAMv2/UDIAT4/train_images/neg_000119.png,A diagnostic mammogram displaying normal glandular tissue without any detectable lesions.,/home/woojye2020/decs_jupyter_lab/MedCLIP-SAMv2/UDIAT4/train_images/neg_000119.png,"A mammogram showing a sharply marginated, round mass suggestive of a benign breast tumor."
/home/woojye2020/decs_jupyter_lab/MedCLIP-SAMv2/UDIAT4/train_images/000120.png,"A medical breast mammogram showing a well-defined, round mass suggestive of a benign breast tumor.",/home/woojye2020/decs_jupyter_lab/MedCLIP-SAMv2/UDIAT4/train_images/000120.png,A medical breast mammogram showing normal breast tissue with no evidence of tumor.
/home/woojye2020/decs_jupyter_lab/MedCLIP-SAMv2/UDIAT4/train_images/neg_000120.png,A medical breast mammogram showing normal breast tissue with no evidence of tumor.,/home/woojye2020/decs_jupyter_lab/MedCLIP-SAMv2/UDIAT4/train_images/neg_000120.png,"A medical breast mammogram showing a well-defined, round mass suggestive of a benign breast tumor."
/home/woojye2020/decs_jupyter_lab/MedCLIP-SAMv2/UDIAT4/train_images/000120.png,"A medical breast mammogram showing a smooth, well-circumscribed mass suggestive of a benign breast tumor.",/home/woojye2020/decs_jupyter_lab/MedCLIP-SAMv2/UDIAT4/train_images/000120.png,"A mammogram with no suspicious masses or malignant findings, indicating a normal scan."
/home/woojye2020/decs_jupyter_lab/MedCLIP-SAMv2/UDIAT4/train_images/neg_000120.png,"A mammogram with no suspicious masses or malignant findings, indicating a normal scan.",/home/woojye2020/decs_jupyter_lab/MedCLIP-SAMv2/UDIAT4/train_images/neg_000120.png,"A medical breast mammogram showing a smooth, well-circumscribed mass suggestive of a benign breast tumor."
/home/woojye2020/decs_jupyter_lab/MedCLIP-SAMv2/UDIAT4/train_images/000120.png,"A mammogram displaying a round, homogeneous mass indicative of a benign breast tumor.",/home/woojye2020/decs_jupyter_lab/MedCLIP-SAMv2/UDIAT4/train_images/000120.png,A breast imaging study revealing no signs of benign or malignant tumors.
/home/woojye2020/decs_jupyter_lab/MedCLIP-SAMv2/UDIAT4/train_images/neg_000120.png,A breast imaging study revealing no signs of benign or malignant tumors.,/home/woojye2020/decs_jupyter_lab/MedCLIP-SAMv2/UDIAT4/train_images/neg_000120.png,"A mammogram displaying a round, homogeneous mass indicative of a benign breast tumor."
/home/woojye2020/decs_jupyter_lab/MedCLIP-SAMv2/UDIAT4/train_images/000120.png,"A breast imaging study revealing a well-defined, encapsulated mass likely representing a benign breast tumor.",/home/woojye2020/decs_jupyter_lab/MedCLIP-SAMv2/UDIAT4/train_images/000120.png,A mammogram showing symmetrical breast tissue with no focal masses or clinical findings.
/home/woojye2020/decs_jupyter_lab/MedCLIP-SAMv2/UDIAT4/train_images/neg_000120.png,A mammogram showing symmetrical breast tissue with no focal masses or clinical findings.,/home/woojye2020/decs_jupyter_lab/MedCLIP-SAMv2/UDIAT4/train_images/neg_000120.png,"A breast imaging study revealing a well-defined, encapsulated mass likely representing a benign breast tumor."
/home/woojye2020/decs_jupyter_lab/MedCLIP-SAMv2/UDIAT4/train_images/000120.png,"A mammogram showing a sharply marginated, round mass suggestive of a benign breast tumor.",/home/woojye2020/decs_jupyter_lab/MedCLIP-SAMv2/UDIAT4/train_images/000120.png,A diagnostic mammogram displaying normal glandular tissue without any detectable lesions.
/home/woojye2020/decs_jupyter_lab/MedCLIP-SAMv2/UDIAT4/train_images/neg_000120.png,A diagnostic mammogram displaying normal glandular tissue without any detectable lesions.,/home/woojye2020/decs_jupyter_lab/MedCLIP-SAMv2/UDIAT4/train_images/neg_000120.png,"A mammogram showing a sharply marginated, round mass suggestive of a benign breast tumor."
/home/woojye2020/decs_jupyter_lab/MedCLIP-SAMv2/UDIAT4/train_images/000121.png,"A medical breast mammogram showing a well-defined, round mass suggestive of a benign breast tumor.",/home/woojye2020/decs_jupyter_lab/MedCLIP-SAMv2/UDIAT4/train_images/000121.png,A medical breast mammogram showing normal breast tissue with no evidence of tumor.
/home/woojye2020/decs_jupyter_lab/MedCLIP-SAMv2/UDIAT4/train_images/neg_000121.png,A medical breast mammogram showing normal breast tissue with no evidence of tumor.,/home/woojye2020/decs_jupyter_lab/MedCLIP-SAMv2/UDIAT4/train_images/neg_000121.png,"A medical breast mammogram showing a well-defined, round mass suggestive of a benign breast tumor."
/home/woojye2020/decs_jupyter_lab/MedCLIP-SAMv2/UDIAT4/train_images/000121.png,"A medical breast mammogram showing a smooth, well-circumscribed mass suggestive of a benign breast tumor.",/home/woojye2020/decs_jupyter_lab/MedCLIP-SAMv2/UDIAT4/train_images/000121.png,"A mammogram with no suspicious masses or malignant findings, indicating a normal scan."
/home/woojye2020/decs_jupyter_lab/MedCLIP-SAMv2/UDIAT4/train_images/neg_000121.png,"A mammogram with no suspicious masses or malignant findings, indicating a normal scan.",/home/woojye2020/decs_jupyter_lab/MedCLIP-SAMv2/UDIAT4/train_images/neg_000121.png,"A medical breast mammogram showing a smooth, well-circumscribed mass suggestive of a benign breast tumor."
/home/woojye2020/decs_jupyter_lab/MedCLIP-SAMv2/UDIAT4/train_images/000121.png,"A mammogram displaying a round, homogeneous mass indicative of a benign breast tumor.",/home/woojye2020/decs_jupyter_lab/MedCLIP-SAMv2/UDIAT4/train_images/000121.png,A breast imaging study revealing no signs of benign or malignant tumors.
/home/woojye2020/decs_jupyter_lab/MedCLIP-SAMv2/UDIAT4/train_images/neg_000121.png,A breast imaging study revealing no signs of benign or malignant tumors.,/home/woojye2020/decs_jupyter_lab/MedCLIP-SAMv2/UDIAT4/train_images/neg_000121.png,"A mammogram displaying a round, homogeneous mass indicative of a benign breast tumor."
/home/woojye2020/decs_jupyter_lab/MedCLIP-SAMv2/UDIAT4/train_images/000121.png,"A breast imaging study revealing a well-defined, encapsulated mass likely representing a benign breast tumor.",/home/woojye2020/decs_jupyter_lab/MedCLIP-SAMv2/UDIAT4/train_images/000121.png,A mammogram showing symmetrical breast tissue with no focal masses or clinical findings.
/home/woojye2020/decs_jupyter_lab/MedCLIP-SAMv2/UDIAT4/train_images/neg_000121.png,A mammogram showing symmetrical breast tissue with no focal masses or clinical findings.,/home/woojye2020/decs_jupyter_lab/MedCLIP-SAMv2/UDIAT4/train_images/neg_000121.png,"A breast imaging study revealing a well-defined, encapsulated mass likely representing a benign breast tumor."
/home/woojye2020/decs_jupyter_lab/MedCLIP-SAMv2/UDIAT4/train_images/000121.png,"A mammogram showing a sharply marginated, round mass suggestive of a benign breast tumor.",/home/woojye2020/decs_jupyter_lab/MedCLIP-SAMv2/UDIAT4/train_images/000121.png,A diagnostic mammogram displaying normal glandular tissue without any detectable lesions.
/home/woojye2020/decs_jupyter_lab/MedCLIP-SAMv2/UDIAT4/train_images/neg_000121.png,A diagnostic mammogram displaying normal glandular tissue without any detectable lesions.,/home/woojye2020/decs_jupyter_lab/MedCLIP-SAMv2/UDIAT4/train_images/neg_000121.png,"A mammogram showing a sharply marginated, round mass suggestive of a benign breast tumor."
/home/woojye2020/decs_jupyter_lab/MedCLIP-SAMv2/UDIAT4/train_images/000123.png,"A medical breast mammogram showing a well-defined, round mass suggestive of a benign breast tumor.",/home/woojye2020/decs_jupyter_lab/MedCLIP-SAMv2/UDIAT4/train_images/000123.png,A medical breast mammogram showing normal breast tissue with no evidence of tumor.
/home/woojye2020/decs_jupyter_lab/MedCLIP-SAMv2/UDIAT4/train_images/neg_000123.png,A medical breast mammogram showing normal breast tissue with no evidence of tumor.,/home/woojye2020/decs_jupyter_lab/MedCLIP-SAMv2/UDIAT4/train_images/neg_000123.png,"A medical breast mammogram showing a well-defined, round mass suggestive of a benign breast tumor."
/home/woojye2020/decs_jupyter_lab/MedCLIP-SAMv2/UDIAT4/train_images/000123.png,"A medical breast mammogram showing a smooth, well-circumscribed mass suggestive of a benign breast tumor.",/home/woojye2020/decs_jupyter_lab/MedCLIP-SAMv2/UDIAT4/train_images/000123.png,"A mammogram with no suspicious masses or malignant findings, indicating a normal scan."
/home/woojye2020/decs_jupyter_lab/MedCLIP-SAMv2/UDIAT4/train_images/neg_000123.png,"A mammogram with no suspicious masses or malignant findings, indicating a normal scan.",/home/woojye2020/decs_jupyter_lab/MedCLIP-SAMv2/UDIAT4/train_images/neg_000123.png,"A medical breast mammogram showing a smooth, well-circumscribed mass suggestive of a benign breast tumor."
/home/woojye2020/decs_jupyter_lab/MedCLIP-SAMv2/UDIAT4/train_images/000123.png,"A mammogram displaying a round, homogeneous mass indicative of a benign breast tumor.",/home/woojye2020/decs_jupyter_lab/MedCLIP-SAMv2/UDIAT4/train_images/000123.png,A breast imaging study revealing no signs of benign or malignant tumors.
/home/woojye2020/decs_jupyter_lab/MedCLIP-SAMv2/UDIAT4/train_images/neg_000123.png,A breast imaging study revealing no signs of benign or malignant tumors.,/home/woojye2020/decs_jupyter_lab/MedCLIP-SAMv2/UDIAT4/train_images/neg_000123.png,"A mammogram displaying a round, homogeneous mass indicative of a benign breast tumor."
/home/woojye2020/decs_jupyter_lab/MedCLIP-SAMv2/UDIAT4/train_images/000123.png,"A breast imaging study revealing a well-defined, encapsulated mass likely representing a benign breast tumor.",/home/woojye2020/decs_jupyter_lab/MedCLIP-SAMv2/UDIAT4/train_images/000123.png,A mammogram showing symmetrical breast tissue with no focal masses or clinical findings.
/home/woojye2020/decs_jupyter_lab/MedCLIP-SAMv2/UDIAT4/train_images/neg_000123.png,A mammogram showing symmetrical breast tissue with no focal masses or clinical findings.,/home/woojye2020/decs_jupyter_lab/MedCLIP-SAMv2/UDIAT4/train_images/neg_000123.png,"A breast imaging study revealing a well-defined, encapsulated mass likely representing a benign breast tumor."
/home/woojye2020/decs_jupyter_lab/MedCLIP-SAMv2/UDIAT4/train_images/000123.png,"A mammogram showing a sharply marginated, round mass suggestive of a benign breast tumor.",/home/woojye2020/decs_jupyter_lab/MedCLIP-SAMv2/UDIAT4/train_images/000123.png,A diagnostic mammogram displaying normal glandular tissue without any detectable lesions.
/home/woojye2020/decs_jupyter_lab/MedCLIP-SAMv2/UDIAT4/train_images/neg_000123.png,A diagnostic mammogram displaying normal glandular tissue without any detectable lesions.,/home/woojye2020/decs_jupyter_lab/MedCLIP-SAMv2/UDIAT4/train_images/neg_000123.png,"A mammogram showing a sharply marginated, round mass suggestive of a benign breast tumor."
/home/woojye2020/decs_jupyter_lab/MedCLIP-SAMv2/UDIAT4/train_images/000124.png,"A medical breast mammogram showing a well-defined, round mass suggestive of a benign breast tumor.",/home/woojye2020/decs_jupyter_lab/MedCLIP-SAMv2/UDIAT4/train_images/000124.png,A medical breast mammogram showing normal breast tissue with no evidence of tumor.
/home/woojye2020/decs_jupyter_lab/MedCLIP-SAMv2/UDIAT4/train_images/neg_000124.png,A medical breast mammogram showing normal breast tissue with no evidence of tumor.,/home/woojye2020/decs_jupyter_lab/MedCLIP-SAMv2/UDIAT4/train_images/neg_000124.png,"A medical breast mammogram showing a well-defined, round mass suggestive of a benign breast tumor."
/home/woojye2020/decs_jupyter_lab/MedCLIP-SAMv2/UDIAT4/train_images/000124.png,"A medical breast mammogram showing a smooth, well-circumscribed mass suggestive of a benign breast tumor.",/home/woojye2020/decs_jupyter_lab/MedCLIP-SAMv2/UDIAT4/train_images/000124.png,"A mammogram with no suspicious masses or malignant findings, indicating a normal scan."
/home/woojye2020/decs_jupyter_lab/MedCLIP-SAMv2/UDIAT4/train_images/neg_000124.png,"A mammogram with no suspicious masses or malignant findings, indicating a normal scan.",/home/woojye2020/decs_jupyter_lab/MedCLIP-SAMv2/UDIAT4/train_images/neg_000124.png,"A medical breast mammogram showing a smooth, well-circumscribed mass suggestive of a benign breast tumor."
/home/woojye2020/decs_jupyter_lab/MedCLIP-SAMv2/UDIAT4/train_images/000124.png,"A mammogram displaying a round, homogeneous mass indicative of a benign breast tumor.",/home/woojye2020/decs_jupyter_lab/MedCLIP-SAMv2/UDIAT4/train_images/000124.png,A breast imaging study revealing no signs of benign or malignant tumors.
/home/woojye2020/decs_jupyter_lab/MedCLIP-SAMv2/UDIAT4/train_images/neg_000124.png,A breast imaging study revealing no signs of benign or malignant tumors.,/home/woojye2020/decs_jupyter_lab/MedCLIP-SAMv2/UDIAT4/train_images/neg_000124.png,"A mammogram displaying a round, homogeneous mass indicative of a benign breast tumor."
/home/woojye2020/decs_jupyter_lab/MedCLIP-SAMv2/UDIAT4/train_images/000124.png,"A breast imaging study revealing a well-defined, encapsulated mass likely representing a benign breast tumor.",/home/woojye2020/decs_jupyter_lab/MedCLIP-SAMv2/UDIAT4/train_images/000124.png,A mammogram showing symmetrical breast tissue with no focal masses or clinical findings.
/home/woojye2020/decs_jupyter_lab/MedCLIP-SAMv2/UDIAT4/train_images/neg_000124.png,A mammogram showing symmetrical breast tissue with no focal masses or clinical findings.,/home/woojye2020/decs_jupyter_lab/MedCLIP-SAMv2/UDIAT4/train_images/neg_000124.png,"A breast imaging study revealing a well-defined, encapsulated mass likely representing a benign breast tumor."
/home/woojye2020/decs_jupyter_lab/MedCLIP-SAMv2/UDIAT4/train_images/000124.png,"A mammogram showing a sharply marginated, round mass suggestive of a benign breast tumor.",/home/woojye2020/decs_jupyter_lab/MedCLIP-SAMv2/UDIAT4/train_images/000124.png,A diagnostic mammogram displaying normal glandular tissue without any detectable lesions.
/home/woojye2020/decs_jupyter_lab/MedCLIP-SAMv2/UDIAT4/train_images/neg_000124.png,A diagnostic mammogram displaying normal glandular tissue without any detectable lesions.,/home/woojye2020/decs_jupyter_lab/MedCLIP-SAMv2/UDIAT4/train_images/neg_000124.png,"A mammogram showing a sharply marginated, round mass suggestive of a benign breast tumor."
/home/woojye2020/decs_jupyter_lab/MedCLIP-SAMv2/UDIAT4/train_images/000125.png,"A medical breast mammogram showing a well-defined, round mass suggestive of a benign breast tumor.",/home/woojye2020/decs_jupyter_lab/MedCLIP-SAMv2/UDIAT4/train_images/000125.png,A medical breast mammogram showing normal breast tissue with no evidence of tumor.
/home/woojye2020/decs_jupyter_lab/MedCLIP-SAMv2/UDIAT4/train_images/neg_000125.png,A medical breast mammogram showing normal breast tissue with no evidence of tumor.,/home/woojye2020/decs_jupyter_lab/MedCLIP-SAMv2/UDIAT4/train_images/neg_000125.png,"A medical breast mammogram showing a well-defined, round mass suggestive of a benign breast tumor."
/home/woojye2020/decs_jupyter_lab/MedCLIP-SAMv2/UDIAT4/train_images/000125.png,"A medical breast mammogram showing a smooth, well-circumscribed mass suggestive of a benign breast tumor.",/home/woojye2020/decs_jupyter_lab/MedCLIP-SAMv2/UDIAT4/train_images/000125.png,"A mammogram with no suspicious masses or malignant findings, indicating a normal scan."
/home/woojye2020/decs_jupyter_lab/MedCLIP-SAMv2/UDIAT4/train_images/neg_000125.png,"A mammogram with no suspicious masses or malignant findings, indicating a normal scan.",/home/woojye2020/decs_jupyter_lab/MedCLIP-SAMv2/UDIAT4/train_images/neg_000125.png,"A medical breast mammogram showing a smooth, well-circumscribed mass suggestive of a benign breast tumor."
/home/woojye2020/decs_jupyter_lab/MedCLIP-SAMv2/UDIAT4/train_images/000125.png,"A mammogram displaying a round, homogeneous mass indicative of a benign breast tumor.",/home/woojye2020/decs_jupyter_lab/MedCLIP-SAMv2/UDIAT4/train_images/000125.png,A breast imaging study revealing no signs of benign or malignant tumors.
/home/woojye2020/decs_jupyter_lab/MedCLIP-SAMv2/UDIAT4/train_images/neg_000125.png,A breast imaging study revealing no signs of benign or malignant tumors.,/home/woojye2020/decs_jupyter_lab/MedCLIP-SAMv2/UDIAT4/train_images/neg_000125.png,"A mammogram displaying a round, homogeneous mass indicative of a benign breast tumor."
/home/woojye2020/decs_jupyter_lab/MedCLIP-SAMv2/UDIAT4/train_images/000125.png,"A breast imaging study revealing a well-defined, encapsulated mass likely representing a benign breast tumor.",/home/woojye2020/decs_jupyter_lab/MedCLIP-SAMv2/UDIAT4/train_images/000125.png,A mammogram showing symmetrical breast tissue with no focal masses or clinical findings.
/home/woojye2020/decs_jupyter_lab/MedCLIP-SAMv2/UDIAT4/train_images/neg_000125.png,A mammogram showing symmetrical breast tissue with no focal masses or clinical findings.,/home/woojye2020/decs_jupyter_lab/MedCLIP-SAMv2/UDIAT4/train_images/neg_000125.png,"A breast imaging study revealing a well-defined, encapsulated mass likely representing a benign breast tumor."
/home/woojye2020/decs_jupyter_lab/MedCLIP-SAMv2/UDIAT4/train_images/000125.png,"A mammogram showing a sharply marginated, round mass suggestive of a benign breast tumor.",/home/woojye2020/decs_jupyter_lab/MedCLIP-SAMv2/UDIAT4/train_images/000125.png,A diagnostic mammogram displaying normal glandular tissue without any detectable lesions.
/home/woojye2020/decs_jupyter_lab/MedCLIP-SAMv2/UDIAT4/train_images/neg_000125.png,A diagnostic mammogram displaying normal glandular tissue without any detectable lesions.,/home/woojye2020/decs_jupyter_lab/MedCLIP-SAMv2/UDIAT4/train_images/neg_000125.png,"A mammogram showing a sharply marginated, round mass suggestive of a benign breast tumor."
/home/woojye2020/decs_jupyter_lab/MedCLIP-SAMv2/UDIAT4/train_images/000127.png,"A medical breast mammogram showing a well-defined, round mass suggestive of a benign breast tumor.",/home/woojye2020/decs_jupyter_lab/MedCLIP-SAMv2/UDIAT4/train_images/000127.png,A medical breast mammogram showing normal breast tissue with no evidence of tumor.
/home/woojye2020/decs_jupyter_lab/MedCLIP-SAMv2/UDIAT4/train_images/neg_000127.png,A medical breast mammogram showing normal breast tissue with no evidence of tumor.,/home/woojye2020/decs_jupyter_lab/MedCLIP-SAMv2/UDIAT4/train_images/neg_000127.png,"A medical breast mammogram showing a well-defined, round mass suggestive of a benign breast tumor."
/home/woojye2020/decs_jupyter_lab/MedCLIP-SAMv2/UDIAT4/train_images/000127.png,"A medical breast mammogram showing a smooth, well-circumscribed mass suggestive of a benign breast tumor.",/home/woojye2020/decs_jupyter_lab/MedCLIP-SAMv2/UDIAT4/train_images/000127.png,"A mammogram with no suspicious masses or malignant findings, indicating a normal scan."
/home/woojye2020/decs_jupyter_lab/MedCLIP-SAMv2/UDIAT4/train_images/neg_000127.png,"A mammogram with no suspicious masses or malignant findings, indicating a normal scan.",/home/woojye2020/decs_jupyter_lab/MedCLIP-SAMv2/UDIAT4/train_images/neg_000127.png,"A medical breast mammogram showing a smooth, well-circumscribed mass suggestive of a benign breast tumor."
/home/woojye2020/decs_jupyter_lab/MedCLIP-SAMv2/UDIAT4/train_images/000127.png,"A mammogram displaying a round, homogeneous mass indicative of a benign breast tumor.",/home/woojye2020/decs_jupyter_lab/MedCLIP-SAMv2/UDIAT4/train_images/000127.png,A breast imaging study revealing no signs of benign or malignant tumors.
/home/woojye2020/decs_jupyter_lab/MedCLIP-SAMv2/UDIAT4/train_images/neg_000127.png,A breast imaging study revealing no signs of benign or malignant tumors.,/home/woojye2020/decs_jupyter_lab/MedCLIP-SAMv2/UDIAT4/train_images/neg_000127.png,"A mammogram displaying a round, homogeneous mass indicative of a benign breast tumor."
/home/woojye2020/decs_jupyter_lab/MedCLIP-SAMv2/UDIAT4/train_images/000127.png,"A breast imaging study revealing a well-defined, encapsulated mass likely representing a benign breast tumor.",/home/woojye2020/decs_jupyter_lab/MedCLIP-SAMv2/UDIAT4/train_images/000127.png,A mammogram showing symmetrical breast tissue with no focal masses or clinical findings.
/home/woojye2020/decs_jupyter_lab/MedCLIP-SAMv2/UDIAT4/train_images/neg_000127.png,A mammogram showing symmetrical breast tissue with no focal masses or clinical findings.,/home/woojye2020/decs_jupyter_lab/MedCLIP-SAMv2/UDIAT4/train_images/neg_000127.png,"A breast imaging study revealing a well-defined, encapsulated mass likely representing a benign breast tumor."
/home/woojye2020/decs_jupyter_lab/MedCLIP-SAMv2/UDIAT4/train_images/000127.png,"A mammogram showing a sharply marginated, round mass suggestive of a benign breast tumor.",/home/woojye2020/decs_jupyter_lab/MedCLIP-SAMv2/UDIAT4/train_images/000127.png,A diagnostic mammogram displaying normal glandular tissue without any detectable lesions.
/home/woojye2020/decs_jupyter_lab/MedCLIP-SAMv2/UDIAT4/train_images/neg_000127.png,A diagnostic mammogram displaying normal glandular tissue without any detectable lesions.,/home/woojye2020/decs_jupyter_lab/MedCLIP-SAMv2/UDIAT4/train_images/neg_000127.png,"A mammogram showing a sharply marginated, round mass suggestive of a benign breast tumor."
/home/woojye2020/decs_jupyter_lab/MedCLIP-SAMv2/UDIAT4/train_images/000128.png,"A medical breast mammogram showing a well-defined, round mass suggestive of a benign breast tumor.",/home/woojye2020/decs_jupyter_lab/MedCLIP-SAMv2/UDIAT4/train_images/000128.png,A medical breast mammogram showing normal breast tissue with no evidence of tumor.
/home/woojye2020/decs_jupyter_lab/MedCLIP-SAMv2/UDIAT4/train_images/neg_000128.png,A medical breast mammogram showing normal breast tissue with no evidence of tumor.,/home/woojye2020/decs_jupyter_lab/MedCLIP-SAMv2/UDIAT4/train_images/neg_000128.png,"A medical breast mammogram showing a well-defined, round mass suggestive of a benign breast tumor."
/home/woojye2020/decs_jupyter_lab/MedCLIP-SAMv2/UDIAT4/train_images/000128.png,"A medical breast mammogram showing a smooth, well-circumscribed mass suggestive of a benign breast tumor.",/home/woojye2020/decs_jupyter_lab/MedCLIP-SAMv2/UDIAT4/train_images/000128.png,"A mammogram with no suspicious masses or malignant findings, indicating a normal scan."
/home/woojye2020/decs_jupyter_lab/MedCLIP-SAMv2/UDIAT4/train_images/neg_000128.png,"A mammogram with no suspicious masses or malignant findings, indicating a normal scan.",/home/woojye2020/decs_jupyter_lab/MedCLIP-SAMv2/UDIAT4/train_images/neg_000128.png,"A medical breast mammogram showing a smooth, well-circumscribed mass suggestive of a benign breast tumor."
/home/woojye2020/decs_jupyter_lab/MedCLIP-SAMv2/UDIAT4/train_images/000128.png,"A mammogram displaying a round, homogeneous mass indicative of a benign breast tumor.",/home/woojye2020/decs_jupyter_lab/MedCLIP-SAMv2/UDIAT4/train_images/000128.png,A breast imaging study revealing no signs of benign or malignant tumors.
/home/woojye2020/decs_jupyter_lab/MedCLIP-SAMv2/UDIAT4/train_images/neg_000128.png,A breast imaging study revealing no signs of benign or malignant tumors.,/home/woojye2020/decs_jupyter_lab/MedCLIP-SAMv2/UDIAT4/train_images/neg_000128.png,"A mammogram displaying a round, homogeneous mass indicative of a benign breast tumor."
/home/woojye2020/decs_jupyter_lab/MedCLIP-SAMv2/UDIAT4/train_images/000128.png,"A breast imaging study revealing a well-defined, encapsulated mass likely representing a benign breast tumor.",/home/woojye2020/decs_jupyter_lab/MedCLIP-SAMv2/UDIAT4/train_images/000128.png,A mammogram showing symmetrical breast tissue with no focal masses or clinical findings.
/home/woojye2020/decs_jupyter_lab/MedCLIP-SAMv2/UDIAT4/train_images/neg_000128.png,A mammogram showing symmetrical breast tissue with no focal masses or clinical findings.,/home/woojye2020/decs_jupyter_lab/MedCLIP-SAMv2/UDIAT4/train_images/neg_000128.png,"A breast imaging study revealing a well-defined, encapsulated mass likely representing a benign breast tumor."
/home/woojye2020/decs_jupyter_lab/MedCLIP-SAMv2/UDIAT4/train_images/000128.png,"A mammogram showing a sharply marginated, round mass suggestive of a benign breast tumor.",/home/woojye2020/decs_jupyter_lab/MedCLIP-SAMv2/UDIAT4/train_images/000128.png,A diagnostic mammogram displaying normal glandular tissue without any detectable lesions.
/home/woojye2020/decs_jupyter_lab/MedCLIP-SAMv2/UDIAT4/train_images/neg_000128.png,A diagnostic mammogram displaying normal glandular tissue without any detectable lesions.,/home/woojye2020/decs_jupyter_lab/MedCLIP-SAMv2/UDIAT4/train_images/neg_000128.png,"A mammogram showing a sharply marginated, round mass suggestive of a benign breast tumor."
/home/woojye2020/decs_jupyter_lab/MedCLIP-SAMv2/UDIAT4/train_images/000129.png,"A medical breast mammogram showing a well-defined, round mass suggestive of a benign breast tumor.",/home/woojye2020/decs_jupyter_lab/MedCLIP-SAMv2/UDIAT4/train_images/000129.png,A medical breast mammogram showing normal breast tissue with no evidence of tumor.
/home/woojye2020/decs_jupyter_lab/MedCLIP-SAMv2/UDIAT4/train_images/neg_000129.png,A medical breast mammogram showing normal breast tissue with no evidence of tumor.,/home/woojye2020/decs_jupyter_lab/MedCLIP-SAMv2/UDIAT4/train_images/neg_000129.png,"A medical breast mammogram showing a well-defined, round mass suggestive of a benign breast tumor."
/home/woojye2020/decs_jupyter_lab/MedCLIP-SAMv2/UDIAT4/train_images/000129.png,"A medical breast mammogram showing a smooth, well-circumscribed mass suggestive of a benign breast tumor.",/home/woojye2020/decs_jupyter_lab/MedCLIP-SAMv2/UDIAT4/train_images/000129.png,"A mammogram with no suspicious masses or malignant findings, indicating a normal scan."
/home/woojye2020/decs_jupyter_lab/MedCLIP-SAMv2/UDIAT4/train_images/neg_000129.png,"A mammogram with no suspicious masses or malignant findings, indicating a normal scan.",/home/woojye2020/decs_jupyter_lab/MedCLIP-SAMv2/UDIAT4/train_images/neg_000129.png,"A medical breast mammogram showing a smooth, well-circumscribed mass suggestive of a benign breast tumor."
/home/woojye2020/decs_jupyter_lab/MedCLIP-SAMv2/UDIAT4/train_images/000129.png,"A mammogram displaying a round, homogeneous mass indicative of a benign breast tumor.",/home/woojye2020/decs_jupyter_lab/MedCLIP-SAMv2/UDIAT4/train_images/000129.png,A breast imaging study revealing no signs of benign or malignant tumors.
/home/woojye2020/decs_jupyter_lab/MedCLIP-SAMv2/UDIAT4/train_images/neg_000129.png,A breast imaging study revealing no signs of benign or malignant tumors.,/home/woojye2020/decs_jupyter_lab/MedCLIP-SAMv2/UDIAT4/train_images/neg_000129.png,"A mammogram displaying a round, homogeneous mass indicative of a benign breast tumor."
/home/woojye2020/decs_jupyter_lab/MedCLIP-SAMv2/UDIAT4/train_images/000129.png,"A breast imaging study revealing a well-defined, encapsulated mass likely representing a benign breast tumor.",/home/woojye2020/decs_jupyter_lab/MedCLIP-SAMv2/UDIAT4/train_images/000129.png,A mammogram showing symmetrical breast tissue with no focal masses or clinical findings.
/home/woojye2020/decs_jupyter_lab/MedCLIP-SAMv2/UDIAT4/train_images/neg_000129.png,A mammogram showing symmetrical breast tissue with no focal masses or clinical findings.,/home/woojye2020/decs_jupyter_lab/MedCLIP-SAMv2/UDIAT4/train_images/neg_000129.png,"A breast imaging study revealing a well-defined, encapsulated mass likely representing a benign breast tumor."
/home/woojye2020/decs_jupyter_lab/MedCLIP-SAMv2/UDIAT4/train_images/000129.png,"A mammogram showing a sharply marginated, round mass suggestive of a benign breast tumor.",/home/woojye2020/decs_jupyter_lab/MedCLIP-SAMv2/UDIAT4/train_images/000129.png,A diagnostic mammogram displaying normal glandular tissue without any detectable lesions.
/home/woojye2020/decs_jupyter_lab/MedCLIP-SAMv2/UDIAT4/train_images/neg_000129.png,A diagnostic mammogram displaying normal glandular tissue without any detectable lesions.,/home/woojye2020/decs_jupyter_lab/MedCLIP-SAMv2/UDIAT4/train_images/neg_000129.png,"A mammogram showing a sharply marginated, round mass suggestive of a benign breast tumor."
/home/woojye2020/decs_jupyter_lab/MedCLIP-SAMv2/UDIAT4/train_images/000132.png,"A medical breast mammogram showing an irregularly shaped, spiculated mass suggestive of a malignant breast tumor.",/home/woojye2020/decs_jupyter_lab/MedCLIP-SAMv2/UDIAT4/train_images/000132.png,A medical breast mammogram showing normal breast tissue with no evidence of tumor.
/home/woojye2020/decs_jupyter_lab/MedCLIP-SAMv2/UDIAT4/train_images/neg_000132.png,A medical breast mammogram showing normal breast tissue with no evidence of tumor.,/home/woojye2020/decs_jupyter_lab/MedCLIP-SAMv2/UDIAT4/train_images/neg_000132.png,"A medical breast mammogram showing an irregularly shaped, spiculated mass suggestive of a malignant breast tumor."
/home/woojye2020/decs_jupyter_lab/MedCLIP-SAMv2/UDIAT4/train_images/000132.png,"A medical breast mammogram showing an irregular, spiculated mass suggestive of a malignant breast tumor.",/home/woojye2020/decs_jupyter_lab/MedCLIP-SAMv2/UDIAT4/train_images/000132.png,"A mammogram with no suspicious masses or malignant findings, indicating a normal scan."
/home/woojye2020/decs_jupyter_lab/MedCLIP-SAMv2/UDIAT4/train_images/neg_000132.png,"A mammogram with no suspicious masses or malignant findings, indicating a normal scan.",/home/woojye2020/decs_jupyter_lab/MedCLIP-SAMv2/UDIAT4/train_images/neg_000132.png,"A medical breast mammogram showing an irregular, spiculated mass suggestive of a malignant breast tumor."
/home/woojye2020/decs_jupyter_lab/MedCLIP-SAMv2/UDIAT4/train_images/000132.png,"A mammogram displaying a poorly defined, lobulated mass indicative of a malignant breast tumor.",/home/woojye2020/decs_jupyter_lab/MedCLIP-SAMv2/UDIAT4/train_images/000132.png,A breast imaging study revealing no signs of benign or malignant tumors.
/home/woojye2020/decs_jupyter_lab/MedCLIP-SAMv2/UDIAT4/train_images/neg_000132.png,A breast imaging study revealing no signs of benign or malignant tumors.,/home/woojye2020/decs_jupyter_lab/MedCLIP-SAMv2/UDIAT4/train_images/neg_000132.png,"A mammogram displaying a poorly defined, lobulated mass indicative of a malignant breast tumor."
/home/woojye2020/decs_jupyter_lab/MedCLIP-SAMv2/UDIAT4/train_images/000132.png,"A breast imaging study revealing an irregularly shaped, invasive mass likely representing a malignant breast tumor.",/home/woojye2020/decs_jupyter_lab/MedCLIP-SAMv2/UDIAT4/train_images/000132.png,A mammogram showing symmetrical breast tissue with no focal masses or clinical findings.
/home/woojye2020/decs_jupyter_lab/MedCLIP-SAMv2/UDIAT4/train_images/neg_000132.png,A mammogram showing symmetrical breast tissue with no focal masses or clinical findings.,/home/woojye2020/decs_jupyter_lab/MedCLIP-SAMv2/UDIAT4/train_images/neg_000132.png,"A breast imaging study revealing an irregularly shaped, invasive mass likely representing a malignant breast tumor."
/home/woojye2020/decs_jupyter_lab/MedCLIP-SAMv2/UDIAT4/train_images/000132.png,"A mammogram showing a dense, spiculated mass suggestive of a malignant breast tumor.",/home/woojye2020/decs_jupyter_lab/MedCLIP-SAMv2/UDIAT4/train_images/000132.png,A diagnostic mammogram displaying normal glandular tissue without any detectable lesions.
/home/woojye2020/decs_jupyter_lab/MedCLIP-SAMv2/UDIAT4/train_images/neg_000132.png,A diagnostic mammogram displaying normal glandular tissue without any detectable lesions.,/home/woojye2020/decs_jupyter_lab/MedCLIP-SAMv2/UDIAT4/train_images/neg_000132.png,"A mammogram showing a dense, spiculated mass suggestive of a malignant breast tumor."
/home/woojye2020/decs_jupyter_lab/MedCLIP-SAMv2/UDIAT4/train_images/000133.png,"A medical breast mammogram showing an irregularly shaped, spiculated mass suggestive of a malignant breast tumor.",/home/woojye2020/decs_jupyter_lab/MedCLIP-SAMv2/UDIAT4/train_images/000133.png,A medical breast mammogram showing normal breast tissue with no evidence of tumor.
/home/woojye2020/decs_jupyter_lab/MedCLIP-SAMv2/UDIAT4/train_images/neg_000133.png,A medical breast mammogram showing normal breast tissue with no evidence of tumor.,/home/woojye2020/decs_jupyter_lab/MedCLIP-SAMv2/UDIAT4/train_images/neg_000133.png,"A medical breast mammogram showing an irregularly shaped, spiculated mass suggestive of a malignant breast tumor."
/home/woojye2020/decs_jupyter_lab/MedCLIP-SAMv2/UDIAT4/train_images/000133.png,"A medical breast mammogram showing an irregular, spiculated mass suggestive of a malignant breast tumor.",/home/woojye2020/decs_jupyter_lab/MedCLIP-SAMv2/UDIAT4/train_images/000133.png,"A mammogram with no suspicious masses or malignant findings, indicating a normal scan."
/home/woojye2020/decs_jupyter_lab/MedCLIP-SAMv2/UDIAT4/train_images/neg_000133.png,"A mammogram with no suspicious masses or malignant findings, indicating a normal scan.",/home/woojye2020/decs_jupyter_lab/MedCLIP-SAMv2/UDIAT4/train_images/neg_000133.png,"A medical breast mammogram showing an irregular, spiculated mass suggestive of a malignant breast tumor."
/home/woojye2020/decs_jupyter_lab/MedCLIP-SAMv2/UDIAT4/train_images/000133.png,"A mammogram displaying a poorly defined, lobulated mass indicative of a malignant breast tumor.",/home/woojye2020/decs_jupyter_lab/MedCLIP-SAMv2/UDIAT4/train_images/000133.png,A breast imaging study revealing no signs of benign or malignant tumors.
/home/woojye2020/decs_jupyter_lab/MedCLIP-SAMv2/UDIAT4/train_images/neg_000133.png,A breast imaging study revealing no signs of benign or malignant tumors.,/home/woojye2020/decs_jupyter_lab/MedCLIP-SAMv2/UDIAT4/train_images/neg_000133.png,"A mammogram displaying a poorly defined, lobulated mass indicative of a malignant breast tumor."
/home/woojye2020/decs_jupyter_lab/MedCLIP-SAMv2/UDIAT4/train_images/000133.png,"A breast imaging study revealing an irregularly shaped, invasive mass likely representing a malignant breast tumor.",/home/woojye2020/decs_jupyter_lab/MedCLIP-SAMv2/UDIAT4/train_images/000133.png,A mammogram showing symmetrical breast tissue with no focal masses or clinical findings.
/home/woojye2020/decs_jupyter_lab/MedCLIP-SAMv2/UDIAT4/train_images/neg_000133.png,A mammogram showing symmetrical breast tissue with no focal masses or clinical findings.,/home/woojye2020/decs_jupyter_lab/MedCLIP-SAMv2/UDIAT4/train_images/neg_000133.png,"A breast imaging study revealing an irregularly shaped, invasive mass likely representing a malignant breast tumor."
/home/woojye2020/decs_jupyter_lab/MedCLIP-SAMv2/UDIAT4/train_images/000133.png,"A mammogram showing a dense, spiculated mass suggestive of a malignant breast tumor.",/home/woojye2020/decs_jupyter_lab/MedCLIP-SAMv2/UDIAT4/train_images/000133.png,A diagnostic mammogram displaying normal glandular tissue without any detectable lesions.
/home/woojye2020/decs_jupyter_lab/MedCLIP-SAMv2/UDIAT4/train_images/neg_000133.png,A diagnostic mammogram displaying normal glandular tissue without any detectable lesions.,/home/woojye2020/decs_jupyter_lab/MedCLIP-SAMv2/UDIAT4/train_images/neg_000133.png,"A mammogram showing a dense, spiculated mass suggestive of a malignant breast tumor."
/home/woojye2020/decs_jupyter_lab/MedCLIP-SAMv2/UDIAT4/train_images/000134.png,"A medical breast mammogram showing an irregularly shaped, spiculated mass suggestive of a malignant breast tumor.",/home/woojye2020/decs_jupyter_lab/MedCLIP-SAMv2/UDIAT4/train_images/000134.png,A medical breast mammogram showing normal breast tissue with no evidence of tumor.
/home/woojye2020/decs_jupyter_lab/MedCLIP-SAMv2/UDIAT4/train_images/neg_000134.png,A medical breast mammogram showing normal breast tissue with no evidence of tumor.,/home/woojye2020/decs_jupyter_lab/MedCLIP-SAMv2/UDIAT4/train_images/neg_000134.png,"A medical breast mammogram showing an irregularly shaped, spiculated mass suggestive of a malignant breast tumor."
/home/woojye2020/decs_jupyter_lab/MedCLIP-SAMv2/UDIAT4/train_images/000134.png,"A medical breast mammogram showing an irregular, spiculated mass suggestive of a malignant breast tumor.",/home/woojye2020/decs_jupyter_lab/MedCLIP-SAMv2/UDIAT4/train_images/000134.png,"A mammogram with no suspicious masses or malignant findings, indicating a normal scan."
/home/woojye2020/decs_jupyter_lab/MedCLIP-SAMv2/UDIAT4/train_images/neg_000134.png,"A mammogram with no suspicious masses or malignant findings, indicating a normal scan.",/home/woojye2020/decs_jupyter_lab/MedCLIP-SAMv2/UDIAT4/train_images/neg_000134.png,"A medical breast mammogram showing an irregular, spiculated mass suggestive of a malignant breast tumor."
/home/woojye2020/decs_jupyter_lab/MedCLIP-SAMv2/UDIAT4/train_images/000134.png,"A mammogram displaying a poorly defined, lobulated mass indicative of a malignant breast tumor.",/home/woojye2020/decs_jupyter_lab/MedCLIP-SAMv2/UDIAT4/train_images/000134.png,A breast imaging study revealing no signs of benign or malignant tumors.
/home/woojye2020/decs_jupyter_lab/MedCLIP-SAMv2/UDIAT4/train_images/neg_000134.png,A breast imaging study revealing no signs of benign or malignant tumors.,/home/woojye2020/decs_jupyter_lab/MedCLIP-SAMv2/UDIAT4/train_images/neg_000134.png,"A mammogram displaying a poorly defined, lobulated mass indicative of a malignant breast tumor."
/home/woojye2020/decs_jupyter_lab/MedCLIP-SAMv2/UDIAT4/train_images/000134.png,"A breast imaging study revealing an irregularly shaped, invasive mass likely representing a malignant breast tumor.",/home/woojye2020/decs_jupyter_lab/MedCLIP-SAMv2/UDIAT4/train_images/000134.png,A mammogram showing symmetrical breast tissue with no focal masses or clinical findings.
/home/woojye2020/decs_jupyter_lab/MedCLIP-SAMv2/UDIAT4/train_images/neg_000134.png,A mammogram showing symmetrical breast tissue with no focal masses or clinical findings.,/home/woojye2020/decs_jupyter_lab/MedCLIP-SAMv2/UDIAT4/train_images/neg_000134.png,"A breast imaging study revealing an irregularly shaped, invasive mass likely representing a malignant breast tumor."
/home/woojye2020/decs_jupyter_lab/MedCLIP-SAMv2/UDIAT4/train_images/000134.png,"A mammogram showing a dense, spiculated mass suggestive of a malignant breast tumor.",/home/woojye2020/decs_jupyter_lab/MedCLIP-SAMv2/UDIAT4/train_images/000134.png,A diagnostic mammogram displaying normal glandular tissue without any detectable lesions.
/home/woojye2020/decs_jupyter_lab/MedCLIP-SAMv2/UDIAT4/train_images/neg_000134.png,A diagnostic mammogram displaying normal glandular tissue without any detectable lesions.,/home/woojye2020/decs_jupyter_lab/MedCLIP-SAMv2/UDIAT4/train_images/neg_000134.png,"A mammogram showing a dense, spiculated mass suggestive of a malignant breast tumor."
/home/woojye2020/decs_jupyter_lab/MedCLIP-SAMv2/UDIAT4/train_images/000135.png,"A medical breast mammogram showing an irregularly shaped, spiculated mass suggestive of a malignant breast tumor.",/home/woojye2020/decs_jupyter_lab/MedCLIP-SAMv2/UDIAT4/train_images/000135.png,A medical breast mammogram showing normal breast tissue with no evidence of tumor.
/home/woojye2020/decs_jupyter_lab/MedCLIP-SAMv2/UDIAT4/train_images/neg_000135.png,A medical breast mammogram showing normal breast tissue with no evidence of tumor.,/home/woojye2020/decs_jupyter_lab/MedCLIP-SAMv2/UDIAT4/train_images/neg_000135.png,"A medical breast mammogram showing an irregularly shaped, spiculated mass suggestive of a malignant breast tumor."
/home/woojye2020/decs_jupyter_lab/MedCLIP-SAMv2/UDIAT4/train_images/000135.png,"A medical breast mammogram showing an irregular, spiculated mass suggestive of a malignant breast tumor.",/home/woojye2020/decs_jupyter_lab/MedCLIP-SAMv2/UDIAT4/train_images/000135.png,"A mammogram with no suspicious masses or malignant findings, indicating a normal scan."
/home/woojye2020/decs_jupyter_lab/MedCLIP-SAMv2/UDIAT4/train_images/neg_000135.png,"A mammogram with no suspicious masses or malignant findings, indicating a normal scan.",/home/woojye2020/decs_jupyter_lab/MedCLIP-SAMv2/UDIAT4/train_images/neg_000135.png,"A medical breast mammogram showing an irregular, spiculated mass suggestive of a malignant breast tumor."
/home/woojye2020/decs_jupyter_lab/MedCLIP-SAMv2/UDIAT4/train_images/000135.png,"A mammogram displaying a poorly defined, lobulated mass indicative of a malignant breast tumor.",/home/woojye2020/decs_jupyter_lab/MedCLIP-SAMv2/UDIAT4/train_images/000135.png,A breast imaging study revealing no signs of benign or malignant tumors.
/home/woojye2020/decs_jupyter_lab/MedCLIP-SAMv2/UDIAT4/train_images/neg_000135.png,A breast imaging study revealing no signs of benign or malignant tumors.,/home/woojye2020/decs_jupyter_lab/MedCLIP-SAMv2/UDIAT4/train_images/neg_000135.png,"A mammogram displaying a poorly defined, lobulated mass indicative of a malignant breast tumor."
/home/woojye2020/decs_jupyter_lab/MedCLIP-SAMv2/UDIAT4/train_images/000135.png,"A breast imaging study revealing an irregularly shaped, invasive mass likely representing a malignant breast tumor.",/home/woojye2020/decs_jupyter_lab/MedCLIP-SAMv2/UDIAT4/train_images/000135.png,A mammogram showing symmetrical breast tissue with no focal masses or clinical findings.
/home/woojye2020/decs_jupyter_lab/MedCLIP-SAMv2/UDIAT4/train_images/neg_000135.png,A mammogram showing symmetrical breast tissue with no focal masses or clinical findings.,/home/woojye2020/decs_jupyter_lab/MedCLIP-SAMv2/UDIAT4/train_images/neg_000135.png,"A breast imaging study revealing an irregularly shaped, invasive mass likely representing a malignant breast tumor."
/home/woojye2020/decs_jupyter_lab/MedCLIP-SAMv2/UDIAT4/train_images/000135.png,"A mammogram showing a dense, spiculated mass suggestive of a malignant breast tumor.",/home/woojye2020/decs_jupyter_lab/MedCLIP-SAMv2/UDIAT4/train_images/000135.png,A diagnostic mammogram displaying normal glandular tissue without any detectable lesions.
/home/woojye2020/decs_jupyter_lab/MedCLIP-SAMv2/UDIAT4/train_images/neg_000135.png,A diagnostic mammogram displaying normal glandular tissue without any detectable lesions.,/home/woojye2020/decs_jupyter_lab/MedCLIP-SAMv2/UDIAT4/train_images/neg_000135.png,"A mammogram showing a dense, spiculated mass suggestive of a malignant breast tumor."
/home/woojye2020/decs_jupyter_lab/MedCLIP-SAMv2/UDIAT4/train_images/000136.png,"A medical breast mammogram showing an irregularly shaped, spiculated mass suggestive of a malignant breast tumor.",/home/woojye2020/decs_jupyter_lab/MedCLIP-SAMv2/UDIAT4/train_images/000136.png,A medical breast mammogram showing normal breast tissue with no evidence of tumor.
/home/woojye2020/decs_jupyter_lab/MedCLIP-SAMv2/UDIAT4/train_images/neg_000136.png,A medical breast mammogram showing normal breast tissue with no evidence of tumor.,/home/woojye2020/decs_jupyter_lab/MedCLIP-SAMv2/UDIAT4/train_images/neg_000136.png,"A medical breast mammogram showing an irregularly shaped, spiculated mass suggestive of a malignant breast tumor."
/home/woojye2020/decs_jupyter_lab/MedCLIP-SAMv2/UDIAT4/train_images/000136.png,"A medical breast mammogram showing an irregular, spiculated mass suggestive of a malignant breast tumor.",/home/woojye2020/decs_jupyter_lab/MedCLIP-SAMv2/UDIAT4/train_images/000136.png,"A mammogram with no suspicious masses or malignant findings, indicating a normal scan."
/home/woojye2020/decs_jupyter_lab/MedCLIP-SAMv2/UDIAT4/train_images/neg_000136.png,"A mammogram with no suspicious masses or malignant findings, indicating a normal scan.",/home/woojye2020/decs_jupyter_lab/MedCLIP-SAMv2/UDIAT4/train_images/neg_000136.png,"A medical breast mammogram showing an irregular, spiculated mass suggestive of a malignant breast tumor."
/home/woojye2020/decs_jupyter_lab/MedCLIP-SAMv2/UDIAT4/train_images/000136.png,"A mammogram displaying a poorly defined, lobulated mass indicative of a malignant breast tumor.",/home/woojye2020/decs_jupyter_lab/MedCLIP-SAMv2/UDIAT4/train_images/000136.png,A breast imaging study revealing no signs of benign or malignant tumors.
/home/woojye2020/decs_jupyter_lab/MedCLIP-SAMv2/UDIAT4/train_images/neg_000136.png,A breast imaging study revealing no signs of benign or malignant tumors.,/home/woojye2020/decs_jupyter_lab/MedCLIP-SAMv2/UDIAT4/train_images/neg_000136.png,"A mammogram displaying a poorly defined, lobulated mass indicative of a malignant breast tumor."
/home/woojye2020/decs_jupyter_lab/MedCLIP-SAMv2/UDIAT4/train_images/000136.png,"A breast imaging study revealing an irregularly shaped, invasive mass likely representing a malignant breast tumor.",/home/woojye2020/decs_jupyter_lab/MedCLIP-SAMv2/UDIAT4/train_images/000136.png,A mammogram showing symmetrical breast tissue with no focal masses or clinical findings.
/home/woojye2020/decs_jupyter_lab/MedCLIP-SAMv2/UDIAT4/train_images/neg_000136.png,A mammogram showing symmetrical breast tissue with no focal masses or clinical findings.,/home/woojye2020/decs_jupyter_lab/MedCLIP-SAMv2/UDIAT4/train_images/neg_000136.png,"A breast imaging study revealing an irregularly shaped, invasive mass likely representing a malignant breast tumor."
/home/woojye2020/decs_jupyter_lab/MedCLIP-SAMv2/UDIAT4/train_images/000136.png,"A mammogram showing a dense, spiculated mass suggestive of a malignant breast tumor.",/home/woojye2020/decs_jupyter_lab/MedCLIP-SAMv2/UDIAT4/train_images/000136.png,A diagnostic mammogram displaying normal glandular tissue without any detectable lesions.
/home/woojye2020/decs_jupyter_lab/MedCLIP-SAMv2/UDIAT4/train_images/neg_000136.png,A diagnostic mammogram displaying normal glandular tissue without any detectable lesions.,/home/woojye2020/decs_jupyter_lab/MedCLIP-SAMv2/UDIAT4/train_images/neg_000136.png,"A mammogram showing a dense, spiculated mass suggestive of a malignant breast tumor."
/home/woojye2020/decs_jupyter_lab/MedCLIP-SAMv2/UDIAT4/train_images/000138.png,"A medical breast mammogram showing an irregularly shaped, spiculated mass suggestive of a malignant breast tumor.",/home/woojye2020/decs_jupyter_lab/MedCLIP-SAMv2/UDIAT4/train_images/000138.png,A medical breast mammogram showing normal breast tissue with no evidence of tumor.
/home/woojye2020/decs_jupyter_lab/MedCLIP-SAMv2/UDIAT4/train_images/neg_000138.png,A medical breast mammogram showing normal breast tissue with no evidence of tumor.,/home/woojye2020/decs_jupyter_lab/MedCLIP-SAMv2/UDIAT4/train_images/neg_000138.png,"A medical breast mammogram showing an irregularly shaped, spiculated mass suggestive of a malignant breast tumor."
/home/woojye2020/decs_jupyter_lab/MedCLIP-SAMv2/UDIAT4/train_images/000138.png,"A medical breast mammogram showing an irregular, spiculated mass suggestive of a malignant breast tumor.",/home/woojye2020/decs_jupyter_lab/MedCLIP-SAMv2/UDIAT4/train_images/000138.png,"A mammogram with no suspicious masses or malignant findings, indicating a normal scan."
/home/woojye2020/decs_jupyter_lab/MedCLIP-SAMv2/UDIAT4/train_images/neg_000138.png,"A mammogram with no suspicious masses or malignant findings, indicating a normal scan.",/home/woojye2020/decs_jupyter_lab/MedCLIP-SAMv2/UDIAT4/train_images/neg_000138.png,"A medical breast mammogram showing an irregular, spiculated mass suggestive of a malignant breast tumor."
/home/woojye2020/decs_jupyter_lab/MedCLIP-SAMv2/UDIAT4/train_images/000138.png,"A mammogram displaying a poorly defined, lobulated mass indicative of a malignant breast tumor.",/home/woojye2020/decs_jupyter_lab/MedCLIP-SAMv2/UDIAT4/train_images/000138.png,A breast imaging study revealing no signs of benign or malignant tumors.
/home/woojye2020/decs_jupyter_lab/MedCLIP-SAMv2/UDIAT4/train_images/neg_000138.png,A breast imaging study revealing no signs of benign or malignant tumors.,/home/woojye2020/decs_jupyter_lab/MedCLIP-SAMv2/UDIAT4/train_images/neg_000138.png,"A mammogram displaying a poorly defined, lobulated mass indicative of a malignant breast tumor."
/home/woojye2020/decs_jupyter_lab/MedCLIP-SAMv2/UDIAT4/train_images/000138.png,"A breast imaging study revealing an irregularly shaped, invasive mass likely representing a malignant breast tumor.",/home/woojye2020/decs_jupyter_lab/MedCLIP-SAMv2/UDIAT4/train_images/000138.png,A mammogram showing symmetrical breast tissue with no focal masses or clinical findings.
/home/woojye2020/decs_jupyter_lab/MedCLIP-SAMv2/UDIAT4/train_images/neg_000138.png,A mammogram showing symmetrical breast tissue with no focal masses or clinical findings.,/home/woojye2020/decs_jupyter_lab/MedCLIP-SAMv2/UDIAT4/train_images/neg_000138.png,"A breast imaging study revealing an irregularly shaped, invasive mass likely representing a malignant breast tumor."
/home/woojye2020/decs_jupyter_lab/MedCLIP-SAMv2/UDIAT4/train_images/000138.png,"A mammogram showing a dense, spiculated mass suggestive of a malignant breast tumor.",/home/woojye2020/decs_jupyter_lab/MedCLIP-SAMv2/UDIAT4/train_images/000138.png,A diagnostic mammogram displaying normal glandular tissue without any detectable lesions.
/home/woojye2020/decs_jupyter_lab/MedCLIP-SAMv2/UDIAT4/train_images/neg_000138.png,A diagnostic mammogram displaying normal glandular tissue without any detectable lesions.,/home/woojye2020/decs_jupyter_lab/MedCLIP-SAMv2/UDIAT4/train_images/neg_000138.png,"A mammogram showing a dense, spiculated mass suggestive of a malignant breast tumor."
/home/woojye2020/decs_jupyter_lab/MedCLIP-SAMv2/UDIAT4/train_images/000139.png,"A medical breast mammogram showing an irregularly shaped, spiculated mass suggestive of a malignant breast tumor.",/home/woojye2020/decs_jupyter_lab/MedCLIP-SAMv2/UDIAT4/train_images/000139.png,A medical breast mammogram showing normal breast tissue with no evidence of tumor.
/home/woojye2020/decs_jupyter_lab/MedCLIP-SAMv2/UDIAT4/train_images/neg_000139.png,A medical breast mammogram showing normal breast tissue with no evidence of tumor.,/home/woojye2020/decs_jupyter_lab/MedCLIP-SAMv2/UDIAT4/train_images/neg_000139.png,"A medical breast mammogram showing an irregularly shaped, spiculated mass suggestive of a malignant breast tumor."
/home/woojye2020/decs_jupyter_lab/MedCLIP-SAMv2/UDIAT4/train_images/000139.png,"A medical breast mammogram showing an irregular, spiculated mass suggestive of a malignant breast tumor.",/home/woojye2020/decs_jupyter_lab/MedCLIP-SAMv2/UDIAT4/train_images/000139.png,"A mammogram with no suspicious masses or malignant findings, indicating a normal scan."
/home/woojye2020/decs_jupyter_lab/MedCLIP-SAMv2/UDIAT4/train_images/neg_000139.png,"A mammogram with no suspicious masses or malignant findings, indicating a normal scan.",/home/woojye2020/decs_jupyter_lab/MedCLIP-SAMv2/UDIAT4/train_images/neg_000139.png,"A medical breast mammogram showing an irregular, spiculated mass suggestive of a malignant breast tumor."
/home/woojye2020/decs_jupyter_lab/MedCLIP-SAMv2/UDIAT4/train_images/000139.png,"A mammogram displaying a poorly defined, lobulated mass indicative of a malignant breast tumor.",/home/woojye2020/decs_jupyter_lab/MedCLIP-SAMv2/UDIAT4/train_images/000139.png,A breast imaging study revealing no signs of benign or malignant tumors.
/home/woojye2020/decs_jupyter_lab/MedCLIP-SAMv2/UDIAT4/train_images/neg_000139.png,A breast imaging study revealing no signs of benign or malignant tumors.,/home/woojye2020/decs_jupyter_lab/MedCLIP-SAMv2/UDIAT4/train_images/neg_000139.png,"A mammogram displaying a poorly defined, lobulated mass indicative of a malignant breast tumor."
/home/woojye2020/decs_jupyter_lab/MedCLIP-SAMv2/UDIAT4/train_images/000139.png,"A breast imaging study revealing an irregularly shaped, invasive mass likely representing a malignant breast tumor.",/home/woojye2020/decs_jupyter_lab/MedCLIP-SAMv2/UDIAT4/train_images/000139.png,A mammogram showing symmetrical breast tissue with no focal masses or clinical findings.
/home/woojye2020/decs_jupyter_lab/MedCLIP-SAMv2/UDIAT4/train_images/neg_000139.png,A mammogram showing symmetrical breast tissue with no focal masses or clinical findings.,/home/woojye2020/decs_jupyter_lab/MedCLIP-SAMv2/UDIAT4/train_images/neg_000139.png,"A breast imaging study revealing an irregularly shaped, invasive mass likely representing a malignant breast tumor."
/home/woojye2020/decs_jupyter_lab/MedCLIP-SAMv2/UDIAT4/train_images/000139.png,"A mammogram showing a dense, spiculated mass suggestive of a malignant breast tumor.",/home/woojye2020/decs_jupyter_lab/MedCLIP-SAMv2/UDIAT4/train_images/000139.png,A diagnostic mammogram displaying normal glandular tissue without any detectable lesions.
/home/woojye2020/decs_jupyter_lab/MedCLIP-SAMv2/UDIAT4/train_images/neg_000139.png,A diagnostic mammogram displaying normal glandular tissue without any detectable lesions.,/home/woojye2020/decs_jupyter_lab/MedCLIP-SAMv2/UDIAT4/train_images/neg_000139.png,"A mammogram showing a dense, spiculated mass suggestive of a malignant breast tumor."
/home/woojye2020/decs_jupyter_lab/MedCLIP-SAMv2/UDIAT4/train_images/000140.png,"A medical breast mammogram showing an irregularly shaped, spiculated mass suggestive of a malignant breast tumor.",/home/woojye2020/decs_jupyter_lab/MedCLIP-SAMv2/UDIAT4/train_images/000140.png,A medical breast mammogram showing normal breast tissue with no evidence of tumor.
/home/woojye2020/decs_jupyter_lab/MedCLIP-SAMv2/UDIAT4/train_images/neg_000140.png,A medical breast mammogram showing normal breast tissue with no evidence of tumor.,/home/woojye2020/decs_jupyter_lab/MedCLIP-SAMv2/UDIAT4/train_images/neg_000140.png,"A medical breast mammogram showing an irregularly shaped, spiculated mass suggestive of a malignant breast tumor."
/home/woojye2020/decs_jupyter_lab/MedCLIP-SAMv2/UDIAT4/train_images/000140.png,"A medical breast mammogram showing an irregular, spiculated mass suggestive of a malignant breast tumor.",/home/woojye2020/decs_jupyter_lab/MedCLIP-SAMv2/UDIAT4/train_images/000140.png,"A mammogram with no suspicious masses or malignant findings, indicating a normal scan."
/home/woojye2020/decs_jupyter_lab/MedCLIP-SAMv2/UDIAT4/train_images/neg_000140.png,"A mammogram with no suspicious masses or malignant findings, indicating a normal scan.",/home/woojye2020/decs_jupyter_lab/MedCLIP-SAMv2/UDIAT4/train_images/neg_000140.png,"A medical breast mammogram showing an irregular, spiculated mass suggestive of a malignant breast tumor."
/home/woojye2020/decs_jupyter_lab/MedCLIP-SAMv2/UDIAT4/train_images/000140.png,"A mammogram displaying a poorly defined, lobulated mass indicative of a malignant breast tumor.",/home/woojye2020/decs_jupyter_lab/MedCLIP-SAMv2/UDIAT4/train_images/000140.png,A breast imaging study revealing no signs of benign or malignant tumors.
/home/woojye2020/decs_jupyter_lab/MedCLIP-SAMv2/UDIAT4/train_images/neg_000140.png,A breast imaging study revealing no signs of benign or malignant tumors.,/home/woojye2020/decs_jupyter_lab/MedCLIP-SAMv2/UDIAT4/train_images/neg_000140.png,"A mammogram displaying a poorly defined, lobulated mass indicative of a malignant breast tumor."
/home/woojye2020/decs_jupyter_lab/MedCLIP-SAMv2/UDIAT4/train_images/000140.png,"A breast imaging study revealing an irregularly shaped, invasive mass likely representing a malignant breast tumor.",/home/woojye2020/decs_jupyter_lab/MedCLIP-SAMv2/UDIAT4/train_images/000140.png,A mammogram showing symmetrical breast tissue with no focal masses or clinical findings.
/home/woojye2020/decs_jupyter_lab/MedCLIP-SAMv2/UDIAT4/train_images/neg_000140.png,A mammogram showing symmetrical breast tissue with no focal masses or clinical findings.,/home/woojye2020/decs_jupyter_lab/MedCLIP-SAMv2/UDIAT4/train_images/neg_000140.png,"A breast imaging study revealing an irregularly shaped, invasive mass likely representing a malignant breast tumor."
/home/woojye2020/decs_jupyter_lab/MedCLIP-SAMv2/UDIAT4/train_images/000140.png,"A mammogram showing a dense, spiculated mass suggestive of a malignant breast tumor.",/home/woojye2020/decs_jupyter_lab/MedCLIP-SAMv2/UDIAT4/train_images/000140.png,A diagnostic mammogram displaying normal glandular tissue without any detectable lesions.
/home/woojye2020/decs_jupyter_lab/MedCLIP-SAMv2/UDIAT4/train_images/neg_000140.png,A diagnostic mammogram displaying normal glandular tissue without any detectable lesions.,/home/woojye2020/decs_jupyter_lab/MedCLIP-SAMv2/UDIAT4/train_images/neg_000140.png,"A mammogram showing a dense, spiculated mass suggestive of a malignant breast tumor."
/home/woojye2020/decs_jupyter_lab/MedCLIP-SAMv2/UDIAT4/train_images/000142.png,"A medical breast mammogram showing an irregularly shaped, spiculated mass suggestive of a malignant breast tumor.",/home/woojye2020/decs_jupyter_lab/MedCLIP-SAMv2/UDIAT4/train_images/000142.png,A medical breast mammogram showing normal breast tissue with no evidence of tumor.
/home/woojye2020/decs_jupyter_lab/MedCLIP-SAMv2/UDIAT4/train_images/neg_000142.png,A medical breast mammogram showing normal breast tissue with no evidence of tumor.,/home/woojye2020/decs_jupyter_lab/MedCLIP-SAMv2/UDIAT4/train_images/neg_000142.png,"A medical breast mammogram showing an irregularly shaped, spiculated mass suggestive of a malignant breast tumor."
/home/woojye2020/decs_jupyter_lab/MedCLIP-SAMv2/UDIAT4/train_images/000142.png,"A medical breast mammogram showing an irregular, spiculated mass suggestive of a malignant breast tumor.",/home/woojye2020/decs_jupyter_lab/MedCLIP-SAMv2/UDIAT4/train_images/000142.png,"A mammogram with no suspicious masses or malignant findings, indicating a normal scan."
/home/woojye2020/decs_jupyter_lab/MedCLIP-SAMv2/UDIAT4/train_images/neg_000142.png,"A mammogram with no suspicious masses or malignant findings, indicating a normal scan.",/home/woojye2020/decs_jupyter_lab/MedCLIP-SAMv2/UDIAT4/train_images/neg_000142.png,"A medical breast mammogram showing an irregular, spiculated mass suggestive of a malignant breast tumor."
/home/woojye2020/decs_jupyter_lab/MedCLIP-SAMv2/UDIAT4/train_images/000142.png,"A mammogram displaying a poorly defined, lobulated mass indicative of a malignant breast tumor.",/home/woojye2020/decs_jupyter_lab/MedCLIP-SAMv2/UDIAT4/train_images/000142.png,A breast imaging study revealing no signs of benign or malignant tumors.
/home/woojye2020/decs_jupyter_lab/MedCLIP-SAMv2/UDIAT4/train_images/neg_000142.png,A breast imaging study revealing no signs of benign or malignant tumors.,/home/woojye2020/decs_jupyter_lab/MedCLIP-SAMv2/UDIAT4/train_images/neg_000142.png,"A mammogram displaying a poorly defined, lobulated mass indicative of a malignant breast tumor."
/home/woojye2020/decs_jupyter_lab/MedCLIP-SAMv2/UDIAT4/train_images/000142.png,"A breast imaging study revealing an irregularly shaped, invasive mass likely representing a malignant breast tumor.",/home/woojye2020/decs_jupyter_lab/MedCLIP-SAMv2/UDIAT4/train_images/000142.png,A mammogram showing symmetrical breast tissue with no focal masses or clinical findings.
/home/woojye2020/decs_jupyter_lab/MedCLIP-SAMv2/UDIAT4/train_images/neg_000142.png,A mammogram showing symmetrical breast tissue with no focal masses or clinical findings.,/home/woojye2020/decs_jupyter_lab/MedCLIP-SAMv2/UDIAT4/train_images/neg_000142.png,"A breast imaging study revealing an irregularly shaped, invasive mass likely representing a malignant breast tumor."
/home/woojye2020/decs_jupyter_lab/MedCLIP-SAMv2/UDIAT4/train_images/000142.png,"A mammogram showing a dense, spiculated mass suggestive of a malignant breast tumor.",/home/woojye2020/decs_jupyter_lab/MedCLIP-SAMv2/UDIAT4/train_images/000142.png,A diagnostic mammogram displaying normal glandular tissue without any detectable lesions.
/home/woojye2020/decs_jupyter_lab/MedCLIP-SAMv2/UDIAT4/train_images/neg_000142.png,A diagnostic mammogram displaying normal glandular tissue without any detectable lesions.,/home/woojye2020/decs_jupyter_lab/MedCLIP-SAMv2/UDIAT4/train_images/neg_000142.png,"A mammogram showing a dense, spiculated mass suggestive of a malignant breast tumor."
/home/woojye2020/decs_jupyter_lab/MedCLIP-SAMv2/UDIAT4/train_images/000143.png,"A medical breast mammogram showing an irregularly shaped, spiculated mass suggestive of a malignant breast tumor.",/home/woojye2020/decs_jupyter_lab/MedCLIP-SAMv2/UDIAT4/train_images/000143.png,A medical breast mammogram showing normal breast tissue with no evidence of tumor.
/home/woojye2020/decs_jupyter_lab/MedCLIP-SAMv2/UDIAT4/train_images/neg_000143.png,A medical breast mammogram showing normal breast tissue with no evidence of tumor.,/home/woojye2020/decs_jupyter_lab/MedCLIP-SAMv2/UDIAT4/train_images/neg_000143.png,"A medical breast mammogram showing an irregularly shaped, spiculated mass suggestive of a malignant breast tumor."
/home/woojye2020/decs_jupyter_lab/MedCLIP-SAMv2/UDIAT4/train_images/000143.png,"A medical breast mammogram showing an irregular, spiculated mass suggestive of a malignant breast tumor.",/home/woojye2020/decs_jupyter_lab/MedCLIP-SAMv2/UDIAT4/train_images/000143.png,"A mammogram with no suspicious masses or malignant findings, indicating a normal scan."
/home/woojye2020/decs_jupyter_lab/MedCLIP-SAMv2/UDIAT4/train_images/neg_000143.png,"A mammogram with no suspicious masses or malignant findings, indicating a normal scan.",/home/woojye2020/decs_jupyter_lab/MedCLIP-SAMv2/UDIAT4/train_images/neg_000143.png,"A medical breast mammogram showing an irregular, spiculated mass suggestive of a malignant breast tumor."
/home/woojye2020/decs_jupyter_lab/MedCLIP-SAMv2/UDIAT4/train_images/000143.png,"A mammogram displaying a poorly defined, lobulated mass indicative of a malignant breast tumor.",/home/woojye2020/decs_jupyter_lab/MedCLIP-SAMv2/UDIAT4/train_images/000143.png,A breast imaging study revealing no signs of benign or malignant tumors.
/home/woojye2020/decs_jupyter_lab/MedCLIP-SAMv2/UDIAT4/train_images/neg_000143.png,A breast imaging study revealing no signs of benign or malignant tumors.,/home/woojye2020/decs_jupyter_lab/MedCLIP-SAMv2/UDIAT4/train_images/neg_000143.png,"A mammogram displaying a poorly defined, lobulated mass indicative of a malignant breast tumor."
/home/woojye2020/decs_jupyter_lab/MedCLIP-SAMv2/UDIAT4/train_images/000143.png,"A breast imaging study revealing an irregularly shaped, invasive mass likely representing a malignant breast tumor.",/home/woojye2020/decs_jupyter_lab/MedCLIP-SAMv2/UDIAT4/train_images/000143.png,A mammogram showing symmetrical breast tissue with no focal masses or clinical findings.
/home/woojye2020/decs_jupyter_lab/MedCLIP-SAMv2/UDIAT4/train_images/neg_000143.png,A mammogram showing symmetrical breast tissue with no focal masses or clinical findings.,/home/woojye2020/decs_jupyter_lab/MedCLIP-SAMv2/UDIAT4/train_images/neg_000143.png,"A breast imaging study revealing an irregularly shaped, invasive mass likely representing a malignant breast tumor."
/home/woojye2020/decs_jupyter_lab/MedCLIP-SAMv2/UDIAT4/train_images/000143.png,"A mammogram showing a dense, spiculated mass suggestive of a malignant breast tumor.",/home/woojye2020/decs_jupyter_lab/MedCLIP-SAMv2/UDIAT4/train_images/000143.png,A diagnostic mammogram displaying normal glandular tissue without any detectable lesions.
/home/woojye2020/decs_jupyter_lab/MedCLIP-SAMv2/UDIAT4/train_images/neg_000143.png,A diagnostic mammogram displaying normal glandular tissue without any detectable lesions.,/home/woojye2020/decs_jupyter_lab/MedCLIP-SAMv2/UDIAT4/train_images/neg_000143.png,"A mammogram showing a dense, spiculated mass suggestive of a malignant breast tumor."
/home/woojye2020/decs_jupyter_lab/MedCLIP-SAMv2/UDIAT4/train_images/000145.png,"A medical breast mammogram showing an irregularly shaped, spiculated mass suggestive of a malignant breast tumor.",/home/woojye2020/decs_jupyter_lab/MedCLIP-SAMv2/UDIAT4/train_images/000145.png,A medical breast mammogram showing normal breast tissue with no evidence of tumor.
/home/woojye2020/decs_jupyter_lab/MedCLIP-SAMv2/UDIAT4/train_images/neg_000145.png,A medical breast mammogram showing normal breast tissue with no evidence of tumor.,/home/woojye2020/decs_jupyter_lab/MedCLIP-SAMv2/UDIAT4/train_images/neg_000145.png,"A medical breast mammogram showing an irregularly shaped, spiculated mass suggestive of a malignant breast tumor."
/home/woojye2020/decs_jupyter_lab/MedCLIP-SAMv2/UDIAT4/train_images/000145.png,"A medical breast mammogram showing an irregular, spiculated mass suggestive of a malignant breast tumor.",/home/woojye2020/decs_jupyter_lab/MedCLIP-SAMv2/UDIAT4/train_images/000145.png,"A mammogram with no suspicious masses or malignant findings, indicating a normal scan."
/home/woojye2020/decs_jupyter_lab/MedCLIP-SAMv2/UDIAT4/train_images/neg_000145.png,"A mammogram with no suspicious masses or malignant findings, indicating a normal scan.",/home/woojye2020/decs_jupyter_lab/MedCLIP-SAMv2/UDIAT4/train_images/neg_000145.png,"A medical breast mammogram showing an irregular, spiculated mass suggestive of a malignant breast tumor."
/home/woojye2020/decs_jupyter_lab/MedCLIP-SAMv2/UDIAT4/train_images/000145.png,"A mammogram displaying a poorly defined, lobulated mass indicative of a malignant breast tumor.",/home/woojye2020/decs_jupyter_lab/MedCLIP-SAMv2/UDIAT4/train_images/000145.png,A breast imaging study revealing no signs of benign or malignant tumors.
/home/woojye2020/decs_jupyter_lab/MedCLIP-SAMv2/UDIAT4/train_images/neg_000145.png,A breast imaging study revealing no signs of benign or malignant tumors.,/home/woojye2020/decs_jupyter_lab/MedCLIP-SAMv2/UDIAT4/train_images/neg_000145.png,"A mammogram displaying a poorly defined, lobulated mass indicative of a malignant breast tumor."
/home/woojye2020/decs_jupyter_lab/MedCLIP-SAMv2/UDIAT4/train_images/000145.png,"A breast imaging study revealing an irregularly shaped, invasive mass likely representing a malignant breast tumor.",/home/woojye2020/decs_jupyter_lab/MedCLIP-SAMv2/UDIAT4/train_images/000145.png,A mammogram showing symmetrical breast tissue with no focal masses or clinical findings.
/home/woojye2020/decs_jupyter_lab/MedCLIP-SAMv2/UDIAT4/train_images/neg_000145.png,A mammogram showing symmetrical breast tissue with no focal masses or clinical findings.,/home/woojye2020/decs_jupyter_lab/MedCLIP-SAMv2/UDIAT4/train_images/neg_000145.png,"A breast imaging study revealing an irregularly shaped, invasive mass likely representing a malignant breast tumor."
/home/woojye2020/decs_jupyter_lab/MedCLIP-SAMv2/UDIAT4/train_images/000145.png,"A mammogram showing a dense, spiculated mass suggestive of a malignant breast tumor.",/home/woojye2020/decs_jupyter_lab/MedCLIP-SAMv2/UDIAT4/train_images/000145.png,A diagnostic mammogram displaying normal glandular tissue without any detectable lesions.
/home/woojye2020/decs_jupyter_lab/MedCLIP-SAMv2/UDIAT4/train_images/neg_000145.png,A diagnostic mammogram displaying normal glandular tissue without any detectable lesions.,/home/woojye2020/decs_jupyter_lab/MedCLIP-SAMv2/UDIAT4/train_images/neg_000145.png,"A mammogram showing a dense, spiculated mass suggestive of a malignant breast tumor."
/home/woojye2020/decs_jupyter_lab/MedCLIP-SAMv2/UDIAT4/train_images/000146.png,"A medical breast mammogram showing an irregularly shaped, spiculated mass suggestive of a malignant breast tumor.",/home/woojye2020/decs_jupyter_lab/MedCLIP-SAMv2/UDIAT4/train_images/000146.png,A medical breast mammogram showing normal breast tissue with no evidence of tumor.
/home/woojye2020/decs_jupyter_lab/MedCLIP-SAMv2/UDIAT4/train_images/neg_000146.png,A medical breast mammogram showing normal breast tissue with no evidence of tumor.,/home/woojye2020/decs_jupyter_lab/MedCLIP-SAMv2/UDIAT4/train_images/neg_000146.png,"A medical breast mammogram showing an irregularly shaped, spiculated mass suggestive of a malignant breast tumor."
/home/woojye2020/decs_jupyter_lab/MedCLIP-SAMv2/UDIAT4/train_images/000146.png,"A medical breast mammogram showing an irregular, spiculated mass suggestive of a malignant breast tumor.",/home/woojye2020/decs_jupyter_lab/MedCLIP-SAMv2/UDIAT4/train_images/000146.png,"A mammogram with no suspicious masses or malignant findings, indicating a normal scan."
/home/woojye2020/decs_jupyter_lab/MedCLIP-SAMv2/UDIAT4/train_images/neg_000146.png,"A mammogram with no suspicious masses or malignant findings, indicating a normal scan.",/home/woojye2020/decs_jupyter_lab/MedCLIP-SAMv2/UDIAT4/train_images/neg_000146.png,"A medical breast mammogram showing an irregular, spiculated mass suggestive of a malignant breast tumor."
/home/woojye2020/decs_jupyter_lab/MedCLIP-SAMv2/UDIAT4/train_images/000146.png,"A mammogram displaying a poorly defined, lobulated mass indicative of a malignant breast tumor.",/home/woojye2020/decs_jupyter_lab/MedCLIP-SAMv2/UDIAT4/train_images/000146.png,A breast imaging study revealing no signs of benign or malignant tumors.
/home/woojye2020/decs_jupyter_lab/MedCLIP-SAMv2/UDIAT4/train_images/neg_000146.png,A breast imaging study revealing no signs of benign or malignant tumors.,/home/woojye2020/decs_jupyter_lab/MedCLIP-SAMv2/UDIAT4/train_images/neg_000146.png,"A mammogram displaying a poorly defined, lobulated mass indicative of a malignant breast tumor."
/home/woojye2020/decs_jupyter_lab/MedCLIP-SAMv2/UDIAT4/train_images/000146.png,"A breast imaging study revealing an irregularly shaped, invasive mass likely representing a malignant breast tumor.",/home/woojye2020/decs_jupyter_lab/MedCLIP-SAMv2/UDIAT4/train_images/000146.png,A mammogram showing symmetrical breast tissue with no focal masses or clinical findings.
/home/woojye2020/decs_jupyter_lab/MedCLIP-SAMv2/UDIAT4/train_images/neg_000146.png,A mammogram showing symmetrical breast tissue with no focal masses or clinical findings.,/home/woojye2020/decs_jupyter_lab/MedCLIP-SAMv2/UDIAT4/train_images/neg_000146.png,"A breast imaging study revealing an irregularly shaped, invasive mass likely representing a malignant breast tumor."
/home/woojye2020/decs_jupyter_lab/MedCLIP-SAMv2/UDIAT4/train_images/000146.png,"A mammogram showing a dense, spiculated mass suggestive of a malignant breast tumor.",/home/woojye2020/decs_jupyter_lab/MedCLIP-SAMv2/UDIAT4/train_images/000146.png,A diagnostic mammogram displaying normal glandular tissue without any detectable lesions.
/home/woojye2020/decs_jupyter_lab/MedCLIP-SAMv2/UDIAT4/train_images/neg_000146.png,A diagnostic mammogram displaying normal glandular tissue without any detectable lesions.,/home/woojye2020/decs_jupyter_lab/MedCLIP-SAMv2/UDIAT4/train_images/neg_000146.png,"A mammogram showing a dense, spiculated mass suggestive of a malignant breast tumor."
/home/woojye2020/decs_jupyter_lab/MedCLIP-SAMv2/UDIAT4/train_images/000147.png,"A medical breast mammogram showing an irregularly shaped, spiculated mass suggestive of a malignant breast tumor.",/home/woojye2020/decs_jupyter_lab/MedCLIP-SAMv2/UDIAT4/train_images/000147.png,A medical breast mammogram showing normal breast tissue with no evidence of tumor.
/home/woojye2020/decs_jupyter_lab/MedCLIP-SAMv2/UDIAT4/train_images/neg_000147.png,A medical breast mammogram showing normal breast tissue with no evidence of tumor.,/home/woojye2020/decs_jupyter_lab/MedCLIP-SAMv2/UDIAT4/train_images/neg_000147.png,"A medical breast mammogram showing an irregularly shaped, spiculated mass suggestive of a malignant breast tumor."
/home/woojye2020/decs_jupyter_lab/MedCLIP-SAMv2/UDIAT4/train_images/000147.png,"A medical breast mammogram showing an irregular, spiculated mass suggestive of a malignant breast tumor.",/home/woojye2020/decs_jupyter_lab/MedCLIP-SAMv2/UDIAT4/train_images/000147.png,"A mammogram with no suspicious masses or malignant findings, indicating a normal scan."
/home/woojye2020/decs_jupyter_lab/MedCLIP-SAMv2/UDIAT4/train_images/neg_000147.png,"A mammogram with no suspicious masses or malignant findings, indicating a normal scan.",/home/woojye2020/decs_jupyter_lab/MedCLIP-SAMv2/UDIAT4/train_images/neg_000147.png,"A medical breast mammogram showing an irregular, spiculated mass suggestive of a malignant breast tumor."
/home/woojye2020/decs_jupyter_lab/MedCLIP-SAMv2/UDIAT4/train_images/000147.png,"A mammogram displaying a poorly defined, lobulated mass indicative of a malignant breast tumor.",/home/woojye2020/decs_jupyter_lab/MedCLIP-SAMv2/UDIAT4/train_images/000147.png,A breast imaging study revealing no signs of benign or malignant tumors.
/home/woojye2020/decs_jupyter_lab/MedCLIP-SAMv2/UDIAT4/train_images/neg_000147.png,A breast imaging study revealing no signs of benign or malignant tumors.,/home/woojye2020/decs_jupyter_lab/MedCLIP-SAMv2/UDIAT4/train_images/neg_000147.png,"A mammogram displaying a poorly defined, lobulated mass indicative of a malignant breast tumor."
/home/woojye2020/decs_jupyter_lab/MedCLIP-SAMv2/UDIAT4/train_images/000147.png,"A breast imaging study revealing an irregularly shaped, invasive mass likely representing a malignant breast tumor.",/home/woojye2020/decs_jupyter_lab/MedCLIP-SAMv2/UDIAT4/train_images/000147.png,A mammogram showing symmetrical breast tissue with no focal masses or clinical findings.
/home/woojye2020/decs_jupyter_lab/MedCLIP-SAMv2/UDIAT4/train_images/neg_000147.png,A mammogram showing symmetrical breast tissue with no focal masses or clinical findings.,/home/woojye2020/decs_jupyter_lab/MedCLIP-SAMv2/UDIAT4/train_images/neg_000147.png,"A breast imaging study revealing an irregularly shaped, invasive mass likely representing a malignant breast tumor."
/home/woojye2020/decs_jupyter_lab/MedCLIP-SAMv2/UDIAT4/train_images/000147.png,"A mammogram showing a dense, spiculated mass suggestive of a malignant breast tumor.",/home/woojye2020/decs_jupyter_lab/MedCLIP-SAMv2/UDIAT4/train_images/000147.png,A diagnostic mammogram displaying normal glandular tissue without any detectable lesions.
/home/woojye2020/decs_jupyter_lab/MedCLIP-SAMv2/UDIAT4/train_images/neg_000147.png,A diagnostic mammogram displaying normal glandular tissue without any detectable lesions.,/home/woojye2020/decs_jupyter_lab/MedCLIP-SAMv2/UDIAT4/train_images/neg_000147.png,"A mammogram showing a dense, spiculated mass suggestive of a malignant breast tumor."
/home/woojye2020/decs_jupyter_lab/MedCLIP-SAMv2/UDIAT4/train_images/000298.png,"A medical breast mammogram showing an irregularly shaped, spiculated mass suggestive of a malignant breast tumor.",/home/woojye2020/decs_jupyter_lab/MedCLIP-SAMv2/UDIAT4/train_images/000298.png,A medical breast mammogram showing normal breast tissue with no evidence of tumor.
/home/woojye2020/decs_jupyter_lab/MedCLIP-SAMv2/UDIAT4/train_images/neg_000298.png,A medical breast mammogram showing normal breast tissue with no evidence of tumor.,/home/woojye2020/decs_jupyter_lab/MedCLIP-SAMv2/UDIAT4/train_images/neg_000298.png,"A medical breast mammogram showing an irregularly shaped, spiculated mass suggestive of a malignant breast tumor."
/home/woojye2020/decs_jupyter_lab/MedCLIP-SAMv2/UDIAT4/train_images/000298.png,"A medical breast mammogram showing an irregular, spiculated mass suggestive of a malignant breast tumor.",/home/woojye2020/decs_jupyter_lab/MedCLIP-SAMv2/UDIAT4/train_images/000298.png,"A mammogram with no suspicious masses or malignant findings, indicating a normal scan."
/home/woojye2020/decs_jupyter_lab/MedCLIP-SAMv2/UDIAT4/train_images/neg_000298.png,"A mammogram with no suspicious masses or malignant findings, indicating a normal scan.",/home/woojye2020/decs_jupyter_lab/MedCLIP-SAMv2/UDIAT4/train_images/neg_000298.png,"A medical breast mammogram showing an irregular, spiculated mass suggestive of a malignant breast tumor."
/home/woojye2020/decs_jupyter_lab/MedCLIP-SAMv2/UDIAT4/train_images/000298.png,"A mammogram displaying a poorly defined, lobulated mass indicative of a malignant breast tumor.",/home/woojye2020/decs_jupyter_lab/MedCLIP-SAMv2/UDIAT4/train_images/000298.png,A breast imaging study revealing no signs of benign or malignant tumors.
/home/woojye2020/decs_jupyter_lab/MedCLIP-SAMv2/UDIAT4/train_images/neg_000298.png,A breast imaging study revealing no signs of benign or malignant tumors.,/home/woojye2020/decs_jupyter_lab/MedCLIP-SAMv2/UDIAT4/train_images/neg_000298.png,"A mammogram displaying a poorly defined, lobulated mass indicative of a malignant breast tumor."
/home/woojye2020/decs_jupyter_lab/MedCLIP-SAMv2/UDIAT4/train_images/000298.png,"A breast imaging study revealing an irregularly shaped, invasive mass likely representing a malignant breast tumor.",/home/woojye2020/decs_jupyter_lab/MedCLIP-SAMv2/UDIAT4/train_images/000298.png,A mammogram showing symmetrical breast tissue with no focal masses or clinical findings.
/home/woojye2020/decs_jupyter_lab/MedCLIP-SAMv2/UDIAT4/train_images/neg_000298.png,A mammogram showing symmetrical breast tissue with no focal masses or clinical findings.,/home/woojye2020/decs_jupyter_lab/MedCLIP-SAMv2/UDIAT4/train_images/neg_000298.png,"A breast imaging study revealing an irregularly shaped, invasive mass likely representing a malignant breast tumor."
/home/woojye2020/decs_jupyter_lab/MedCLIP-SAMv2/UDIAT4/train_images/000298.png,"A mammogram showing a dense, spiculated mass suggestive of a malignant breast tumor.",/home/woojye2020/decs_jupyter_lab/MedCLIP-SAMv2/UDIAT4/train_images/000298.png,A diagnostic mammogram displaying normal glandular tissue without any detectable lesions.
/home/woojye2020/decs_jupyter_lab/MedCLIP-SAMv2/UDIAT4/train_images/neg_000298.png,A diagnostic mammogram displaying normal glandular tissue without any detectable lesions.,/home/woojye2020/decs_jupyter_lab/MedCLIP-SAMv2/UDIAT4/train_images/neg_000298.png,"A mammogram showing a dense, spiculated mass suggestive of a malignant breast tumor."
/home/woojye2020/decs_jupyter_lab/MedCLIP-SAMv2/UDIAT4/train_images/000299.png,"A medical breast mammogram showing an irregularly shaped, spiculated mass suggestive of a malignant breast tumor.",/home/woojye2020/decs_jupyter_lab/MedCLIP-SAMv2/UDIAT4/train_images/000299.png,A medical breast mammogram showing normal breast tissue with no evidence of tumor.
/home/woojye2020/decs_jupyter_lab/MedCLIP-SAMv2/UDIAT4/train_images/neg_000299.png,A medical breast mammogram showing normal breast tissue with no evidence of tumor.,/home/woojye2020/decs_jupyter_lab/MedCLIP-SAMv2/UDIAT4/train_images/neg_000299.png,"A medical breast mammogram showing an irregularly shaped, spiculated mass suggestive of a malignant breast tumor."
/home/woojye2020/decs_jupyter_lab/MedCLIP-SAMv2/UDIAT4/train_images/000299.png,"A medical breast mammogram showing an irregular, spiculated mass suggestive of a malignant breast tumor.",/home/woojye2020/decs_jupyter_lab/MedCLIP-SAMv2/UDIAT4/train_images/000299.png,"A mammogram with no suspicious masses or malignant findings, indicating a normal scan."
/home/woojye2020/decs_jupyter_lab/MedCLIP-SAMv2/UDIAT4/train_images/neg_000299.png,"A mammogram with no suspicious masses or malignant findings, indicating a normal scan.",/home/woojye2020/decs_jupyter_lab/MedCLIP-SAMv2/UDIAT4/train_images/neg_000299.png,"A medical breast mammogram showing an irregular, spiculated mass suggestive of a malignant breast tumor."
/home/woojye2020/decs_jupyter_lab/MedCLIP-SAMv2/UDIAT4/train_images/000299.png,"A mammogram displaying a poorly defined, lobulated mass indicative of a malignant breast tumor.",/home/woojye2020/decs_jupyter_lab/MedCLIP-SAMv2/UDIAT4/train_images/000299.png,A breast imaging study revealing no signs of benign or malignant tumors.
/home/woojye2020/decs_jupyter_lab/MedCLIP-SAMv2/UDIAT4/train_images/neg_000299.png,A breast imaging study revealing no signs of benign or malignant tumors.,/home/woojye2020/decs_jupyter_lab/MedCLIP-SAMv2/UDIAT4/train_images/neg_000299.png,"A mammogram displaying a poorly defined, lobulated mass indicative of a malignant breast tumor."
/home/woojye2020/decs_jupyter_lab/MedCLIP-SAMv2/UDIAT4/train_images/000299.png,"A breast imaging study revealing an irregularly shaped, invasive mass likely representing a malignant breast tumor.",/home/woojye2020/decs_jupyter_lab/MedCLIP-SAMv2/UDIAT4/train_images/000299.png,A mammogram showing symmetrical breast tissue with no focal masses or clinical findings.
/home/woojye2020/decs_jupyter_lab/MedCLIP-SAMv2/UDIAT4/train_images/neg_000299.png,A mammogram showing symmetrical breast tissue with no focal masses or clinical findings.,/home/woojye2020/decs_jupyter_lab/MedCLIP-SAMv2/UDIAT4/train_images/neg_000299.png,"A breast imaging study revealing an irregularly shaped, invasive mass likely representing a malignant breast tumor."
/home/woojye2020/decs_jupyter_lab/MedCLIP-SAMv2/UDIAT4/train_images/000299.png,"A mammogram showing a dense, spiculated mass suggestive of a malignant breast tumor.",/home/woojye2020/decs_jupyter_lab/MedCLIP-SAMv2/UDIAT4/train_images/000299.png,A diagnostic mammogram displaying normal glandular tissue without any detectable lesions.
/home/woojye2020/decs_jupyter_lab/MedCLIP-SAMv2/UDIAT4/train_images/neg_000299.png,A diagnostic mammogram displaying normal glandular tissue without any detectable lesions.,/home/woojye2020/decs_jupyter_lab/MedCLIP-SAMv2/UDIAT4/train_images/neg_000299.png,"A mammogram showing a dense, spiculated mass suggestive of a malignant breast tumor."
/home/woojye2020/decs_jupyter_lab/MedCLIP-SAMv2/UDIAT4/train_images/000300.png,"A medical breast mammogram showing an irregularly shaped, spiculated mass suggestive of a malignant breast tumor.",/home/woojye2020/decs_jupyter_lab/MedCLIP-SAMv2/UDIAT4/train_images/000300.png,A medical breast mammogram showing normal breast tissue with no evidence of tumor.
/home/woojye2020/decs_jupyter_lab/MedCLIP-SAMv2/UDIAT4/train_images/neg_000300.png,A medical breast mammogram showing normal breast tissue with no evidence of tumor.,/home/woojye2020/decs_jupyter_lab/MedCLIP-SAMv2/UDIAT4/train_images/neg_000300.png,"A medical breast mammogram showing an irregularly shaped, spiculated mass suggestive of a malignant breast tumor."
/home/woojye2020/decs_jupyter_lab/MedCLIP-SAMv2/UDIAT4/train_images/000300.png,"A medical breast mammogram showing an irregular, spiculated mass suggestive of a malignant breast tumor.",/home/woojye2020/decs_jupyter_lab/MedCLIP-SAMv2/UDIAT4/train_images/000300.png,"A mammogram with no suspicious masses or malignant findings, indicating a normal scan."
/home/woojye2020/decs_jupyter_lab/MedCLIP-SAMv2/UDIAT4/train_images/neg_000300.png,"A mammogram with no suspicious masses or malignant findings, indicating a normal scan.",/home/woojye2020/decs_jupyter_lab/MedCLIP-SAMv2/UDIAT4/train_images/neg_000300.png,"A medical breast mammogram showing an irregular, spiculated mass suggestive of a malignant breast tumor."
/home/woojye2020/decs_jupyter_lab/MedCLIP-SAMv2/UDIAT4/train_images/000300.png,"A mammogram displaying a poorly defined, lobulated mass indicative of a malignant breast tumor.",/home/woojye2020/decs_jupyter_lab/MedCLIP-SAMv2/UDIAT4/train_images/000300.png,A breast imaging study revealing no signs of benign or malignant tumors.
/home/woojye2020/decs_jupyter_lab/MedCLIP-SAMv2/UDIAT4/train_images/neg_000300.png,A breast imaging study revealing no signs of benign or malignant tumors.,/home/woojye2020/decs_jupyter_lab/MedCLIP-SAMv2/UDIAT4/train_images/neg_000300.png,"A mammogram displaying a poorly defined, lobulated mass indicative of a malignant breast tumor."
/home/woojye2020/decs_jupyter_lab/MedCLIP-SAMv2/UDIAT4/train_images/000300.png,"A breast imaging study revealing an irregularly shaped, invasive mass likely representing a malignant breast tumor.",/home/woojye2020/decs_jupyter_lab/MedCLIP-SAMv2/UDIAT4/train_images/000300.png,A mammogram showing symmetrical breast tissue with no focal masses or clinical findings.
/home/woojye2020/decs_jupyter_lab/MedCLIP-SAMv2/UDIAT4/train_images/neg_000300.png,A mammogram showing symmetrical breast tissue with no focal masses or clinical findings.,/home/woojye2020/decs_jupyter_lab/MedCLIP-SAMv2/UDIAT4/train_images/neg_000300.png,"A breast imaging study revealing an irregularly shaped, invasive mass likely representing a malignant breast tumor."
/home/woojye2020/decs_jupyter_lab/MedCLIP-SAMv2/UDIAT4/train_images/000300.png,"A mammogram showing a dense, spiculated mass suggestive of a malignant breast tumor.",/home/woojye2020/decs_jupyter_lab/MedCLIP-SAMv2/UDIAT4/train_images/000300.png,A diagnostic mammogram displaying normal glandular tissue without any detectable lesions.
/home/woojye2020/decs_jupyter_lab/MedCLIP-SAMv2/UDIAT4/train_images/neg_000300.png,A diagnostic mammogram displaying normal glandular tissue without any detectable lesions.,/home/woojye2020/decs_jupyter_lab/MedCLIP-SAMv2/UDIAT4/train_images/neg_000300.png,"A mammogram showing a dense, spiculated mass suggestive of a malignant breast tumor."
/home/woojye2020/decs_jupyter_lab/MedCLIP-SAMv2/UDIAT4/train_images/000302.png,"A medical breast mammogram showing an irregularly shaped, spiculated mass suggestive of a malignant breast tumor.",/home/woojye2020/decs_jupyter_lab/MedCLIP-SAMv2/UDIAT4/train_images/000302.png,A medical breast mammogram showing normal breast tissue with no evidence of tumor.
/home/woojye2020/decs_jupyter_lab/MedCLIP-SAMv2/UDIAT4/train_images/neg_000302.png,A medical breast mammogram showing normal breast tissue with no evidence of tumor.,/home/woojye2020/decs_jupyter_lab/MedCLIP-SAMv2/UDIAT4/train_images/neg_000302.png,"A medical breast mammogram showing an irregularly shaped, spiculated mass suggestive of a malignant breast tumor."
/home/woojye2020/decs_jupyter_lab/MedCLIP-SAMv2/UDIAT4/train_images/000302.png,"A medical breast mammogram showing an irregular, spiculated mass suggestive of a malignant breast tumor.",/home/woojye2020/decs_jupyter_lab/MedCLIP-SAMv2/UDIAT4/train_images/000302.png,"A mammogram with no suspicious masses or malignant findings, indicating a normal scan."
/home/woojye2020/decs_jupyter_lab/MedCLIP-SAMv2/UDIAT4/train_images/neg_000302.png,"A mammogram with no suspicious masses or malignant findings, indicating a normal scan.",/home/woojye2020/decs_jupyter_lab/MedCLIP-SAMv2/UDIAT4/train_images/neg_000302.png,"A medical breast mammogram showing an irregular, spiculated mass suggestive of a malignant breast tumor."
/home/woojye2020/decs_jupyter_lab/MedCLIP-SAMv2/UDIAT4/train_images/000302.png,"A mammogram displaying a poorly defined, lobulated mass indicative of a malignant breast tumor.",/home/woojye2020/decs_jupyter_lab/MedCLIP-SAMv2/UDIAT4/train_images/000302.png,A breast imaging study revealing no signs of benign or malignant tumors.
/home/woojye2020/decs_jupyter_lab/MedCLIP-SAMv2/UDIAT4/train_images/neg_000302.png,A breast imaging study revealing no signs of benign or malignant tumors.,/home/woojye2020/decs_jupyter_lab/MedCLIP-SAMv2/UDIAT4/train_images/neg_000302.png,"A mammogram displaying a poorly defined, lobulated mass indicative of a malignant breast tumor."
/home/woojye2020/decs_jupyter_lab/MedCLIP-SAMv2/UDIAT4/train_images/000302.png,"A breast imaging study revealing an irregularly shaped, invasive mass likely representing a malignant breast tumor.",/home/woojye2020/decs_jupyter_lab/MedCLIP-SAMv2/UDIAT4/train_images/000302.png,A mammogram showing symmetrical breast tissue with no focal masses or clinical findings.
/home/woojye2020/decs_jupyter_lab/MedCLIP-SAMv2/UDIAT4/train_images/neg_000302.png,A mammogram showing symmetrical breast tissue with no focal masses or clinical findings.,/home/woojye2020/decs_jupyter_lab/MedCLIP-SAMv2/UDIAT4/train_images/neg_000302.png,"A breast imaging study revealing an irregularly shaped, invasive mass likely representing a malignant breast tumor."
/home/woojye2020/decs_jupyter_lab/MedCLIP-SAMv2/UDIAT4/train_images/000302.png,"A mammogram showing a dense, spiculated mass suggestive of a malignant breast tumor.",/home/woojye2020/decs_jupyter_lab/MedCLIP-SAMv2/UDIAT4/train_images/000302.png,A diagnostic mammogram displaying normal glandular tissue without any detectable lesions.
/home/woojye2020/decs_jupyter_lab/MedCLIP-SAMv2/UDIAT4/train_images/neg_000302.png,A diagnostic mammogram displaying normal glandular tissue without any detectable lesions.,/home/woojye2020/decs_jupyter_lab/MedCLIP-SAMv2/UDIAT4/train_images/neg_000302.png,"A mammogram showing a dense, spiculated mass suggestive of a malignant breast tumor."
/home/woojye2020/decs_jupyter_lab/MedCLIP-SAMv2/UDIAT4/train_images/000304.png,"A medical breast mammogram showing an irregularly shaped, spiculated mass suggestive of a malignant breast tumor.",/home/woojye2020/decs_jupyter_lab/MedCLIP-SAMv2/UDIAT4/train_images/000304.png,A medical breast mammogram showing normal breast tissue with no evidence of tumor.
/home/woojye2020/decs_jupyter_lab/MedCLIP-SAMv2/UDIAT4/train_images/neg_000304.png,A medical breast mammogram showing normal breast tissue with no evidence of tumor.,/home/woojye2020/decs_jupyter_lab/MedCLIP-SAMv2/UDIAT4/train_images/neg_000304.png,"A medical breast mammogram showing an irregularly shaped, spiculated mass suggestive of a malignant breast tumor."
/home/woojye2020/decs_jupyter_lab/MedCLIP-SAMv2/UDIAT4/train_images/000304.png,"A medical breast mammogram showing an irregular, spiculated mass suggestive of a malignant breast tumor.",/home/woojye2020/decs_jupyter_lab/MedCLIP-SAMv2/UDIAT4/train_images/000304.png,"A mammogram with no suspicious masses or malignant findings, indicating a normal scan."
/home/woojye2020/decs_jupyter_lab/MedCLIP-SAMv2/UDIAT4/train_images/neg_000304.png,"A mammogram with no suspicious masses or malignant findings, indicating a normal scan.",/home/woojye2020/decs_jupyter_lab/MedCLIP-SAMv2/UDIAT4/train_images/neg_000304.png,"A medical breast mammogram showing an irregular, spiculated mass suggestive of a malignant breast tumor."
/home/woojye2020/decs_jupyter_lab/MedCLIP-SAMv2/UDIAT4/train_images/000304.png,"A mammogram displaying a poorly defined, lobulated mass indicative of a malignant breast tumor.",/home/woojye2020/decs_jupyter_lab/MedCLIP-SAMv2/UDIAT4/train_images/000304.png,A breast imaging study revealing no signs of benign or malignant tumors.
/home/woojye2020/decs_jupyter_lab/MedCLIP-SAMv2/UDIAT4/train_images/neg_000304.png,A breast imaging study revealing no signs of benign or malignant tumors.,/home/woojye2020/decs_jupyter_lab/MedCLIP-SAMv2/UDIAT4/train_images/neg_000304.png,"A mammogram displaying a poorly defined, lobulated mass indicative of a malignant breast tumor."
/home/woojye2020/decs_jupyter_lab/MedCLIP-SAMv2/UDIAT4/train_images/000304.png,"A breast imaging study revealing an irregularly shaped, invasive mass likely representing a malignant breast tumor.",/home/woojye2020/decs_jupyter_lab/MedCLIP-SAMv2/UDIAT4/train_images/000304.png,A mammogram showing symmetrical breast tissue with no focal masses or clinical findings.
/home/woojye2020/decs_jupyter_lab/MedCLIP-SAMv2/UDIAT4/train_images/neg_000304.png,A mammogram showing symmetrical breast tissue with no focal masses or clinical findings.,/home/woojye2020/decs_jupyter_lab/MedCLIP-SAMv2/UDIAT4/train_images/neg_000304.png,"A breast imaging study revealing an irregularly shaped, invasive mass likely representing a malignant breast tumor."
/home/woojye2020/decs_jupyter_lab/MedCLIP-SAMv2/UDIAT4/train_images/000304.png,"A mammogram showing a dense, spiculated mass suggestive of a malignant breast tumor.",/home/woojye2020/decs_jupyter_lab/MedCLIP-SAMv2/UDIAT4/train_images/000304.png,A diagnostic mammogram displaying normal glandular tissue without any detectable lesions.
/home/woojye2020/decs_jupyter_lab/MedCLIP-SAMv2/UDIAT4/train_images/neg_000304.png,A diagnostic mammogram displaying normal glandular tissue without any detectable lesions.,/home/woojye2020/decs_jupyter_lab/MedCLIP-SAMv2/UDIAT4/train_images/neg_000304.png,"A mammogram showing a dense, spiculated mass suggestive of a malignant breast tumor."
/home/woojye2020/decs_jupyter_lab/MedCLIP-SAMv2/UDIAT4/train_images/000306.png,"A medical breast mammogram showing an irregularly shaped, spiculated mass suggestive of a malignant breast tumor.",/home/woojye2020/decs_jupyter_lab/MedCLIP-SAMv2/UDIAT4/train_images/000306.png,A medical breast mammogram showing normal breast tissue with no evidence of tumor.
/home/woojye2020/decs_jupyter_lab/MedCLIP-SAMv2/UDIAT4/train_images/neg_000306.png,A medical breast mammogram showing normal breast tissue with no evidence of tumor.,/home/woojye2020/decs_jupyter_lab/MedCLIP-SAMv2/UDIAT4/train_images/neg_000306.png,"A medical breast mammogram showing an irregularly shaped, spiculated mass suggestive of a malignant breast tumor."
/home/woojye2020/decs_jupyter_lab/MedCLIP-SAMv2/UDIAT4/train_images/000306.png,"A medical breast mammogram showing an irregular, spiculated mass suggestive of a malignant breast tumor.",/home/woojye2020/decs_jupyter_lab/MedCLIP-SAMv2/UDIAT4/train_images/000306.png,"A mammogram with no suspicious masses or malignant findings, indicating a normal scan."
/home/woojye2020/decs_jupyter_lab/MedCLIP-SAMv2/UDIAT4/train_images/neg_000306.png,"A mammogram with no suspicious masses or malignant findings, indicating a normal scan.",/home/woojye2020/decs_jupyter_lab/MedCLIP-SAMv2/UDIAT4/train_images/neg_000306.png,"A medical breast mammogram showing an irregular, spiculated mass suggestive of a malignant breast tumor."
/home/woojye2020/decs_jupyter_lab/MedCLIP-SAMv2/UDIAT4/train_images/000306.png,"A mammogram displaying a poorly defined, lobulated mass indicative of a malignant breast tumor.",/home/woojye2020/decs_jupyter_lab/MedCLIP-SAMv2/UDIAT4/train_images/000306.png,A breast imaging study revealing no signs of benign or malignant tumors.
/home/woojye2020/decs_jupyter_lab/MedCLIP-SAMv2/UDIAT4/train_images/neg_000306.png,A breast imaging study revealing no signs of benign or malignant tumors.,/home/woojye2020/decs_jupyter_lab/MedCLIP-SAMv2/UDIAT4/train_images/neg_000306.png,"A mammogram displaying a poorly defined, lobulated mass indicative of a malignant breast tumor."
/home/woojye2020/decs_jupyter_lab/MedCLIP-SAMv2/UDIAT4/train_images/000306.png,"A breast imaging study revealing an irregularly shaped, invasive mass likely representing a malignant breast tumor.",/home/woojye2020/decs_jupyter_lab/MedCLIP-SAMv2/UDIAT4/train_images/000306.png,A mammogram showing symmetrical breast tissue with no focal masses or clinical findings.
/home/woojye2020/decs_jupyter_lab/MedCLIP-SAMv2/UDIAT4/train_images/neg_000306.png,A mammogram showing symmetrical breast tissue with no focal masses or clinical findings.,/home/woojye2020/decs_jupyter_lab/MedCLIP-SAMv2/UDIAT4/train_images/neg_000306.png,"A breast imaging study revealing an irregularly shaped, invasive mass likely representing a malignant breast tumor."
/home/woojye2020/decs_jupyter_lab/MedCLIP-SAMv2/UDIAT4/train_images/000306.png,"A mammogram showing a dense, spiculated mass suggestive of a malignant breast tumor.",/home/woojye2020/decs_jupyter_lab/MedCLIP-SAMv2/UDIAT4/train_images/000306.png,A diagnostic mammogram displaying normal glandular tissue without any detectable lesions.
/home/woojye2020/decs_jupyter_lab/MedCLIP-SAMv2/UDIAT4/train_images/neg_000306.png,A diagnostic mammogram displaying normal glandular tissue without any detectable lesions.,/home/woojye2020/decs_jupyter_lab/MedCLIP-SAMv2/UDIAT4/train_images/neg_000306.png,"A mammogram showing a dense, spiculated mass suggestive of a malignant breast tumor."
/home/woojye2020/decs_jupyter_lab/MedCLIP-SAMv2/UDIAT4/train_images/000307.png,"A medical breast mammogram showing an irregularly shaped, spiculated mass suggestive of a malignant breast tumor.",/home/woojye2020/decs_jupyter_lab/MedCLIP-SAMv2/UDIAT4/train_images/000307.png,A medical breast mammogram showing normal breast tissue with no evidence of tumor.
/home/woojye2020/decs_jupyter_lab/MedCLIP-SAMv2/UDIAT4/train_images/neg_000307.png,A medical breast mammogram showing normal breast tissue with no evidence of tumor.,/home/woojye2020/decs_jupyter_lab/MedCLIP-SAMv2/UDIAT4/train_images/neg_000307.png,"A medical breast mammogram showing an irregularly shaped, spiculated mass suggestive of a malignant breast tumor."
/home/woojye2020/decs_jupyter_lab/MedCLIP-SAMv2/UDIAT4/train_images/000307.png,"A medical breast mammogram showing an irregular, spiculated mass suggestive of a malignant breast tumor.",/home/woojye2020/decs_jupyter_lab/MedCLIP-SAMv2/UDIAT4/train_images/000307.png,"A mammogram with no suspicious masses or malignant findings, indicating a normal scan."
/home/woojye2020/decs_jupyter_lab/MedCLIP-SAMv2/UDIAT4/train_images/neg_000307.png,"A mammogram with no suspicious masses or malignant findings, indicating a normal scan.",/home/woojye2020/decs_jupyter_lab/MedCLIP-SAMv2/UDIAT4/train_images/neg_000307.png,"A medical breast mammogram showing an irregular, spiculated mass suggestive of a malignant breast tumor."
/home/woojye2020/decs_jupyter_lab/MedCLIP-SAMv2/UDIAT4/train_images/000307.png,"A mammogram displaying a poorly defined, lobulated mass indicative of a malignant breast tumor.",/home/woojye2020/decs_jupyter_lab/MedCLIP-SAMv2/UDIAT4/train_images/000307.png,A breast imaging study revealing no signs of benign or malignant tumors.
/home/woojye2020/decs_jupyter_lab/MedCLIP-SAMv2/UDIAT4/train_images/neg_000307.png,A breast imaging study revealing no signs of benign or malignant tumors.,/home/woojye2020/decs_jupyter_lab/MedCLIP-SAMv2/UDIAT4/train_images/neg_000307.png,"A mammogram displaying a poorly defined, lobulated mass indicative of a malignant breast tumor."
/home/woojye2020/decs_jupyter_lab/MedCLIP-SAMv2/UDIAT4/train_images/000307.png,"A breast imaging study revealing an irregularly shaped, invasive mass likely representing a malignant breast tumor.",/home/woojye2020/decs_jupyter_lab/MedCLIP-SAMv2/UDIAT4/train_images/000307.png,A mammogram showing symmetrical breast tissue with no focal masses or clinical findings.
/home/woojye2020/decs_jupyter_lab/MedCLIP-SAMv2/UDIAT4/train_images/neg_000307.png,A mammogram showing symmetrical breast tissue with no focal masses or clinical findings.,/home/woojye2020/decs_jupyter_lab/MedCLIP-SAMv2/UDIAT4/train_images/neg_000307.png,"A breast imaging study revealing an irregularly shaped, invasive mass likely representing a malignant breast tumor."
/home/woojye2020/decs_jupyter_lab/MedCLIP-SAMv2/UDIAT4/train_images/000307.png,"A mammogram showing a dense, spiculated mass suggestive of a malignant breast tumor.",/home/woojye2020/decs_jupyter_lab/MedCLIP-SAMv2/UDIAT4/train_images/000307.png,A diagnostic mammogram displaying normal glandular tissue without any detectable lesions.
/home/woojye2020/decs_jupyter_lab/MedCLIP-SAMv2/UDIAT4/train_images/neg_000307.png,A diagnostic mammogram displaying normal glandular tissue without any detectable lesions.,/home/woojye2020/decs_jupyter_lab/MedCLIP-SAMv2/UDIAT4/train_images/neg_000307.png,"A mammogram showing a dense, spiculated mass suggestive of a malignant breast tumor."
/home/woojye2020/decs_jupyter_lab/MedCLIP-SAMv2/UDIAT4/train_images/000309.png,"A medical breast mammogram showing an irregularly shaped, spiculated mass suggestive of a malignant breast tumor.",/home/woojye2020/decs_jupyter_lab/MedCLIP-SAMv2/UDIAT4/train_images/000309.png,A medical breast mammogram showing normal breast tissue with no evidence of tumor.
/home/woojye2020/decs_jupyter_lab/MedCLIP-SAMv2/UDIAT4/train_images/neg_000309.png,A medical breast mammogram showing normal breast tissue with no evidence of tumor.,/home/woojye2020/decs_jupyter_lab/MedCLIP-SAMv2/UDIAT4/train_images/neg_000309.png,"A medical breast mammogram showing an irregularly shaped, spiculated mass suggestive of a malignant breast tumor."
/home/woojye2020/decs_jupyter_lab/MedCLIP-SAMv2/UDIAT4/train_images/000309.png,"A medical breast mammogram showing an irregular, spiculated mass suggestive of a malignant breast tumor.",/home/woojye2020/decs_jupyter_lab/MedCLIP-SAMv2/UDIAT4/train_images/000309.png,"A mammogram with no suspicious masses or malignant findings, indicating a normal scan."
/home/woojye2020/decs_jupyter_lab/MedCLIP-SAMv2/UDIAT4/train_images/neg_000309.png,"A mammogram with no suspicious masses or malignant findings, indicating a normal scan.",/home/woojye2020/decs_jupyter_lab/MedCLIP-SAMv2/UDIAT4/train_images/neg_000309.png,"A medical breast mammogram showing an irregular, spiculated mass suggestive of a malignant breast tumor."
/home/woojye2020/decs_jupyter_lab/MedCLIP-SAMv2/UDIAT4/train_images/000309.png,"A mammogram displaying a poorly defined, lobulated mass indicative of a malignant breast tumor.",/home/woojye2020/decs_jupyter_lab/MedCLIP-SAMv2/UDIAT4/train_images/000309.png,A breast imaging study revealing no signs of benign or malignant tumors.
/home/woojye2020/decs_jupyter_lab/MedCLIP-SAMv2/UDIAT4/train_images/neg_000309.png,A breast imaging study revealing no signs of benign or malignant tumors.,/home/woojye2020/decs_jupyter_lab/MedCLIP-SAMv2/UDIAT4/train_images/neg_000309.png,"A mammogram displaying a poorly defined, lobulated mass indicative of a malignant breast tumor."
/home/woojye2020/decs_jupyter_lab/MedCLIP-SAMv2/UDIAT4/train_images/000309.png,"A breast imaging study revealing an irregularly shaped, invasive mass likely representing a malignant breast tumor.",/home/woojye2020/decs_jupyter_lab/MedCLIP-SAMv2/UDIAT4/train_images/000309.png,A mammogram showing symmetrical breast tissue with no focal masses or clinical findings.
/home/woojye2020/decs_jupyter_lab/MedCLIP-SAMv2/UDIAT4/train_images/neg_000309.png,A mammogram showing symmetrical breast tissue with no focal masses or clinical findings.,/home/woojye2020/decs_jupyter_lab/MedCLIP-SAMv2/UDIAT4/train_images/neg_000309.png,"A breast imaging study revealing an irregularly shaped, invasive mass likely representing a malignant breast tumor."
/home/woojye2020/decs_jupyter_lab/MedCLIP-SAMv2/UDIAT4/train_images/000309.png,"A mammogram showing a dense, spiculated mass suggestive of a malignant breast tumor.",/home/woojye2020/decs_jupyter_lab/MedCLIP-SAMv2/UDIAT4/train_images/000309.png,A diagnostic mammogram displaying normal glandular tissue without any detectable lesions.
/home/woojye2020/decs_jupyter_lab/MedCLIP-SAMv2/UDIAT4/train_images/neg_000309.png,A diagnostic mammogram displaying normal glandular tissue without any detectable lesions.,/home/woojye2020/decs_jupyter_lab/MedCLIP-SAMv2/UDIAT4/train_images/neg_000309.png,"A mammogram showing a dense, spiculated mass suggestive of a malignant breast tumor."
