Starting conversion for biomedclip_dpo_udiat_v28 (epoch 5) -> hf_model...
Loading checkpoint from /home/woojye2020/decs_jupyter_lab/MedCLIP-SAMv2/biomedclip_finetuning/open_clip/src/logs/biomedclip_dpo_udiat_v28/checkpoints/epoch_5.pt...
logit_scale
visual.trunk.cls_token
visual.trunk.cls_token ---> vision_model.embeddings.class_embedding
visual.trunk.pos_embed
visual.trunk.pos_embed ---> vision_model.embeddings.position_embedding.weight
visual.trunk.patch_embed.proj.weight
visual.trunk.patch_embed.proj.weight ---> vision_model.embeddings.patch_embedding.weight
visual.trunk.patch_embed.proj.bias
visual.trunk.patch_embed.proj.bias ---> vision_model.embeddings.patch_embedding.bias
visual.trunk.blocks.0.norm1.weight
visual.trunk.blocks.0.norm1.weight ---> vision_model.encoder.layers.0.layer_norm1.weight
visual.trunk.blocks.0.norm1.bias
visual.trunk.blocks.0.norm1.bias ---> vision_model.encoder.layers.0.layer_norm1.bias
visual.trunk.blocks.0.attn.qkv.weight
visual.trunk.blocks.0.attn.qkv.weight ---> vision_model.encoder.layers.0.self_attn.q_proj.weight
visual.trunk.blocks.0.attn.qkv.weight ---> vision_model.encoder.layers.0.self_attn.k_proj.weight
visual.trunk.blocks.0.attn.qkv.weight ---> vision_model.encoder.layers.0.self_attn.v_proj.weight
visual.trunk.blocks.0.attn.qkv.bias
visual.trunk.blocks.0.attn.qkv.bias ---> vision_model.encoder.layers.0.self_attn.q_proj.bias
visual.trunk.blocks.0.attn.qkv.bias ---> vision_model.encoder.layers.0.self_attn.k_proj.bias
visual.trunk.blocks.0.attn.qkv.bias ---> vision_model.encoder.layers.0.self_attn.v_proj.bias
visual.trunk.blocks.0.attn.proj.weight
visual.trunk.blocks.0.attn.proj.weight ---> vision_model.encoder.layers.0.self_attn.out_proj.weight
visual.trunk.blocks.0.attn.proj.bias
visual.trunk.blocks.0.attn.proj.bias ---> vision_model.encoder.layers.0.self_attn.out_proj.bias
visual.trunk.blocks.0.norm2.weight
visual.trunk.blocks.0.norm2.weight ---> vision_model.encoder.layers.0.layer_norm2.weight
visual.trunk.blocks.0.norm2.bias
visual.trunk.blocks.0.norm2.bias ---> vision_model.encoder.layers.0.layer_norm2.bias
visual.trunk.blocks.0.mlp.fc1.weight
visual.trunk.blocks.0.mlp.fc1.weight ---> vision_model.encoder.layers.0.mlp.fc1.weight
visual.trunk.blocks.0.mlp.fc1.bias
visual.trunk.blocks.0.mlp.fc1.bias ---> vision_model.encoder.layers.0.mlp.fc1.bias
visual.trunk.blocks.0.mlp.fc2.weight
visual.trunk.blocks.0.mlp.fc2.weight ---> vision_model.encoder.layers.0.mlp.fc2.weight
visual.trunk.blocks.0.mlp.fc2.bias
visual.trunk.blocks.0.mlp.fc2.bias ---> vision_model.encoder.layers.0.mlp.fc2.bias
visual.trunk.blocks.1.norm1.weight
visual.trunk.blocks.1.norm1.weight ---> vision_model.encoder.layers.1.layer_norm1.weight
visual.trunk.blocks.1.norm1.bias
visual.trunk.blocks.1.norm1.bias ---> vision_model.encoder.layers.1.layer_norm1.bias
visual.trunk.blocks.1.attn.qkv.weight
visual.trunk.blocks.1.attn.qkv.weight ---> vision_model.encoder.layers.1.self_attn.q_proj.weight
visual.trunk.blocks.1.attn.qkv.weight ---> vision_model.encoder.layers.1.self_attn.k_proj.weight
visual.trunk.blocks.1.attn.qkv.weight ---> vision_model.encoder.layers.1.self_attn.v_proj.weight
visual.trunk.blocks.1.attn.qkv.bias
visual.trunk.blocks.1.attn.qkv.bias ---> vision_model.encoder.layers.1.self_attn.q_proj.bias
visual.trunk.blocks.1.attn.qkv.bias ---> vision_model.encoder.layers.1.self_attn.k_proj.bias
visual.trunk.blocks.1.attn.qkv.bias ---> vision_model.encoder.layers.1.self_attn.v_proj.bias
visual.trunk.blocks.1.attn.proj.weight
visual.trunk.blocks.1.attn.proj.weight ---> vision_model.encoder.layers.1.self_attn.out_proj.weight
visual.trunk.blocks.1.attn.proj.bias
visual.trunk.blocks.1.attn.proj.bias ---> vision_model.encoder.layers.1.self_attn.out_proj.bias
visual.trunk.blocks.1.norm2.weight
visual.trunk.blocks.1.norm2.weight ---> vision_model.encoder.layers.1.layer_norm2.weight
visual.trunk.blocks.1.norm2.bias
visual.trunk.blocks.1.norm2.bias ---> vision_model.encoder.layers.1.layer_norm2.bias
visual.trunk.blocks.1.mlp.fc1.weight
visual.trunk.blocks.1.mlp.fc1.weight ---> vision_model.encoder.layers.1.mlp.fc1.weight
visual.trunk.blocks.1.mlp.fc1.bias
visual.trunk.blocks.1.mlp.fc1.bias ---> vision_model.encoder.layers.1.mlp.fc1.bias
visual.trunk.blocks.1.mlp.fc2.weight
visual.trunk.blocks.1.mlp.fc2.weight ---> vision_model.encoder.layers.1.mlp.fc2.weight
visual.trunk.blocks.1.mlp.fc2.bias
visual.trunk.blocks.1.mlp.fc2.bias ---> vision_model.encoder.layers.1.mlp.fc2.bias
visual.trunk.blocks.2.norm1.weight
visual.trunk.blocks.2.norm1.weight ---> vision_model.encoder.layers.2.layer_norm1.weight
visual.trunk.blocks.2.norm1.bias
visual.trunk.blocks.2.norm1.bias ---> vision_model.encoder.layers.2.layer_norm1.bias
visual.trunk.blocks.2.attn.qkv.weight
visual.trunk.blocks.2.attn.qkv.weight ---> vision_model.encoder.layers.2.self_attn.q_proj.weight
visual.trunk.blocks.2.attn.qkv.weight ---> vision_model.encoder.layers.2.self_attn.k_proj.weight
visual.trunk.blocks.2.attn.qkv.weight ---> vision_model.encoder.layers.2.self_attn.v_proj.weight
visual.trunk.blocks.2.attn.qkv.bias
visual.trunk.blocks.2.attn.qkv.bias ---> vision_model.encoder.layers.2.self_attn.q_proj.bias
visual.trunk.blocks.2.attn.qkv.bias ---> vision_model.encoder.layers.2.self_attn.k_proj.bias
visual.trunk.blocks.2.attn.qkv.bias ---> vision_model.encoder.layers.2.self_attn.v_proj.bias
visual.trunk.blocks.2.attn.proj.weight
visual.trunk.blocks.2.attn.proj.weight ---> vision_model.encoder.layers.2.self_attn.out_proj.weight
visual.trunk.blocks.2.attn.proj.bias
visual.trunk.blocks.2.attn.proj.bias ---> vision_model.encoder.layers.2.self_attn.out_proj.bias
visual.trunk.blocks.2.norm2.weight
visual.trunk.blocks.2.norm2.weight ---> vision_model.encoder.layers.2.layer_norm2.weight
visual.trunk.blocks.2.norm2.bias
visual.trunk.blocks.2.norm2.bias ---> vision_model.encoder.layers.2.layer_norm2.bias
visual.trunk.blocks.2.mlp.fc1.weight
visual.trunk.blocks.2.mlp.fc1.weight ---> vision_model.encoder.layers.2.mlp.fc1.weight
visual.trunk.blocks.2.mlp.fc1.bias
visual.trunk.blocks.2.mlp.fc1.bias ---> vision_model.encoder.layers.2.mlp.fc1.bias
visual.trunk.blocks.2.mlp.fc2.weight
visual.trunk.blocks.2.mlp.fc2.weight ---> vision_model.encoder.layers.2.mlp.fc2.weight
visual.trunk.blocks.2.mlp.fc2.bias
visual.trunk.blocks.2.mlp.fc2.bias ---> vision_model.encoder.layers.2.mlp.fc2.bias
visual.trunk.blocks.3.norm1.weight
visual.trunk.blocks.3.norm1.weight ---> vision_model.encoder.layers.3.layer_norm1.weight
visual.trunk.blocks.3.norm1.bias
visual.trunk.blocks.3.norm1.bias ---> vision_model.encoder.layers.3.layer_norm1.bias
visual.trunk.blocks.3.attn.qkv.weight
visual.trunk.blocks.3.attn.qkv.weight ---> vision_model.encoder.layers.3.self_attn.q_proj.weight
visual.trunk.blocks.3.attn.qkv.weight ---> vision_model.encoder.layers.3.self_attn.k_proj.weight
visual.trunk.blocks.3.attn.qkv.weight ---> vision_model.encoder.layers.3.self_attn.v_proj.weight
visual.trunk.blocks.3.attn.qkv.bias
visual.trunk.blocks.3.attn.qkv.bias ---> vision_model.encoder.layers.3.self_attn.q_proj.bias
visual.trunk.blocks.3.attn.qkv.bias ---> vision_model.encoder.layers.3.self_attn.k_proj.bias
visual.trunk.blocks.3.attn.qkv.bias ---> vision_model.encoder.layers.3.self_attn.v_proj.bias
visual.trunk.blocks.3.attn.proj.weight
visual.trunk.blocks.3.attn.proj.weight ---> vision_model.encoder.layers.3.self_attn.out_proj.weight
visual.trunk.blocks.3.attn.proj.bias
visual.trunk.blocks.3.attn.proj.bias ---> vision_model.encoder.layers.3.self_attn.out_proj.bias
visual.trunk.blocks.3.norm2.weight
visual.trunk.blocks.3.norm2.weight ---> vision_model.encoder.layers.3.layer_norm2.weight
visual.trunk.blocks.3.norm2.bias
visual.trunk.blocks.3.norm2.bias ---> vision_model.encoder.layers.3.layer_norm2.bias
visual.trunk.blocks.3.mlp.fc1.weight
visual.trunk.blocks.3.mlp.fc1.weight ---> vision_model.encoder.layers.3.mlp.fc1.weight
visual.trunk.blocks.3.mlp.fc1.bias
visual.trunk.blocks.3.mlp.fc1.bias ---> vision_model.encoder.layers.3.mlp.fc1.bias
visual.trunk.blocks.3.mlp.fc2.weight
visual.trunk.blocks.3.mlp.fc2.weight ---> vision_model.encoder.layers.3.mlp.fc2.weight
visual.trunk.blocks.3.mlp.fc2.bias
visual.trunk.blocks.3.mlp.fc2.bias ---> vision_model.encoder.layers.3.mlp.fc2.bias
visual.trunk.blocks.4.norm1.weight
visual.trunk.blocks.4.norm1.weight ---> vision_model.encoder.layers.4.layer_norm1.weight
visual.trunk.blocks.4.norm1.bias
visual.trunk.blocks.4.norm1.bias ---> vision_model.encoder.layers.4.layer_norm1.bias
visual.trunk.blocks.4.attn.qkv.weight
visual.trunk.blocks.4.attn.qkv.weight ---> vision_model.encoder.layers.4.self_attn.q_proj.weight
visual.trunk.blocks.4.attn.qkv.weight ---> vision_model.encoder.layers.4.self_attn.k_proj.weight
visual.trunk.blocks.4.attn.qkv.weight ---> vision_model.encoder.layers.4.self_attn.v_proj.weight
visual.trunk.blocks.4.attn.qkv.bias
visual.trunk.blocks.4.attn.qkv.bias ---> vision_model.encoder.layers.4.self_attn.q_proj.bias
visual.trunk.blocks.4.attn.qkv.bias ---> vision_model.encoder.layers.4.self_attn.k_proj.bias
visual.trunk.blocks.4.attn.qkv.bias ---> vision_model.encoder.layers.4.self_attn.v_proj.bias
visual.trunk.blocks.4.attn.proj.weight
visual.trunk.blocks.4.attn.proj.weight ---> vision_model.encoder.layers.4.self_attn.out_proj.weight
visual.trunk.blocks.4.attn.proj.bias
visual.trunk.blocks.4.attn.proj.bias ---> vision_model.encoder.layers.4.self_attn.out_proj.bias
visual.trunk.blocks.4.norm2.weight
visual.trunk.blocks.4.norm2.weight ---> vision_model.encoder.layers.4.layer_norm2.weight
visual.trunk.blocks.4.norm2.bias
visual.trunk.blocks.4.norm2.bias ---> vision_model.encoder.layers.4.layer_norm2.bias
visual.trunk.blocks.4.mlp.fc1.weight
visual.trunk.blocks.4.mlp.fc1.weight ---> vision_model.encoder.layers.4.mlp.fc1.weight
visual.trunk.blocks.4.mlp.fc1.bias
visual.trunk.blocks.4.mlp.fc1.bias ---> vision_model.encoder.layers.4.mlp.fc1.bias
visual.trunk.blocks.4.mlp.fc2.weight
visual.trunk.blocks.4.mlp.fc2.weight ---> vision_model.encoder.layers.4.mlp.fc2.weight
visual.trunk.blocks.4.mlp.fc2.bias
visual.trunk.blocks.4.mlp.fc2.bias ---> vision_model.encoder.layers.4.mlp.fc2.bias
visual.trunk.blocks.5.norm1.weight
visual.trunk.blocks.5.norm1.weight ---> vision_model.encoder.layers.5.layer_norm1.weight
visual.trunk.blocks.5.norm1.bias
visual.trunk.blocks.5.norm1.bias ---> vision_model.encoder.layers.5.layer_norm1.bias
visual.trunk.blocks.5.attn.qkv.weight
visual.trunk.blocks.5.attn.qkv.weight ---> vision_model.encoder.layers.5.self_attn.q_proj.weight
visual.trunk.blocks.5.attn.qkv.weight ---> vision_model.encoder.layers.5.self_attn.k_proj.weight
visual.trunk.blocks.5.attn.qkv.weight ---> vision_model.encoder.layers.5.self_attn.v_proj.weight
visual.trunk.blocks.5.attn.qkv.bias
visual.trunk.blocks.5.attn.qkv.bias ---> vision_model.encoder.layers.5.self_attn.q_proj.bias
visual.trunk.blocks.5.attn.qkv.bias ---> vision_model.encoder.layers.5.self_attn.k_proj.bias
visual.trunk.blocks.5.attn.qkv.bias ---> vision_model.encoder.layers.5.self_attn.v_proj.bias
visual.trunk.blocks.5.attn.proj.weight
visual.trunk.blocks.5.attn.proj.weight ---> vision_model.encoder.layers.5.self_attn.out_proj.weight
visual.trunk.blocks.5.attn.proj.bias
visual.trunk.blocks.5.attn.proj.bias ---> vision_model.encoder.layers.5.self_attn.out_proj.bias
visual.trunk.blocks.5.norm2.weight
visual.trunk.blocks.5.norm2.weight ---> vision_model.encoder.layers.5.layer_norm2.weight
visual.trunk.blocks.5.norm2.bias
visual.trunk.blocks.5.norm2.bias ---> vision_model.encoder.layers.5.layer_norm2.bias
visual.trunk.blocks.5.mlp.fc1.weight
visual.trunk.blocks.5.mlp.fc1.weight ---> vision_model.encoder.layers.5.mlp.fc1.weight
visual.trunk.blocks.5.mlp.fc1.bias
visual.trunk.blocks.5.mlp.fc1.bias ---> vision_model.encoder.layers.5.mlp.fc1.bias
visual.trunk.blocks.5.mlp.fc2.weight
visual.trunk.blocks.5.mlp.fc2.weight ---> vision_model.encoder.layers.5.mlp.fc2.weight
visual.trunk.blocks.5.mlp.fc2.bias
visual.trunk.blocks.5.mlp.fc2.bias ---> vision_model.encoder.layers.5.mlp.fc2.bias
visual.trunk.blocks.6.norm1.weight
visual.trunk.blocks.6.norm1.weight ---> vision_model.encoder.layers.6.layer_norm1.weight
visual.trunk.blocks.6.norm1.bias
visual.trunk.blocks.6.norm1.bias ---> vision_model.encoder.layers.6.layer_norm1.bias
visual.trunk.blocks.6.attn.qkv.weight
visual.trunk.blocks.6.attn.qkv.weight ---> vision_model.encoder.layers.6.self_attn.q_proj.weight
visual.trunk.blocks.6.attn.qkv.weight ---> vision_model.encoder.layers.6.self_attn.k_proj.weight
visual.trunk.blocks.6.attn.qkv.weight ---> vision_model.encoder.layers.6.self_attn.v_proj.weight
visual.trunk.blocks.6.attn.qkv.bias
visual.trunk.blocks.6.attn.qkv.bias ---> vision_model.encoder.layers.6.self_attn.q_proj.bias
visual.trunk.blocks.6.attn.qkv.bias ---> vision_model.encoder.layers.6.self_attn.k_proj.bias
visual.trunk.blocks.6.attn.qkv.bias ---> vision_model.encoder.layers.6.self_attn.v_proj.bias
visual.trunk.blocks.6.attn.proj.weight
visual.trunk.blocks.6.attn.proj.weight ---> vision_model.encoder.layers.6.self_attn.out_proj.weight
visual.trunk.blocks.6.attn.proj.bias
visual.trunk.blocks.6.attn.proj.bias ---> vision_model.encoder.layers.6.self_attn.out_proj.bias
visual.trunk.blocks.6.norm2.weight
visual.trunk.blocks.6.norm2.weight ---> vision_model.encoder.layers.6.layer_norm2.weight
visual.trunk.blocks.6.norm2.bias
visual.trunk.blocks.6.norm2.bias ---> vision_model.encoder.layers.6.layer_norm2.bias
visual.trunk.blocks.6.mlp.fc1.weight
visual.trunk.blocks.6.mlp.fc1.weight ---> vision_model.encoder.layers.6.mlp.fc1.weight
visual.trunk.blocks.6.mlp.fc1.bias
visual.trunk.blocks.6.mlp.fc1.bias ---> vision_model.encoder.layers.6.mlp.fc1.bias
visual.trunk.blocks.6.mlp.fc2.weight
visual.trunk.blocks.6.mlp.fc2.weight ---> vision_model.encoder.layers.6.mlp.fc2.weight
visual.trunk.blocks.6.mlp.fc2.bias
visual.trunk.blocks.6.mlp.fc2.bias ---> vision_model.encoder.layers.6.mlp.fc2.bias
visual.trunk.blocks.7.norm1.weight
visual.trunk.blocks.7.norm1.weight ---> vision_model.encoder.layers.7.layer_norm1.weight
visual.trunk.blocks.7.norm1.bias
visual.trunk.blocks.7.norm1.bias ---> vision_model.encoder.layers.7.layer_norm1.bias
visual.trunk.blocks.7.attn.qkv.weight
visual.trunk.blocks.7.attn.qkv.weight ---> vision_model.encoder.layers.7.self_attn.q_proj.weight
visual.trunk.blocks.7.attn.qkv.weight ---> vision_model.encoder.layers.7.self_attn.k_proj.weight
visual.trunk.blocks.7.attn.qkv.weight ---> vision_model.encoder.layers.7.self_attn.v_proj.weight
visual.trunk.blocks.7.attn.qkv.bias
visual.trunk.blocks.7.attn.qkv.bias ---> vision_model.encoder.layers.7.self_attn.q_proj.bias
visual.trunk.blocks.7.attn.qkv.bias ---> vision_model.encoder.layers.7.self_attn.k_proj.bias
visual.trunk.blocks.7.attn.qkv.bias ---> vision_model.encoder.layers.7.self_attn.v_proj.bias
visual.trunk.blocks.7.attn.proj.weight
visual.trunk.blocks.7.attn.proj.weight ---> vision_model.encoder.layers.7.self_attn.out_proj.weight
visual.trunk.blocks.7.attn.proj.bias
visual.trunk.blocks.7.attn.proj.bias ---> vision_model.encoder.layers.7.self_attn.out_proj.bias
visual.trunk.blocks.7.norm2.weight
visual.trunk.blocks.7.norm2.weight ---> vision_model.encoder.layers.7.layer_norm2.weight
visual.trunk.blocks.7.norm2.bias
visual.trunk.blocks.7.norm2.bias ---> vision_model.encoder.layers.7.layer_norm2.bias
visual.trunk.blocks.7.mlp.fc1.weight
visual.trunk.blocks.7.mlp.fc1.weight ---> vision_model.encoder.layers.7.mlp.fc1.weight
visual.trunk.blocks.7.mlp.fc1.bias
visual.trunk.blocks.7.mlp.fc1.bias ---> vision_model.encoder.layers.7.mlp.fc1.bias
visual.trunk.blocks.7.mlp.fc2.weight
visual.trunk.blocks.7.mlp.fc2.weight ---> vision_model.encoder.layers.7.mlp.fc2.weight
visual.trunk.blocks.7.mlp.fc2.bias
visual.trunk.blocks.7.mlp.fc2.bias ---> vision_model.encoder.layers.7.mlp.fc2.bias
visual.trunk.blocks.8.norm1.weight
visual.trunk.blocks.8.norm1.weight ---> vision_model.encoder.layers.8.layer_norm1.weight
visual.trunk.blocks.8.norm1.bias
visual.trunk.blocks.8.norm1.bias ---> vision_model.encoder.layers.8.layer_norm1.bias
visual.trunk.blocks.8.attn.qkv.weight
visual.trunk.blocks.8.attn.qkv.weight ---> vision_model.encoder.layers.8.self_attn.q_proj.weight
visual.trunk.blocks.8.attn.qkv.weight ---> vision_model.encoder.layers.8.self_attn.k_proj.weight
visual.trunk.blocks.8.attn.qkv.weight ---> vision_model.encoder.layers.8.self_attn.v_proj.weight
visual.trunk.blocks.8.attn.qkv.bias
visual.trunk.blocks.8.attn.qkv.bias ---> vision_model.encoder.layers.8.self_attn.q_proj.bias
visual.trunk.blocks.8.attn.qkv.bias ---> vision_model.encoder.layers.8.self_attn.k_proj.bias
visual.trunk.blocks.8.attn.qkv.bias ---> vision_model.encoder.layers.8.self_attn.v_proj.bias
visual.trunk.blocks.8.attn.proj.weight
visual.trunk.blocks.8.attn.proj.weight ---> vision_model.encoder.layers.8.self_attn.out_proj.weight
visual.trunk.blocks.8.attn.proj.bias
visual.trunk.blocks.8.attn.proj.bias ---> vision_model.encoder.layers.8.self_attn.out_proj.bias
visual.trunk.blocks.8.norm2.weight
visual.trunk.blocks.8.norm2.weight ---> vision_model.encoder.layers.8.layer_norm2.weight
visual.trunk.blocks.8.norm2.bias
visual.trunk.blocks.8.norm2.bias ---> vision_model.encoder.layers.8.layer_norm2.bias
visual.trunk.blocks.8.mlp.fc1.weight
visual.trunk.blocks.8.mlp.fc1.weight ---> vision_model.encoder.layers.8.mlp.fc1.weight
visual.trunk.blocks.8.mlp.fc1.bias
visual.trunk.blocks.8.mlp.fc1.bias ---> vision_model.encoder.layers.8.mlp.fc1.bias
visual.trunk.blocks.8.mlp.fc2.weight
visual.trunk.blocks.8.mlp.fc2.weight ---> vision_model.encoder.layers.8.mlp.fc2.weight
visual.trunk.blocks.8.mlp.fc2.bias
visual.trunk.blocks.8.mlp.fc2.bias ---> vision_model.encoder.layers.8.mlp.fc2.bias
visual.trunk.blocks.9.norm1.weight
visual.trunk.blocks.9.norm1.weight ---> vision_model.encoder.layers.9.layer_norm1.weight
visual.trunk.blocks.9.norm1.bias
visual.trunk.blocks.9.norm1.bias ---> vision_model.encoder.layers.9.layer_norm1.bias
visual.trunk.blocks.9.attn.qkv.weight
visual.trunk.blocks.9.attn.qkv.weight ---> vision_model.encoder.layers.9.self_attn.q_proj.weight
visual.trunk.blocks.9.attn.qkv.weight ---> vision_model.encoder.layers.9.self_attn.k_proj.weight
visual.trunk.blocks.9.attn.qkv.weight ---> vision_model.encoder.layers.9.self_attn.v_proj.weight
visual.trunk.blocks.9.attn.qkv.bias
visual.trunk.blocks.9.attn.qkv.bias ---> vision_model.encoder.layers.9.self_attn.q_proj.bias
visual.trunk.blocks.9.attn.qkv.bias ---> vision_model.encoder.layers.9.self_attn.k_proj.bias
visual.trunk.blocks.9.attn.qkv.bias ---> vision_model.encoder.layers.9.self_attn.v_proj.bias
visual.trunk.blocks.9.attn.proj.weight
visual.trunk.blocks.9.attn.proj.weight ---> vision_model.encoder.layers.9.self_attn.out_proj.weight
visual.trunk.blocks.9.attn.proj.bias
visual.trunk.blocks.9.attn.proj.bias ---> vision_model.encoder.layers.9.self_attn.out_proj.bias
visual.trunk.blocks.9.norm2.weight
visual.trunk.blocks.9.norm2.weight ---> vision_model.encoder.layers.9.layer_norm2.weight
visual.trunk.blocks.9.norm2.bias
visual.trunk.blocks.9.norm2.bias ---> vision_model.encoder.layers.9.layer_norm2.bias
visual.trunk.blocks.9.mlp.fc1.weight
visual.trunk.blocks.9.mlp.fc1.weight ---> vision_model.encoder.layers.9.mlp.fc1.weight
visual.trunk.blocks.9.mlp.fc1.bias
visual.trunk.blocks.9.mlp.fc1.bias ---> vision_model.encoder.layers.9.mlp.fc1.bias
visual.trunk.blocks.9.mlp.fc2.weight
visual.trunk.blocks.9.mlp.fc2.weight ---> vision_model.encoder.layers.9.mlp.fc2.weight
visual.trunk.blocks.9.mlp.fc2.bias
visual.trunk.blocks.9.mlp.fc2.bias ---> vision_model.encoder.layers.9.mlp.fc2.bias
visual.trunk.blocks.10.norm1.weight
visual.trunk.blocks.10.norm1.weight ---> vision_model.encoder.layers.10.layer_norm1.weight
visual.trunk.blocks.10.norm1.bias
visual.trunk.blocks.10.norm1.bias ---> vision_model.encoder.layers.10.layer_norm1.bias
visual.trunk.blocks.10.attn.qkv.weight
visual.trunk.blocks.10.attn.qkv.weight ---> vision_model.encoder.layers.10.self_attn.q_proj.weight
visual.trunk.blocks.10.attn.qkv.weight ---> vision_model.encoder.layers.10.self_attn.k_proj.weight
visual.trunk.blocks.10.attn.qkv.weight ---> vision_model.encoder.layers.10.self_attn.v_proj.weight
visual.trunk.blocks.10.attn.qkv.bias
visual.trunk.blocks.10.attn.qkv.bias ---> vision_model.encoder.layers.10.self_attn.q_proj.bias
visual.trunk.blocks.10.attn.qkv.bias ---> vision_model.encoder.layers.10.self_attn.k_proj.bias
visual.trunk.blocks.10.attn.qkv.bias ---> vision_model.encoder.layers.10.self_attn.v_proj.bias
visual.trunk.blocks.10.attn.proj.weight
visual.trunk.blocks.10.attn.proj.weight ---> vision_model.encoder.layers.10.self_attn.out_proj.weight
visual.trunk.blocks.10.attn.proj.bias
visual.trunk.blocks.10.attn.proj.bias ---> vision_model.encoder.layers.10.self_attn.out_proj.bias
visual.trunk.blocks.10.norm2.weight
visual.trunk.blocks.10.norm2.weight ---> vision_model.encoder.layers.10.layer_norm2.weight
visual.trunk.blocks.10.norm2.bias
visual.trunk.blocks.10.norm2.bias ---> vision_model.encoder.layers.10.layer_norm2.bias
visual.trunk.blocks.10.mlp.fc1.weight
visual.trunk.blocks.10.mlp.fc1.weight ---> vision_model.encoder.layers.10.mlp.fc1.weight
visual.trunk.blocks.10.mlp.fc1.bias
visual.trunk.blocks.10.mlp.fc1.bias ---> vision_model.encoder.layers.10.mlp.fc1.bias
visual.trunk.blocks.10.mlp.fc2.weight
visual.trunk.blocks.10.mlp.fc2.weight ---> vision_model.encoder.layers.10.mlp.fc2.weight
visual.trunk.blocks.10.mlp.fc2.bias
visual.trunk.blocks.10.mlp.fc2.bias ---> vision_model.encoder.layers.10.mlp.fc2.bias
visual.trunk.blocks.11.norm1.weight
visual.trunk.blocks.11.norm1.weight ---> vision_model.encoder.layers.11.layer_norm1.weight
visual.trunk.blocks.11.norm1.bias
visual.trunk.blocks.11.norm1.bias ---> vision_model.encoder.layers.11.layer_norm1.bias
visual.trunk.blocks.11.attn.qkv.weight
visual.trunk.blocks.11.attn.qkv.weight ---> vision_model.encoder.layers.11.self_attn.q_proj.weight
visual.trunk.blocks.11.attn.qkv.weight ---> vision_model.encoder.layers.11.self_attn.k_proj.weight
visual.trunk.blocks.11.attn.qkv.weight ---> vision_model.encoder.layers.11.self_attn.v_proj.weight
visual.trunk.blocks.11.attn.qkv.bias
visual.trunk.blocks.11.attn.qkv.bias ---> vision_model.encoder.layers.11.self_attn.q_proj.bias
visual.trunk.blocks.11.attn.qkv.bias ---> vision_model.encoder.layers.11.self_attn.k_proj.bias
visual.trunk.blocks.11.attn.qkv.bias ---> vision_model.encoder.layers.11.self_attn.v_proj.bias
visual.trunk.blocks.11.attn.proj.weight
visual.trunk.blocks.11.attn.proj.weight ---> vision_model.encoder.layers.11.self_attn.out_proj.weight
visual.trunk.blocks.11.attn.proj.bias
visual.trunk.blocks.11.attn.proj.bias ---> vision_model.encoder.layers.11.self_attn.out_proj.bias
visual.trunk.blocks.11.norm2.weight
visual.trunk.blocks.11.norm2.weight ---> vision_model.encoder.layers.11.layer_norm2.weight
visual.trunk.blocks.11.norm2.bias
visual.trunk.blocks.11.norm2.bias ---> vision_model.encoder.layers.11.layer_norm2.bias
visual.trunk.blocks.11.mlp.fc1.weight
visual.trunk.blocks.11.mlp.fc1.weight ---> vision_model.encoder.layers.11.mlp.fc1.weight
visual.trunk.blocks.11.mlp.fc1.bias
visual.trunk.blocks.11.mlp.fc1.bias ---> vision_model.encoder.layers.11.mlp.fc1.bias
visual.trunk.blocks.11.mlp.fc2.weight
visual.trunk.blocks.11.mlp.fc2.weight ---> vision_model.encoder.layers.11.mlp.fc2.weight
visual.trunk.blocks.11.mlp.fc2.bias
visual.trunk.blocks.11.mlp.fc2.bias ---> vision_model.encoder.layers.11.mlp.fc2.bias
visual.trunk.norm.weight
visual.trunk.norm.weight ---> vision_model.post_layernorm.weight
visual.trunk.norm.bias
visual.trunk.norm.bias ---> vision_model.post_layernorm.bias
visual.head.proj.weight
visual.head.proj.weight ---> visual_projection.weight
text.transformer.embeddings.word_embeddings.weight
text.transformer.embeddings.word_embeddings.weight ---> text_model.embeddings.token_embedding.weight
text.transformer.embeddings.position_embeddings.weight
text.transformer.embeddings.position_embeddings.weight ---> text_model.embeddings.position_embedding.weight
text.transformer.embeddings.token_type_embeddings.weight
text.transformer.embeddings.token_type_embeddings.weight ---> text_model.embeddings.token_type_embedding.weight
text.transformer.embeddings.LayerNorm.weight
text.transformer.embeddings.LayerNorm.weight ---> text_model.embeddings.layer_norm.weight
text.transformer.embeddings.LayerNorm.bias
text.transformer.embeddings.LayerNorm.bias ---> text_model.embeddings.layer_norm.bias
text.transformer.encoder.layer.0.attention.self.query.weight
text.transformer.encoder.layer.0.attention.self.query.weight ---> text_model.encoder.layers.0.self_attn.q_proj.weight
text.transformer.encoder.layer.0.attention.self.query.bias
text.transformer.encoder.layer.0.attention.self.query.bias ---> text_model.encoder.layers.0.self_attn.q_proj.bias
text.transformer.encoder.layer.0.attention.self.key.weight
text.transformer.encoder.layer.0.attention.self.key.weight ---> text_model.encoder.layers.0.self_attn.k_proj.weight
text.transformer.encoder.layer.0.attention.self.key.bias
text.transformer.encoder.layer.0.attention.self.key.bias ---> text_model.encoder.layers.0.self_attn.k_proj.bias
text.transformer.encoder.layer.0.attention.self.value.weight
text.transformer.encoder.layer.0.attention.self.value.weight ---> text_model.encoder.layers.0.self_attn.v_proj.weight
text.transformer.encoder.layer.0.attention.self.value.bias
text.transformer.encoder.layer.0.attention.self.value.bias ---> text_model.encoder.layers.0.self_attn.v_proj.bias
text.transformer.encoder.layer.0.attention.output.dense.weight
text.transformer.encoder.layer.0.attention.output.dense.weight ---> text_model.encoder.layers.0.self_attn.out_proj.weight
text.transformer.encoder.layer.0.attention.output.dense.bias
text.transformer.encoder.layer.0.attention.output.dense.bias ---> text_model.encoder.layers.0.self_attn.out_proj.bias
text.transformer.encoder.layer.0.attention.output.LayerNorm.weight
text.transformer.encoder.layer.0.attention.output.LayerNorm.weight ---> text_model.encoder.layers.0.layer_norm1.weight
text.transformer.encoder.layer.0.attention.output.LayerNorm.bias
text.transformer.encoder.layer.0.attention.output.LayerNorm.bias ---> text_model.encoder.layers.0.layer_norm1.bias
text.transformer.encoder.layer.0.intermediate.dense.weight
text.transformer.encoder.layer.0.intermediate.dense.weight ---> text_model.encoder.layers.0.mlp.fc1.weight
text.transformer.encoder.layer.0.intermediate.dense.bias
text.transformer.encoder.layer.0.intermediate.dense.bias ---> text_model.encoder.layers.0.mlp.fc1.bias
text.transformer.encoder.layer.0.output.dense.weight
text.transformer.encoder.layer.0.output.dense.weight ---> text_model.encoder.layers.0.mlp.fc2.weight
text.transformer.encoder.layer.0.output.dense.bias
text.transformer.encoder.layer.0.output.dense.bias ---> text_model.encoder.layers.0.mlp.fc2.bias
text.transformer.encoder.layer.0.output.LayerNorm.weight
text.transformer.encoder.layer.0.output.LayerNorm.weight ---> text_model.encoder.layers.0.layer_norm2.weight
text.transformer.encoder.layer.0.output.LayerNorm.bias
text.transformer.encoder.layer.0.output.LayerNorm.bias ---> text_model.encoder.layers.0.layer_norm2.bias
text.transformer.encoder.layer.1.attention.self.query.weight
text.transformer.encoder.layer.1.attention.self.query.weight ---> text_model.encoder.layers.1.self_attn.q_proj.weight
text.transformer.encoder.layer.1.attention.self.query.bias
text.transformer.encoder.layer.1.attention.self.query.bias ---> text_model.encoder.layers.1.self_attn.q_proj.bias
text.transformer.encoder.layer.1.attention.self.key.weight
text.transformer.encoder.layer.1.attention.self.key.weight ---> text_model.encoder.layers.1.self_attn.k_proj.weight
text.transformer.encoder.layer.1.attention.self.key.bias
text.transformer.encoder.layer.1.attention.self.key.bias ---> text_model.encoder.layers.1.self_attn.k_proj.bias
text.transformer.encoder.layer.1.attention.self.value.weight
text.transformer.encoder.layer.1.attention.self.value.weight ---> text_model.encoder.layers.1.self_attn.v_proj.weight
text.transformer.encoder.layer.1.attention.self.value.bias
text.transformer.encoder.layer.1.attention.self.value.bias ---> text_model.encoder.layers.1.self_attn.v_proj.bias
text.transformer.encoder.layer.1.attention.output.dense.weight
text.transformer.encoder.layer.1.attention.output.dense.weight ---> text_model.encoder.layers.1.self_attn.out_proj.weight
text.transformer.encoder.layer.1.attention.output.dense.bias
text.transformer.encoder.layer.1.attention.output.dense.bias ---> text_model.encoder.layers.1.self_attn.out_proj.bias
text.transformer.encoder.layer.1.attention.output.LayerNorm.weight
text.transformer.encoder.layer.1.attention.output.LayerNorm.weight ---> text_model.encoder.layers.1.layer_norm1.weight
text.transformer.encoder.layer.1.attention.output.LayerNorm.bias
text.transformer.encoder.layer.1.attention.output.LayerNorm.bias ---> text_model.encoder.layers.1.layer_norm1.bias
text.transformer.encoder.layer.1.intermediate.dense.weight
text.transformer.encoder.layer.1.intermediate.dense.weight ---> text_model.encoder.layers.1.mlp.fc1.weight
text.transformer.encoder.layer.1.intermediate.dense.bias
text.transformer.encoder.layer.1.intermediate.dense.bias ---> text_model.encoder.layers.1.mlp.fc1.bias
text.transformer.encoder.layer.1.output.dense.weight
text.transformer.encoder.layer.1.output.dense.weight ---> text_model.encoder.layers.1.mlp.fc2.weight
text.transformer.encoder.layer.1.output.dense.bias
text.transformer.encoder.layer.1.output.dense.bias ---> text_model.encoder.layers.1.mlp.fc2.bias
text.transformer.encoder.layer.1.output.LayerNorm.weight
text.transformer.encoder.layer.1.output.LayerNorm.weight ---> text_model.encoder.layers.1.layer_norm2.weight
text.transformer.encoder.layer.1.output.LayerNorm.bias
text.transformer.encoder.layer.1.output.LayerNorm.bias ---> text_model.encoder.layers.1.layer_norm2.bias
text.transformer.encoder.layer.2.attention.self.query.weight
text.transformer.encoder.layer.2.attention.self.query.weight ---> text_model.encoder.layers.2.self_attn.q_proj.weight
text.transformer.encoder.layer.2.attention.self.query.bias
text.transformer.encoder.layer.2.attention.self.query.bias ---> text_model.encoder.layers.2.self_attn.q_proj.bias
text.transformer.encoder.layer.2.attention.self.key.weight
text.transformer.encoder.layer.2.attention.self.key.weight ---> text_model.encoder.layers.2.self_attn.k_proj.weight
text.transformer.encoder.layer.2.attention.self.key.bias
text.transformer.encoder.layer.2.attention.self.key.bias ---> text_model.encoder.layers.2.self_attn.k_proj.bias
text.transformer.encoder.layer.2.attention.self.value.weight
text.transformer.encoder.layer.2.attention.self.value.weight ---> text_model.encoder.layers.2.self_attn.v_proj.weight
text.transformer.encoder.layer.2.attention.self.value.bias
text.transformer.encoder.layer.2.attention.self.value.bias ---> text_model.encoder.layers.2.self_attn.v_proj.bias
text.transformer.encoder.layer.2.attention.output.dense.weight
text.transformer.encoder.layer.2.attention.output.dense.weight ---> text_model.encoder.layers.2.self_attn.out_proj.weight
text.transformer.encoder.layer.2.attention.output.dense.bias
text.transformer.encoder.layer.2.attention.output.dense.bias ---> text_model.encoder.layers.2.self_attn.out_proj.bias
text.transformer.encoder.layer.2.attention.output.LayerNorm.weight
text.transformer.encoder.layer.2.attention.output.LayerNorm.weight ---> text_model.encoder.layers.2.layer_norm1.weight
text.transformer.encoder.layer.2.attention.output.LayerNorm.bias
text.transformer.encoder.layer.2.attention.output.LayerNorm.bias ---> text_model.encoder.layers.2.layer_norm1.bias
text.transformer.encoder.layer.2.intermediate.dense.weight
text.transformer.encoder.layer.2.intermediate.dense.weight ---> text_model.encoder.layers.2.mlp.fc1.weight
text.transformer.encoder.layer.2.intermediate.dense.bias
text.transformer.encoder.layer.2.intermediate.dense.bias ---> text_model.encoder.layers.2.mlp.fc1.bias
text.transformer.encoder.layer.2.output.dense.weight
text.transformer.encoder.layer.2.output.dense.weight ---> text_model.encoder.layers.2.mlp.fc2.weight
text.transformer.encoder.layer.2.output.dense.bias
text.transformer.encoder.layer.2.output.dense.bias ---> text_model.encoder.layers.2.mlp.fc2.bias
text.transformer.encoder.layer.2.output.LayerNorm.weight
text.transformer.encoder.layer.2.output.LayerNorm.weight ---> text_model.encoder.layers.2.layer_norm2.weight
text.transformer.encoder.layer.2.output.LayerNorm.bias
text.transformer.encoder.layer.2.output.LayerNorm.bias ---> text_model.encoder.layers.2.layer_norm2.bias
text.transformer.encoder.layer.3.attention.self.query.weight
text.transformer.encoder.layer.3.attention.self.query.weight ---> text_model.encoder.layers.3.self_attn.q_proj.weight
text.transformer.encoder.layer.3.attention.self.query.bias
text.transformer.encoder.layer.3.attention.self.query.bias ---> text_model.encoder.layers.3.self_attn.q_proj.bias
text.transformer.encoder.layer.3.attention.self.key.weight
text.transformer.encoder.layer.3.attention.self.key.weight ---> text_model.encoder.layers.3.self_attn.k_proj.weight
text.transformer.encoder.layer.3.attention.self.key.bias
text.transformer.encoder.layer.3.attention.self.key.bias ---> text_model.encoder.layers.3.self_attn.k_proj.bias
text.transformer.encoder.layer.3.attention.self.value.weight
text.transformer.encoder.layer.3.attention.self.value.weight ---> text_model.encoder.layers.3.self_attn.v_proj.weight
text.transformer.encoder.layer.3.attention.self.value.bias
text.transformer.encoder.layer.3.attention.self.value.bias ---> text_model.encoder.layers.3.self_attn.v_proj.bias
text.transformer.encoder.layer.3.attention.output.dense.weight
text.transformer.encoder.layer.3.attention.output.dense.weight ---> text_model.encoder.layers.3.self_attn.out_proj.weight
text.transformer.encoder.layer.3.attention.output.dense.bias
text.transformer.encoder.layer.3.attention.output.dense.bias ---> text_model.encoder.layers.3.self_attn.out_proj.bias
text.transformer.encoder.layer.3.attention.output.LayerNorm.weight
text.transformer.encoder.layer.3.attention.output.LayerNorm.weight ---> text_model.encoder.layers.3.layer_norm1.weight
text.transformer.encoder.layer.3.attention.output.LayerNorm.bias
text.transformer.encoder.layer.3.attention.output.LayerNorm.bias ---> text_model.encoder.layers.3.layer_norm1.bias
text.transformer.encoder.layer.3.intermediate.dense.weight
text.transformer.encoder.layer.3.intermediate.dense.weight ---> text_model.encoder.layers.3.mlp.fc1.weight
text.transformer.encoder.layer.3.intermediate.dense.bias
text.transformer.encoder.layer.3.intermediate.dense.bias ---> text_model.encoder.layers.3.mlp.fc1.bias
text.transformer.encoder.layer.3.output.dense.weight
text.transformer.encoder.layer.3.output.dense.weight ---> text_model.encoder.layers.3.mlp.fc2.weight
text.transformer.encoder.layer.3.output.dense.bias
text.transformer.encoder.layer.3.output.dense.bias ---> text_model.encoder.layers.3.mlp.fc2.bias
text.transformer.encoder.layer.3.output.LayerNorm.weight
text.transformer.encoder.layer.3.output.LayerNorm.weight ---> text_model.encoder.layers.3.layer_norm2.weight
text.transformer.encoder.layer.3.output.LayerNorm.bias
text.transformer.encoder.layer.3.output.LayerNorm.bias ---> text_model.encoder.layers.3.layer_norm2.bias
text.transformer.encoder.layer.4.attention.self.query.weight
text.transformer.encoder.layer.4.attention.self.query.weight ---> text_model.encoder.layers.4.self_attn.q_proj.weight
text.transformer.encoder.layer.4.attention.self.query.bias
text.transformer.encoder.layer.4.attention.self.query.bias ---> text_model.encoder.layers.4.self_attn.q_proj.bias
text.transformer.encoder.layer.4.attention.self.key.weight
text.transformer.encoder.layer.4.attention.self.key.weight ---> text_model.encoder.layers.4.self_attn.k_proj.weight
text.transformer.encoder.layer.4.attention.self.key.bias
text.transformer.encoder.layer.4.attention.self.key.bias ---> text_model.encoder.layers.4.self_attn.k_proj.bias
text.transformer.encoder.layer.4.attention.self.value.weight
text.transformer.encoder.layer.4.attention.self.value.weight ---> text_model.encoder.layers.4.self_attn.v_proj.weight
text.transformer.encoder.layer.4.attention.self.value.bias
text.transformer.encoder.layer.4.attention.self.value.bias ---> text_model.encoder.layers.4.self_attn.v_proj.bias
text.transformer.encoder.layer.4.attention.output.dense.weight
text.transformer.encoder.layer.4.attention.output.dense.weight ---> text_model.encoder.layers.4.self_attn.out_proj.weight
text.transformer.encoder.layer.4.attention.output.dense.bias
text.transformer.encoder.layer.4.attention.output.dense.bias ---> text_model.encoder.layers.4.self_attn.out_proj.bias
text.transformer.encoder.layer.4.attention.output.LayerNorm.weight
text.transformer.encoder.layer.4.attention.output.LayerNorm.weight ---> text_model.encoder.layers.4.layer_norm1.weight
text.transformer.encoder.layer.4.attention.output.LayerNorm.bias
text.transformer.encoder.layer.4.attention.output.LayerNorm.bias ---> text_model.encoder.layers.4.layer_norm1.bias
text.transformer.encoder.layer.4.intermediate.dense.weight
text.transformer.encoder.layer.4.intermediate.dense.weight ---> text_model.encoder.layers.4.mlp.fc1.weight
text.transformer.encoder.layer.4.intermediate.dense.bias
text.transformer.encoder.layer.4.intermediate.dense.bias ---> text_model.encoder.layers.4.mlp.fc1.bias
text.transformer.encoder.layer.4.output.dense.weight
text.transformer.encoder.layer.4.output.dense.weight ---> text_model.encoder.layers.4.mlp.fc2.weight
text.transformer.encoder.layer.4.output.dense.bias
text.transformer.encoder.layer.4.output.dense.bias ---> text_model.encoder.layers.4.mlp.fc2.bias
text.transformer.encoder.layer.4.output.LayerNorm.weight
text.transformer.encoder.layer.4.output.LayerNorm.weight ---> text_model.encoder.layers.4.layer_norm2.weight
text.transformer.encoder.layer.4.output.LayerNorm.bias
text.transformer.encoder.layer.4.output.LayerNorm.bias ---> text_model.encoder.layers.4.layer_norm2.bias
text.transformer.encoder.layer.5.attention.self.query.weight
text.transformer.encoder.layer.5.attention.self.query.weight ---> text_model.encoder.layers.5.self_attn.q_proj.weight
text.transformer.encoder.layer.5.attention.self.query.bias
text.transformer.encoder.layer.5.attention.self.query.bias ---> text_model.encoder.layers.5.self_attn.q_proj.bias
text.transformer.encoder.layer.5.attention.self.key.weight
text.transformer.encoder.layer.5.attention.self.key.weight ---> text_model.encoder.layers.5.self_attn.k_proj.weight
text.transformer.encoder.layer.5.attention.self.key.bias
text.transformer.encoder.layer.5.attention.self.key.bias ---> text_model.encoder.layers.5.self_attn.k_proj.bias
text.transformer.encoder.layer.5.attention.self.value.weight
text.transformer.encoder.layer.5.attention.self.value.weight ---> text_model.encoder.layers.5.self_attn.v_proj.weight
text.transformer.encoder.layer.5.attention.self.value.bias
text.transformer.encoder.layer.5.attention.self.value.bias ---> text_model.encoder.layers.5.self_attn.v_proj.bias
text.transformer.encoder.layer.5.attention.output.dense.weight
text.transformer.encoder.layer.5.attention.output.dense.weight ---> text_model.encoder.layers.5.self_attn.out_proj.weight
text.transformer.encoder.layer.5.attention.output.dense.bias
text.transformer.encoder.layer.5.attention.output.dense.bias ---> text_model.encoder.layers.5.self_attn.out_proj.bias
text.transformer.encoder.layer.5.attention.output.LayerNorm.weight
text.transformer.encoder.layer.5.attention.output.LayerNorm.weight ---> text_model.encoder.layers.5.layer_norm1.weight
text.transformer.encoder.layer.5.attention.output.LayerNorm.bias
text.transformer.encoder.layer.5.attention.output.LayerNorm.bias ---> text_model.encoder.layers.5.layer_norm1.bias
text.transformer.encoder.layer.5.intermediate.dense.weight
text.transformer.encoder.layer.5.intermediate.dense.weight ---> text_model.encoder.layers.5.mlp.fc1.weight
text.transformer.encoder.layer.5.intermediate.dense.bias
text.transformer.encoder.layer.5.intermediate.dense.bias ---> text_model.encoder.layers.5.mlp.fc1.bias
text.transformer.encoder.layer.5.output.dense.weight
text.transformer.encoder.layer.5.output.dense.weight ---> text_model.encoder.layers.5.mlp.fc2.weight
text.transformer.encoder.layer.5.output.dense.bias
text.transformer.encoder.layer.5.output.dense.bias ---> text_model.encoder.layers.5.mlp.fc2.bias
text.transformer.encoder.layer.5.output.LayerNorm.weight
text.transformer.encoder.layer.5.output.LayerNorm.weight ---> text_model.encoder.layers.5.layer_norm2.weight
text.transformer.encoder.layer.5.output.LayerNorm.bias
text.transformer.encoder.layer.5.output.LayerNorm.bias ---> text_model.encoder.layers.5.layer_norm2.bias
text.transformer.encoder.layer.6.attention.self.query.weight
text.transformer.encoder.layer.6.attention.self.query.weight ---> text_model.encoder.layers.6.self_attn.q_proj.weight
text.transformer.encoder.layer.6.attention.self.query.bias
text.transformer.encoder.layer.6.attention.self.query.bias ---> text_model.encoder.layers.6.self_attn.q_proj.bias
text.transformer.encoder.layer.6.attention.self.key.weight
text.transformer.encoder.layer.6.attention.self.key.weight ---> text_model.encoder.layers.6.self_attn.k_proj.weight
text.transformer.encoder.layer.6.attention.self.key.bias
text.transformer.encoder.layer.6.attention.self.key.bias ---> text_model.encoder.layers.6.self_attn.k_proj.bias
text.transformer.encoder.layer.6.attention.self.value.weight
text.transformer.encoder.layer.6.attention.self.value.weight ---> text_model.encoder.layers.6.self_attn.v_proj.weight
text.transformer.encoder.layer.6.attention.self.value.bias
text.transformer.encoder.layer.6.attention.self.value.bias ---> text_model.encoder.layers.6.self_attn.v_proj.bias
text.transformer.encoder.layer.6.attention.output.dense.weight
text.transformer.encoder.layer.6.attention.output.dense.weight ---> text_model.encoder.layers.6.self_attn.out_proj.weight
text.transformer.encoder.layer.6.attention.output.dense.bias
text.transformer.encoder.layer.6.attention.output.dense.bias ---> text_model.encoder.layers.6.self_attn.out_proj.bias
text.transformer.encoder.layer.6.attention.output.LayerNorm.weight
text.transformer.encoder.layer.6.attention.output.LayerNorm.weight ---> text_model.encoder.layers.6.layer_norm1.weight
text.transformer.encoder.layer.6.attention.output.LayerNorm.bias
text.transformer.encoder.layer.6.attention.output.LayerNorm.bias ---> text_model.encoder.layers.6.layer_norm1.bias
text.transformer.encoder.layer.6.intermediate.dense.weight
text.transformer.encoder.layer.6.intermediate.dense.weight ---> text_model.encoder.layers.6.mlp.fc1.weight
text.transformer.encoder.layer.6.intermediate.dense.bias
text.transformer.encoder.layer.6.intermediate.dense.bias ---> text_model.encoder.layers.6.mlp.fc1.bias
text.transformer.encoder.layer.6.output.dense.weight
text.transformer.encoder.layer.6.output.dense.weight ---> text_model.encoder.layers.6.mlp.fc2.weight
text.transformer.encoder.layer.6.output.dense.bias
text.transformer.encoder.layer.6.output.dense.bias ---> text_model.encoder.layers.6.mlp.fc2.bias
text.transformer.encoder.layer.6.output.LayerNorm.weight
text.transformer.encoder.layer.6.output.LayerNorm.weight ---> text_model.encoder.layers.6.layer_norm2.weight
text.transformer.encoder.layer.6.output.LayerNorm.bias
text.transformer.encoder.layer.6.output.LayerNorm.bias ---> text_model.encoder.layers.6.layer_norm2.bias
text.transformer.encoder.layer.7.attention.self.query.weight
text.transformer.encoder.layer.7.attention.self.query.weight ---> text_model.encoder.layers.7.self_attn.q_proj.weight
text.transformer.encoder.layer.7.attention.self.query.bias
text.transformer.encoder.layer.7.attention.self.query.bias ---> text_model.encoder.layers.7.self_attn.q_proj.bias
text.transformer.encoder.layer.7.attention.self.key.weight
text.transformer.encoder.layer.7.attention.self.key.weight ---> text_model.encoder.layers.7.self_attn.k_proj.weight
text.transformer.encoder.layer.7.attention.self.key.bias
text.transformer.encoder.layer.7.attention.self.key.bias ---> text_model.encoder.layers.7.self_attn.k_proj.bias
text.transformer.encoder.layer.7.attention.self.value.weight
text.transformer.encoder.layer.7.attention.self.value.weight ---> text_model.encoder.layers.7.self_attn.v_proj.weight
text.transformer.encoder.layer.7.attention.self.value.bias
text.transformer.encoder.layer.7.attention.self.value.bias ---> text_model.encoder.layers.7.self_attn.v_proj.bias
text.transformer.encoder.layer.7.attention.output.dense.weight
text.transformer.encoder.layer.7.attention.output.dense.weight ---> text_model.encoder.layers.7.self_attn.out_proj.weight
text.transformer.encoder.layer.7.attention.output.dense.bias
text.transformer.encoder.layer.7.attention.output.dense.bias ---> text_model.encoder.layers.7.self_attn.out_proj.bias
text.transformer.encoder.layer.7.attention.output.LayerNorm.weight
text.transformer.encoder.layer.7.attention.output.LayerNorm.weight ---> text_model.encoder.layers.7.layer_norm1.weight
text.transformer.encoder.layer.7.attention.output.LayerNorm.bias
text.transformer.encoder.layer.7.attention.output.LayerNorm.bias ---> text_model.encoder.layers.7.layer_norm1.bias
text.transformer.encoder.layer.7.intermediate.dense.weight
text.transformer.encoder.layer.7.intermediate.dense.weight ---> text_model.encoder.layers.7.mlp.fc1.weight
text.transformer.encoder.layer.7.intermediate.dense.bias
text.transformer.encoder.layer.7.intermediate.dense.bias ---> text_model.encoder.layers.7.mlp.fc1.bias
text.transformer.encoder.layer.7.output.dense.weight
text.transformer.encoder.layer.7.output.dense.weight ---> text_model.encoder.layers.7.mlp.fc2.weight
text.transformer.encoder.layer.7.output.dense.bias
text.transformer.encoder.layer.7.output.dense.bias ---> text_model.encoder.layers.7.mlp.fc2.bias
text.transformer.encoder.layer.7.output.LayerNorm.weight
text.transformer.encoder.layer.7.output.LayerNorm.weight ---> text_model.encoder.layers.7.layer_norm2.weight
text.transformer.encoder.layer.7.output.LayerNorm.bias
text.transformer.encoder.layer.7.output.LayerNorm.bias ---> text_model.encoder.layers.7.layer_norm2.bias
text.transformer.encoder.layer.8.attention.self.query.weight
text.transformer.encoder.layer.8.attention.self.query.weight ---> text_model.encoder.layers.8.self_attn.q_proj.weight
text.transformer.encoder.layer.8.attention.self.query.bias
text.transformer.encoder.layer.8.attention.self.query.bias ---> text_model.encoder.layers.8.self_attn.q_proj.bias
text.transformer.encoder.layer.8.attention.self.key.weight
text.transformer.encoder.layer.8.attention.self.key.weight ---> text_model.encoder.layers.8.self_attn.k_proj.weight
text.transformer.encoder.layer.8.attention.self.key.bias
text.transformer.encoder.layer.8.attention.self.key.bias ---> text_model.encoder.layers.8.self_attn.k_proj.bias
text.transformer.encoder.layer.8.attention.self.value.weight
text.transformer.encoder.layer.8.attention.self.value.weight ---> text_model.encoder.layers.8.self_attn.v_proj.weight
text.transformer.encoder.layer.8.attention.self.value.bias
text.transformer.encoder.layer.8.attention.self.value.bias ---> text_model.encoder.layers.8.self_attn.v_proj.bias
text.transformer.encoder.layer.8.attention.output.dense.weight
text.transformer.encoder.layer.8.attention.output.dense.weight ---> text_model.encoder.layers.8.self_attn.out_proj.weight
text.transformer.encoder.layer.8.attention.output.dense.bias
text.transformer.encoder.layer.8.attention.output.dense.bias ---> text_model.encoder.layers.8.self_attn.out_proj.bias
text.transformer.encoder.layer.8.attention.output.LayerNorm.weight
text.transformer.encoder.layer.8.attention.output.LayerNorm.weight ---> text_model.encoder.layers.8.layer_norm1.weight
text.transformer.encoder.layer.8.attention.output.LayerNorm.bias
text.transformer.encoder.layer.8.attention.output.LayerNorm.bias ---> text_model.encoder.layers.8.layer_norm1.bias
text.transformer.encoder.layer.8.intermediate.dense.weight
text.transformer.encoder.layer.8.intermediate.dense.weight ---> text_model.encoder.layers.8.mlp.fc1.weight
text.transformer.encoder.layer.8.intermediate.dense.bias
text.transformer.encoder.layer.8.intermediate.dense.bias ---> text_model.encoder.layers.8.mlp.fc1.bias
text.transformer.encoder.layer.8.output.dense.weight
text.transformer.encoder.layer.8.output.dense.weight ---> text_model.encoder.layers.8.mlp.fc2.weight
text.transformer.encoder.layer.8.output.dense.bias
text.transformer.encoder.layer.8.output.dense.bias ---> text_model.encoder.layers.8.mlp.fc2.bias
text.transformer.encoder.layer.8.output.LayerNorm.weight
text.transformer.encoder.layer.8.output.LayerNorm.weight ---> text_model.encoder.layers.8.layer_norm2.weight
text.transformer.encoder.layer.8.output.LayerNorm.bias
text.transformer.encoder.layer.8.output.LayerNorm.bias ---> text_model.encoder.layers.8.layer_norm2.bias
text.transformer.encoder.layer.9.attention.self.query.weight
text.transformer.encoder.layer.9.attention.self.query.weight ---> text_model.encoder.layers.9.self_attn.q_proj.weight
text.transformer.encoder.layer.9.attention.self.query.bias
text.transformer.encoder.layer.9.attention.self.query.bias ---> text_model.encoder.layers.9.self_attn.q_proj.bias
text.transformer.encoder.layer.9.attention.self.key.weight
text.transformer.encoder.layer.9.attention.self.key.weight ---> text_model.encoder.layers.9.self_attn.k_proj.weight
text.transformer.encoder.layer.9.attention.self.key.bias
text.transformer.encoder.layer.9.attention.self.key.bias ---> text_model.encoder.layers.9.self_attn.k_proj.bias
text.transformer.encoder.layer.9.attention.self.value.weight
text.transformer.encoder.layer.9.attention.self.value.weight ---> text_model.encoder.layers.9.self_attn.v_proj.weight
text.transformer.encoder.layer.9.attention.self.value.bias
text.transformer.encoder.layer.9.attention.self.value.bias ---> text_model.encoder.layers.9.self_attn.v_proj.bias
text.transformer.encoder.layer.9.attention.output.dense.weight
text.transformer.encoder.layer.9.attention.output.dense.weight ---> text_model.encoder.layers.9.self_attn.out_proj.weight
text.transformer.encoder.layer.9.attention.output.dense.bias
text.transformer.encoder.layer.9.attention.output.dense.bias ---> text_model.encoder.layers.9.self_attn.out_proj.bias
text.transformer.encoder.layer.9.attention.output.LayerNorm.weight
text.transformer.encoder.layer.9.attention.output.LayerNorm.weight ---> text_model.encoder.layers.9.layer_norm1.weight
text.transformer.encoder.layer.9.attention.output.LayerNorm.bias
text.transformer.encoder.layer.9.attention.output.LayerNorm.bias ---> text_model.encoder.layers.9.layer_norm1.bias
text.transformer.encoder.layer.9.intermediate.dense.weight
text.transformer.encoder.layer.9.intermediate.dense.weight ---> text_model.encoder.layers.9.mlp.fc1.weight
text.transformer.encoder.layer.9.intermediate.dense.bias
text.transformer.encoder.layer.9.intermediate.dense.bias ---> text_model.encoder.layers.9.mlp.fc1.bias
text.transformer.encoder.layer.9.output.dense.weight
text.transformer.encoder.layer.9.output.dense.weight ---> text_model.encoder.layers.9.mlp.fc2.weight
text.transformer.encoder.layer.9.output.dense.bias
text.transformer.encoder.layer.9.output.dense.bias ---> text_model.encoder.layers.9.mlp.fc2.bias
text.transformer.encoder.layer.9.output.LayerNorm.weight
text.transformer.encoder.layer.9.output.LayerNorm.weight ---> text_model.encoder.layers.9.layer_norm2.weight
text.transformer.encoder.layer.9.output.LayerNorm.bias
text.transformer.encoder.layer.9.output.LayerNorm.bias ---> text_model.encoder.layers.9.layer_norm2.bias
text.transformer.encoder.layer.10.attention.self.query.weight
text.transformer.encoder.layer.10.attention.self.query.weight ---> text_model.encoder.layers.10.self_attn.q_proj.weight
text.transformer.encoder.layer.10.attention.self.query.bias
text.transformer.encoder.layer.10.attention.self.query.bias ---> text_model.encoder.layers.10.self_attn.q_proj.bias
text.transformer.encoder.layer.10.attention.self.key.weight
text.transformer.encoder.layer.10.attention.self.key.weight ---> text_model.encoder.layers.10.self_attn.k_proj.weight
text.transformer.encoder.layer.10.attention.self.key.bias
text.transformer.encoder.layer.10.attention.self.key.bias ---> text_model.encoder.layers.10.self_attn.k_proj.bias
text.transformer.encoder.layer.10.attention.self.value.weight
text.transformer.encoder.layer.10.attention.self.value.weight ---> text_model.encoder.layers.10.self_attn.v_proj.weight
text.transformer.encoder.layer.10.attention.self.value.bias
text.transformer.encoder.layer.10.attention.self.value.bias ---> text_model.encoder.layers.10.self_attn.v_proj.bias
text.transformer.encoder.layer.10.attention.output.dense.weight
text.transformer.encoder.layer.10.attention.output.dense.weight ---> text_model.encoder.layers.10.self_attn.out_proj.weight
text.transformer.encoder.layer.10.attention.output.dense.bias
text.transformer.encoder.layer.10.attention.output.dense.bias ---> text_model.encoder.layers.10.self_attn.out_proj.bias
text.transformer.encoder.layer.10.attention.output.LayerNorm.weight
text.transformer.encoder.layer.10.attention.output.LayerNorm.weight ---> text_model.encoder.layers.10.layer_norm1.weight
text.transformer.encoder.layer.10.attention.output.LayerNorm.bias
text.transformer.encoder.layer.10.attention.output.LayerNorm.bias ---> text_model.encoder.layers.10.layer_norm1.bias
text.transformer.encoder.layer.10.intermediate.dense.weight
text.transformer.encoder.layer.10.intermediate.dense.weight ---> text_model.encoder.layers.10.mlp.fc1.weight
text.transformer.encoder.layer.10.intermediate.dense.bias
text.transformer.encoder.layer.10.intermediate.dense.bias ---> text_model.encoder.layers.10.mlp.fc1.bias
text.transformer.encoder.layer.10.output.dense.weight
text.transformer.encoder.layer.10.output.dense.weight ---> text_model.encoder.layers.10.mlp.fc2.weight
text.transformer.encoder.layer.10.output.dense.bias
text.transformer.encoder.layer.10.output.dense.bias ---> text_model.encoder.layers.10.mlp.fc2.bias
text.transformer.encoder.layer.10.output.LayerNorm.weight
text.transformer.encoder.layer.10.output.LayerNorm.weight ---> text_model.encoder.layers.10.layer_norm2.weight
text.transformer.encoder.layer.10.output.LayerNorm.bias
text.transformer.encoder.layer.10.output.LayerNorm.bias ---> text_model.encoder.layers.10.layer_norm2.bias
text.transformer.encoder.layer.11.attention.self.query.weight
text.transformer.encoder.layer.11.attention.self.query.weight ---> text_model.encoder.layers.11.self_attn.q_proj.weight
text.transformer.encoder.layer.11.attention.self.query.bias
text.transformer.encoder.layer.11.attention.self.query.bias ---> text_model.encoder.layers.11.self_attn.q_proj.bias
text.transformer.encoder.layer.11.attention.self.key.weight
text.transformer.encoder.layer.11.attention.self.key.weight ---> text_model.encoder.layers.11.self_attn.k_proj.weight
text.transformer.encoder.layer.11.attention.self.key.bias
text.transformer.encoder.layer.11.attention.self.key.bias ---> text_model.encoder.layers.11.self_attn.k_proj.bias
text.transformer.encoder.layer.11.attention.self.value.weight
text.transformer.encoder.layer.11.attention.self.value.weight ---> text_model.encoder.layers.11.self_attn.v_proj.weight
text.transformer.encoder.layer.11.attention.self.value.bias
text.transformer.encoder.layer.11.attention.self.value.bias ---> text_model.encoder.layers.11.self_attn.v_proj.bias
text.transformer.encoder.layer.11.attention.output.dense.weight
text.transformer.encoder.layer.11.attention.output.dense.weight ---> text_model.encoder.layers.11.self_attn.out_proj.weight
text.transformer.encoder.layer.11.attention.output.dense.bias
text.transformer.encoder.layer.11.attention.output.dense.bias ---> text_model.encoder.layers.11.self_attn.out_proj.bias
text.transformer.encoder.layer.11.attention.output.LayerNorm.weight
text.transformer.encoder.layer.11.attention.output.LayerNorm.weight ---> text_model.encoder.layers.11.layer_norm1.weight
text.transformer.encoder.layer.11.attention.output.LayerNorm.bias
text.transformer.encoder.layer.11.attention.output.LayerNorm.bias ---> text_model.encoder.layers.11.layer_norm1.bias
text.transformer.encoder.layer.11.intermediate.dense.weight
text.transformer.encoder.layer.11.intermediate.dense.weight ---> text_model.encoder.layers.11.mlp.fc1.weight
text.transformer.encoder.layer.11.intermediate.dense.bias
text.transformer.encoder.layer.11.intermediate.dense.bias ---> text_model.encoder.layers.11.mlp.fc1.bias
text.transformer.encoder.layer.11.output.dense.weight
text.transformer.encoder.layer.11.output.dense.weight ---> text_model.encoder.layers.11.mlp.fc2.weight
text.transformer.encoder.layer.11.output.dense.bias
text.transformer.encoder.layer.11.output.dense.bias ---> text_model.encoder.layers.11.mlp.fc2.bias
text.transformer.encoder.layer.11.output.LayerNorm.weight
text.transformer.encoder.layer.11.output.LayerNorm.weight ---> text_model.encoder.layers.11.layer_norm2.weight
text.transformer.encoder.layer.11.output.LayerNorm.bias
text.transformer.encoder.layer.11.output.LayerNorm.bias ---> text_model.encoder.layers.11.layer_norm2.bias
text.proj.0.weight
text.proj.0.weight ---> text_projection.fc1.weight
text.proj.2.weight
text.proj.2.weight ---> text_projection.fc2.weight
Copying config files...
Saving pytorch_model.bin to /home/woojye2020/decs_jupyter_lab/MedCLIP-SAMv2/biomedclip_finetuning/open_clip/src/logs/biomedclip_dpo_udiat_v28/hf_model...
Success!
Found best epoch: 5
Starting conversion for biomedclip_dpo_udiat_v28 (epoch 5) -> best_params...
Loading checkpoint from /home/woojye2020/decs_jupyter_lab/MedCLIP-SAMv2/biomedclip_finetuning/open_clip/src/logs/biomedclip_dpo_udiat_v28/checkpoints/epoch_5.pt...
logit_scale
visual.trunk.cls_token
visual.trunk.cls_token ---> vision_model.embeddings.class_embedding
visual.trunk.pos_embed
visual.trunk.pos_embed ---> vision_model.embeddings.position_embedding.weight
visual.trunk.patch_embed.proj.weight
visual.trunk.patch_embed.proj.weight ---> vision_model.embeddings.patch_embedding.weight
visual.trunk.patch_embed.proj.bias
visual.trunk.patch_embed.proj.bias ---> vision_model.embeddings.patch_embedding.bias
visual.trunk.blocks.0.norm1.weight
visual.trunk.blocks.0.norm1.weight ---> vision_model.encoder.layers.0.layer_norm1.weight
visual.trunk.blocks.0.norm1.bias
visual.trunk.blocks.0.norm1.bias ---> vision_model.encoder.layers.0.layer_norm1.bias
visual.trunk.blocks.0.attn.qkv.weight
visual.trunk.blocks.0.attn.qkv.weight ---> vision_model.encoder.layers.0.self_attn.q_proj.weight
visual.trunk.blocks.0.attn.qkv.weight ---> vision_model.encoder.layers.0.self_attn.k_proj.weight
visual.trunk.blocks.0.attn.qkv.weight ---> vision_model.encoder.layers.0.self_attn.v_proj.weight
visual.trunk.blocks.0.attn.qkv.bias
visual.trunk.blocks.0.attn.qkv.bias ---> vision_model.encoder.layers.0.self_attn.q_proj.bias
visual.trunk.blocks.0.attn.qkv.bias ---> vision_model.encoder.layers.0.self_attn.k_proj.bias
visual.trunk.blocks.0.attn.qkv.bias ---> vision_model.encoder.layers.0.self_attn.v_proj.bias
visual.trunk.blocks.0.attn.proj.weight
visual.trunk.blocks.0.attn.proj.weight ---> vision_model.encoder.layers.0.self_attn.out_proj.weight
visual.trunk.blocks.0.attn.proj.bias
visual.trunk.blocks.0.attn.proj.bias ---> vision_model.encoder.layers.0.self_attn.out_proj.bias
visual.trunk.blocks.0.norm2.weight
visual.trunk.blocks.0.norm2.weight ---> vision_model.encoder.layers.0.layer_norm2.weight
visual.trunk.blocks.0.norm2.bias
visual.trunk.blocks.0.norm2.bias ---> vision_model.encoder.layers.0.layer_norm2.bias
visual.trunk.blocks.0.mlp.fc1.weight
visual.trunk.blocks.0.mlp.fc1.weight ---> vision_model.encoder.layers.0.mlp.fc1.weight
visual.trunk.blocks.0.mlp.fc1.bias
visual.trunk.blocks.0.mlp.fc1.bias ---> vision_model.encoder.layers.0.mlp.fc1.bias
visual.trunk.blocks.0.mlp.fc2.weight
visual.trunk.blocks.0.mlp.fc2.weight ---> vision_model.encoder.layers.0.mlp.fc2.weight
visual.trunk.blocks.0.mlp.fc2.bias
visual.trunk.blocks.0.mlp.fc2.bias ---> vision_model.encoder.layers.0.mlp.fc2.bias
visual.trunk.blocks.1.norm1.weight
visual.trunk.blocks.1.norm1.weight ---> vision_model.encoder.layers.1.layer_norm1.weight
visual.trunk.blocks.1.norm1.bias
visual.trunk.blocks.1.norm1.bias ---> vision_model.encoder.layers.1.layer_norm1.bias
visual.trunk.blocks.1.attn.qkv.weight
visual.trunk.blocks.1.attn.qkv.weight ---> vision_model.encoder.layers.1.self_attn.q_proj.weight
visual.trunk.blocks.1.attn.qkv.weight ---> vision_model.encoder.layers.1.self_attn.k_proj.weight
visual.trunk.blocks.1.attn.qkv.weight ---> vision_model.encoder.layers.1.self_attn.v_proj.weight
visual.trunk.blocks.1.attn.qkv.bias
visual.trunk.blocks.1.attn.qkv.bias ---> vision_model.encoder.layers.1.self_attn.q_proj.bias
visual.trunk.blocks.1.attn.qkv.bias ---> vision_model.encoder.layers.1.self_attn.k_proj.bias
visual.trunk.blocks.1.attn.qkv.bias ---> vision_model.encoder.layers.1.self_attn.v_proj.bias
visual.trunk.blocks.1.attn.proj.weight
visual.trunk.blocks.1.attn.proj.weight ---> vision_model.encoder.layers.1.self_attn.out_proj.weight
visual.trunk.blocks.1.attn.proj.bias
visual.trunk.blocks.1.attn.proj.bias ---> vision_model.encoder.layers.1.self_attn.out_proj.bias
visual.trunk.blocks.1.norm2.weight
visual.trunk.blocks.1.norm2.weight ---> vision_model.encoder.layers.1.layer_norm2.weight
visual.trunk.blocks.1.norm2.bias
visual.trunk.blocks.1.norm2.bias ---> vision_model.encoder.layers.1.layer_norm2.bias
visual.trunk.blocks.1.mlp.fc1.weight
visual.trunk.blocks.1.mlp.fc1.weight ---> vision_model.encoder.layers.1.mlp.fc1.weight
visual.trunk.blocks.1.mlp.fc1.bias
visual.trunk.blocks.1.mlp.fc1.bias ---> vision_model.encoder.layers.1.mlp.fc1.bias
visual.trunk.blocks.1.mlp.fc2.weight
visual.trunk.blocks.1.mlp.fc2.weight ---> vision_model.encoder.layers.1.mlp.fc2.weight
visual.trunk.blocks.1.mlp.fc2.bias
visual.trunk.blocks.1.mlp.fc2.bias ---> vision_model.encoder.layers.1.mlp.fc2.bias
visual.trunk.blocks.2.norm1.weight
visual.trunk.blocks.2.norm1.weight ---> vision_model.encoder.layers.2.layer_norm1.weight
visual.trunk.blocks.2.norm1.bias
visual.trunk.blocks.2.norm1.bias ---> vision_model.encoder.layers.2.layer_norm1.bias
visual.trunk.blocks.2.attn.qkv.weight
visual.trunk.blocks.2.attn.qkv.weight ---> vision_model.encoder.layers.2.self_attn.q_proj.weight
visual.trunk.blocks.2.attn.qkv.weight ---> vision_model.encoder.layers.2.self_attn.k_proj.weight
visual.trunk.blocks.2.attn.qkv.weight ---> vision_model.encoder.layers.2.self_attn.v_proj.weight
visual.trunk.blocks.2.attn.qkv.bias
visual.trunk.blocks.2.attn.qkv.bias ---> vision_model.encoder.layers.2.self_attn.q_proj.bias
visual.trunk.blocks.2.attn.qkv.bias ---> vision_model.encoder.layers.2.self_attn.k_proj.bias
visual.trunk.blocks.2.attn.qkv.bias ---> vision_model.encoder.layers.2.self_attn.v_proj.bias
visual.trunk.blocks.2.attn.proj.weight
visual.trunk.blocks.2.attn.proj.weight ---> vision_model.encoder.layers.2.self_attn.out_proj.weight
visual.trunk.blocks.2.attn.proj.bias
visual.trunk.blocks.2.attn.proj.bias ---> vision_model.encoder.layers.2.self_attn.out_proj.bias
visual.trunk.blocks.2.norm2.weight
visual.trunk.blocks.2.norm2.weight ---> vision_model.encoder.layers.2.layer_norm2.weight
visual.trunk.blocks.2.norm2.bias
visual.trunk.blocks.2.norm2.bias ---> vision_model.encoder.layers.2.layer_norm2.bias
visual.trunk.blocks.2.mlp.fc1.weight
visual.trunk.blocks.2.mlp.fc1.weight ---> vision_model.encoder.layers.2.mlp.fc1.weight
visual.trunk.blocks.2.mlp.fc1.bias
visual.trunk.blocks.2.mlp.fc1.bias ---> vision_model.encoder.layers.2.mlp.fc1.bias
visual.trunk.blocks.2.mlp.fc2.weight
visual.trunk.blocks.2.mlp.fc2.weight ---> vision_model.encoder.layers.2.mlp.fc2.weight
visual.trunk.blocks.2.mlp.fc2.bias
visual.trunk.blocks.2.mlp.fc2.bias ---> vision_model.encoder.layers.2.mlp.fc2.bias
visual.trunk.blocks.3.norm1.weight
visual.trunk.blocks.3.norm1.weight ---> vision_model.encoder.layers.3.layer_norm1.weight
visual.trunk.blocks.3.norm1.bias
visual.trunk.blocks.3.norm1.bias ---> vision_model.encoder.layers.3.layer_norm1.bias
visual.trunk.blocks.3.attn.qkv.weight
visual.trunk.blocks.3.attn.qkv.weight ---> vision_model.encoder.layers.3.self_attn.q_proj.weight
visual.trunk.blocks.3.attn.qkv.weight ---> vision_model.encoder.layers.3.self_attn.k_proj.weight
visual.trunk.blocks.3.attn.qkv.weight ---> vision_model.encoder.layers.3.self_attn.v_proj.weight
visual.trunk.blocks.3.attn.qkv.bias
visual.trunk.blocks.3.attn.qkv.bias ---> vision_model.encoder.layers.3.self_attn.q_proj.bias
visual.trunk.blocks.3.attn.qkv.bias ---> vision_model.encoder.layers.3.self_attn.k_proj.bias
visual.trunk.blocks.3.attn.qkv.bias ---> vision_model.encoder.layers.3.self_attn.v_proj.bias
visual.trunk.blocks.3.attn.proj.weight
visual.trunk.blocks.3.attn.proj.weight ---> vision_model.encoder.layers.3.self_attn.out_proj.weight
visual.trunk.blocks.3.attn.proj.bias
visual.trunk.blocks.3.attn.proj.bias ---> vision_model.encoder.layers.3.self_attn.out_proj.bias
visual.trunk.blocks.3.norm2.weight
visual.trunk.blocks.3.norm2.weight ---> vision_model.encoder.layers.3.layer_norm2.weight
visual.trunk.blocks.3.norm2.bias
visual.trunk.blocks.3.norm2.bias ---> vision_model.encoder.layers.3.layer_norm2.bias
visual.trunk.blocks.3.mlp.fc1.weight
visual.trunk.blocks.3.mlp.fc1.weight ---> vision_model.encoder.layers.3.mlp.fc1.weight
visual.trunk.blocks.3.mlp.fc1.bias
visual.trunk.blocks.3.mlp.fc1.bias ---> vision_model.encoder.layers.3.mlp.fc1.bias
visual.trunk.blocks.3.mlp.fc2.weight
visual.trunk.blocks.3.mlp.fc2.weight ---> vision_model.encoder.layers.3.mlp.fc2.weight
visual.trunk.blocks.3.mlp.fc2.bias
visual.trunk.blocks.3.mlp.fc2.bias ---> vision_model.encoder.layers.3.mlp.fc2.bias
visual.trunk.blocks.4.norm1.weight
visual.trunk.blocks.4.norm1.weight ---> vision_model.encoder.layers.4.layer_norm1.weight
visual.trunk.blocks.4.norm1.bias
visual.trunk.blocks.4.norm1.bias ---> vision_model.encoder.layers.4.layer_norm1.bias
visual.trunk.blocks.4.attn.qkv.weight
visual.trunk.blocks.4.attn.qkv.weight ---> vision_model.encoder.layers.4.self_attn.q_proj.weight
visual.trunk.blocks.4.attn.qkv.weight ---> vision_model.encoder.layers.4.self_attn.k_proj.weight
visual.trunk.blocks.4.attn.qkv.weight ---> vision_model.encoder.layers.4.self_attn.v_proj.weight
visual.trunk.blocks.4.attn.qkv.bias
visual.trunk.blocks.4.attn.qkv.bias ---> vision_model.encoder.layers.4.self_attn.q_proj.bias
visual.trunk.blocks.4.attn.qkv.bias ---> vision_model.encoder.layers.4.self_attn.k_proj.bias
visual.trunk.blocks.4.attn.qkv.bias ---> vision_model.encoder.layers.4.self_attn.v_proj.bias
visual.trunk.blocks.4.attn.proj.weight
visual.trunk.blocks.4.attn.proj.weight ---> vision_model.encoder.layers.4.self_attn.out_proj.weight
visual.trunk.blocks.4.attn.proj.bias
visual.trunk.blocks.4.attn.proj.bias ---> vision_model.encoder.layers.4.self_attn.out_proj.bias
visual.trunk.blocks.4.norm2.weight
visual.trunk.blocks.4.norm2.weight ---> vision_model.encoder.layers.4.layer_norm2.weight
visual.trunk.blocks.4.norm2.bias
visual.trunk.blocks.4.norm2.bias ---> vision_model.encoder.layers.4.layer_norm2.bias
visual.trunk.blocks.4.mlp.fc1.weight
visual.trunk.blocks.4.mlp.fc1.weight ---> vision_model.encoder.layers.4.mlp.fc1.weight
visual.trunk.blocks.4.mlp.fc1.bias
visual.trunk.blocks.4.mlp.fc1.bias ---> vision_model.encoder.layers.4.mlp.fc1.bias
visual.trunk.blocks.4.mlp.fc2.weight
visual.trunk.blocks.4.mlp.fc2.weight ---> vision_model.encoder.layers.4.mlp.fc2.weight
visual.trunk.blocks.4.mlp.fc2.bias
visual.trunk.blocks.4.mlp.fc2.bias ---> vision_model.encoder.layers.4.mlp.fc2.bias
visual.trunk.blocks.5.norm1.weight
visual.trunk.blocks.5.norm1.weight ---> vision_model.encoder.layers.5.layer_norm1.weight
visual.trunk.blocks.5.norm1.bias
visual.trunk.blocks.5.norm1.bias ---> vision_model.encoder.layers.5.layer_norm1.bias
visual.trunk.blocks.5.attn.qkv.weight
visual.trunk.blocks.5.attn.qkv.weight ---> vision_model.encoder.layers.5.self_attn.q_proj.weight
visual.trunk.blocks.5.attn.qkv.weight ---> vision_model.encoder.layers.5.self_attn.k_proj.weight
visual.trunk.blocks.5.attn.qkv.weight ---> vision_model.encoder.layers.5.self_attn.v_proj.weight
visual.trunk.blocks.5.attn.qkv.bias
visual.trunk.blocks.5.attn.qkv.bias ---> vision_model.encoder.layers.5.self_attn.q_proj.bias
visual.trunk.blocks.5.attn.qkv.bias ---> vision_model.encoder.layers.5.self_attn.k_proj.bias
visual.trunk.blocks.5.attn.qkv.bias ---> vision_model.encoder.layers.5.self_attn.v_proj.bias
visual.trunk.blocks.5.attn.proj.weight
visual.trunk.blocks.5.attn.proj.weight ---> vision_model.encoder.layers.5.self_attn.out_proj.weight
visual.trunk.blocks.5.attn.proj.bias
visual.trunk.blocks.5.attn.proj.bias ---> vision_model.encoder.layers.5.self_attn.out_proj.bias
visual.trunk.blocks.5.norm2.weight
visual.trunk.blocks.5.norm2.weight ---> vision_model.encoder.layers.5.layer_norm2.weight
visual.trunk.blocks.5.norm2.bias
visual.trunk.blocks.5.norm2.bias ---> vision_model.encoder.layers.5.layer_norm2.bias
visual.trunk.blocks.5.mlp.fc1.weight
visual.trunk.blocks.5.mlp.fc1.weight ---> vision_model.encoder.layers.5.mlp.fc1.weight
visual.trunk.blocks.5.mlp.fc1.bias
visual.trunk.blocks.5.mlp.fc1.bias ---> vision_model.encoder.layers.5.mlp.fc1.bias
visual.trunk.blocks.5.mlp.fc2.weight
visual.trunk.blocks.5.mlp.fc2.weight ---> vision_model.encoder.layers.5.mlp.fc2.weight
visual.trunk.blocks.5.mlp.fc2.bias
visual.trunk.blocks.5.mlp.fc2.bias ---> vision_model.encoder.layers.5.mlp.fc2.bias
visual.trunk.blocks.6.norm1.weight
visual.trunk.blocks.6.norm1.weight ---> vision_model.encoder.layers.6.layer_norm1.weight
visual.trunk.blocks.6.norm1.bias
visual.trunk.blocks.6.norm1.bias ---> vision_model.encoder.layers.6.layer_norm1.bias
visual.trunk.blocks.6.attn.qkv.weight
visual.trunk.blocks.6.attn.qkv.weight ---> vision_model.encoder.layers.6.self_attn.q_proj.weight
visual.trunk.blocks.6.attn.qkv.weight ---> vision_model.encoder.layers.6.self_attn.k_proj.weight
visual.trunk.blocks.6.attn.qkv.weight ---> vision_model.encoder.layers.6.self_attn.v_proj.weight
visual.trunk.blocks.6.attn.qkv.bias
visual.trunk.blocks.6.attn.qkv.bias ---> vision_model.encoder.layers.6.self_attn.q_proj.bias
visual.trunk.blocks.6.attn.qkv.bias ---> vision_model.encoder.layers.6.self_attn.k_proj.bias
visual.trunk.blocks.6.attn.qkv.bias ---> vision_model.encoder.layers.6.self_attn.v_proj.bias
visual.trunk.blocks.6.attn.proj.weight
visual.trunk.blocks.6.attn.proj.weight ---> vision_model.encoder.layers.6.self_attn.out_proj.weight
visual.trunk.blocks.6.attn.proj.bias
visual.trunk.blocks.6.attn.proj.bias ---> vision_model.encoder.layers.6.self_attn.out_proj.bias
visual.trunk.blocks.6.norm2.weight
visual.trunk.blocks.6.norm2.weight ---> vision_model.encoder.layers.6.layer_norm2.weight
visual.trunk.blocks.6.norm2.bias
visual.trunk.blocks.6.norm2.bias ---> vision_model.encoder.layers.6.layer_norm2.bias
visual.trunk.blocks.6.mlp.fc1.weight
visual.trunk.blocks.6.mlp.fc1.weight ---> vision_model.encoder.layers.6.mlp.fc1.weight
visual.trunk.blocks.6.mlp.fc1.bias
visual.trunk.blocks.6.mlp.fc1.bias ---> vision_model.encoder.layers.6.mlp.fc1.bias
visual.trunk.blocks.6.mlp.fc2.weight
visual.trunk.blocks.6.mlp.fc2.weight ---> vision_model.encoder.layers.6.mlp.fc2.weight
visual.trunk.blocks.6.mlp.fc2.bias
visual.trunk.blocks.6.mlp.fc2.bias ---> vision_model.encoder.layers.6.mlp.fc2.bias
visual.trunk.blocks.7.norm1.weight
visual.trunk.blocks.7.norm1.weight ---> vision_model.encoder.layers.7.layer_norm1.weight
visual.trunk.blocks.7.norm1.bias
visual.trunk.blocks.7.norm1.bias ---> vision_model.encoder.layers.7.layer_norm1.bias
visual.trunk.blocks.7.attn.qkv.weight
visual.trunk.blocks.7.attn.qkv.weight ---> vision_model.encoder.layers.7.self_attn.q_proj.weight
visual.trunk.blocks.7.attn.qkv.weight ---> vision_model.encoder.layers.7.self_attn.k_proj.weight
visual.trunk.blocks.7.attn.qkv.weight ---> vision_model.encoder.layers.7.self_attn.v_proj.weight
visual.trunk.blocks.7.attn.qkv.bias
visual.trunk.blocks.7.attn.qkv.bias ---> vision_model.encoder.layers.7.self_attn.q_proj.bias
visual.trunk.blocks.7.attn.qkv.bias ---> vision_model.encoder.layers.7.self_attn.k_proj.bias
visual.trunk.blocks.7.attn.qkv.bias ---> vision_model.encoder.layers.7.self_attn.v_proj.bias
visual.trunk.blocks.7.attn.proj.weight
visual.trunk.blocks.7.attn.proj.weight ---> vision_model.encoder.layers.7.self_attn.out_proj.weight
visual.trunk.blocks.7.attn.proj.bias
visual.trunk.blocks.7.attn.proj.bias ---> vision_model.encoder.layers.7.self_attn.out_proj.bias
visual.trunk.blocks.7.norm2.weight
visual.trunk.blocks.7.norm2.weight ---> vision_model.encoder.layers.7.layer_norm2.weight
visual.trunk.blocks.7.norm2.bias
visual.trunk.blocks.7.norm2.bias ---> vision_model.encoder.layers.7.layer_norm2.bias
visual.trunk.blocks.7.mlp.fc1.weight
visual.trunk.blocks.7.mlp.fc1.weight ---> vision_model.encoder.layers.7.mlp.fc1.weight
visual.trunk.blocks.7.mlp.fc1.bias
visual.trunk.blocks.7.mlp.fc1.bias ---> vision_model.encoder.layers.7.mlp.fc1.bias
visual.trunk.blocks.7.mlp.fc2.weight
visual.trunk.blocks.7.mlp.fc2.weight ---> vision_model.encoder.layers.7.mlp.fc2.weight
visual.trunk.blocks.7.mlp.fc2.bias
visual.trunk.blocks.7.mlp.fc2.bias ---> vision_model.encoder.layers.7.mlp.fc2.bias
visual.trunk.blocks.8.norm1.weight
visual.trunk.blocks.8.norm1.weight ---> vision_model.encoder.layers.8.layer_norm1.weight
visual.trunk.blocks.8.norm1.bias
visual.trunk.blocks.8.norm1.bias ---> vision_model.encoder.layers.8.layer_norm1.bias
visual.trunk.blocks.8.attn.qkv.weight
visual.trunk.blocks.8.attn.qkv.weight ---> vision_model.encoder.layers.8.self_attn.q_proj.weight
visual.trunk.blocks.8.attn.qkv.weight ---> vision_model.encoder.layers.8.self_attn.k_proj.weight
visual.trunk.blocks.8.attn.qkv.weight ---> vision_model.encoder.layers.8.self_attn.v_proj.weight
visual.trunk.blocks.8.attn.qkv.bias
visual.trunk.blocks.8.attn.qkv.bias ---> vision_model.encoder.layers.8.self_attn.q_proj.bias
visual.trunk.blocks.8.attn.qkv.bias ---> vision_model.encoder.layers.8.self_attn.k_proj.bias
visual.trunk.blocks.8.attn.qkv.bias ---> vision_model.encoder.layers.8.self_attn.v_proj.bias
visual.trunk.blocks.8.attn.proj.weight
visual.trunk.blocks.8.attn.proj.weight ---> vision_model.encoder.layers.8.self_attn.out_proj.weight
visual.trunk.blocks.8.attn.proj.bias
visual.trunk.blocks.8.attn.proj.bias ---> vision_model.encoder.layers.8.self_attn.out_proj.bias
visual.trunk.blocks.8.norm2.weight
visual.trunk.blocks.8.norm2.weight ---> vision_model.encoder.layers.8.layer_norm2.weight
visual.trunk.blocks.8.norm2.bias
visual.trunk.blocks.8.norm2.bias ---> vision_model.encoder.layers.8.layer_norm2.bias
visual.trunk.blocks.8.mlp.fc1.weight
visual.trunk.blocks.8.mlp.fc1.weight ---> vision_model.encoder.layers.8.mlp.fc1.weight
visual.trunk.blocks.8.mlp.fc1.bias
visual.trunk.blocks.8.mlp.fc1.bias ---> vision_model.encoder.layers.8.mlp.fc1.bias
visual.trunk.blocks.8.mlp.fc2.weight
visual.trunk.blocks.8.mlp.fc2.weight ---> vision_model.encoder.layers.8.mlp.fc2.weight
visual.trunk.blocks.8.mlp.fc2.bias
visual.trunk.blocks.8.mlp.fc2.bias ---> vision_model.encoder.layers.8.mlp.fc2.bias
visual.trunk.blocks.9.norm1.weight
visual.trunk.blocks.9.norm1.weight ---> vision_model.encoder.layers.9.layer_norm1.weight
visual.trunk.blocks.9.norm1.bias
visual.trunk.blocks.9.norm1.bias ---> vision_model.encoder.layers.9.layer_norm1.bias
visual.trunk.blocks.9.attn.qkv.weight
visual.trunk.blocks.9.attn.qkv.weight ---> vision_model.encoder.layers.9.self_attn.q_proj.weight
visual.trunk.blocks.9.attn.qkv.weight ---> vision_model.encoder.layers.9.self_attn.k_proj.weight
visual.trunk.blocks.9.attn.qkv.weight ---> vision_model.encoder.layers.9.self_attn.v_proj.weight
visual.trunk.blocks.9.attn.qkv.bias
visual.trunk.blocks.9.attn.qkv.bias ---> vision_model.encoder.layers.9.self_attn.q_proj.bias
visual.trunk.blocks.9.attn.qkv.bias ---> vision_model.encoder.layers.9.self_attn.k_proj.bias
visual.trunk.blocks.9.attn.qkv.bias ---> vision_model.encoder.layers.9.self_attn.v_proj.bias
visual.trunk.blocks.9.attn.proj.weight
visual.trunk.blocks.9.attn.proj.weight ---> vision_model.encoder.layers.9.self_attn.out_proj.weight
visual.trunk.blocks.9.attn.proj.bias
visual.trunk.blocks.9.attn.proj.bias ---> vision_model.encoder.layers.9.self_attn.out_proj.bias
visual.trunk.blocks.9.norm2.weight
visual.trunk.blocks.9.norm2.weight ---> vision_model.encoder.layers.9.layer_norm2.weight
visual.trunk.blocks.9.norm2.bias
visual.trunk.blocks.9.norm2.bias ---> vision_model.encoder.layers.9.layer_norm2.bias
visual.trunk.blocks.9.mlp.fc1.weight
visual.trunk.blocks.9.mlp.fc1.weight ---> vision_model.encoder.layers.9.mlp.fc1.weight
visual.trunk.blocks.9.mlp.fc1.bias
visual.trunk.blocks.9.mlp.fc1.bias ---> vision_model.encoder.layers.9.mlp.fc1.bias
visual.trunk.blocks.9.mlp.fc2.weight
visual.trunk.blocks.9.mlp.fc2.weight ---> vision_model.encoder.layers.9.mlp.fc2.weight
visual.trunk.blocks.9.mlp.fc2.bias
visual.trunk.blocks.9.mlp.fc2.bias ---> vision_model.encoder.layers.9.mlp.fc2.bias
visual.trunk.blocks.10.norm1.weight
visual.trunk.blocks.10.norm1.weight ---> vision_model.encoder.layers.10.layer_norm1.weight
visual.trunk.blocks.10.norm1.bias
visual.trunk.blocks.10.norm1.bias ---> vision_model.encoder.layers.10.layer_norm1.bias
visual.trunk.blocks.10.attn.qkv.weight
visual.trunk.blocks.10.attn.qkv.weight ---> vision_model.encoder.layers.10.self_attn.q_proj.weight
visual.trunk.blocks.10.attn.qkv.weight ---> vision_model.encoder.layers.10.self_attn.k_proj.weight
visual.trunk.blocks.10.attn.qkv.weight ---> vision_model.encoder.layers.10.self_attn.v_proj.weight
visual.trunk.blocks.10.attn.qkv.bias
visual.trunk.blocks.10.attn.qkv.bias ---> vision_model.encoder.layers.10.self_attn.q_proj.bias
visual.trunk.blocks.10.attn.qkv.bias ---> vision_model.encoder.layers.10.self_attn.k_proj.bias
visual.trunk.blocks.10.attn.qkv.bias ---> vision_model.encoder.layers.10.self_attn.v_proj.bias
visual.trunk.blocks.10.attn.proj.weight
visual.trunk.blocks.10.attn.proj.weight ---> vision_model.encoder.layers.10.self_attn.out_proj.weight
visual.trunk.blocks.10.attn.proj.bias
visual.trunk.blocks.10.attn.proj.bias ---> vision_model.encoder.layers.10.self_attn.out_proj.bias
visual.trunk.blocks.10.norm2.weight
visual.trunk.blocks.10.norm2.weight ---> vision_model.encoder.layers.10.layer_norm2.weight
visual.trunk.blocks.10.norm2.bias
visual.trunk.blocks.10.norm2.bias ---> vision_model.encoder.layers.10.layer_norm2.bias
visual.trunk.blocks.10.mlp.fc1.weight
visual.trunk.blocks.10.mlp.fc1.weight ---> vision_model.encoder.layers.10.mlp.fc1.weight
visual.trunk.blocks.10.mlp.fc1.bias
visual.trunk.blocks.10.mlp.fc1.bias ---> vision_model.encoder.layers.10.mlp.fc1.bias
visual.trunk.blocks.10.mlp.fc2.weight
visual.trunk.blocks.10.mlp.fc2.weight ---> vision_model.encoder.layers.10.mlp.fc2.weight
visual.trunk.blocks.10.mlp.fc2.bias
visual.trunk.blocks.10.mlp.fc2.bias ---> vision_model.encoder.layers.10.mlp.fc2.bias
visual.trunk.blocks.11.norm1.weight
visual.trunk.blocks.11.norm1.weight ---> vision_model.encoder.layers.11.layer_norm1.weight
visual.trunk.blocks.11.norm1.bias
visual.trunk.blocks.11.norm1.bias ---> vision_model.encoder.layers.11.layer_norm1.bias
visual.trunk.blocks.11.attn.qkv.weight
visual.trunk.blocks.11.attn.qkv.weight ---> vision_model.encoder.layers.11.self_attn.q_proj.weight
visual.trunk.blocks.11.attn.qkv.weight ---> vision_model.encoder.layers.11.self_attn.k_proj.weight
visual.trunk.blocks.11.attn.qkv.weight ---> vision_model.encoder.layers.11.self_attn.v_proj.weight
visual.trunk.blocks.11.attn.qkv.bias
visual.trunk.blocks.11.attn.qkv.bias ---> vision_model.encoder.layers.11.self_attn.q_proj.bias
visual.trunk.blocks.11.attn.qkv.bias ---> vision_model.encoder.layers.11.self_attn.k_proj.bias
visual.trunk.blocks.11.attn.qkv.bias ---> vision_model.encoder.layers.11.self_attn.v_proj.bias
visual.trunk.blocks.11.attn.proj.weight
visual.trunk.blocks.11.attn.proj.weight ---> vision_model.encoder.layers.11.self_attn.out_proj.weight
visual.trunk.blocks.11.attn.proj.bias
visual.trunk.blocks.11.attn.proj.bias ---> vision_model.encoder.layers.11.self_attn.out_proj.bias
visual.trunk.blocks.11.norm2.weight
visual.trunk.blocks.11.norm2.weight ---> vision_model.encoder.layers.11.layer_norm2.weight
visual.trunk.blocks.11.norm2.bias
visual.trunk.blocks.11.norm2.bias ---> vision_model.encoder.layers.11.layer_norm2.bias
visual.trunk.blocks.11.mlp.fc1.weight
visual.trunk.blocks.11.mlp.fc1.weight ---> vision_model.encoder.layers.11.mlp.fc1.weight
visual.trunk.blocks.11.mlp.fc1.bias
visual.trunk.blocks.11.mlp.fc1.bias ---> vision_model.encoder.layers.11.mlp.fc1.bias
visual.trunk.blocks.11.mlp.fc2.weight
visual.trunk.blocks.11.mlp.fc2.weight ---> vision_model.encoder.layers.11.mlp.fc2.weight
visual.trunk.blocks.11.mlp.fc2.bias
visual.trunk.blocks.11.mlp.fc2.bias ---> vision_model.encoder.layers.11.mlp.fc2.bias
visual.trunk.norm.weight
visual.trunk.norm.weight ---> vision_model.post_layernorm.weight
visual.trunk.norm.bias
visual.trunk.norm.bias ---> vision_model.post_layernorm.bias
visual.head.proj.weight
visual.head.proj.weight ---> visual_projection.weight
text.transformer.embeddings.word_embeddings.weight
text.transformer.embeddings.word_embeddings.weight ---> text_model.embeddings.token_embedding.weight
text.transformer.embeddings.position_embeddings.weight
text.transformer.embeddings.position_embeddings.weight ---> text_model.embeddings.position_embedding.weight
text.transformer.embeddings.token_type_embeddings.weight
text.transformer.embeddings.token_type_embeddings.weight ---> text_model.embeddings.token_type_embedding.weight
text.transformer.embeddings.LayerNorm.weight
text.transformer.embeddings.LayerNorm.weight ---> text_model.embeddings.layer_norm.weight
text.transformer.embeddings.LayerNorm.bias
text.transformer.embeddings.LayerNorm.bias ---> text_model.embeddings.layer_norm.bias
text.transformer.encoder.layer.0.attention.self.query.weight
text.transformer.encoder.layer.0.attention.self.query.weight ---> text_model.encoder.layers.0.self_attn.q_proj.weight
text.transformer.encoder.layer.0.attention.self.query.bias
text.transformer.encoder.layer.0.attention.self.query.bias ---> text_model.encoder.layers.0.self_attn.q_proj.bias
text.transformer.encoder.layer.0.attention.self.key.weight
text.transformer.encoder.layer.0.attention.self.key.weight ---> text_model.encoder.layers.0.self_attn.k_proj.weight
text.transformer.encoder.layer.0.attention.self.key.bias
text.transformer.encoder.layer.0.attention.self.key.bias ---> text_model.encoder.layers.0.self_attn.k_proj.bias
text.transformer.encoder.layer.0.attention.self.value.weight
text.transformer.encoder.layer.0.attention.self.value.weight ---> text_model.encoder.layers.0.self_attn.v_proj.weight
text.transformer.encoder.layer.0.attention.self.value.bias
text.transformer.encoder.layer.0.attention.self.value.bias ---> text_model.encoder.layers.0.self_attn.v_proj.bias
text.transformer.encoder.layer.0.attention.output.dense.weight
text.transformer.encoder.layer.0.attention.output.dense.weight ---> text_model.encoder.layers.0.self_attn.out_proj.weight
text.transformer.encoder.layer.0.attention.output.dense.bias
text.transformer.encoder.layer.0.attention.output.dense.bias ---> text_model.encoder.layers.0.self_attn.out_proj.bias
text.transformer.encoder.layer.0.attention.output.LayerNorm.weight
text.transformer.encoder.layer.0.attention.output.LayerNorm.weight ---> text_model.encoder.layers.0.layer_norm1.weight
text.transformer.encoder.layer.0.attention.output.LayerNorm.bias
text.transformer.encoder.layer.0.attention.output.LayerNorm.bias ---> text_model.encoder.layers.0.layer_norm1.bias
text.transformer.encoder.layer.0.intermediate.dense.weight
text.transformer.encoder.layer.0.intermediate.dense.weight ---> text_model.encoder.layers.0.mlp.fc1.weight
text.transformer.encoder.layer.0.intermediate.dense.bias
text.transformer.encoder.layer.0.intermediate.dense.bias ---> text_model.encoder.layers.0.mlp.fc1.bias
text.transformer.encoder.layer.0.output.dense.weight
text.transformer.encoder.layer.0.output.dense.weight ---> text_model.encoder.layers.0.mlp.fc2.weight
text.transformer.encoder.layer.0.output.dense.bias
text.transformer.encoder.layer.0.output.dense.bias ---> text_model.encoder.layers.0.mlp.fc2.bias
text.transformer.encoder.layer.0.output.LayerNorm.weight
text.transformer.encoder.layer.0.output.LayerNorm.weight ---> text_model.encoder.layers.0.layer_norm2.weight
text.transformer.encoder.layer.0.output.LayerNorm.bias
text.transformer.encoder.layer.0.output.LayerNorm.bias ---> text_model.encoder.layers.0.layer_norm2.bias
text.transformer.encoder.layer.1.attention.self.query.weight
text.transformer.encoder.layer.1.attention.self.query.weight ---> text_model.encoder.layers.1.self_attn.q_proj.weight
text.transformer.encoder.layer.1.attention.self.query.bias
text.transformer.encoder.layer.1.attention.self.query.bias ---> text_model.encoder.layers.1.self_attn.q_proj.bias
text.transformer.encoder.layer.1.attention.self.key.weight
text.transformer.encoder.layer.1.attention.self.key.weight ---> text_model.encoder.layers.1.self_attn.k_proj.weight
text.transformer.encoder.layer.1.attention.self.key.bias
text.transformer.encoder.layer.1.attention.self.key.bias ---> text_model.encoder.layers.1.self_attn.k_proj.bias
text.transformer.encoder.layer.1.attention.self.value.weight
text.transformer.encoder.layer.1.attention.self.value.weight ---> text_model.encoder.layers.1.self_attn.v_proj.weight
text.transformer.encoder.layer.1.attention.self.value.bias
text.transformer.encoder.layer.1.attention.self.value.bias ---> text_model.encoder.layers.1.self_attn.v_proj.bias
text.transformer.encoder.layer.1.attention.output.dense.weight
text.transformer.encoder.layer.1.attention.output.dense.weight ---> text_model.encoder.layers.1.self_attn.out_proj.weight
text.transformer.encoder.layer.1.attention.output.dense.bias
text.transformer.encoder.layer.1.attention.output.dense.bias ---> text_model.encoder.layers.1.self_attn.out_proj.bias
text.transformer.encoder.layer.1.attention.output.LayerNorm.weight
text.transformer.encoder.layer.1.attention.output.LayerNorm.weight ---> text_model.encoder.layers.1.layer_norm1.weight
text.transformer.encoder.layer.1.attention.output.LayerNorm.bias
text.transformer.encoder.layer.1.attention.output.LayerNorm.bias ---> text_model.encoder.layers.1.layer_norm1.bias
text.transformer.encoder.layer.1.intermediate.dense.weight
text.transformer.encoder.layer.1.intermediate.dense.weight ---> text_model.encoder.layers.1.mlp.fc1.weight
text.transformer.encoder.layer.1.intermediate.dense.bias
text.transformer.encoder.layer.1.intermediate.dense.bias ---> text_model.encoder.layers.1.mlp.fc1.bias
text.transformer.encoder.layer.1.output.dense.weight
text.transformer.encoder.layer.1.output.dense.weight ---> text_model.encoder.layers.1.mlp.fc2.weight
text.transformer.encoder.layer.1.output.dense.bias
text.transformer.encoder.layer.1.output.dense.bias ---> text_model.encoder.layers.1.mlp.fc2.bias
text.transformer.encoder.layer.1.output.LayerNorm.weight
text.transformer.encoder.layer.1.output.LayerNorm.weight ---> text_model.encoder.layers.1.layer_norm2.weight
text.transformer.encoder.layer.1.output.LayerNorm.bias
text.transformer.encoder.layer.1.output.LayerNorm.bias ---> text_model.encoder.layers.1.layer_norm2.bias
text.transformer.encoder.layer.2.attention.self.query.weight
text.transformer.encoder.layer.2.attention.self.query.weight ---> text_model.encoder.layers.2.self_attn.q_proj.weight
text.transformer.encoder.layer.2.attention.self.query.bias
text.transformer.encoder.layer.2.attention.self.query.bias ---> text_model.encoder.layers.2.self_attn.q_proj.bias
text.transformer.encoder.layer.2.attention.self.key.weight
text.transformer.encoder.layer.2.attention.self.key.weight ---> text_model.encoder.layers.2.self_attn.k_proj.weight
text.transformer.encoder.layer.2.attention.self.key.bias
text.transformer.encoder.layer.2.attention.self.key.bias ---> text_model.encoder.layers.2.self_attn.k_proj.bias
text.transformer.encoder.layer.2.attention.self.value.weight
text.transformer.encoder.layer.2.attention.self.value.weight ---> text_model.encoder.layers.2.self_attn.v_proj.weight
text.transformer.encoder.layer.2.attention.self.value.bias
text.transformer.encoder.layer.2.attention.self.value.bias ---> text_model.encoder.layers.2.self_attn.v_proj.bias
text.transformer.encoder.layer.2.attention.output.dense.weight
text.transformer.encoder.layer.2.attention.output.dense.weight ---> text_model.encoder.layers.2.self_attn.out_proj.weight
text.transformer.encoder.layer.2.attention.output.dense.bias
text.transformer.encoder.layer.2.attention.output.dense.bias ---> text_model.encoder.layers.2.self_attn.out_proj.bias
text.transformer.encoder.layer.2.attention.output.LayerNorm.weight
text.transformer.encoder.layer.2.attention.output.LayerNorm.weight ---> text_model.encoder.layers.2.layer_norm1.weight
text.transformer.encoder.layer.2.attention.output.LayerNorm.bias
text.transformer.encoder.layer.2.attention.output.LayerNorm.bias ---> text_model.encoder.layers.2.layer_norm1.bias
text.transformer.encoder.layer.2.intermediate.dense.weight
text.transformer.encoder.layer.2.intermediate.dense.weight ---> text_model.encoder.layers.2.mlp.fc1.weight
text.transformer.encoder.layer.2.intermediate.dense.bias
text.transformer.encoder.layer.2.intermediate.dense.bias ---> text_model.encoder.layers.2.mlp.fc1.bias
text.transformer.encoder.layer.2.output.dense.weight
text.transformer.encoder.layer.2.output.dense.weight ---> text_model.encoder.layers.2.mlp.fc2.weight
text.transformer.encoder.layer.2.output.dense.bias
text.transformer.encoder.layer.2.output.dense.bias ---> text_model.encoder.layers.2.mlp.fc2.bias
text.transformer.encoder.layer.2.output.LayerNorm.weight
text.transformer.encoder.layer.2.output.LayerNorm.weight ---> text_model.encoder.layers.2.layer_norm2.weight
text.transformer.encoder.layer.2.output.LayerNorm.bias
text.transformer.encoder.layer.2.output.LayerNorm.bias ---> text_model.encoder.layers.2.layer_norm2.bias
text.transformer.encoder.layer.3.attention.self.query.weight
text.transformer.encoder.layer.3.attention.self.query.weight ---> text_model.encoder.layers.3.self_attn.q_proj.weight
text.transformer.encoder.layer.3.attention.self.query.bias
text.transformer.encoder.layer.3.attention.self.query.bias ---> text_model.encoder.layers.3.self_attn.q_proj.bias
text.transformer.encoder.layer.3.attention.self.key.weight
text.transformer.encoder.layer.3.attention.self.key.weight ---> text_model.encoder.layers.3.self_attn.k_proj.weight
text.transformer.encoder.layer.3.attention.self.key.bias
text.transformer.encoder.layer.3.attention.self.key.bias ---> text_model.encoder.layers.3.self_attn.k_proj.bias
text.transformer.encoder.layer.3.attention.self.value.weight
text.transformer.encoder.layer.3.attention.self.value.weight ---> text_model.encoder.layers.3.self_attn.v_proj.weight
text.transformer.encoder.layer.3.attention.self.value.bias
text.transformer.encoder.layer.3.attention.self.value.bias ---> text_model.encoder.layers.3.self_attn.v_proj.bias
text.transformer.encoder.layer.3.attention.output.dense.weight
text.transformer.encoder.layer.3.attention.output.dense.weight ---> text_model.encoder.layers.3.self_attn.out_proj.weight
text.transformer.encoder.layer.3.attention.output.dense.bias
text.transformer.encoder.layer.3.attention.output.dense.bias ---> text_model.encoder.layers.3.self_attn.out_proj.bias
text.transformer.encoder.layer.3.attention.output.LayerNorm.weight
text.transformer.encoder.layer.3.attention.output.LayerNorm.weight ---> text_model.encoder.layers.3.layer_norm1.weight
text.transformer.encoder.layer.3.attention.output.LayerNorm.bias
text.transformer.encoder.layer.3.attention.output.LayerNorm.bias ---> text_model.encoder.layers.3.layer_norm1.bias
text.transformer.encoder.layer.3.intermediate.dense.weight
text.transformer.encoder.layer.3.intermediate.dense.weight ---> text_model.encoder.layers.3.mlp.fc1.weight
text.transformer.encoder.layer.3.intermediate.dense.bias
text.transformer.encoder.layer.3.intermediate.dense.bias ---> text_model.encoder.layers.3.mlp.fc1.bias
text.transformer.encoder.layer.3.output.dense.weight
text.transformer.encoder.layer.3.output.dense.weight ---> text_model.encoder.layers.3.mlp.fc2.weight
text.transformer.encoder.layer.3.output.dense.bias
text.transformer.encoder.layer.3.output.dense.bias ---> text_model.encoder.layers.3.mlp.fc2.bias
text.transformer.encoder.layer.3.output.LayerNorm.weight
text.transformer.encoder.layer.3.output.LayerNorm.weight ---> text_model.encoder.layers.3.layer_norm2.weight
text.transformer.encoder.layer.3.output.LayerNorm.bias
text.transformer.encoder.layer.3.output.LayerNorm.bias ---> text_model.encoder.layers.3.layer_norm2.bias
text.transformer.encoder.layer.4.attention.self.query.weight
text.transformer.encoder.layer.4.attention.self.query.weight ---> text_model.encoder.layers.4.self_attn.q_proj.weight
text.transformer.encoder.layer.4.attention.self.query.bias
text.transformer.encoder.layer.4.attention.self.query.bias ---> text_model.encoder.layers.4.self_attn.q_proj.bias
text.transformer.encoder.layer.4.attention.self.key.weight
text.transformer.encoder.layer.4.attention.self.key.weight ---> text_model.encoder.layers.4.self_attn.k_proj.weight
text.transformer.encoder.layer.4.attention.self.key.bias
text.transformer.encoder.layer.4.attention.self.key.bias ---> text_model.encoder.layers.4.self_attn.k_proj.bias
text.transformer.encoder.layer.4.attention.self.value.weight
text.transformer.encoder.layer.4.attention.self.value.weight ---> text_model.encoder.layers.4.self_attn.v_proj.weight
text.transformer.encoder.layer.4.attention.self.value.bias
text.transformer.encoder.layer.4.attention.self.value.bias ---> text_model.encoder.layers.4.self_attn.v_proj.bias
text.transformer.encoder.layer.4.attention.output.dense.weight
text.transformer.encoder.layer.4.attention.output.dense.weight ---> text_model.encoder.layers.4.self_attn.out_proj.weight
text.transformer.encoder.layer.4.attention.output.dense.bias
text.transformer.encoder.layer.4.attention.output.dense.bias ---> text_model.encoder.layers.4.self_attn.out_proj.bias
text.transformer.encoder.layer.4.attention.output.LayerNorm.weight
text.transformer.encoder.layer.4.attention.output.LayerNorm.weight ---> text_model.encoder.layers.4.layer_norm1.weight
text.transformer.encoder.layer.4.attention.output.LayerNorm.bias
text.transformer.encoder.layer.4.attention.output.LayerNorm.bias ---> text_model.encoder.layers.4.layer_norm1.bias
text.transformer.encoder.layer.4.intermediate.dense.weight
text.transformer.encoder.layer.4.intermediate.dense.weight ---> text_model.encoder.layers.4.mlp.fc1.weight
text.transformer.encoder.layer.4.intermediate.dense.bias
text.transformer.encoder.layer.4.intermediate.dense.bias ---> text_model.encoder.layers.4.mlp.fc1.bias
text.transformer.encoder.layer.4.output.dense.weight
text.transformer.encoder.layer.4.output.dense.weight ---> text_model.encoder.layers.4.mlp.fc2.weight
text.transformer.encoder.layer.4.output.dense.bias
text.transformer.encoder.layer.4.output.dense.bias ---> text_model.encoder.layers.4.mlp.fc2.bias
text.transformer.encoder.layer.4.output.LayerNorm.weight
text.transformer.encoder.layer.4.output.LayerNorm.weight ---> text_model.encoder.layers.4.layer_norm2.weight
text.transformer.encoder.layer.4.output.LayerNorm.bias
text.transformer.encoder.layer.4.output.LayerNorm.bias ---> text_model.encoder.layers.4.layer_norm2.bias
text.transformer.encoder.layer.5.attention.self.query.weight
text.transformer.encoder.layer.5.attention.self.query.weight ---> text_model.encoder.layers.5.self_attn.q_proj.weight
text.transformer.encoder.layer.5.attention.self.query.bias
text.transformer.encoder.layer.5.attention.self.query.bias ---> text_model.encoder.layers.5.self_attn.q_proj.bias
text.transformer.encoder.layer.5.attention.self.key.weight
text.transformer.encoder.layer.5.attention.self.key.weight ---> text_model.encoder.layers.5.self_attn.k_proj.weight
text.transformer.encoder.layer.5.attention.self.key.bias
text.transformer.encoder.layer.5.attention.self.key.bias ---> text_model.encoder.layers.5.self_attn.k_proj.bias
text.transformer.encoder.layer.5.attention.self.value.weight
text.transformer.encoder.layer.5.attention.self.value.weight ---> text_model.encoder.layers.5.self_attn.v_proj.weight
text.transformer.encoder.layer.5.attention.self.value.bias
text.transformer.encoder.layer.5.attention.self.value.bias ---> text_model.encoder.layers.5.self_attn.v_proj.bias
text.transformer.encoder.layer.5.attention.output.dense.weight
text.transformer.encoder.layer.5.attention.output.dense.weight ---> text_model.encoder.layers.5.self_attn.out_proj.weight
text.transformer.encoder.layer.5.attention.output.dense.bias
text.transformer.encoder.layer.5.attention.output.dense.bias ---> text_model.encoder.layers.5.self_attn.out_proj.bias
text.transformer.encoder.layer.5.attention.output.LayerNorm.weight
text.transformer.encoder.layer.5.attention.output.LayerNorm.weight ---> text_model.encoder.layers.5.layer_norm1.weight
text.transformer.encoder.layer.5.attention.output.LayerNorm.bias
text.transformer.encoder.layer.5.attention.output.LayerNorm.bias ---> text_model.encoder.layers.5.layer_norm1.bias
text.transformer.encoder.layer.5.intermediate.dense.weight
text.transformer.encoder.layer.5.intermediate.dense.weight ---> text_model.encoder.layers.5.mlp.fc1.weight
text.transformer.encoder.layer.5.intermediate.dense.bias
text.transformer.encoder.layer.5.intermediate.dense.bias ---> text_model.encoder.layers.5.mlp.fc1.bias
text.transformer.encoder.layer.5.output.dense.weight
text.transformer.encoder.layer.5.output.dense.weight ---> text_model.encoder.layers.5.mlp.fc2.weight
text.transformer.encoder.layer.5.output.dense.bias
text.transformer.encoder.layer.5.output.dense.bias ---> text_model.encoder.layers.5.mlp.fc2.bias
text.transformer.encoder.layer.5.output.LayerNorm.weight
text.transformer.encoder.layer.5.output.LayerNorm.weight ---> text_model.encoder.layers.5.layer_norm2.weight
text.transformer.encoder.layer.5.output.LayerNorm.bias
text.transformer.encoder.layer.5.output.LayerNorm.bias ---> text_model.encoder.layers.5.layer_norm2.bias
text.transformer.encoder.layer.6.attention.self.query.weight
text.transformer.encoder.layer.6.attention.self.query.weight ---> text_model.encoder.layers.6.self_attn.q_proj.weight
text.transformer.encoder.layer.6.attention.self.query.bias
text.transformer.encoder.layer.6.attention.self.query.bias ---> text_model.encoder.layers.6.self_attn.q_proj.bias
text.transformer.encoder.layer.6.attention.self.key.weight
text.transformer.encoder.layer.6.attention.self.key.weight ---> text_model.encoder.layers.6.self_attn.k_proj.weight
text.transformer.encoder.layer.6.attention.self.key.bias
text.transformer.encoder.layer.6.attention.self.key.bias ---> text_model.encoder.layers.6.self_attn.k_proj.bias
text.transformer.encoder.layer.6.attention.self.value.weight
text.transformer.encoder.layer.6.attention.self.value.weight ---> text_model.encoder.layers.6.self_attn.v_proj.weight
text.transformer.encoder.layer.6.attention.self.value.bias
text.transformer.encoder.layer.6.attention.self.value.bias ---> text_model.encoder.layers.6.self_attn.v_proj.bias
text.transformer.encoder.layer.6.attention.output.dense.weight
text.transformer.encoder.layer.6.attention.output.dense.weight ---> text_model.encoder.layers.6.self_attn.out_proj.weight
text.transformer.encoder.layer.6.attention.output.dense.bias
text.transformer.encoder.layer.6.attention.output.dense.bias ---> text_model.encoder.layers.6.self_attn.out_proj.bias
text.transformer.encoder.layer.6.attention.output.LayerNorm.weight
text.transformer.encoder.layer.6.attention.output.LayerNorm.weight ---> text_model.encoder.layers.6.layer_norm1.weight
text.transformer.encoder.layer.6.attention.output.LayerNorm.bias
text.transformer.encoder.layer.6.attention.output.LayerNorm.bias ---> text_model.encoder.layers.6.layer_norm1.bias
text.transformer.encoder.layer.6.intermediate.dense.weight
text.transformer.encoder.layer.6.intermediate.dense.weight ---> text_model.encoder.layers.6.mlp.fc1.weight
text.transformer.encoder.layer.6.intermediate.dense.bias
text.transformer.encoder.layer.6.intermediate.dense.bias ---> text_model.encoder.layers.6.mlp.fc1.bias
text.transformer.encoder.layer.6.output.dense.weight
text.transformer.encoder.layer.6.output.dense.weight ---> text_model.encoder.layers.6.mlp.fc2.weight
text.transformer.encoder.layer.6.output.dense.bias
text.transformer.encoder.layer.6.output.dense.bias ---> text_model.encoder.layers.6.mlp.fc2.bias
text.transformer.encoder.layer.6.output.LayerNorm.weight
text.transformer.encoder.layer.6.output.LayerNorm.weight ---> text_model.encoder.layers.6.layer_norm2.weight
text.transformer.encoder.layer.6.output.LayerNorm.bias
text.transformer.encoder.layer.6.output.LayerNorm.bias ---> text_model.encoder.layers.6.layer_norm2.bias
text.transformer.encoder.layer.7.attention.self.query.weight
text.transformer.encoder.layer.7.attention.self.query.weight ---> text_model.encoder.layers.7.self_attn.q_proj.weight
text.transformer.encoder.layer.7.attention.self.query.bias
text.transformer.encoder.layer.7.attention.self.query.bias ---> text_model.encoder.layers.7.self_attn.q_proj.bias
text.transformer.encoder.layer.7.attention.self.key.weight
text.transformer.encoder.layer.7.attention.self.key.weight ---> text_model.encoder.layers.7.self_attn.k_proj.weight
text.transformer.encoder.layer.7.attention.self.key.bias
text.transformer.encoder.layer.7.attention.self.key.bias ---> text_model.encoder.layers.7.self_attn.k_proj.bias
text.transformer.encoder.layer.7.attention.self.value.weight
text.transformer.encoder.layer.7.attention.self.value.weight ---> text_model.encoder.layers.7.self_attn.v_proj.weight
text.transformer.encoder.layer.7.attention.self.value.bias
text.transformer.encoder.layer.7.attention.self.value.bias ---> text_model.encoder.layers.7.self_attn.v_proj.bias
text.transformer.encoder.layer.7.attention.output.dense.weight
text.transformer.encoder.layer.7.attention.output.dense.weight ---> text_model.encoder.layers.7.self_attn.out_proj.weight
text.transformer.encoder.layer.7.attention.output.dense.bias
text.transformer.encoder.layer.7.attention.output.dense.bias ---> text_model.encoder.layers.7.self_attn.out_proj.bias
text.transformer.encoder.layer.7.attention.output.LayerNorm.weight
text.transformer.encoder.layer.7.attention.output.LayerNorm.weight ---> text_model.encoder.layers.7.layer_norm1.weight
text.transformer.encoder.layer.7.attention.output.LayerNorm.bias
text.transformer.encoder.layer.7.attention.output.LayerNorm.bias ---> text_model.encoder.layers.7.layer_norm1.bias
text.transformer.encoder.layer.7.intermediate.dense.weight
text.transformer.encoder.layer.7.intermediate.dense.weight ---> text_model.encoder.layers.7.mlp.fc1.weight
text.transformer.encoder.layer.7.intermediate.dense.bias
text.transformer.encoder.layer.7.intermediate.dense.bias ---> text_model.encoder.layers.7.mlp.fc1.bias
text.transformer.encoder.layer.7.output.dense.weight
text.transformer.encoder.layer.7.output.dense.weight ---> text_model.encoder.layers.7.mlp.fc2.weight
text.transformer.encoder.layer.7.output.dense.bias
text.transformer.encoder.layer.7.output.dense.bias ---> text_model.encoder.layers.7.mlp.fc2.bias
text.transformer.encoder.layer.7.output.LayerNorm.weight
text.transformer.encoder.layer.7.output.LayerNorm.weight ---> text_model.encoder.layers.7.layer_norm2.weight
text.transformer.encoder.layer.7.output.LayerNorm.bias
text.transformer.encoder.layer.7.output.LayerNorm.bias ---> text_model.encoder.layers.7.layer_norm2.bias
text.transformer.encoder.layer.8.attention.self.query.weight
text.transformer.encoder.layer.8.attention.self.query.weight ---> text_model.encoder.layers.8.self_attn.q_proj.weight
text.transformer.encoder.layer.8.attention.self.query.bias
text.transformer.encoder.layer.8.attention.self.query.bias ---> text_model.encoder.layers.8.self_attn.q_proj.bias
text.transformer.encoder.layer.8.attention.self.key.weight
text.transformer.encoder.layer.8.attention.self.key.weight ---> text_model.encoder.layers.8.self_attn.k_proj.weight
text.transformer.encoder.layer.8.attention.self.key.bias
text.transformer.encoder.layer.8.attention.self.key.bias ---> text_model.encoder.layers.8.self_attn.k_proj.bias
text.transformer.encoder.layer.8.attention.self.value.weight
text.transformer.encoder.layer.8.attention.self.value.weight ---> text_model.encoder.layers.8.self_attn.v_proj.weight
text.transformer.encoder.layer.8.attention.self.value.bias
text.transformer.encoder.layer.8.attention.self.value.bias ---> text_model.encoder.layers.8.self_attn.v_proj.bias
text.transformer.encoder.layer.8.attention.output.dense.weight
text.transformer.encoder.layer.8.attention.output.dense.weight ---> text_model.encoder.layers.8.self_attn.out_proj.weight
text.transformer.encoder.layer.8.attention.output.dense.bias
text.transformer.encoder.layer.8.attention.output.dense.bias ---> text_model.encoder.layers.8.self_attn.out_proj.bias
text.transformer.encoder.layer.8.attention.output.LayerNorm.weight
text.transformer.encoder.layer.8.attention.output.LayerNorm.weight ---> text_model.encoder.layers.8.layer_norm1.weight
text.transformer.encoder.layer.8.attention.output.LayerNorm.bias
text.transformer.encoder.layer.8.attention.output.LayerNorm.bias ---> text_model.encoder.layers.8.layer_norm1.bias
text.transformer.encoder.layer.8.intermediate.dense.weight
text.transformer.encoder.layer.8.intermediate.dense.weight ---> text_model.encoder.layers.8.mlp.fc1.weight
text.transformer.encoder.layer.8.intermediate.dense.bias
text.transformer.encoder.layer.8.intermediate.dense.bias ---> text_model.encoder.layers.8.mlp.fc1.bias
text.transformer.encoder.layer.8.output.dense.weight
text.transformer.encoder.layer.8.output.dense.weight ---> text_model.encoder.layers.8.mlp.fc2.weight
text.transformer.encoder.layer.8.output.dense.bias
text.transformer.encoder.layer.8.output.dense.bias ---> text_model.encoder.layers.8.mlp.fc2.bias
text.transformer.encoder.layer.8.output.LayerNorm.weight
text.transformer.encoder.layer.8.output.LayerNorm.weight ---> text_model.encoder.layers.8.layer_norm2.weight
text.transformer.encoder.layer.8.output.LayerNorm.bias
text.transformer.encoder.layer.8.output.LayerNorm.bias ---> text_model.encoder.layers.8.layer_norm2.bias
text.transformer.encoder.layer.9.attention.self.query.weight
text.transformer.encoder.layer.9.attention.self.query.weight ---> text_model.encoder.layers.9.self_attn.q_proj.weight
text.transformer.encoder.layer.9.attention.self.query.bias
text.transformer.encoder.layer.9.attention.self.query.bias ---> text_model.encoder.layers.9.self_attn.q_proj.bias
text.transformer.encoder.layer.9.attention.self.key.weight
text.transformer.encoder.layer.9.attention.self.key.weight ---> text_model.encoder.layers.9.self_attn.k_proj.weight
text.transformer.encoder.layer.9.attention.self.key.bias
text.transformer.encoder.layer.9.attention.self.key.bias ---> text_model.encoder.layers.9.self_attn.k_proj.bias
text.transformer.encoder.layer.9.attention.self.value.weight
text.transformer.encoder.layer.9.attention.self.value.weight ---> text_model.encoder.layers.9.self_attn.v_proj.weight
text.transformer.encoder.layer.9.attention.self.value.bias
text.transformer.encoder.layer.9.attention.self.value.bias ---> text_model.encoder.layers.9.self_attn.v_proj.bias
text.transformer.encoder.layer.9.attention.output.dense.weight
text.transformer.encoder.layer.9.attention.output.dense.weight ---> text_model.encoder.layers.9.self_attn.out_proj.weight
text.transformer.encoder.layer.9.attention.output.dense.bias
text.transformer.encoder.layer.9.attention.output.dense.bias ---> text_model.encoder.layers.9.self_attn.out_proj.bias
text.transformer.encoder.layer.9.attention.output.LayerNorm.weight
text.transformer.encoder.layer.9.attention.output.LayerNorm.weight ---> text_model.encoder.layers.9.layer_norm1.weight
text.transformer.encoder.layer.9.attention.output.LayerNorm.bias
text.transformer.encoder.layer.9.attention.output.LayerNorm.bias ---> text_model.encoder.layers.9.layer_norm1.bias
text.transformer.encoder.layer.9.intermediate.dense.weight
text.transformer.encoder.layer.9.intermediate.dense.weight ---> text_model.encoder.layers.9.mlp.fc1.weight
text.transformer.encoder.layer.9.intermediate.dense.bias
text.transformer.encoder.layer.9.intermediate.dense.bias ---> text_model.encoder.layers.9.mlp.fc1.bias
text.transformer.encoder.layer.9.output.dense.weight
text.transformer.encoder.layer.9.output.dense.weight ---> text_model.encoder.layers.9.mlp.fc2.weight
text.transformer.encoder.layer.9.output.dense.bias
text.transformer.encoder.layer.9.output.dense.bias ---> text_model.encoder.layers.9.mlp.fc2.bias
text.transformer.encoder.layer.9.output.LayerNorm.weight
text.transformer.encoder.layer.9.output.LayerNorm.weight ---> text_model.encoder.layers.9.layer_norm2.weight
text.transformer.encoder.layer.9.output.LayerNorm.bias
text.transformer.encoder.layer.9.output.LayerNorm.bias ---> text_model.encoder.layers.9.layer_norm2.bias
text.transformer.encoder.layer.10.attention.self.query.weight
text.transformer.encoder.layer.10.attention.self.query.weight ---> text_model.encoder.layers.10.self_attn.q_proj.weight
text.transformer.encoder.layer.10.attention.self.query.bias
text.transformer.encoder.layer.10.attention.self.query.bias ---> text_model.encoder.layers.10.self_attn.q_proj.bias
text.transformer.encoder.layer.10.attention.self.key.weight
text.transformer.encoder.layer.10.attention.self.key.weight ---> text_model.encoder.layers.10.self_attn.k_proj.weight
text.transformer.encoder.layer.10.attention.self.key.bias
text.transformer.encoder.layer.10.attention.self.key.bias ---> text_model.encoder.layers.10.self_attn.k_proj.bias
text.transformer.encoder.layer.10.attention.self.value.weight
text.transformer.encoder.layer.10.attention.self.value.weight ---> text_model.encoder.layers.10.self_attn.v_proj.weight
text.transformer.encoder.layer.10.attention.self.value.bias
text.transformer.encoder.layer.10.attention.self.value.bias ---> text_model.encoder.layers.10.self_attn.v_proj.bias
text.transformer.encoder.layer.10.attention.output.dense.weight
text.transformer.encoder.layer.10.attention.output.dense.weight ---> text_model.encoder.layers.10.self_attn.out_proj.weight
text.transformer.encoder.layer.10.attention.output.dense.bias
text.transformer.encoder.layer.10.attention.output.dense.bias ---> text_model.encoder.layers.10.self_attn.out_proj.bias
text.transformer.encoder.layer.10.attention.output.LayerNorm.weight
text.transformer.encoder.layer.10.attention.output.LayerNorm.weight ---> text_model.encoder.layers.10.layer_norm1.weight
text.transformer.encoder.layer.10.attention.output.LayerNorm.bias
text.transformer.encoder.layer.10.attention.output.LayerNorm.bias ---> text_model.encoder.layers.10.layer_norm1.bias
text.transformer.encoder.layer.10.intermediate.dense.weight
text.transformer.encoder.layer.10.intermediate.dense.weight ---> text_model.encoder.layers.10.mlp.fc1.weight
text.transformer.encoder.layer.10.intermediate.dense.bias
text.transformer.encoder.layer.10.intermediate.dense.bias ---> text_model.encoder.layers.10.mlp.fc1.bias
text.transformer.encoder.layer.10.output.dense.weight
text.transformer.encoder.layer.10.output.dense.weight ---> text_model.encoder.layers.10.mlp.fc2.weight
text.transformer.encoder.layer.10.output.dense.bias
text.transformer.encoder.layer.10.output.dense.bias ---> text_model.encoder.layers.10.mlp.fc2.bias
text.transformer.encoder.layer.10.output.LayerNorm.weight
text.transformer.encoder.layer.10.output.LayerNorm.weight ---> text_model.encoder.layers.10.layer_norm2.weight
text.transformer.encoder.layer.10.output.LayerNorm.bias
text.transformer.encoder.layer.10.output.LayerNorm.bias ---> text_model.encoder.layers.10.layer_norm2.bias
text.transformer.encoder.layer.11.attention.self.query.weight
text.transformer.encoder.layer.11.attention.self.query.weight ---> text_model.encoder.layers.11.self_attn.q_proj.weight
text.transformer.encoder.layer.11.attention.self.query.bias
text.transformer.encoder.layer.11.attention.self.query.bias ---> text_model.encoder.layers.11.self_attn.q_proj.bias
text.transformer.encoder.layer.11.attention.self.key.weight
text.transformer.encoder.layer.11.attention.self.key.weight ---> text_model.encoder.layers.11.self_attn.k_proj.weight
text.transformer.encoder.layer.11.attention.self.key.bias
text.transformer.encoder.layer.11.attention.self.key.bias ---> text_model.encoder.layers.11.self_attn.k_proj.bias
text.transformer.encoder.layer.11.attention.self.value.weight
text.transformer.encoder.layer.11.attention.self.value.weight ---> text_model.encoder.layers.11.self_attn.v_proj.weight
text.transformer.encoder.layer.11.attention.self.value.bias
text.transformer.encoder.layer.11.attention.self.value.bias ---> text_model.encoder.layers.11.self_attn.v_proj.bias
text.transformer.encoder.layer.11.attention.output.dense.weight
text.transformer.encoder.layer.11.attention.output.dense.weight ---> text_model.encoder.layers.11.self_attn.out_proj.weight
text.transformer.encoder.layer.11.attention.output.dense.bias
text.transformer.encoder.layer.11.attention.output.dense.bias ---> text_model.encoder.layers.11.self_attn.out_proj.bias
text.transformer.encoder.layer.11.attention.output.LayerNorm.weight
text.transformer.encoder.layer.11.attention.output.LayerNorm.weight ---> text_model.encoder.layers.11.layer_norm1.weight
text.transformer.encoder.layer.11.attention.output.LayerNorm.bias
text.transformer.encoder.layer.11.attention.output.LayerNorm.bias ---> text_model.encoder.layers.11.layer_norm1.bias
text.transformer.encoder.layer.11.intermediate.dense.weight
text.transformer.encoder.layer.11.intermediate.dense.weight ---> text_model.encoder.layers.11.mlp.fc1.weight
text.transformer.encoder.layer.11.intermediate.dense.bias
text.transformer.encoder.layer.11.intermediate.dense.bias ---> text_model.encoder.layers.11.mlp.fc1.bias
text.transformer.encoder.layer.11.output.dense.weight
text.transformer.encoder.layer.11.output.dense.weight ---> text_model.encoder.layers.11.mlp.fc2.weight
text.transformer.encoder.layer.11.output.dense.bias
text.transformer.encoder.layer.11.output.dense.bias ---> text_model.encoder.layers.11.mlp.fc2.bias
text.transformer.encoder.layer.11.output.LayerNorm.weight
text.transformer.encoder.layer.11.output.LayerNorm.weight ---> text_model.encoder.layers.11.layer_norm2.weight
text.transformer.encoder.layer.11.output.LayerNorm.bias
text.transformer.encoder.layer.11.output.LayerNorm.bias ---> text_model.encoder.layers.11.layer_norm2.bias
text.proj.0.weight
text.proj.0.weight ---> text_projection.fc1.weight
text.proj.2.weight
text.proj.2.weight ---> text_projection.fc2.weight
Copying config files...
Saving pytorch_model.bin to /home/woojye2020/decs_jupyter_lab/MedCLIP-SAMv2/biomedclip_finetuning/open_clip/src/logs/biomedclip_dpo_udiat_v28/best_params...
Success!
